80000
-192
374
827
805
-251
113
-731
-709
-187
65
371
85
440
-633
-427
-811
-341
-623
612
428
-133
663
152
344
465
-127
226
-942
-587
-992
-582
341
476
84
-14
-65
-727
-649
481
-748
560
-632
-822
-737
291
227
-554
-372
-591
136
166
-121
-852
122
-654
524
458
598
-564
-694
30
965
703
747
-527
679
153
-73
223
949
-686
663
849
-511
78
406
690
739
378
541
888
842
-201
83
880
374
-588
-845
373
359
679
-701
-914
483
274
847
-992
-240
-464
-857
-169
-912
-737
58
890
-681
-783
513
505
248
-231
24
736
374
-990
-692
-385
-62
-906
-619
121
-687
625
-692
-685
-818
410
517
-495
-338
325
-574
-252
-484
-603
706
-719
-835
548
589
923
-465
-874
548
-814
816
400
735
604
-607
-532
122
-333
-352
-258
792
-249
-396
-981
-655
393
-169
-471
-824
-10
-544
674
439
-902
-331
529
-622
468
915
-388
-466
-253
629
-117
401
388
139
-26
328
-989
189
986
723
228
421
-15
-452
342
-768
38
-876
889
417
-762
-9
-75
-571
979
805
-862
452
489
-469
842
895
247
879
-884
-410
589
737
-461
723
61
-649
673
-968
-359
42
-501
-572
-761
329
-298
-62
-791
-529
422
-268
699
-715
-887
-843
80
-726
622
35
593
-610
-458
545
85
461
397
-404
65
-448
-123
864
-835
977
-68
-744
151
-950
-286
207
552
185
-616
-457
-311
-502
990
610
549
630
-569
-973
-663
-749
358
473
-33
-135
445
-685
-674
943
-131
-326
-561
-842
755
-157
94
-169
-41
324
-100
567
458
-833
408
-35
709
847
912
-5
932
818
412
843
-208
647
-549
333
-128
-775
-147
-837
-384
162
-373
428
32
754
95
-760
578
907
105
-328
886
-212
609
714
324
-132
-438
-680
303
97
25
829
553
516
-438
498
623
-995
460
-83
-634
739
921
971
-7
815
-97
-647
-309
-595
-208
719
640
359
888
281
-39
133
89
-443
-40
-808
-750
627
820
-321
-140
-125
-946
174
-523
-189
-387
-739
609
-96
-636
278
-679
413
849
-770
-375
883
906
-137
-980
-42
-818
-748
-570
-483
-200
-576
102
-926
-328
780
973
-577
933
204
163
395
-614
764
-775
997
509
201
464
-782
253
161
257
-901
-713
-162
-163
31
-192
521
403
-652
947
-696
452
362
-217
-451
50
-376
-749
-307
602
323
327
200
-337
945
-115
387
746
956
-900
174
-551
-369
285
96
618
916
108
463
291
606
-980
-874
168
-298
137
121
-850
70
83
-402
-480
-198
-293
172
620
-224
712
280
-975
139
-824
-509
302
-356
891
-712
295
421
-302
-219
525
55
865
-926
-867
-666
-926
-224
-105
495
460
-202
70
-758
-23
-640
-675
-663
-663
-367
-912
-195
-47
572
-462
-601
189
253
-42
-344
-233
563
865
-311
381
-54
654
-66
-897
433
-107
825
516
846
-1000
623
538
-892
72
-767
309
719
-934
513
-970
-382
-969
768
-759
-561
-767
698
454
958
565
687
-164
-56
-558
-998
-102
-516
-764
444
-497
383
-89
-314
833
146
489
727
-767
-144
634
120
982
818
-335
-655
-329
201
58
937
461
-482
-876
177
-833
291
-670
966
-24
691
-260
-42
-483
212
-333
-582
190
682
-660
-502
-128
359
-563
-710
-957
486
-410
652
-545
-776
-41
-168
-283
-673
725
74
-416
-519
-327
912
477
705
995
-872
-536
-499
-71
-456
-103
-717
632
133
321
476
407
6
719
42
454
-653
347
-65
474
728
-839
71
-540
-462
69
-463
22
-116
-602
1
544
867
-231
-7
766
-450
922
345
536
359
-391
-165
145
-67
924
362
735
-496
-29
115
-497
914
-473
-669
-195
433
626
647
-157
426
58
864
-597
-835
-101
-363
-678
-231
-902
-849
-574
-740
110
651
336
151
541
338
-192
-822
384
748
896
679
-919
-580
131
-146
-536
701
964
493
-701
-737
-332
914
-258
-310
546
884
384
529
-901
152
-28
787
-287
-800
-696
-527
-944
-504
-33
-208
664
-619
926
-548
696
-411
298
297
-575
190
675
-239
-586
-681
-776
703
309
-227
-404
-845
50
-390
-814
-982
-6
412
-770
-798
-329
449
300
614
495
937
267
404
-121
-809
-967
284
-482
-441
419
-533
755
350
-124
-315
966
815
-305
67
-70
-665
187
-730
607
-902
-737
904
-563
894
195
-57
571
874
255
493
-218
484
779
342
508
511
384
-839
14
316
904
-54
-131
-197
-116
-599
632
311
66
590
311
364
-965
-881
434
-898
938
337
24
337
-979
-823
-218
-908
251
798
71
-741
798
931
257
618
-865
-701
-358
-837
-401
936
-105
-133
875
-882
908
-288
-653
-227
109
214
801
467
94
-991
-597
-800
424
375
-809
379
547
-342
753
-159
789
-984
541
-281
-606
-253
66
-80
-519
858
-917
-182
668
-797
-865
762
222
-183
-364
-433
243
399
-297
48
314
533
919
-815
-748
-81
412
57
32
-579
881
772
-360
939
-34
220
436
-949
881
-677
913
70
377
220
576
866
-281
22
-707
762
859
173
-451
-150
669
815
-709
271
500
-556
644
-165
800
-749
-250
718
542
910
62
-691
55
-933
-483
-827
382
-584
259
-709
999
-301
-234
834
772
569
-67
814
143
-562
500
-401
22
33
-935
-937
-624
177
383
238
382
-76
-251
-367
-243
694
649
-286
-444
-566
-682
107
-611
814
185
225
-49
260
-101
722
685
-936
-384
530
441
-385
-118
-278
-387
-517
-763
-403
718
-928
-768
-797
-765
-110
618
961
-995
-878
-981
340
-224
-441
-673
-175
-242
-542
981
230
42
-390
150
-386
-816
-705
-923
-40
919
561
-988
-514
440
160
-418
-506
-264
-80
-325
-468
-494
607
452
-774
-975
595
-794
-918
414
371
992
-429
-702
-186
380
-595
-472
-226
-225
290
888
293
24
349
-858
-555
-397
53
-28
759
674
-28
937
718
673
633
-661
-809
-124
91
-408
-225
811
463
-478
-911
-421
456
-742
966
-517
768
850
1000
-741
-712
263
-176
-25
-331
268
440
598
-768
-916
865
-159
90
-415
-750
330
-252
282
398
654
-163
-378
-48
276
922
-104
-647
-176
893
252
-717
888
-824
-942
599
952
388
-444
-812
3
788
247
-895
215
171
738
106
-494
-744
-3
139
331
707
-688
132
-179
370
-716
-924
-991
-815
-453
-296
159
155
-386
-96
719
335
-601
45
-497
336
-211
857
159
578
-57
-694
931
-709
417
-73
674
-657
-786
-156
-966
-792
-415
-65
-739
-478
553
-158
-128
698
67
899
142
-802
-923
213
-592
651
6
-485
512
845
-158
-268
521
995
245
-248
-128
210
731
394
-26
-201
134
742
438
-733
746
545
912
605
537
886
826
213
459
651
595
-643
542
604
724
-788
918
911
910
942
-966
-933
795
888
795
337
-230
532
182
142
19
-175
413
659
596
367
100
660
592
-238
928
-733
651
764
820
440
260
362
-886
-967
-765
-168
651
776
489
-464
783
436
-443
-926
252
-344
-663
-755
911
655
-453
659
-875
889
-956
874
731
-793
201
362
-860
-174
-462
200
74
-750
389
-107
994
-482
312
550
474
-595
599
-849
485
187
-812
129
75
-276
359
-467
632
-524
-178
-967
-844
-522
-362
-321
566
964
-417
-8
-944
871
891
586
660
647
-563
855
543
-211
165
592
619
-86
-785
-119
513
379
819
331
493
-958
797
-399
-509
325
390
-773
19
-933
-250
-622
281
613
866
963
488
952
480
-394
-897
-161
599
-455
622
-260
-678
753
-650
-618
-557
898
-627
-539
-933
263
-426
-910
-258
-479
-974
900
-986
347
331
-191
990
-210
-168
850
813
715
-848
-308
-937
-974
500
-264
-286
238
-45
832
721
589
-663
882
458
533
-753
-460
116
971
788
-39
212
-909
719
-918
204
-296
131
-383
890
304
-332
-528
574
727
910
840
496
-135
-907
142
933
273
3
558
-655
-620
-986
273
541
-912
-683
827
-459
-951
-633
-653
936
632
-653
970
259
742
-924
797
14
888
-27
-320
933
520
442
822
101
-456
-515
233
-679
-242
-37
-724
-270
171
-455
-696
-532
-728
-271
996
-611
-779
-988
178
-617
348
958
582
878
-921
-240
309
-833
775
-147
-699
113
-623
-898
-19
-222
-443
-184
980
-557
575
-98
145
-587
702
-871
-281
-791
612
-788
-292
-758
-390
-583
361
-229
50
540
-389
-252
-762
-392
882
96
339
-30
-904
-392
685
9
-634
-202
-142
130
-136
156
-916
-894
554
934
855
-554
23
836
-378
-452
-409
124
880
113
243
999
352
184
-213
-968
842
506
-689
-174
-31
-901
-894
-829
344
822
972
34
871
-846
-247
614
-5
103
642
145
-556
512
511
903
-629
645
1000
-711
-403
214
451
-685
981
-415
247
552
871
-248
-282
-922
-522
943
-59
973
-448
581
35
-23
-653
789
593
691
594
-218
-782
357
-139
-132
-732
399
-253
-272
-334
98
-322
962
-711
477
732
737
-949
-917
-587
649
-706
895
-721
-530
244
-220
177
-81
-731
46
-175
954
-13
639
113
-965
143
868
271
-170
911
421
-48
362
744
538
970
176
-202
-591
-487
35
836
-330
-533
289
-320
-638
-527
-578
-511
-733
-390
-165
-718
-739
354
-765
273
882
927
514
587
-966
479
-909
-283
762
-63
-920
20
-1
236
145
922
-873
-391
-540
190
-234
-823
-185
881
673
83
-477
718
-685
445
959
-953
24
-399
59
-586
759
-534
-745
-414
734
-217
147
409
8
411
-79
-559
63
653
-131
372
-690
-137
-727
289
-964
239
166
-431
-113
-737
342
592
335
-577
963
879
-533
-453
246
721
-787
132
-70
-504
522
-162
-116
300
-274
772
-306
19
-33
811
-539
-712
305
723
463
-188
510
-513
-533
690
743
-495
-265
-26
700
-666
-922
570
-517
-770
317
519
873
-300
936
-961
575
-625
-87
-870
-243
661
-892
503
626
34
62
58
55
147
430
611
-987
474
-761
126
-781
-966
785
-318
277
-44
59
308
-106
-13
-346
-406
-922
-514
81
-860
997
519
188
-291
817
987
-113
940
-226
-95
755
502
-130
-826
-208
-592
101
854
738
-130
-262
834
-462
784
-19
780
336
-985
576
-421
-890
493
294
-265
369
108
-968
846
546
123
-694
-938
358
166
766
675
487
24
966
579
-869
-375
-684
856
-199
795
920
234
288
216
-725
-901
653
815
-422
223
-304
693
-853
651
609
-3
-782
-940
-974
179
604
-518
-210
123
-749
-736
-152
-48
952
717
-678
541
828
-392
-691
-572
-753
523
-784
-198
-588
-891
-127
550
-443
-249
714
-567
-764
-894
380
-950
501
84
-719
-615
94
-156
-383
978
935
-602
-918
-202
-817
-786
716
-537
173
-221
176
-77
-393
268
-954
750
104
923
345
839
195
-507
-430
625
-323
-867
-127
663
943
115
839
429
-802
-328
-588
-836
351
931
-820
567
487
-358
-332
577
40
458
831
38
-870
419
-752
279
-514
484
-83
-918
-549
-427
-325
652
869
-811
-654
-450
-711
-5
862
-304
-148
321
744
64
-427
862
100
773
148
-566
127
30
429
938
329
-559
-854
-427
180
609
206
-22
391
-757
398
-435
985
712
-768
-782
-400
299
167
-359
-117
-940
739
992
-163
655
-803
-950
6
-808
537
2
980
582
496
856
896
-551
49
-690
-817
-730
873
-645
680
-655
-277
29
847
957
-496
377
859
-841
-904
-576
-715
-52
-331
724
-318
423
776
-641
829
-45
103
538
576
-566
516
716
-163
-874
-151
240
-668
-370
485
597
223
-467
860
57
619
843
-48
715
-872
-234
86
-842
577
-572
-349
794
730
131
153
740
-837
556
-110
891
374
-341
-474
688
834
703
-991
709
-954
392
491
-49
461
114
54
-910
989
552
151
-869
-122
-38
328
851
312
-750
-838
281
-711
337
-633
-219
482
-478
-188
-563
583
-597
-447
351
904
694
-780
685
51
343
-841
-638
-583
-668
-935
-218
-593
393
920
796
-172
-850
87
-502
-36
22
-383
894
-292
335
-661
311
824
286
247
-540
-151
-36
79
-200
694
161
-440
824
-791
-150
-727
-648
650
-142
-80
-238
-91
733
-202
593
-794
-849
775
-43
324
-916
-39
-263
-402
-319
-72
-75
-41
337
-183
981
149
928
-157
995
-884
-307
-109
275
-216
-308
393
-720
-370
-557
216
332
-664
-629
-376
-298
-334
40
-741
107
577
40
701
7
-662
-607
144
-267
306
350
-318
754
471
-307
712
-349
580
-897
-936
594
472
-333
-718
-937
580
-742
-905
465
-953
932
823
965
-671
-750
772
160
-959
-855
893
29
500
-635
514
656
4
848
310
969
-113
378
-322
481
800
-969
578
949
75
-706
606
-22
-950
313
-140
51
538
-651
951
173
-741
858
-190
-679
988
-540
-852
-143
-617
723
152
327
-108
-551
-455
464
-980
-350
-893
328
-684
-794
812
130
-662
-83
832
-296
-641
656
148
649
421
48
-157
-974
-761
-725
-165
-49
850
-271
-489
815
667
-33
-260
-672
-572
-524
-601
771
-988
813
925
429
-673
449
-939
603
202
-973
372
347
694
-212
524
-351
-463
528
-385
-150
99
72
-519
-316
-453
585
587
-190
7
-299
-135
752
482
426
586
-996
-332
-413
-27
-978
-495
102
115
63
742
945
788
38
653
-798
159
-419
-501
453
81
-571
185
-287
-565
-775
-875
419
956
-784
683
-165
-142
330
-539
-257
59
156
-415
523
368
890
835
315
221
994
-710
649
-636
-607
78
-784
929
431
-137
479
-403
955
890
-457
251
533
708
269
241
745
263
-534
-233
-480
-948
-344
145
849
188
-437
408
460
384
-22
403
55
-399
768
-884
542
40
-289
510
720
-773
-310
-320
739
-324
335
882
932
-778
-765
-624
556
122
-384
444
898
-997
-12
-45
-289
-451
451
791
777
776
-856
-441
84
-843
-409
245
-340
405
-834
-446
959
482
285
140
-271
883
-456
457
-168
247
986
798
-429
-117
-174
-392
808
-918
225
-526
604
488
-58
551
-830
996
154
84
966
-103
-255
-460
531
919
-302
-273
718
911
-29
-362
-367
-596
-380
-147
378
747
-125
-758
63
646
155
676
147
-758
61
-174
-187
-403
-461
-746
-505
911
-443
-145
-346
-476
488
772
27
871
980
568
31
-842
-233
-832
-618
282
238
-523
298
-983
80
-656
-535
997
-756
-630
697
-377
-699
295
945
-555
-635
421
180
-436
-46
160
588
77
-768
-500
394
345
-869
-488
147
34
-848
603
-774
-870
61
-347
-111
-965
-100
705
281
525
374
615
-415
-555
345
429
378
-543
-684
-277
-991
-927
242
449
485
139
271
354
-905
853
657
368
692
66
-952
-885
591
-859
-500
-175
-609
-312
300
33
-696
54
-321
153
-662
-478
-360
664
664
-392
-33
982
156
-378
864
276
-254
-262
-685
-98
-719
-141
752
-641
-822
-266
950
-307
-142
19
386
256
492
-948
861
414
142
-628
717
498
376
-851
851
-175
-654
-730
-652
-86
-333
642
218
353
-631
-604
-574
-427
882
665
-885
-900
-111
-767
39
945
159
922
77
857
-171
-335
-336
142
604
726
824
131
-341
974
-13
-967
-159
-339
-346
818
181
-837
59
-84
146
266
153
230
372
837
891
-420
-539
35
394
-636
-184
158
640
-275
248
723
-169
1000
-189
-510
279
589
369
937
91
854
-967
-322
-676
515
50
7
66
-254
819
241
616
626
644
-710
981
85
224
225
-425
694
-127
235
470
-690
926
-219
593
-919
-158
-46
989
-354
-580
-404
692
732
-310
578
-510
-368
520
-639
-551
-798
-495
237
-188
661
-935
-950
377
-605
-158
776
-245
92
2
-801
-617
-57
22
-201
575
-246
559
610
539
471
162
-686
-458
-739
466
-785
487
364
850
641
-493
-470
728
679
145
520
-992
-1000
851
-957
453
309
710
355
-454
68
-793
-891
574
-331
-552
-593
-231
-932
-329
115
380
177
508
410
187
-357
98
-178
645
932
-424
667
-571
-488
283
825
-419
-813
-892
740
-860
888
364
-149
-892
219
-689
388
-209
-443
612
-517
647
-165
-899
188
769
305
451
-27
410
48
346
-176
-31
529
92
-79
755
118
-52
419
-129
387
-505
80
666
737
308
563
-176
124
49
-864
-409
-706
849
-66
-541
423
704
312
69
749
-315
-896
-922
466
-850
-471
957
247
-329
20
-496
-54
140
28
640
267
345
-57
869
-701
-584
-123
-733
-783
-857
287
-827
-358
482
176
-303
149
907
10
572
-612
391
-541
-272
37
956
-626
213
-653
-491
-180
137
-797
-185
-143
-986
-968
-156
582
601
-838
351
-508
-22
608
-602
89
198
815
351
-890
-73
172
139
-653
433
194
-40
-942
-551
-847
-600
91
225
406
570
-492
-294
582
925
381
-904
-707
-672
-181
-607
664
248
20
559
58
19
681
-504
572
-417
443
-154
-717
-256
674
511
251
-416
730
156
-813
-825
487
371
480
889
671
-119
731
46
716
-28
-138
-45
-691
760
-592
330
-104
-205
181
157
164
-471
684
959
-714
-175
-440
-987
-181
910
-240
-699
436
-469
-745
844
928
-742
318
290
17
506
-635
982
324
7
860
-662
314
207
-427
101
346
-320
428
-973
784
455
35
219
-195
-395
899
562
-25
-353
887
-416
-849
589
749
570
-165
737
866
591
-990
633
271
62
223
-378
-969
-866
-302
768
628
292
-32
707
530
290
311
-395
699
961
-667
229
-868
639
-470
296
63
45
827
289
746
-755
-19
638
645
-508
-5
-580
-923
-122
790
959
-235
316
849
781
-153
751
641
-646
-898
165
-136
925
209
-150
119
720
-386
-97
379
163
-367
-641
170
798
165
979
51
701
142
-589
-460
960
905
-181
421
296
291
-980
141
268
-784
-531
485
-614
-518
-288
229
-681
735
951
-715
-210
-629
-958
853
-315
616
-778
-383
198
-859
-43
-655
-415
-18
68
-717
830
-975
677
-85
397
-558
-323
-743
-681
283
55
342
963
499
612
763
900
-357
-448
813
38
900
923
-127
699
578
-198
-632
910
154
967
-135
549
323
988
-512
738
647
-730
-272
-417
-900
-514
233
-6
-522
-141
-978
999
-852
-279
-317
959
355
91
-697
355
-284
-1
236
-877
-487
-268
-656
-914
450
-513
874
290
312
987
732
-164
850
-32
456
-563
-21
-618
337
-702
173
727
-111
-5
468
373
569
-709
-696
-173
-162
-539
615
809
882
-930
-985
268
-683
488
-609
-216
-348
-47
-435
595
952
-668
-581
-257
534
-512
23
-763
-580
-897
159
-786
-44
374
860
-399
-844
-271
99
-419
653
-275
-665
834
-426
242
-182
-600
-769
-538
-296
-421
-63
-370
443
678
-736
484
488
-47
691
624
-323
-97
-971
430
706
-732
-112
-947
417
634
-282
-908
257
-330
-900
959
684
775
-440
-662
-90
-464
-414
45
588
-514
511
648
828
-778
-515
-573
958
-952
252
697
890
-823
-442
0
134
394
178
483
-902
-431
604
-792
81
182
-218
-45
259
-26
-623
64
546
-405
-641
-849
-510
-866
232
-26
697
215
969
259
-661
719
-656
918
882
-551
13
-232
-203
-256
-828
121
800
-472
-64
-502
280
-45
243
329
291
355
317
-473
-104
-230
-160
603
167
463
-972
808
-353
738
324
825
42
541
-529
-250
425
514
-905
-107
311
651
944
508
-160
-616
641
50
-797
915
462
-675
17
-215
553
590
-995
464
-552
236
315
927
638
239
886
418
-292
-747
22
378
-878
23
-216
-780
-275
685
843
472
-334
998
278
585
-500
-450
697
-695
624
-289
348
55
847
3
-824
450
971
278
363
-460
225
707
-883
-451
895
-672
686
384
138
9
-109
-6
737
472
761
474
570
910
-946
801
309
-232
-472
-334
579
34
912
766
604
-85
682
-231
768
-479
-623
-667
818
-476
729
435
-438
-595
836
-966
-977
-749
-952
-569
-554
-753
974
-184
-219
-565
351
918
33
279
329
682
-962
961
981
866
-571
796
684
-576
344
-322
-815
66
-242
-286
-812
-191
-644
69
436
-20
-144
-344
550
992
-652
-276
684
819
313
379
-831
-159
581
-579
-698
-373
657
72
663
-409
-714
657
-312
494
583
412
-15
413
-194
293
-949
-97
394
632
841
-888
963
-677
-116
-900
5
835
-883
19
-346
372
-819
759
-374
695
-841
-954
-172
388
378
-320
-530
-525
608
274
186
537
700
-764
556
-128
-589
247
487
875
-127
610
993
812
-264
-583
146
-248
117
-34
364
-307
875
383
46
697
953
471
125
-276
279
-614
834
569
-24
-689
235
-720
-569
581
741
-265
-3
-12
-762
52
831
510
443
-255
-155
587
-203
81
359
160
-356
802
210
259
308
772
834
570
805
63
575
863
943
-691
-460
-847
266
836
659
-744
-698
248
-708
874
466
314
-194
717
849
-391
-244
882
-539
429
-333
818
-553
-742
-998
40
122
650
95
679
277
-212
740
513
-334
-443
495
-374
-649
-48
-17
286
504
-489
-662
625
-763
-760
283
940
-782
9
485
116
-330
-516
660
984
423
-715
-489
-834
956
-512
906
-915
-205
384
-140
130
-954
678
-846
-141
904
-483
36
755
-208
-841
-502
481
-748
23
963
-78
391
-275
550
743
237
-604
61
487
476
897
705
336
284
-625
-293
640
-189
945
-526
564
980
-104
823
265
-453
-90
8
-744
-205
-999
784
-954
-924
-981
-174
880
946
-791
612
-644
879
177
403
164
-268
924
725
-758
978
704
-146
628
357
675
-949
-414
-376
799
-538
-844
-449
-369
-781
-313
226
169
345
-218
59
-41
-612
-129
-880
-243
-656
688
695
-408
-864
317
817
-156
-722
-897
57
-478
467
-268
169
119
-320
767
-186
-179
678
300
124
-392
-715
-674
-430
-811
829
492
-613
325
981
983
-315
-718
-851
426
-747
256
-822
370
-791
-543
280
132
192
988
574
-78
-960
-802
-423
-618
-650
395
-782
103
-717
-862
-352
-97
-298
-860
936
206
-581
-125
-259
376
907
-351
-662
195
54
-561
356
743
286
-329
876
751
-683
-392
77
324
-457
-691
-235
-762
613
198
56
-91
-5
-909
635
-507
819
734
813
-747
456
326
-277
449
-398
-571
302
-333
-877
534
-657
144
-851
-655
842
955
-751
-477
-14
-619
-625
302
938
717
-422
-80
-664
972
880
-512
633
560
587
-892
522
-206
646
694
-144
294
841
972
-20
-546
-281
503
58
-146
174
-586
-957
-876
259
-706
487
-955
566
-843
691
-199
-605
117
-519
-145
510
391
-336
592
-852
530
943
787
-188
568
624
721
926
964
-442
-44
210
348
-363
-825
-581
-95
143
582
811
-144
618
-681
-804
313
-713
-111
-729
103
489
-756
997
-52
766
-621
-50
-257
709
867
326
224
362
936
-753
-322
-157
493
-893
462
49
317
480
818
235
-305
-400
-383
688
792
-205
-615
364
-256
423
15
959
985
113
-860
-607
870
-531
-34
-690
-497
125
-835
181
530
846
634
-269
576
998
403
-510
653
-792
-350
432
525
-127
976
895
-357
-662
823
77
603
934
947
-134
-972
-533
-907
-300
-900
718
-916
969
-143
-859
765
819
49
-731
145
341
-900
962
-699
515
-764
448
645
860
-729
793
794
445
-265
766
777
53
651
630
-12
859
986
-37
650
-836
-574
747
839
-502
-963
664
-416
-795
487
823
357
611
-973
495
-64
71
-524
-875
567
-173
-501
613
-865
289
771
470
662
141
187
-5
-351
-563
605
-519
-619
712
677
599
880
-874
429
263
-895
-548
-389
288
447
310
705
280
-843
685
-171
-112
663
-83
981
-57
-932
481
-981
208
-855
481
-379
-22
-716
268
-339
229
-754
-476
-303
-472
-256
149
-307
942
85
-463
-817
869
280
-900
523
-642
-193
-587
-886
-318
-156
982
-888
373
696
416
-135
-400
581
-855
-218
960
807
-296
-801
-311
884
-625
808
-9
927
-829
265
-176
-811
839
-969
650
345
-626
89
-388
302
783
219
-514
402
-466
-989
870
-853
462
-806
562
-526
202
264
-851
-173
58
-686
768
-946
-500
669
632
-748
549
-519
-934
-41
955
916
247
-859
-625
883
583
-160
170
-335
-736
-827
118
280
345
559
-795
-989
-258
100
223
-616
142
17
708
410
342
-720
997
818
-787
612
33
-313
-774
-966
716
703
-416
-322
552
-543
103
958
531
505
326
793
-473
-309
350
66
-840
696
274
388
-645
-624
-235
-179
658
-371
-804
-385
-188
693
363
277
-645
-510
129
411
-633
-47
-130
543
227
616
609
512
245
50
340
529
991
623
843
-815
101
199
-453
326
387
-512
250
287
419
182
-495
23
372
-829
-443
36
-369
-553
-978
-513
747
-197
-343
-659
-362
-671
-791
980
343
-20
-466
32
650
-536
901
998
698
739
289
-998
447
724
-710
-470
883
464
187
420
95
297
-603
-317
956
262
-776
-408
968
413
19
-352
-387
625
-35
214
941
-619
807
172
-888
-247
-144
535
814
976
923
326
-464
144
-353
-741
-158
303
138
812
-249
-140
442
-847
517
853
408
-730
475
-644
-207
854
-673
900
-250
-940
-829
-682
130
372
-747
-427
497
557
-515
709
-356
-327
318
-884
-50
-97
31
-57
315
-670
-560
-173
108
-918
541
784
981
29
-783
-437
-21
-146
77
-809
121
-409
-696
565
-1
900
922
-944
577
526
468
481
456
931
162
619
-450
-891
-417
48
118
961
728
-717
514
-189
-73
-249
41
-63
-565
451
731
840
549
-713
255
741
-497
-492
794
227
-168
901
239
-80
169
605
-995
541
529
225
52
-616
896
-702
204
-8
-789
55
-786
-117
663
947
-489
-347
-48
515
480
559
-477
234
-161
575
-142
-333
-920
567
185
586
423
829
-368
505
521
-137
576
838
-390
4
940
611
873
-112
516
-241
-937
-911
488
252
283
383
690
799
405
-246
623
186
422
16
678
20
-860
117
-728
-134
-465
489
-833
576
-809
379
-146
490
-749
599
474
366
-269
-715
-159
-517
270
-292
-675
809
-431
-613
217
-905
-713
-593
-411
-779
-553
386
507
789
-747
743
-97
294
-273
175
428
-184
418
-860
-570
-905
-3
935
-602
-367
-766
-273
-543
-752
-908
355
-778
533
-790
573
-671
318
668
874
-114
994
930
-632
165
194
-348
-712
-628
-490
137
-713
-361
-783
-486
610
901
140
-339
-541
-79
238
374
917
561
347
-277
760
384
-740
27
991
-474
-300
-518
852
-162
-368
730
769
231
315
-279
-496
-874
-851
-926
915
238
-768
158
903
189
831
-328
214
-617
86
518
130
668
711
-288
917
-1000
-658
-44
-613
-113
-559
-375
-614
193
-200
-383
-754
-485
-972
850
737
313
673
-341
699
-504
-819
222
-241
-635
98
998
-797
-939
817
-741
992
-530
290
-3
690
395
-215
-446
87
781
-983
-40
-584
-605
301
492
-896
-486
635
363
70
959
110
-995
-297
-193
853
823
560
842
-473
-313
-327
393
-591
689
-96
-698
198
-848
72
-447
611
153
-123
428
-965
861
-736
-332
-133
178
-24
-167
-98
-674
834
-39
-623
-971
476
169
340
-972
-824
-558
-300
-763
763
-805
-31
-577
-974
-608
-476
-632
221
-988
-660
-5
-571
521
-538
613
462
595
326
212
-875
-324
-752
379
-407
-960
-289
-978
679
-196
169
573
637
-162
-860
599
-23
-929
-102
394
901
752
-931
-409
-918
970
-163
-572
-598
-711
12
737
793
632
-135
-132
923
-568
-48
-520
-424
502
-264
206
-834
591
667
638
70
373
-251
871
367
793
209
185
-162
-652
150
-426
631
-780
-323
-306
-172
-587
-836
164
-275
-106
354
-34
260
-401
-171
-881
255
366
412
-504
-629
-655
906
-701
589
-194
-392
-841
-977
202
45
-346
574
168
-452
272
-349
713
-674
-840
557
-291
623
-892
-780
902
-687
968
-700
596
-746
440
-875
227
-138
532
-505
-31
-86
-70
-268
966
-533
986
125
426
-618
772
228
836
406
471
-770
-217
-156
-729
-105
329
-739
-162
182
493
154
-136
614
-292
-793
255
-905
-593
-504
96
-617
-617
645
-158
984
314
-660
-732
259
-672
36
498
464
-761
175
-498
-429
-711
-293
-674
157
100
891
172
248
-514
402
416
-151
-353
57
-555
-770
693
309
-395
-622
-927
928
-255
-772
617
-561
-705
-913
47
234
-693
-786
589
-585
-276
170
-498
-779
-771
-344
-795
669
936
-441
-577
677
-160
-341
860
331
-775
-742
3
-956
348
271
802
775
663
-761
981
662
421
794
157
-923
-338
-948
-706
-681
-236
206
316
-667
143
682
654
-203
-189
220
847
-337
473
-132
-361
-594
-799
466
-309
113
188
94
-920
160
-30
230
-627
871
9
687
-174
925
-69
-173
-414
812
-190
777
192
-550
733
457
581
-527
950
-155
-751
-284
-316
-521
-37
672
646
-908
22
487
-638
224
-57
671
-235
827
463
932
-781
109
-841
758
-729
-565
691
749
872
-311
135
582
-944
626
283
-385
665
257
-125
-6
908
-465
513
458
-627
608
-196
-527
-476
125
-410
517
957
366
-934
765
-237
487
-644
298
836
-602
251
690
271
-531
88
-325
-416
-375
732
592
851
2
-592
-838
-380
-880
-285
47
474
-717
251
-638
-271
-784
186
465
-250
-523
-564
-73
22
-659
-330
584
816
-493
247
269
568
-227
-460
41
-303
-274
563
-348
-322
642
133
479
-724
724
398
333
59
483
-989
-162
516
118
-852
584
-49
-843
-177
175
-764
4
651
-261
-727
616
-278
-571
-79
524
605
-807
573
62
-2
944
-135
-183
510
517
66
641
666
-533
706
38
267
-685
854
-615
732
-731
984
-735
215
857
-582
755
-282
-244
-622
-47
-988
-692
821
991
-197
-966
621
137
-442
380
-733
353
252
249
518
22
779
77
1000
-561
-954
516
-423
500
-199
467
385
-434
-726
-533
-46
-48
757
674
466
-506
-45
-230
-786
286
245
142
-532
-54
-806
-449
-964
-701
943
-65
-953
330
-829
228
-304
990
-259
812
160
654
150
402
568
-168
213
-522
117
58
653
579
-407
-123
-392
176
-174
-517
485
938
39
-403
551
80
-133
-566
102
972
887
464
-11
-93
-452
769
348
-832
841
797
-967
-999
-492
-810
-960
-224
-199
-862
-125
217
-724
110
-341
481
-780
763
459
-63
-938
-427
-562
307
-99
-24
-293
232
-162
446
-548
451
235
-499
-149
-627
-773
-580
56
-342
-336
-36
-578
6
-367
-78
907
-96
494
173
740
-599
-967
-340
-602
-991
347
842
-435
262
-767
356
763
-880
-900
-418
-168
-912
890
-960
-900
-195
659
-262
-296
927
881
488
-413
-637
133
384
571
240
-360
-258
-559
378
100
188
128
-98
-134
-795
-70
-728
34
-478
963
-825
756
281
-891
78
570
768
-740
290
205
509
-634
855
303
878
917
-713
-735
-492
-865
364
-681
832
-913
-428
22
-294
324
370
-411
141
-696
-213
-532
248
162
838
-969
726
-96
985
-341
-678
-916
449
-911
-32
640
-359
-223
-133
-723
946
-244
275
-497
362
-413
-263
867
255
-533
595
-28
-853
511
-707
544
-611
-373
158
-134
-287
475
-746
806
-111
-87
-479
454
-685
-139
-784
3
-555
-337
-639
347
585
-305
423
-221
805
126
596
333
-106
640
-542
-317
-59
778
-257
-450
-241
280
172
341
-784
-105
-440
-23
-194
314
304
-18
553
-944
758
406
535
-646
-10
-878
-562
-76
488
-861
-344
-269
-525
147
-5
-853
-887
-567
-607
-868
-773
783
-765
-739
339
-187
-540
446
411
-655
-736
-730
-978
-956
612
113
-356
330
-817
818
-759
-936
816
794
-511
-670
269
-636
-538
887
241
-146
432
-257
781
-104
974
-766
802
718
585
940
-71
-629
-281
-691
413
-63
-279
-968
564
720
330
-972
-117
468
574
132
112
965
-190
779
466
356
-233
-794
845
903
-492
-20
-475
598
-875
-373
572
-127
-810
-174
-306
634
-233
245
-477
-647
17
206
113
-109
25
690
-338
-69
353
-738
364
-935
207
390
-519
486
-534
848
-564
-378
685
176
-930
-814
445
357
904
-251
859
596
631
-554
-785
836
881
382
398
647
-970
-232
-259
-391
-905
500
978
224
-592
365
732
193
-9
642
660
-289
815
730
665
916
602
-533
56
-126
215
-609
-287
871
-427
586
568
910
4
-739
811
295
149
878
-14
326
437
438
-837
-121
-368
-557
152
423
-577
-798
-766
-207
323
783
151
932
776
487
-469
-435
640
118
6
-798
-716
404
7
279
195
963
686
-414
450
490
-344
154
-316
-156
-400
366
197
916
337
-444
-304
-95
-985
846
-125
565
897
-806
-140
-196
366
-65
-747
-550
-269
225
-600
843
640
675
244
318
183
-629
-13
-964
254
89
984
-261
516
-901
185
863
679
62
956
720
-645
-643
559
499
-723
300
-979
687
-390
-841
946
832
939
-991
385
196
-85
-302
-166
-661
510
82
203
-663
261
-395
-264
266
745
788
673
560
-380
-67
757
-939
516
-719
707
-229
-640
-471
-446
631
-572
-947
516
-557
460
340
-333
-208
-688
657
-444
357
217
167
-669
-357
56
-512
-113
-970
506
42
720
83
-137
580
101
271
53
-485
-366
-911
26
656
-57
-953
-826
-86
-851
-185
-978
738
-564
32
575
345
396
-492
-755
563
-476
-910
-881
787
-996
-710
-648
-236
964
886
-504
912
-305
-236
673
18
550
-511
310
-388
126
773
726
-440
333
-382
-548
793
102
615
-860
215
550
662
-535
-304
810
-210
-944
414
-27
79
-448
268
912
-140
847
329
28
-895
317
708
267
934
258
947
-943
-816
339
233
-133
346
648
-526
-446
-254
374
-194
739
-730
-20
-583
921
-650
362
928
-392
505
618
54
-77
-890
487
-129
-480
518
308
530
-781
245
-376
-824
-483
-970
-345
-321
-31
794
260
220
-524
-394
-739
-620
724
-229
435
331
802
-901
-541
275
-307
721
-790
-401
-631
794
496
209
136
-461
-821
-164
-576
617
-703
-400
-273
827
932
-492
585
766
648
96
492
-736
733
797
-175
364
300
970
831
632
-670
894
717
-340
-162
-264
741
166
-977
-993
-408
-88
-963
164
427
919
436
-706
152
476
831
-37
-983
516
-115
698
-49
-252
170
114
-149
965
764
193
82
432
-627
-36
524
-567
845
-271
-150
-8
486
584
812
-102
-905
760
108
136
-104
-177
656
698
789
-926
-995
-161
457
454
642
500
907
-380
-369
165
-441
885
-495
-691
979
-142
519
-294
-578
693
-868
447
-651
682
658
-376
-328
884
-603
-616
29
-538
-324
-506
371
-912
504
-337
182
-122
976
444
727
245
647
-741
684
-272
914
173
814
533
109
61
847
-278
-477
-459
805
-93
-145
862
149
483
-649
416
962
-789
222
-257
89
-538
148
-385
565
743
-751
-45
-875
-499
-100
-156
173
-667
-663
781
-143
92
-404
-465
-349
-93
-533
783
-510
-549
-907
-973
-3
-794
49
-65
-930
195
-510
15
-287
207
-53
280
-443
-354
935
545
708
116
402
-500
-104
463
-402
-648
-908
121
-430
-551
-956
194
852
-48
-426
50
732
1
634
-697
949
-657
99
-483
284
-736
-774
-39
-325
56
-379
216
-190
426
-852
716
616
464
643
636
343
-139
-16
-149
-580
296
-482
820
-831
-458
-48
-71
260
-390
-950
-945
-124
317
789
8
836
270
-439
365
-488
680
703
466
961
0
-364
-360
-952
958
-529
-266
49
-133
-307
-147
768
-475
570
574
556
418
937
-716
755
-951
-124
-500
-368
-758
-537
787
292
81
-466
732
-242
-854
973
273
-540
-65
-542
-307
920
-315
-571
813
-58
-908
-91
847
200
-951
-67
211
759
998
-436
280
379
363
198
882
-573
75
-235
-189
-882
-764
-827
765
966
269
-349
204
-234
-949
-188
-127
718
802
994
43
454
987
-466
659
-558
-938
911
605
-830
245
967
3
-234
222
-105
-137
-755
-66
-757
-25
-202
612
973
738
55
742
139
271
-304
395
982
-132
310
-3
-779
793
433
-60
-673
689
884
-662
-565
-364
414
257
590
-929
-495
-567
-341
510
497
-162
451
-571
323
302
785
-818
164
817
918
-681
792
100
-276
-864
923
188
-789
-852
-526
-74
99
-683
-142
-19
547
709
-755
37
697
350
955
-926
-578
-952
163
647
-580
-70
535
48
-881
129
-294
401
-617
-713
585
-56
240
870
-839
506
330
535
144
81
370
-105
142
-63
-866
445
278
780
-11
-138
-185
1
-293
148
766
612
-67
-551
-477
174
495
490
465
-832
188
821
-41
624
358
-586
-450
40
-999
-951
473
230
-484
-229
192
-374
139
61
963
-284
-771
767
-119
152
-676
-395
-243
-649
-536
-541
-963
-522
306
-889
-411
68
-515
859
732
955
-421
894
344
-283
188
116
756
-187
827
-172
164
836
-387
-362
862
-781
276
626
393
570
-307
747
-587
785
-465
-247
150
-254
532
-581
-494
-247
-995
425
-248
573
971
560
-943
273
-34
-166
-650
755
420
620
454
-497
-363
-850
724
599
-416
433
-369
857
645
-394
-789
-31
-519
-633
-924
851
-40
-628
-459
-614
520
964
-896
65
-996
549
-605
-42
-534
906
-800
-301
596
-447
536
-733
933
-30
-616
389
-813
-651
12
-316
-971
459
-520
-525
261
628
-271
-941
960
-948
520
148
216
-236
-582
-694
350
172
38
-789
-649
29
331
-880
293
949
-979
576
-323
678
290
854
-417
-855
-434
804
803
142
532
-22
127
-677
618
815
17
510
481
-997
209
-583
609
-659
140
-436
-713
-135
146
64
971
57
162
852
526
621
601
-139
822
386
-799
320
956
-961
392
915
939
-316
-527
-507
-415
224
-600
881
865
-910
-827
78
871
477
574
-491
-641
71
500
-111
184
-868
-579
509
-356
-7
96
-904
-130
-656
-632
491
-290
80
248
518
-683
637
576
-591
587
-80
496
929
-21
-281
-362
779
-17
-958
-276
-330
-221
-68
-583
-663
-886
643
548
-555
-477
435
-628
290
852
-810
-619
-49
-569
-299
524
827
-134
-140
831
953
330
-465
-227
178
-6
546
-118
321
942
908
567
-706
-896
-294
888
-867
-323
397
-466
813
402
588
-599
627
-309
503
-315
-869
-321
-959
-177
-945
675
986
382
403
376
-768
35
-58
-616
165
607
-342
-595
-51
-685
-919
-148
709
-959
-288
-451
928
-908
367
-886
669
626
555
-16
273
315
745
-862
90
-530
97
-477
79
492
28
-184
308
-160
300
733
-123
482
-785
-776
-6
-740
320
-82
370
-424
577
731
954
303
-285
391
796
341
-66
-462
692
864
-754
-372
315
695
755
-284
-759
953
43
535
-299
-115
192
-234
-362
-611
-503
-849
328
-973
-481
190
-68
-514
80
253
547
749
-409
-423
406
-644
-973
-777
-222
-522
345
-4
-112
602
-808
799
523
-586
469
632
-272
543
893
-207
-869
-433
-141
268
-241
470
-923
52
-841
485
525
516
720
-497
-298
-516
-456
-677
-270
185
378
-634
-723
60
-755
-481
-643
-941
799
-362
-363
-722
-260
-411
840
163
499
-768
409
377
556
-638
168
-707
-971
429
945
796
-537
367
-172
-852
-65
-997
-700
575
-874
-893
-390
-84
-132
156
-791
204
-24
628
-933
-789
473
394
480
-177
-144
-863
152
-852
-430
79
-261
643
449
-143
-289
-27
-308
312
914
540
-396
-743
-758
-96
-827
-548
310
-729
-346
-645
533
-230
-852
-92
-91
-606
-768
0
-336
-620
-599
377
469
552
389
902
-906
-989
548
628
-372
119
-246
130
716
858
481
438
919
-453
919
-340
-4
-155
268
398
162
111
-72
-530
904
473
302
-685
-704
-118
-655
402
-755
-414
-990
376
298
468
764
-1000
-34
767
669
-363
748
193
528
-390
-308
-930
711
252
-375
340
672
-483
-819
-996
370
296
-991
-924
-783
360
24
-927
-465
617
-714
-788
-452
715
-680
266
-132
179
220
441
983
-882
-190
-574
-511
809
-512
-809
-480
-54
765
-826
1000
989
704
-468
-360
687
118
-94
250
515
463
-824
200
-465
-660
397
-534
133
180
-344
234
986
802
917
-568
-733
801
-257
968
-992
-785
568
-484
-792
-881
-899
717
-86
-797
-260
103
605
-228
309
-336
-167
189
-24
339
-190
-624
-72
211
-415
-863
-220
711
58
236
-824
834
121
-908
-407
449
429
873
-462
582
770
-438
-852
402
-663
143
149
-326
-520
-79
-642
736
414
296
-276
160
-7
-294
524
238
348
743
577
-374
168
-255
-655
74
798
792
845
195
351
-655
-878
403
837
-497
193
423
-47
-651
-612
90
-48
-495
568
160
-553
-75
785
-501
-104
481
36
651
485
789
575
-562
985
-273
-154
-568
-932
-885
-799
-791
-239
-386
-428
-133
620
235
440
436
-320
-128
-947
-555
472
-7
328
737
741
-198
-395
266
71
57
-986
509
231
766
567
-570
359
-67
888
-61
428
558
863
982
-258
-409
487
402
-697
-445
833
-408
-150
-950
447
-123
690
387
717
-946
57
-155
282
28
-484
-422
-944
532
-733
-192
-223
786
440
152
-49
446
299
-641
145
418
833
-764
-357
-432
-80
360
-919
-312
241
42
-155
-99
-90
247
714
-568
-572
-827
-599
652
191
-870
143
-832
722
-11
-116
789
-625
-145
50
930
632
-668
670
-903
736
15
-8
-671
-129
683
402
-571
41
475
-26
163
-846
838
-82
-851
-973
-32
810
-597
-156
-899
771
461
682
412
82
-162
207
221
-886
288
-428
27
-792
655
-927
623
-709
-249
776
711
-285
-734
-556
-618
621
-297
-757
-636
676
-412
-990
657
-116
-53
719
404
974
-466
-109
977
123
458
-472
506
469
138
-697
-670
107
-771
-385
-483
974
-812
892
500
610
898
613
-152
-381
768
-117
-873
-127
74
-461
352
195
241
-658
659
-545
-604
-87
39
-404
951
899
-975
-273
-987
110
61
112
949
-703
623
568
15
-811
675
-257
-532
285
689
-891
-529
-873
-216
763
488
635
-392
634
-469
552
-400
258
-264
330
403
726
-604
-348
-372
602
24
721
383
121
-575
393
-659
739
311
246
63
715
-129
-633
542
226
218
155
-467
-876
-628
639
-280
-942
-235
-404
606
-185
668
-874
-917
-239
384
6
368
268
128
-824
-275
-153
-378
973
-42
-491
166
-392
776
-207
-774
-921
-962
794
-488
695
-946
295
-127
-918
-338
795
-290
-429
595
-785
438
260
441
-56
-632
-382
-514
-991
-726
-184
-932
608
469
-622
799
-113
854
-592
-703
703
226
-913
931
-164
-997
203
132
433
440
282
-755
-638
-459
901
-894
-743
-129
951
-928
18
724
-638
-858
1000
851
872
362
-563
-853
-372
-413
76
-854
133
513
-67
-517
51
-954
707
-42
-371
-803
112
-564
486
-707
-434
-953
365
-35
-775
-77
635
839
304
-304
-645
-106
-134
498
20
-652
13
234
-66
-306
504
-781
658
-856
78
-334
-736
-804
368
356
88
-105
527
177
575
-466
-931
869
-14
814
-564
-219
388
-841
-275
609
-355
-856
84
-177
854
-840
444
659
993
52
-154
401
539
513
363
464
74
946
743
283
-180
503
-510
-163
-611
-776
-721
509
699
738
-70
-371
-126
190
21
337
-805
109
93
-206
810
-732
85
125
701
-825
63
-162
-129
393
404
509
-540
-185
764
547
-33
-417
-490
-223
-244
-886
-796
578
544
982
235
-669
-366
-823
-795
-781
-673
-738
991
674
-168
-808
-381
-718
461
959
-887
-943
-248
-909
728
-7
493
754
-610
377
-662
1
-680
398
188
782
-199
-143
427
484
-883
-862
-17
-533
158
89
-535
143
-720
906
-269
-699
572
294
-934
329
724
-710
-958
-176
-216
-959
-836
-646
337
-38
-622
581
557
-745
264
-609
71
-419
-292
-229
-296
-679
91
-768
724
348
-795
799
444
-948
-331
118
453
-826
39
-904
336
89
-331
321
498
781
-771
615
-573
-625
187
428
800
911
-19
147
489
612
233
852
973
883
172
209
-632
964
47
-340
-747
-904
537
-374
535
-366
276
-634
663
-95
-603
-465
-193
-788
-217
-538
-766
-973
-429
-224
446
661
244
-125
427
-778
177
-36
664
-894
-961
114
-514
234
-267
-529
245
25
-427
-636
425
267
424
929
558
-49
-266
935
-341
995
151
-884
327
-992
-773
-3
-614
335
604
559
707
-597
805
250
606
-575
288
924
163
-417
34
-556
-154
-584
244
-507
532
632
-956
58
-5
274
346
-345
23
-910
-42
-935
-199
-699
943
862
774
197
675
-377
-165
225
-144
-611
-966
-652
-319
13
595
-584
-471
-227
-282
620
202
691
-789
-152
158
816
547
-814
-329
712
383
147
-480
681
172
158
-542
953
901
993
-318
376
-587
-247
956
-361
-160
856
-133
496
-392
721
215
836
983
-9
795
-507
927
870
-626
912
242
208
782
644
814
-539
321
-807
887
-722
-520
-104
-693
850
989
308
-111
-627
-911
-303
-212
974
461
415
619
-567
232
-183
-939
-601
527
982
-567
404
-598
-467
-280
374
373
681
-493
-220
673
-349
-176
-579
-861
-605
-563
-755
336
295
845
976
-906
-955
56
900
-439
796
925
542
403
-116
-944
-588
897
-386
-666
-818
862
-986
713
679
-927
-413
680
681
-211
-669
-148
604
-486
-415
853
-361
-837
392
871
834
706
804
731
-359
-197
-652
167
751
671
105
-343
278
823
822
-229
718
973
888
954
-950
114
810
-843
237
455
943
185
-705
339
528
141
719
219
-413
-626
-574
-553
-751
447
648
381
-922
490
269
485
-343
-547
440
50
-81
-115
-25
-512
910
-4
716
-721
-28
-334
23
-569
-45
900
366
-544
405
-321
-718
565
-560
232
855
29
761
-709
-85
-832
932
703
657
854
192
433
-391
114
66
-325
-717
231
-927
983
-348
-707
-665
-495
841
-225
47
-616
-954
546
596
198
309
-420
611
914
625
-666
-473
-77
561
837
584
445
136
-845
471
-232
473
540
762
-286
14
-672
306
-970
-696
301
-726
-671
-933
460
996
75
761
905
-564
712
-28
588
116
-34
690
559
28
715
218
169
847
450
423
221
317
-392
753
487
814
288
403
198
137
-538
661
-717
-609
94
-735
-652
-571
-210
796
686
-645
-344
315
6
289
350
-36
466
-296
324
930
176
-393
61
104
5
-491
-455
-403
191
-798
-356
113
935
862
-456
293
-100
123
-555
513
-953
-584
-22
-287
-505
890
-917
786
454
-64
212
-621
-658
309
628
721
-765
139
-487
816
764
681
-325
91
478
655
665
198
-924
44
-161
-384
602
-842
-244
-168
-496
212
409
78
-86
522
919
936
525
-49
43
-131
10
-380
915
262
-795
12
91
-162
960
799
-520
-445
-54
596
-801
-621
614
-696
-223
-366
225
-562
-803
-981
8
197
-740
617
701
692
-898
370
451
-594
-888
347
722
867
-280
-785
-415
-117
-211
966
80
904
966
-761
71
914
416
802
-455
956
-607
534
449
-98
-609
148
-458
15
-650
-571
-356
425
-106
-878
-170
332
-986
533
111
-481
62
-18
566
40
-792
973
530
-675
-163
80
560
-355
478
441
100
-190
523
747
672
755
-994
-616
-627
-330
241
925
26
455
-764
180
-82
-862
1
654
-477
637
609
-943
475
291
244
403
-242
142
288
-487
-690
180
-226
-45
118
-645
-682
646
-860
-411
916
-924
-247
-671
-322
-434
154
-669
-934
-768
629
-226
579
329
-928
479
-893
-940
699
-750
-884
211
-205
632
774
881
-48
989
-974
797
234
143
721
693
161
491
-1000
365
488
-201
-373
366
898
-454
-432
877
-536
538
-366
-473
514
506
-266
-665
-855
-12
191
24
-758
888
-281
453
163
449
468
-666
-490
968
-34
367
-96
671
-745
-530
93
-512
-880
-874
725
613
120
-794
-852
129
-414
957
799
-478
-640
879
959
-563
969
127
-534
219
754
833
-251
4
-690
-570
-397
-487
-595
-691
138
863
-780
-464
714
-106
-135
-122
-988
785
-674
452
397
-652
878
-158
-468
-737
-531
374
-510
-255
-277
101
896
-106
-656
-718
112
-380
-926
630
287
664
-367
-840
-395
149
162
-727
-988
-143
-313
475
-269
951
466
-401
721
-683
-142
-341
-86
659
409
-491
927
495
229
-493
-723
-261
-181
624
24
-250
-324
-800
138
-840
-636
142
-88
85
381
873
-905
-520
632
415
-8
897
433
904
156
-76
609
-283
-947
-377
964
834
11
-768
-250
296
-828
-162
-899
-966
73
-357
91
748
672
-789
-888
-283
383
74
798
589
879
75
494
186
-519
767
637
-715
141
113
911
-803
488
-925
-497
-339
-738
-870
76
-108
194
-898
964
978
486
-904
305
-941
-980
-378
-882
196
757
826
-147
578
962
-16
73
-433
-146
870
210
-702
104
405
-953
66
228
686
-445
-899
755
762
248
891
4
-93
217
576
68
337
-23
333
993
286
17
780
-565
326
-470
-511
348
589
-193
631
-405
-438
-498
-703
-617
-940
-315
422
105
-701
693
382
100
179
-990
354
-770
-840
634
262
-324
599
957
-960
-902
908
658
-287
223
137
-45
-806
440
-430
-795
-811
-919
283
-702
-753
518
365
579
-972
-413
-224
-950
115
9
530
-250
482
556
-822
-822
185
471
147
-412
-60
773
-841
610
80
996
379
223
-933
-813
-136
-437
517
-934
-559
-130
741
364
939
-735
705
-529
978
834
-585
-569
198
-25
408
-81
-22
-833
579
-604
-747
230
118
-200
428
-617
-563
-783
91
132
103
382
-861
782
487
669
-806
93
-695
-861
925
382
219
-795
-370
485
-391
-436
-220
463
49
-450
-65
-298
491
-541
-398
-775
-746
-110
424
177
469
-143
-604
-794
-578
96
386
-858
823
-949
-642
-811
459
-958
-810
-103
673
-602
448
534
966
-28
-170
734
-49
679
-831
90
-820
-550
541
-110
54
987
818
-644
-433
622
-319
475
942
-740
0
60
-664
-398
846
-637
226
-895
789
-945
35
762
862
613
-121
251
-634
453
-344
688
615
-625
527
-749
-535
355
262
655
897
-648
-779
-913
-677
-865
-448
-97
585
-596
582
92
-379
94
-330
-642
-856
-615
-492
-7
-375
-208
579
166
525
-625
-597
587
-930
-135
-438
-629
-402
-400
489
856
633
601
59
572
99
807
736
-554
682
545
383
-803
-19
119
69
407
861
219
902
-761
-373
153
233
-407
-378
-294
484
-449
-121
693
524
-871
-257
168
-549
847
-647
685
489
-618
704
370
-577
-146
941
-135
-919
-353
737
-709
813
268
169
784
-329
948
-814
-677
138
126
-914
-548
693
-483
-932
648
-620
375
37
25
-40
320
-816
-351
-9
-738
-22
105
-361
-663
-641
331
252
695
-106
-848
-919
-501
493
382
298
-84
-817
827
911
-235
934
-927
-390
21
-617
162
255
-38
-631
-131
292
622
-790
254
-719
-535
-904
-646
-235
-447
547
-875
541
886
620
59
-664
-514
298
-760
-743
807
-808
373
-480
-750
559
-560
-469
-666
568
-976
-979
68
-437
339
-312
890
-720
-423
-648
-206
774
-974
-985
875
-886
-293
996
548
-857
896
816
589
-610
621
-754
-267
-84
-297
-865
90
-593
489
-596
-622
548
-459
494
-170
-617
500
-513
-743
533
-561
735
952
-278
-361
-30
-925
-772
839
263
345
-539
778
-424
200
-877
353
-194
56
-53
362
-500
-498
-861
634
596
-83
282
669
-783
-797
496
87
-641
-710
-579
-787
-966
515
571
-185
85
815
-265
425
-692
109
895
97
-799
-97
-946
-34
-859
-417
407
-500
917
-43
-920
-829
413
189
-980
-348
173
-332
-72
-233
-342
415
751
-699
-886
727
190
257
373
-981
381
847
935
672
-413
-653
764
-805
676
534
997
-517
330
653
233
581
322
404
686
-348
955
-442
834
-101
906
-734
-315
706
-257
-371
-916
377
-326
-606
-961
376
692
540
791
978
-625
250
17
289
-868
-151
38
-342
-796
982
433
15
794
238
408
855
-676
66
825
-786
-895
-311
133
-233
542
982
-576
800
657
580
188
273
-513
-349
-935
194
180
655
-449
-638
-560
-571
361
668
-838
-612
-83
529
-306
921
829
-177
-590
-546
263
159
768
-331
790
242
-439
-535
603
-190
-350
946
-780
-110
499
-743
953
128
568
-445
-158
971
-508
365
571
-975
264
-32
929
-783
9
-902
-876
-879
-156
-860
-170
81
143
656
528
393
-252
352
837
967
619
-565
-254
-41
193
958
791
775
-964
92
746
-291
-535
-642
156
-589
-386
-384
987
139
-561
981
177
515
276
-321
-260
454
-69
647
278
-965
-50
269
-29
838
-139
832
739
-499
334
484
739
-195
-668
591
243
809
-661
201
-62
107
-317
-881
-896
408
815
403
83
-195
518
640
-254
764
-785
-937
-360
508
-204
-278
-73
-993
-236
-8
-825
302
-848
989
-810
-487
685
729
991
730
-894
-111
-151
-347
-312
36
-443
674
-581
994
-832
831
806
-329
796
993
-730
-431
661
-427
-871
284
-698
925
-136
856
197
-275
843
828
57
592
834
-95
-147
-610
380
401
-662
657
-153
-194
-768
667
581
-305
-500
-167
-886
-470
-207
333
853
-869
-360
-452
-404
-950
-965
999
215
561
720
-591
-662
918
-711
-279
-676
-634
105
496
-169
503
-889
-345
-303
-655
-557
-831
-144
-282
665
-412
796
65
267
904
-361
462
-190
-988
558
209
698
987
-780
46
341
-32
124
878
629
-755
364
-912
720
-920
670
-921
807
49
-903
-486
983
-3
374
-948
477
-93
265
118
-314
-477
800
436
-619
32
797
-521
464
-810
-507
-920
778
720
-702
195
-600
-570
-81
-700
0
511
456
-906
-586
610
206
278
725
589
233
593
885
-609
261
-657
-621
-512
-674
317
-670
-941
881
330
-89
810
349
520
431
790
895
257
384
-197
68
-643
-229
891
-916
-861
-314
-682
38
-992
633
-484
-660
666
165
738
-878
-428
-612
835
-302
-830
296
878
909
281
-863
-620
362
-184
-73
-167
125
-95
709
-511
-857
540
50
79
-573
-123
-363
-526
650
375
210
529
-222
-451
-150
238
-713
-996
-708
-942
-392
698
664
568
515
-959
9
-375
134
-558
-126
814
703
447
259
-753
611
959
205
-853
783
366
141
-864
-790
-905
842
-130
-791
-47
-24
631
-472
451
-145
679
-786
-92
-258
76
-256
-383
280
-505
219
986
-654
-615
552
-520
-382
29
-705
795
-544
73
-16
902
-824
51
-291
467
-235
599
766
919
-571
-648
-204
203
-6
390
-849
146
819
911
-744
-6
74
-550
-629
-339
-566
-231
-109
95
-511
143
-456
410
176
951
-818
-538
-366
-798
-954
356
-141
885
-647
248
815
875
-622
-608
393
135
194
230
-116
-328
-933
190
-397
-547
-362
-77
49
553
304
684
-250
-307
-404
494
-399
575
115
980
-50
-294
971
-46
33
540
-255
-332
-454
469
-443
538
653
292
984
721
-775
-784
-6
-50
228
-13
-212
-979
-112
-592
221
17
-69
-506
87
-146
117
-360
-711
-574
-797
546
-716
-939
-753
-599
679
601
-60
330
-797
-840
845
-143
296
540
-372
-140
277
-989
754
-174
-897
-402
-806
-455
-122
-143
-144
-951
161
-171
128
567
8
-873
98
-373
839
462
-898
-531
536
95
-64
460
-821
788
-172
902
-273
873
868
593
508
-391
-972
255
-227
652
-733
-355
-989
-811
237
-344
-74
-145
-57
-6
-145
-417
-179
262
266
52
253
-378
532
44
11
-734
846
-961
-993
-477
-83
567
787
229
-848
278
809
-977
-628
100
-602
-715
963
-555
55
-711
502
202
413
663
-10
-279
284
-540
-112
-454
668
-799
-956
-964
-677
-274
-439
-214
-451
401
-962
334
560
353
-866
-35
-698
-650
-702
111
898
926
-917
76
225
443
626
-87
-567
-399
-680
70
623
689
-697
-426
124
82
-965
688
-561
394
616
280
-990
201
865
-16
698
-793
-596
331
-23
-592
971
479
76
59
-71
-370
602
-29
-869
887
-696
839
-823
172
889
979
899
780
642
310
-975
-375
-534
518
-125
-161
-765
-509
-411
104
-531
417
-310
498
832
-863
660
-747
7
742
-120
-796
479
15
-888
-173
681
407
-303
794
-174
724
-459
957
57
-966
-558
-800
-15
-615
-932
22
493
-993
-558
876
-725
-293
465
677
500
-611
-501
-901
29
729
837
-498
721
-385
-482
259
816
-756
294
659
-62
352
-491
-279
896
-189
-639
191
46
-80
858
569
519
-619
538
863
540
119
-726
-707
129
268
4
-425
963
468
-549
-944
-426
-947
-565
69
-418
-866
-866
330
-74
-280
173
-33
456
35
568
-884
45
33
-547
-54
565
714
230
-489
690
-465
447
-422
-315
729
97
-167
-276
731
638
-868
114
-400
-123
456
101
-567
-632
-943
118
32
323
-936
-395
-302
-373
-35
-145
802
-465
473
790
-662
453
-162
962
332
-969
849
735
-971
-490
15
382
-61
984
605
173
-452
-962
-916
189
-526
-332
-80
-505
-505
-786
-863
647
-661
996
-961
-357
606
-634
-543
-620
-702
721
-22
618
-856
-218
59
-559
-609
-487
-167
112
-143
204
34
-440
-182
-942
-782
577
-494
-234
-601
328
151
57
49
-501
-441
1
-125
119
436
-198
-313
580
189
-854
-1000
760
-863
980
-31
556
-240
-721
252
821
811
386
441
-874
-323
865
66
-74
-896
286
785
-733
-404
449
317
-457
125
882
811
-883
497
849
-637
-500
-70
-992
-40
-560
452
744
-902
427
446
759
718
185
615
-59
584
985
-511
-677
-381
-560
119
-760
-773
-315
-166
-650
633
-762
236
660
926
259
-188
230
-725
348
535
306
-986
-341
234
150
216
-598
945
-610
-52
434
644
-808
-896
-621
815
192
323
-821
927
-481
711
-27
876
-453
485
-212
441
17
-577
-311
540
-862
-224
-780
178
-725
14
-727
-572
-672
705
443
-989
149
100
676
663
-134
-267
-127
-681
-637
474
701
261
-924
-317
-102
277
-777
-339
11
71
-881
978
179
901
-315
873
54
-717
-441
-142
-240
-857
-708
122
527
480
219
564
-127
997
-158
-894
-964
844
-279
798
-815
557
-47
557
660
-134
-680
-323
142
184
-974
-614
-358
153
-641
215
661
860
426
-331
299
-78
911
1
-523
-154
-505
-998
-513
731
-616
117
-66
377
-603
386
-290
834
-213
-228
-810
724
864
-953
158
478
435
-377
210
500
-733
509
889
-636
-165
-906
835
-852
-438
498
289
-508
314
500
108
-63
-938
-77
515
-550
-993
-710
-537
645
896
906
101
134
-603
-550
-553
-544
731
-659
-565
-238
848
212
-996
800
-189
351
-556
-740
984
999
694
478
-108
-312
798
936
598
-583
97
-747
-470
-656
118
-981
-778
-592
153
579
-1000
-478
-333
-70
-918
118
-679
-123
636
-775
-877
-591
-783
744
-138
-604
-978
564
924
-828
-407
-588
-970
-534
-984
-102
5
52
149
805
-764
6
517
-170
643
388
748
-810
242
438
112
-253
-48
-78
-157
552
-78
210
-770
-798
285
-120
587
-298
786
596
-163
923
268
-901
411
922
825
851
-742
-738
488
-606
-623
-512
-255
987
4
48
-594
-272
693
-709
599
-24
-62
-671
-576
-331
664
588
-224
521
-122
-439
561
908
312
-891
-818
-64
-616
-716
902
-200
210
-589
827
-833
-520
942
847
508
273
978
112
56
834
-589
474
-159
-973
27
-711
-600
54
-486
147
48
600
-400
507
-401
369
-287
-519
771
263
-638
-718
356
829
-565
-347
445
418
579
-65
-18
925
-589
-866
-28
63
756
656
-288
-326
-664
115
-492
-439
-631
705
836
318
621
636
-899
281
448
962
710
-8
-843
-307
-287
-5
370
-811
394
409
111
972
621
973
445
-809
-948
-981
111
-307
-223
-249
500
-103
-962
-698
-18
-538
983
844
-483
-465
241
539
620
-108
610
-936
-328
486
-683
-21
-303
342
-817
-605
-581
-975
-628
-413
-386
-170
489
467
-778
630
365
476
419
-490
-919
819
-24
678
-484
-953
969
181
-818
76
-556
-354
942
-325
-220
507
746
330
-775
-237
-22
-488
394
367
-783
34
-23
928
58
908
-600
-56
320
44
846
-387
-663
-253
-293
620
786
-772
-855
-549
621
981
267
839
211
583
-785
-578
741
651
-642
739
-28
366
268
-328
-214
-593
211
708
-610
-992
-762
567
-570
-211
775
354
-972
-736
748
-636
-182
-886
-17
346
-48
659
-239
145
48
114
-323
-155
219
-165
-873
594
933
-801
120
836
-305
-376
-310
-576
375
237
888
431
447
-504
52
-18
12
325
4
135
-385
-54
-24
700
822
793
606
-968
297
-189
-953
847
-268
721
-712
-175
-859
699
-762
-538
183
-813
608
18
323
-673
578
-262
236
-835
-458
323
-978
-697
-70
742
85
-240
-893
858
-4
-916
886
-327
-547
805
115
307
-784
396
-670
593
537
821
-259
435
-910
895
621
805
114
-200
-126
467
403
192
-375
-615
151
-433
-741
-568
-800
-600
-572
154
895
-498
-442
-29
176
-695
452
156
452
-273
-225
617
-917
216
240
779
842
-622
198
-520
866
-291
803
-247
-252
-774
-428
-226
-930
-121
625
487
-519
-598
-221
512
-326
498
457
693
159
446
-19
45
-721
-566
-330
-456
-593
-735
-731
201
-866
-894
-209
154
-292
-988
-68
-564
54
353
-721
-598
761
125
-227
-725
467
319
588
-609
-71
517
-312
-579
597
-607
-268
608
-2
783
136
177
339
-18
327
144
293
-909
-572
716
686
957
-981
606
-670
-880
-494
-636
430
219
-481
624
-9
836
196
509
-959
281
382
-296
611
-86
141
99
859
-399
977
-510
-349
730
203
305
-50
-384
867
428
-573
977
-678
350
-448
-302
-903
-493
-933
908
-879
-831
-281
-448
-496
-422
-763
-50
-881
-302
-233
255
373
232
-214
654
-360
583
403
-826
15
-808
973
3
940
136
294
-653
950
702
-921
-91
35
824
926
-966
128
36
860
-530
834
-639
426
-999
-162
-694
-180
810
890
-907
393
-479
854
-693
-312
22
-231
-595
-569
561
-445
4
-866
466
-546
-322
-470
123
535
403
-251
663
413
-665
-341
-894
744
-625
133
-955
966
-562
-602
443
590
451
-676
-997
-337
-143
-471
236
484
-593
-312
863
972
289
936
-348
-412
495
811
-202
-412
626
220
-303
-659
863
628
151
71
736
-897
25
440
-35
512
870
-406
131
416
821
135
-535
221
220
249
581
43
-337
726
-534
691
844
-812
-719
-383
-553
-879
-585
-244
-108
-35
-674
996
-257
-628
464
-838
-605
286
-272
496
-542
481
-870
-842
-389
239
-379
-71
327
553
-335
-210
468
-636
438
258
266
392
-941
-347
288
-112
-173
-453
-880
472
-732
627
496
511
-160
-973
773
745
866
-966
-87
568
-437
409
224
-73
28
-971
329
-687
705
441
-352
631
-158
-395
-872
-200
715
908
221
-684
123
-340
412
-767
798
212
208
-550
502
-175
-347
-704
279
96
743
-159
-98
526
-345
809
288
491
-591
-584
376
-908
238
-169
-172
38
552
-264
-252
-774
-963
317
-48
-18
199
239
776
352
-150
-948
-548
-895
650
691
102
-529
172
882
794
531
318
-94
-666
-242
-140
331
-898
-771
285
3
937
191
-254
-691
110
318
850
-212
844
-853
992
-130
852
-766
939
-788
-67
996
473
-821
537
-680
920
375
-387
-420
-261
461
-154
995
-155
519
874
708
-968
-513
-474
-950
-618
-735
-897
838
-815
726
224
-477
776
-504
-961
-746
-474
-783
-323
-900
423
-451
-860
302
288
190
622
743
755
-369
279
749
-460
102
871
675
-601
285
-374
-165
884
771
-263
923
541
127
554
506
687
-108
478
677
-757
208
-78
90
99
328
8
-218
-198
466
521
676
559
983
-277
-662
-463
173
-67
631
231
-734
488
-78
946
704
-438
-268
-731
-845
-486
-721
-88
675
-224
257
635
-807
315
-772
78
-811
711
343
801
-459
-977
838
-207
289
762
-272
280
-59
810
-833
421
437
-635
220
-427
239
552
-977
-92
-272
339
-175
-935
-907
137
157
969
596
54
685
422
921
138
488
-23
760
-551
179
658
720
799
-166
568
-338
-361
-249
674
-497
-209
713
-545
-114
398
-280
-982
611
243
582
-821
-160
-530
-317
324
-910
-318
-239
-74
-989
928
-36
-445
875
605
63
-713
581
749
332
965
-155
954
-501
-230
658
353
-888
-753
919
-989
78
221
254
-613
404
134
-211
286
-267
417
-478
160
-870
509
193
-722
308
-559
986
610
245
142
317
-555
270
-755
253
62
-726
-257
925
400
450
437
-808
639
-14
793
969
849
-704
138
623
45
-26
-61
298
132
487
682
111
-367
421
-847
673
529
-831
-613
-327
-896
150
913
-26
818
-797
-231
952
-262
-806
-631
-251
-447
868
-859
624
-472
-221
-120
-547
45
-543
-696
803
121
526
-906
-774
-689
980
-339
390
315
-628
202
-349
958
649
216
694
-394
-497
549
851
441
-468
572
132
-682
425
-97
-157
-188
466
615
519
-289
-529
-409
-987
-269
-86
182
465
945
93
-750
257
258
-402
762
354
-142
188
378
-886
-436
508
-711
135
-316
392
24
-666
176
-559
151
277
532
-116
183
925
569
-121
616
34
-399
-337
125
-270
-192
-500
-966
994
913
-380
862
-120
-364
330
-496
5
-882
62
13
675
900
458
-688
-297
-472
-904
-605
242
122
738
-385
-423
-181
-529
429
-508
561
494
812
-971
593
595
-338
37
-340
620
-805
-308
-22
-764
-560
-923
-165
-68
67
544
-493
-641
657
-742
959
165
477
-498
-568
720
643
-419
431
-145
388
226
-611
332
-376
-234
921
750
245
-413
-450
537
961
-603
601
4
203
705
609
-205
867
480
-741
-664
976
930
495
-699
-820
-463
461
890
529
-497
-105
730
-481
857
-60
659
-113
985
-689
-65
454
-897
-904
-537
-718
583
-848
-673
681
-240
146
-502
789
281
-947
244
-749
917
976
-745
-376
479
732
360
-727
-416
999
-539
686
499
17
-420
-528
-357
876
-977
-891
-330
953
-693
80
91
-560
430
610
-654
-479
-540
60
537
-622
734
963
-806
335
-437
-580
-297
762
345
134
-381
86
327
951
-499
53
566
-498
724
-463
-757
718
-807
-293
-951
798
-548
85
82
-317
-874
140
-67
126
-364
675
-56
-440
-289
420
717
-121
-38
-980
-989
-329
757
-704
346
490
-483
-600
-356
678
270
871
805
-899
103
-179
-773
-26
-72
838
310
-343
-774
-995
1000
-350
-772
-775
726
467
712
449
-701
539
-560
-570
873
-812
781
-257
98
-972
963
-567
-989
-450
168
820
255
-335
-767
-996
458
107
-773
-842
-867
-131
655
769
98
859
-900
592
841
494
444
-523
-220
-578
-937
-367
-633
-269
-613
-101
-682
-455
-150
98
-70
-418
-761
-876
-44
568
-4
-39
375
-222
432
-366
764
-827
881
62
-596
809
-408
-934
-905
791
580
924
-436
-588
-931
219
96
261
-261
223
862
597
919
682
203
-691
358
299
-349
-884
72
897
663
-937
517
-214
-87
291
968
511
585
-938
211
-844
-673
391
-247
-431
696
-481
-599
586
152
728
-313
-933
876
853
-902
400
-735
-708
-830
-509
666
-772
629
-149
-91
-613
-601
-300
192
-429
176
760
-172
-196
-53
-736
-134
-664
170
108
-930
-293
406
-212
-976
-776
-126
141
-718
-243
976
-274
412
-84
680
270
-60
592
591
890
771
-222
-827
366
-154
-866
-957
915
-68
23
-580
875
197
297
-666
-550
254
693
934
585
-190
-171
130
385
-526
-342
-786
218
-990
-687
595
286
714
-373
573
-366
792
-141
132
961
-922
-538
344
-298
-785
551
515
-792
375
513
627
788
-932
-761
321
-62
-729
-672
913
971
974
404
443
214
-844
672
672
-984
878
223
-978
-493
-926
417
232
608
-665
-661
-437
-671
-35
-17
600
-629
298
-309
-90
-28
-740
-19
-642
-567
838
-604
484
-595
150
-378
-1
-832
-572
-356
-300
-788
686
287
257
-114
561
-606
1000
922
830
-274
-214
347
546
-100
572
-360
875
178
489
790
131
-233
71
-810
-628
-72
-917
543
426
889
-344
379
-286
184
186
567
-492
979
219
-652
-138
-533
310
332
-185
-625
-453
706
962
178
-853
-395
-728
746
839
-224
-954
-79
196
251
-10
-779
998
-91
437
-506
-339
-822
786
-765
-91
-219
137
-405
489
-35
42
119
-429
170
-757
244
-604
-259
-829
680
-506
862
-115
-356
666
918
-112
-243
-168
643
68
-10
-437
-54
-438
-494
-611
233
-237
-893
115
-244
-750
999
250
741
-938
-917
800
579
-845
-987
643
429
-698
251
883
992
-435
-899
58
303
-376
-701
545
-231
-463
-942
666
933
-397
-332
575
-443
-525
-331
-589
619
-69
309
-237
621
-877
885
593
-884
425
-883
-251
437
625
-529
131
-956
-707
838
-362
-80
853
-456
690
-756
-214
880
-59
252
-429
-627
179
-944
-252
-560
893
-606
-982
279
-841
995
575
278
888
802
973
67
-909
-388
-576
-714
271
326
-952
254
-552
-974
-379
-908
387
-115
653
-239
-817
834
-881
-68
-890
221
-766
-885
-391
59
882
-15
606
136
-864
-430
-876
-93
-41
-746
848
-54
-38
-342
-990
176
-122
631
-80
-158
552
-217
-168
-333
53
511
82
-731
-199
-161
596
816
26
337
529
-575
927
-937
-59
-195
452
829
400
481
302
-590
54
-602
-566
-139
-969
70
-421
979
804
185
-814
100
-845
-11
162
-964
253
830
-860
-921
-231
-261
344
-385
736
-872
-787
-357
524
206
536
-294
-995
108
769
821
-867
-539
-732
886
537
-40
-509
272
-47
-365
346
-318
470
950
-745
-330
-786
-492
-79
-181
520
-820
-807
-201
-510
-720
977
-244
-379
-798
997
-707
-501
-569
296
751
-695
-215
759
-841
-230
-649
633
-54
9
779
21
-522
909
-965
927
831
-141
-524
103
648
354
-618
913
707
270
888
-192
284
698
-489
-141
-381
-221
513
-935
-858
-955
-39
71
-95
896
350
-524
497
-647
-880
286
791
508
310
-674
382
623
-377
858
-242
-756
443
-89
-478
-533
413
-308
589
11
862
-631
312
127
522
881
328
23
42
196
-11
-367
-311
-41
-863
135
123
679
93
52
803
-395
-986
719
-307
-822
832
215
747
-885
-514
415
-848
-732
36
14
-612
832
-816
198
634
-187
-389
-392
789
395
608
-235
78
742
361
-800
-258
382
-909
-143
-280
-42
599
-890
460
139
-329
748
-824
870
-532
-583
147
-911
-641
881
484
240
-661
436
564
781
-441
945
-214
-106
183
955
285
122
-78
-48
832
-929
-822
81
607
-78
442
-810
-14
-133
497
566
-717
423
-381
119
577
619
-383
373
534
424
-502
396
867
444
-828
-31
-352
941
165
174
540
621
505
242
-966
-411
360
-148
-829
-104
962
667
-405
618
-242
-376
-958
-693
6
564
-443
366
597
375
623
656
242
929
229
-37
524
-359
303
131
-192
51
-194
-313
107
359
722
229
370
36
658
-738
360
242
-569
736
838
684
279
906
215
299
-575
535
-773
-420
-517
743
-948
521
-555
-863
-487
969
-368
-683
724
123
-748
-75
-83
262
-384
-93
-706
101
87
412
-831
370
81
790
674
518
612
-779
545
-529
663
336
903
-594
14
459
-587
88
-496
493
503
-781
897
-859
-514
-844
157
293
-300
465
-887
297
-439
255
115
356
402
-264
-487
56
891
433
977
-11
-829
-128
425
-949
126
929
997
-10
595
867
-873
959
-684
835
361
373
590
-223
794
441
328
-485
-823
-578
-888
977
-316
753
-828
-210
201
-289
525
-805
531
-443
-287
319
293
-904
147
-32
-702
414
487
-400
763
954
128
741
497
-89
22
-610
-536
-407
360
-874
-206
-311
-711
-369
311
-313
-732
-880
-214
798
696
-851
-144
-212
-914
-227
896
-386
491
475
196
-5
879
-675
-874
-259
-887
-136
589
397
794
-707
-803
-638
775
716
848
-991
694
70
-475
392
14
-509
-224
-264
-990
-659
447
523
-371
-143
-662
-553
765
925
822
254
-772
-524
590
-722
800
-388
604
79
-522
793
-418
-368
193
929
-314
27
751
-908
318
-418
138
360
-870
604
493
-193
-536
993
-744
548
-561
-994
397
150
31
240
-979
122
-727
-773
-900
-753
935
-624
-606
318
908
901
607
-889
376
-88
731
93
438
316
434
872
1
-3
-598
345
737
727
-642
855
-647
263
-242
244
-726
740
-494
-839
-345
66
-583
948
-983
244
-180
701
-515
-114
450
274
-663
139
-588
-355
-478
-377
204
555
-995
-149
-170
-39
641
-196
238
-745
616
986
-768
978
132
680
14
680
130
267
-753
520
66
994
201
622
-397
-310
954
27
11
623
-708
-807
-557
-366
-335
-161
-448
33
977
-707
-397
-575
-815
854
-455
347
287
653
260
-316
-254
629
468
898
-554
-634
457
186
421
-149
-495
355
141
-214
589
-273
-147
282
-836
-323
-770
-736
-664
-124
-207
-22
-511
-732
-266
558
682
162
559
-860
-204
346
959
-872
975
-199
292
-177
-389
-187
-516
24
667
-896
-177
-115
-386
-14
-725
596
723
673
-811
-193
124
276
844
-232
-16
39
-618
-326
70
-963
94
-920
149
116
579
-77
-529
542
253
-307
-343
129
-84
851
-757
814
-643
-950
671
-727
-42
135
888
801
-359
238
-399
794
-199
488
-187
58
-567
91
-949
-971
85
465
470
-618
-350
-889
-480
868
176
38
618
838
509
170
850
375
874
-192
842
-157
-985
-428
490
-153
36
587
-949
-485
-395
771
344
405
684
495
624
819
238
689
193
-50
-553
-875
-230
-151
-804
-166
-658
-504
813
126
-417
28
186
926
-446
-390
296
-166
384
756
618
-417
-322
-706
-923
-9
711
-423
-20
975
613
870
935
331
385
797
-66
486
197
-688
-749
-709
-882
370
75
-358
-587
-263
484
701
-362
110
-223
118
-69
-783
-312
-371
177
-332
229
-339
-418
636
-208
418
658
-880
72
-257
827
507
509
40
892
-860
580
-809
740
-165
434
198
41
418
66
-588
263
798
981
-160
216
800
223
-673
635
-501
-321
-630
-611
-853
-720
780
-856
925
-20
953
-581
321
224
863
708
-741
-894
-888
-912
-810
-457
-792
-167
-688
-753
-67
37
39
-332
-361
-42
932
582
-179
999
90
403
721
814
-32
-806
725
898
889
-165
-801
834
-954
142
290
357
156
-971
262
815
276
122
34
-58
-724
632
54
-904
498
-117
-177
6
-621
-238
394
319
652
838
649
991
25
-917
791
297
586
-718
-207
936
-554
545
-316
-595
-177
374
-353
112
-105
410
366
-770
875
-721
313
-409
213
-768
-90
594
799
641
-284
849
419
-227
-119
175
-72
784
-574
2
-769
-778
861
889
-976
331
272
-147
481
-282
756
-56
153
557
880
170
-603
-938
-438
517
-375
625
-30
978
-4
-846
67
571
272
-454
-140
580
492
422
-591
957
-612
-687
496
386
-50
-859
299
246
-818
502
188
519
-362
483
-296
-826
-106
-690
809
-663
-392
823
-48
870
922
101
906
784
-84
-725
316
-40
873
-943
-659
249
265
936
81
-524
-565
-570
392
283
838
-273
94
-566
33
-6
-723
639
696
-28
221
-991
391
4
802
-467
817
-747
14
181
-86
-897
434
648
177
294
-194
561
-939
-623
-486
-527
179
-541
-203
-545
243
-221
436
-774
115
415
631
-532
-107
845
-744
-703
975
253
-333
-903
438
904
-540
35
-862
-17
974
445
-500
610
131
-225
-908
-635
-908
423
228
-993
-691
-933
-554
545
-798
951
-262
641
-431
102
825
913
789
-256
-874
595
-90
484
482
-229
984
896
-405
363
647
-501
-795
88
712
-701
250
142
-150
780
-109
618
-319
902
145
569
505
-344
-239
433
-992
-829
474
862
-952
297
-209
-896
-943
397
689
442
401
270
860
630
-137
-187
-111
765
564
944
-970
383
670
-87
-529
-999
627
880
-205
-117
902
-283
933
166
170
814
-566
93
916
701
3
934
-562
-124
249
325
-605
-61
-287
-633
643
-860
563
-222
-792
565
-893
-93
55
-193
165
51
424
-768
865
-474
-596
164
137
-412
-297
200
-942
12
713
529
771
560
-381
852
368
-782
73
-150
-449
410
241
-147
437
-982
-979
146
-303
146
-224
426
-673
902
36
262
276
-256
148
-838
271
-726
718
525
167
477
-154
950
919
656
-38
991
868
994
-10
-383
473
-114
-734
-768
-785
-609
548
573
-149
772
-992
-528
914
719
910
-392
430
11
843
125
-972
-632
-612
-564
-475
-238
143
357
572
-995
-645
-272
-534
-230
-427
182
632
-819
-260
764
590
-60
243
911
477
548
-11
120
281
-996
-852
-943
611
847
507
105
957
193
932
618
704
684
844
-292
-249
-872
208
-942
802
-657
672
-626
60
991
-987
-193
-958
-251
86
-547
-800
872
435
-49
-381
-552
787
-411
854
-857
729
-190
-586
618
-831
196
656
-468
136
-132
-598
-642
589
816
204
57
-619
-349
-371
461
22
-510
-408
238
40
90
-344
-798
-128
-804
635
187
-960
526
-812
931
-190
161
-820
-768
-594
425
-12
24
87
374
911
-723
64
71
627
-171
73
586
231
320
-362
-12
-744
-801
104
-16
646
416
-854
-434
314
-170
924
486
468
-590
-934
374
900
-339
332
-374
-377
-731
907
809
-724
-479
-899
155
404
-81
-168
-619
-155
-650
-391
467
-745
-228
-874
584
-131
-467
92
-684
869
-619
449
-278
-313
-476
-786
585
-208
817
370
-512
886
749
-447
250
265
651
-788
326
-391
1000
-456
-20
669
835
740
-890
92
-637
632
-73
-387
-227
365
-385
-455
-102
502
-632
890
956
801
166
852
-637
-708
840
846
600
711
226
154
-473
-842
116
769
825
-363
-986
94
927
-864
199
-451
-100
212
-620
-496
-280
358
-780
-764
-249
-352
398
441
-971
-456
983
907
-565
-279
935
-231
302
-946
-280
-509
363
71
935
490
906
412
-548
934
-807
-18
-537
991
-92
-107
649
745
765
286
-717
484
-833
-276
172
249
-400
207
469
626
61
462
931
546
420
181
-992
-451
708
-318
872
672
-179
-925
-700
-355
-47
-609
703
680
983
-783
397
-529
-444
-351
-273
401
945
-612
354
447
885
98
894
-181
-980
666
-926
-107
517
-145
764
-630
662
-831
-550
-665
508
-479
-6
310
232
289
414
-570
567
587
-699
-74
788
26
-804
-208
16
-136
22
-130
550
907
-396
12
655
671
929
585
764
-344
485
-158
-363
241
-685
986
552
347
-152
926
-732
-830
-7
-97
560
-442
-12
-244
-924
-957
598
-561
-722
305
-902
566
956
588
-942
130
-150
-636
889
-532
-228
107
33
589
-366
-854
400
-185
41
-252
-654
-313
416
-744
366
593
982
649
193
448
54
6
-953
553
841
-776
-400
191
-752
-498
-102
-81
487
-665
-969
-412
965
-56
918
-432
491
894
-954
-499
-54
809
-389
-620
-586
265
-574
-250
740
955
792
-948
-811
-629
-258
831
188
-496
-134
751
-624
-143
240
-570
-861
438
55
624
-667
545
344
88
-668
485
-131
634
-899
804
-327
-37
-900
907
-840
425
-829
686
-253
-448
243
-652
767
887
-70
-786
-2
449
903
-492
-424
304
-872
-480
-129
469
-898
-805
610
239
831
243
-225
-555
874
388
2
373
276
825
-592
-215
-929
-901
94
-258
-963
533
997
307
124
385
-89
663
116
856
899
827
-813
-626
201
-102
404
197
-687
-298
-502
-770
416
-491
863
-220
449
-888
-872
844
-660
850
-960
-356
29
379
-870
-15
254
-57
-565
736
-879
994
-198
-414
-83
925
-12
-188
-754
729
74
-815
-947
997
770
92
217
274
-903
-263
-946
525
-16
-777
-332
408
-883
-30
-579
691
-854
-356
798
-626
162
-730
371
-8
126
853
-536
-908
-306
-286
-603
-226
466
938
374
-882
-67
537
-392
-150
-792
-791
-308
-586
-351
566
-121
161
396
927
920
-656
570
-371
-584
-635
265
901
-142
-427
-126
-415
-951
268
-790
426
228
-728
491
494
453
694
-609
712
-824
-543
530
146
-53
-784
-258
-250
976
-661
690
55
696
939
-148
-656
988
-92
-47
470
-732
104
-499
-220
-378
-189
492
633
761
-505
-543
-641
-396
469
593
-271
-66
-831
-48
-650
-631
-577
924
29
286
523
58
-557
22
-157
17
-27
356
-751
-1
351
852
811
-267
976
704
-679
-205
173
-412
-266
894
-502
-432
-296
-982
772
158
372
-732
758
692
-788
-292
-372
8
-960
809
76
771
-963
920
319
118
-872
506
68
742
-938
319
762
-445
-162
141
-964
355
-962
250
276
-141
589
350
321
896
-211
171
153
-233
-218
-686
-500
-186
-969
768
670
-278
59
309
545
61
268
595
576
253
577
-60
118
-653
730
-664
97
-678
-370
524
839
808
-586
-429
715
839
821
-789
544
346
686
-505
807
-702
247
99
673
-978
803
-307
-585
802
23
181
-969
922
134
-349
-628
-214
-224
-790
-616
-958
905
-88
715
901
-287
-965
-147
406
315
-666
840
153
-213
211
325
-13
-165
-915
283
824
-695
-324
969
424
766
-336
-981
-27
927
-501
578
189
633
184
-771
-256
-467
138
-92
225
413
-205
993
473
741
-291
737
938
844
855
397
95
614
994
723
-584
-916
-368
823
934
800
-817
973
705
-986
-322
-681
-408
-203
-264
-338
-795
521
-371
-599
700
417
-197
-661
-446
817
155
473
367
64
-948
-414
42
-176
10
-610
-509
459
-283
-415
-53
-424
149
593
-544
865
681
-582
-843
-256
636
-778
-676
593
140
849
321
-194
364
458
-829
428
571
-555
374
836
70
416
152
640
-517
-560
311
-693
692
-842
-139
677
-559
-317
-303
354
-528
-725
-784
-548
680
-907
328
112
-782
666
435
852
428
247
-976
-916
822
-240
710
-948
449
-675
895
-629
488
702
471
846
-185
-30
-633
-268
500
676
925
-307
-492
527
-233
-566
-241
726
704
-301
-754
944
-435
439
163
35
61
173
426
609
-970
-901
35
-220
436
-239
335
-748
535
-744
-906
901
111
797
26
286
-506
281
-235
-346
-622
671
-385
-57
-966
-598
-806
-118
-863
109
409
686
979
464
221
-1
68
500
62
414
154
-314
-631
-188
529
-617
657
-56
442
943
836
867
-590
597
-929
-577
-94
-51
-722
-231
94
1000
-110
-52
-97
100
703
794
820
-387
662
-534
-17
567
807
-69
703
865
-57
875
-129
-919
-892
-334
688
-968
674
459
372
-146
132
289
536
955
591
919
-885
-663
-211
496
-971
-19
313
442
-136
-626
-315
311
935
312
-674
84
-590
-539
-339
635
515
-58
510
393
734
-1000
-311
-214
139
157
-955
-772
-896
-323
-394
801
280
880
614
-587
99
-910
452
-165
-847
153
-196
-202
-406
722
-949
-500
-717
-232
595
697
42
-29
-885
-755
-928
-51
-976
307
-45
-701
-371
-108
-924
419
973
-220
964
681
125
339
-726
-317
-276
-796
342
110
-755
683
-538
643
186
6
-243
-204
-710
566
-638
482
-720
396
-340
-174
-653
354
-176
603
568
-304
-890
91
474
-642
-885
1000
476
755
-222
-764
957
-615
254
762
40
297
362
94
-166
604
-474
-314
532
-449
809
52
655
639
-710
556
-166
-107
140
261
907
274
-368
-343
-97
998
281
880
-462
-143
-829
-816
-169
42
433
479
-468
700
-5
607
-451
-688
956
-140
427
581
-325
220
431
787
499
478
-248
-174
-943
358
-641
311
-129
-388
442
284
116
-449
50
541
273
-395
-114
-566
-462
180
1
365
184
-89
32
486
-190
658
703
-95
-306
421
-305
327
612
749
323
109
695
-88
-311
996
-170
-738
966
-935
-504
-949
-244
706
817
-564
879
-782
-145
-843
904
857
393
437
-436
-373
623
-90
-185
-193
-253
670
309
-570
-548
461
810
-882
-249
292
922
928
-511
903
-708
432
762
23
787
-530
576
599
504
-478
-183
-529
98
-99
72
-2
742
213
562
-113
0
473
989
737
-404
974
634
173
-262
983
-775
841
677
652
-771
275
799
870
-608
966
574
605
738
-949
-80
-739
-2
-898
-853
721
254
789
599
416
-156
-279
-898
-821
-342
-673
383
983
-105
-745
275
193
-142
846
-842
573
-543
860
-815
157
618
-807
171
796
440
-943
-589
-897
238
-36
-159
-53
-63
847
-220
760
-579
973
-898
762
-957
39
232
818
939
-529
601
-238
-644
385
710
-44
93
869
-495
960
-599
-386
173
507
-771
981
374
667
511
-830
-623
38
460
-895
743
971
557
-842
922
-600
814
314
-868
612
382
-425
-616
-272
42
722
-213
-632
308
-790
-976
690
474
79
-536
871
-651
-324
939
890
656
95
280
17
946
471
-291
-726
-703
-724
-2
325
221
-175
76
777
833
104
-447
-692
591
-391
876
286
-726
-740
-881
35
408
966
301
974
-423
-865
-609
903
-164
418
951
-133
-967
-505
-268
311
30
356
-720
702
-193
698
647
-11
909
935
-354
-385
-853
703
-905
-786
831
-322
-455
-828
241
805
505
535
804
-760
686
738
660
931
-473
-10
-357
-44
970
-209
63
213
971
-671
717
311
53
-925
403
-623
847
-665
387
650
169
387
-300
-490
-330
-572
755
629
-901
-164
446
-153
-601
394
766
-818
582
87
-930
547
766
-668
580
767
-829
-128
657
-424
-535
536
860
-34
-288
-415
450
-295
-452
578
562
960
-923
-13
-460
283
-699
-145
306
-103
597
-685
-84
346
40
1
-304
-379
211
-235
-369
573
906
-151
-907
-10
-540
21
-501
970
242
-69
-888
418
895
101
-395
584
-12
822
-373
-557
371
-452
-267
387
344
-136
-980
83
103
347
-395
-866
491
-577
-71
-136
799
181
-565
-715
-614
-473
304
-627
-382
-303
-568
-865
441
204
-469
685
-852
-998
45
-636
-393
-567
-497
-30
793
189
994
-880
-663
-864
-440
508
-260
979
-652
-22
-376
-484
433
483
-188
594
-467
-212
138
-479
613
-749
783
-471
-928
283
-780
-345
-680
-701
331
-645
-635
-244
-544
813
-36
-799
674
-709
866
-932
-773
-904
-603
-304
324
-932
524
-750
-534
-9
-768
631
-672
-189
618
841
-153
-408
783
-203
-99
-217
-653
764
-333
-266
566
-916
-444
343
215
-883
799
666
-873
900
835
-28
867
-690
-635
893
-956
557
656
-682
840
-930
91
587
-232
267
924
-218
-906
-19
-578
-912
-378
-293
704
40
-932
632
791
873
-180
-458
926
477
-241
545
-702
-546
971
244
230
574
819
-81
-161
-730
774
-808
317
486
-922
992
348
-358
-549
-858
-944
-464
-508
557
489
-846
996
-636
365
89
-142
-320
-551
595
659
-629
891
726
-465
165
408
238
774
-641
280
-636
915
-84
-968
-696
297
-894
100
-690
358
289
209
-864
-812
179
826
925
432
-677
249
-251
301
203
478
-675
-201
820
-817
-166
789
791
-688
571
-829
302
-883
849
379
-394
431
-837
-824
-358
15
-141
267
-538
-833
803
1000
662
3
995
551
491
-109
62
472
-805
443
-693
175
415
961
206
410
373
702
-626
198
-442
-749
678
-472
931
-454
294
355
966
-39
188
380
423
-682
589
-336
-744
969
816
-306
721
-132
845
-110
-556
725
467
434
-258
-214
-324
-391
-219
-15
-183
876
839
775
111
111
-834
367
834
257
856
148
187
-238
984
-839
858
-841
535
278
7
-173
467
-539
739
-914
-988
720
162
-153
763
-643
-956
346
902
1000
550
-29
-50
-673
727
743
-960
587
-817
348
106
383
-466
512
189
-60
392
-532
351
675
455
670
-890
-417
411
294
-716
314
-902
-927
548
-929
424
-609
251
627
-255
-213
-321
-879
851
-579
-323
755
874
205
-818
758
-964
-922
906
-461
-419
241
139
402
-549
-631
-981
-810
718
164
671
-412
389
410
34
-707
479
882
-393
-985
-832
-920
352
-115
858
335
-855
881
35
381
-726
564
-840
-375
14
185
-415
-106
562
-236
152
-365
817
-608
113
874
58
-243
627
-984
336
-10
629
797
874
-435
952
-176
387
967
-58
-715
353
640
-530
563
-697
844
413
-467
-453
-764
-460
42
-930
171
-48
641
-238
636
341
884
267
393
-41
586
717
-756
727
-150
-311
-668
273
-433
-878
899
-73
-678
-290
328
59
-467
667
-860
-911
500
-871
157
-495
78
688
-19
-896
541
-588
301
997
433
-298
426
-166
412
-659
585
-4
324
95
-656
767
508
38
350
369
802
-427
718
601
270
472
-946
-800
-259
-739
-614
579
568
-302
472
406
-880
-829
-651
-235
71
-871
605
-225
581
434
-741
80
-257
393
986
15
948
-667
306
-743
-533
-966
-16
375
-830
-296
6
-99
162
-837
122
-494
-776
-127
-458
-200
-728
879
136
527
800
-258
641
-547
-274
-462
438
-341
845
373
251
376
-970
-487
154
727
-110
885
341
-529
896
-32
-541
964
-859
694
247
217
672
531
160
-852
565
-621
420
769
-746
377
828
-735
-729
-298
62
770
111
40
-816
-739
-626
-355
609
681
303
786
-381
-401
485
-2
-928
-244
-78
-825
-44
114
-823
957
-200
-368
739
128
-148
936
-289
140
-154
-679
0
-805
-569
-18
908
526
-381
-166
-719
-789
771
658
459
-557
-103
-90
972
175
856
-46
-713
864
-296
116
-340
-601
-371
-777
-225
-395
-336
251
131
838
-167
10
73
-905
-359
228
-489
-120
-394
206
966
115
227
-338
11
176
-745
-793
-970
-580
-636
55
614
972
881
-135
-716
411
73
854
354
158
121
2
-532
-613
-166
-37
-870
440
911
49
-642
613
-791
-960
601
347
-79
579
-442
299
-427
898
830
-301
-52
-129
865
-310
645
157
-845
-79
83
-602
-34
874
-740
528
-726
143
799
-836
828
-939
-271
-685
625
-714
716
868
462
529
-859
-70
-333
-395
172
-726
279
498
435
146
-226
-72
604
135
355
-156
-448
-229
842
-274
-332
-411
553
-828
793
687
482
132
94
118
-569
-285
-16
708
-991
-656
561
255
151
-635
454
-263
282
800
15
-40
741
150
-891
-776
-836
439
-696
428
-319
-186
-958
889
-891
-399
524
-906
-937
454
-339
-89
-31
-536
-132
894
128
340
-925
529
-245
-353
-816
909
129
291
359
-648
432
436
295
174
769
-300
452
-551
772
657
204
-273
342
848
649
750
-185
-897
-411
-305
-515
-234
794
-814
212
550
248
-395
-787
342
-330
-236
-969
879
-849
940
-344
330
-668
222
-159
421
389
210
-499
110
-607
-42
-393
-72
-696
-822
-708
-919
500
161
-682
612
501
-846
-912
-201
608
-876
920
866
199
-1000
-514
293
-533
75
-996
-577
-465
778
265
364
-759
-553
495
-135
-882
59
923
454
-964
14
70
-491
-70
-543
636
-757
783
739
832
252
-517
-171
-345
971
-113
769
58
946
-13
452
854
628
-751
998
525
184
-789
-376
394
135
360
327
63
-894
-249
314
-375
-378
313
-705
752
189
480
713
91
472
263
-366
455
679
-812
794
432
348
-843
925
-109
462
-596
-553
536
310
780
-262
-517
220
-712
-438
-746
957
896
429
433
792
-574
-814
-227
780
-133
142
-964
254
34
121
262
962
-61
137
-606
-105
-53
856
539
-623
-966
-72
788
-591
-489
-829
415
-328
330
-189
-101
-142
-401
-438
-880
619
439
409
112
272
-608
887
-476
465
-999
929
-711
242
-50
-921
-157
447
926
-845
-394
-277
779
-733
-368
670
628
-571
836
281
-363
-443
605
797
374
-919
-100
-659
-148
-721
-385
-680
136
557
50
-514
974
-25
-184
676
-899
998
-207
12
501
-761
-855
-375
-323
636
489
-822
-285
516
-616
-46
-400
994
572
571
573
-11
-188
-659
822
-405
610
-694
-647
887
-767
-363
-359
-347
-110
-684
589
545
318
678
-456
-508
-968
855
909
-609
157
264
337
-452
-381
358
369
-575
333
-865
-790
-597
751
486
922
-502
886
302
-769
-719
-166
-891
-967
269
988
758
-491
-476
-96
911
-600
900
48
150
-938
281
41
-238
237
-943
-216
99
-774
-34
-918
178
-42
-161
515
-858
-460
216
-804
-287
-459
-88
-373
424
-765
875
354
613
372
990
155
434
760
-157
-685
-390
-559
388
-120
501
663
-244
-143
-615
-342
969
-880
638
669
-179
-42
-795
408
-823
-605
-131
47
397
-736
-646
-709
397
245
727
-809
58
-701
506
-140
-482
-329
-646
484
412
908
-917
-841
916
-816
-977
503
-813
16
-623
918
579
340
-700
-664
994
-596
77
71
-125
197
-429
101
-644
65
-917
-595
574
570
-154
750
-385
520
-370
495
-756
-957
142
-891
-329
355
470
560
992
690
811
-934
-308
-994
-443
-416
-645
-18
715
-819
310
892
-847
-139
-840
349
319
807
-327
146
446
931
150
-725
-619
-415
-474
-405
-455
-97
303
-260
683
745
706
-78
-257
-292
691
723
-822
-834
876
-917
843
134
252
638
-981
-422
522
765
-245
474
199
386
-695
23
-226
574
-853
-192
848
878
-118
81
-718
334
-661
-767
863
-488
-38
-540
339
-789
855
577
-304
618
989
718
-245
75
-632
-776
-534
-851
-141
-395
-734
-856
690
440
-856
-612
951
-366
-268
-80
861
-920
-81
887
-579
563
-768
-490
43
-673
917
362
-617
173
-8
690
516
201
-208
13
-826
915
950
731
-392
-183
-479
420
-620
-797
-85
559
-891
-928
-652
-409
-480
986
892
-957
754
798
814
189
235
870
-749
-969
-70
366
225
-322
-158
176
-681
-244
-434
-859
-770
-617
-336
-295
-722
126
716
-428
-854
-74
-348
164
577
301
96
313
-339
-876
204
111
-723
382
-798
-945
885
-276
872
243
576
-452
744
541
-867
-821
540
584
-885
-328
-457
-384
344
906
-707
-697
13
329
-184
626
717
-283
15
182
-232
92
-149
-61
-862
-671
-788
-276
-158
-918
600
-518
782
84
721
-25
307
-889
270
495
-335
514
382
307
505
790
-936
-915
244
-209
61
417
-986
922
568
83
590
-237
632
92
664
55
-810
130
-371
-344
516
215
-5
274
396
-461
188
-75
936
-324
823
-653
512
-88
-659
618
-720
-467
395
891
299
-199
742
107
-194
-979
-379
-796
-863
-913
798
-997
354
-238
-303
677
533
-422
57
-319
338
-892
774
-396
-559
940
-391
-437
-960
-439
751
-20
938
-501
39
-639
241
-554
-222
914
737
683
651
-380
-860
469
160
641
289
-579
855
907
706
637
760
566
-810
835
-1000
-660
-602
-114
445
643
-63
-283
-235
-681
688
597
-931
7
779
560
-185
-334
371
-973
924
-577
983
-644
506
653
483
875
-365
-297
-198
295
-580
-469
164
537
399
43
-280
-11
-638
-562
-990
405
-397
381
-412
-795
287
192
-787
540
-299
-541
938
659
135
866
-843
381
-349
261
-867
-72
580
-421
584
409
444
928
-751
786
667
829
229
811
22
-324
-646
-463
-161
926
-357
-530
443
563
516
-484
-467
370
-357
259
477
-396
-43
-116
257
-45
156
-247
214
-238
-338
423
651
168
-695
403
-965
-963
-356
-436
-855
-478
-487
-759
-107
-880
179
-696
98
839
376
932
-434
-788
-912
-656
347
787
813
-427
-986
149
318
-509
957
82
747
801
-304
453
893
460
797
712
419
903
418
-127
-751
-153
410
26
581
-715
996
802
-770
606
-60
-824
624
70
-300
-442
-173
-864
56
92
165
-323
-507
39
-560
-757
-942
48
-119
971
-4
190
-463
-83
-324
-289
194
837
236
-272
299
-175
714
618
-553
81
-380
-645
99
31
-952
-33
192
-280
-387
620
-675
895
423
505
-657
-287
-260
-190
-52
806
-726
-770
301
260
383
-709
-875
212
584
991
131
-813
210
465
-247
638
-2
-377
780
642
56
332
680
59
509
424
-406
444
99
852
4
508
-464
-919
356
-214
734
-491
119
-248
-180
317
267
-19
-191
94
-316
684
-595
560
611
-949
112
-119
235
435
206
114
730
-252
-520
33
301
-910
-109
-772
-585
-66
-850
-92
784
-350
-175
883
-757
343
-726
59
911
-258
-347
-531
-101
-289
508
232
-634
-797
-285
-452
-461
-202
741
491
611
-419
-4
-31
427
-515
-467
-946
-676
-636
11
621
974
937
434
16
381
175
-971
-872
266
546
414
-489
-359
851
219
22
-559
2
-646
-386
-276
288
489
-635
-955
-274
497
-989
-627
-681
498
229
-995
-814
289
-564
284
-200
791
731
675
-88
405
-870
797
354
-951
-194
222
-49
-640
-295
-903
-941
-434
-348
832
-661
945
-125
-381
-802
315
699
384
-672
-157
193
745
264
-117
-471
416
455
-296
357
523
-195
-443
196
-740
-480
702
-11
801
11
551
-307
-985
914
-192
-986
110
-226
-781
768
-445
30
944
116
-344
915
88
-471
-499
-327
-310
881
606
-488
1
-528
738
-745
-165
871
704
-914
-267
341
531
929
947
110
130
160
160
-290
-182
958
319
-284
-841
830
-109
-195
-524
113
-106
-965
-787
271
-540
431
790
-24
496
225
82
-826
-514
-207
366
-73
-33
654
-121
-690
-741
-963
-723
-239
-138
232
807
624
-464
-45
-245
9
210
-474
-53
-785
351
-732
-523
133
-353
29
-756
911
-295
708
-9
-67
-514
387
253
272
-5
887
675
-315
-371
-707
-223
219
-789
-337
-363
893
-358
-34
768
-21
949
395
-835
88
116
-204
361
857
-409
839
-754
460
-181
207
99
233
-411
314
97
-101
-1
275
-848
990
-911
577
159
464
372
-272
224
-978
283
714
831
536
-138
565
-192
-410
-734
36
596
-178
264
709
-466
166
-450
457
-737
-117
248
503
-678
934
-620
-240
258
190
-807
-371
-728
-904
-793
741
-693
-634
-422
736
788
-417
262
-228
-993
-42
649
-853
742
132
-119
-58
892
779
753
777
-868
-690
208
636
-262
835
42
-851
928
-635
-331
-526
312
197
720
-903
442
-102
6
258
71
-774
-514
-312
241
-347
-633
331
916
503
824
-257
-873
140
479
474
-58
626
620
504
566
579
-974
-814
555
339
463
655
686
-580
821
-914
-893
535
924
-842
282
-927
-553
852
-610
-809
-77
-14
-883
529
-942
-534
132
10
-727
676
654
-120
-46
874
-437
-573
577
-648
986
-109
-800
330
807
132
551
810
246
516
-255
-785
780
-445
18
946
-894
992
30
-265
864
39
-899
-377
-633
991
-978
-897
-433
-903
-57
-625
-317
-530
469
-471
225
-407
735
49
-796
-48
-216
-867
-598
-417
621
-365
-846
-779
-910
122
-234
712
894
-353
770
811
330
-347
-350
-400
740
839
702
535
129
344
-770
-617
-34
275
639
273
-380
278
286
994
357
-961
-608
283
-912
-450
-879
-481
-725
-224
-883
900
357
58
738
416
-349
-369
-8
-648
-406
-108
213
20
-443
-422
-616
397
-505
-896
304
568
-865
644
1000
-981
-415
844
822
-219
-213
164
-76
-800
-125
-793
-448
-887
16
373
462
-885
177
-803
446
639
-743
-751
494
373
-989
-833
133
-551
696
355
-906
102
-909
368
-786
239
76
-339
74
-479
344
890
4
564
861
-615
715
280
265
165
191
522
324
977
-63
-271
678
-891
839
121
445
-183
-787
-478
542
51
469
279
602
205
-214
793
955
900
-720
866
475
-748
-423
670
-671
690
-71
502
748
-728
666
-162
438
843
-772
758
-692
503
201
469
16
317
565
-602
-794
755
-862
-923
657
-432
-400
-542
861
970
-249
169
421
885
-956
301
-258
535
-315
-209
-444
-225
593
-589
-596
484
615
662
-527
66
-277
708
989
-941
273
326
298
-659
-917
-505
201
-905
538
206
998
26
797
-520
-125
-583
688
791
517
-219
-501
645
-874
-624
608
491
934
-133
-474
-500
-749
-807
849
-755
654
-982
-496
3
-612
-224
-214
806
550
881
786
675
469
514
241
614
-513
-601
-536
-825
-401
279
-951
727
-288
-998
-838
439
264
-303
10
757
-523
-380
-667
-190
-999
350
562
23
-547
918
346
-237
-502
-95
810
871
-825
-695
-840
524
-535
274
-493
733
2
182
-72
453
-854
104
732
987
154
30
996
542
-720
370
-732
568
-490
-652
-193
-246
569
579
-918
916
402
-558
364
-105
775
-723
-879
-151
56
-747
339
776
129
157
925
182
8
-949
-614
-442
386
-529
-846
485
-97
-710
-624
728
-820
-147
-492
763
62
491
823
315
-880
338
636
-465
-371
357
403
-138
924
-714
950
-557
260
-286
336
-368
892
-557
524
-850
624
-971
-667
722
851
439
38
-935
-913
-112
55
-880
266
751
323
-100
-846
-524
-52
-471
-488
-149
-773
388
-169
-905
450
179
426
983
-542
-140
-372
-292
-170
-825
-388
880
442
-117
-845
393
-580
-726
-864
319
674
473
-322
352
318
-281
912
599
-941
435
587
509
795
-590
891
662
-254
789
-159
-121
-298
873
-886
411
-59
930
-627
171
-742
-839
-176
-763
-287
514
573
950
-547
-26
-459
-328
997
-690
-244
-886
588
406
651
-974
-543
-842
-405
-287
761
697
-72
-829
-713
458
-280
720
914
-333
615
289
-607
779
-2
-427
-629
-244
-84
-207
227
558
-786
-444
858
-151
698
894
-305
503
-525
-469
-241
-402
144
244
-250
703
904
997
-172
-357
518
-673
-624
-472
-235
-62
-731
-388
879
163
-145
232
-80
269
698
-700
-619
670
-65
-357
209
686
-702
-13
129
-32
674
-463
136
-313
422
192
-189
615
796
753
-780
464
-914
43
911
-243
-370
718
110
503
277
847
-724
-630
-267
-761
-606
530
-988
-874
-702
-479
-102
-833
-432
-800
-195
352
-319
-667
703
899
-198
-508
-531
-974
-141
-752
-494
-462
105
-150
824
-541
725
-130
417
902
409
-595
-68
302
-102
-95
-696
-415
789
584
973
-574
-850
857
548
-508
-473
391
758
-655
-947
-87
451
928
-807
-432
-824
-665
828
360
886
583
-72
-700
-15
-809
-237
445
-501
327
337
-529
40
-376
929
769
-827
682
401
360
648
-105
-821
-847
-460
-933
617
-388
-663
-541
-849
-335
-594
-45
901
877
720
661
-62
428
-828
-381
-552
-988
-909
-717
431
736
650
513
-577
574
-926
-922
-37
878
341
-198
-115
-382
-448
504
-589
141
839
38
-522
420
-589
-140
890
576
674
-4
224
253
-532
-569
236
491
806
-478
816
32
-658
144
-543
895
998
720
-512
-884
31
-944
674
-352
-213
83
-524
-698
-278
-404
-7
-546
-248
-298
79
-966
-350
145
894
-612
461
732
-244
-573
773
-968
-548
-540
-270
42
899
-470
12
758
783
-160
-175
-724
21
-933
439
-18
-667
126
-289
-823
626
562
463
444
-690
-70
771
396
-219
415
-281
39
-771
-840
-928
215
757
-375
-500
588
-895
392
-876
-376
-550
-687
944
-797
650
573
51
404
-121
-789
-187
-494
-362
634
-924
825
-912
-255
-660
899
423
475
596
724
-553
355
972
949
700
-38
-274
-579
-198
231
406
577
-782
-724
115
182
-695
-702
-194
624
-653
-382
60
519
360
-398
596
174
29
716
754
-62
-794
387
77
-251
-805
-729
783
404
224
-780
290
-578
693
-438
464
217
541
879
377
-961
-969
-359
-660
-903
991
-404
-983
676
-4
340
-533
613
-207
-515
-304
-110
-238
-715
-498
-582
841
32
13
-630
697
433
-943
-486
-477
-561
-31
-655
-156
188
75
-377
-598
530
-111
234
219
975
-444
-91
-406
-350
-906
-124
-83
-856
633
315
-768
-161
-398
-637
-376
-262
-345
-698
462
-885
-473
-606
-22
293
-175
-467
-687
713
-750
-951
24
-10
-765
-262
-981
83
-45
-958
903
-482
-923
316
756
-734
-646
-623
37
823
-360
69
-59
-802
-580
257
-870
967
593
-356
-331
132
833
784
808
-336
-222
-955
-709
-974
576
-723
548
-643
-333
-563
-272
19
770
-627
-180
-516
2
-762
99
-522
-17
-270
-760
-477
-578
377
-245
613
-16
-232
577
383
-995
-788
-796
201
-543
-285
-333
816
-221
-99
363
-17
-532
-173
-304
702
22
-381
-110
-788
-237
646
-875
-251
24
-986
230
185
-472
287
954
695
-324
911
872
-3
-583
-712
-566
-500
183
525
935
409
439
-699
631
371
546
-550
850
-847
-968
-383
156
-550
183
701
608
121
290
-477
718
-50
29
577
811
917
-273
801
-978
236
391
-224
94
580
-122
-6
-104
875
-249
14
922
-945
461
-146
-722
-642
-976
23
-467
-695
-109
-650
-334
-55
-414
339
-118
389
959
475
139
982
-913
-529
-963
351
148
-557
181
763
-509
-97
-19
230
-718
-718
887
901
-123
543
678
-262
102
792
402
899
-622
-394
478
-418
-240
846
-452
-562
549
-193
799
-256
-392
-499
857
-156
-651
145
752
-405
482
-336
-290
-401
-558
834
623
881
299
791
878
333
75
-162
-261
891
-935
-130
-56
-879
36
556
801
-244
103
-945
699
-878
-819
-842
504
803
-466
106
299
49
479
-551
407
368
-72
-247
836
102
292
579
-424
-774
558
978
-931
-503
-902
-665
404
400
-34
-644
-374
509
-278
-103
-144
782
-44
327
-220
744
-850
122
161
-839
500
-92
-186
-473
-237
-451
-385
-210
430
-468
641
856
-979
751
-301
876
716
-78
-123
862
-402
-809
-50
-329
971
694
322
837
681
-736
238
-986
646
690
-133
257
57
410
931
110
480
-768
278
510
909
-777
-927
-185
-561
978
-865
-110
-868
229
423
-742
-850
-642
9
-517
-493
-384
-868
-98
-239
47
-959
-200
957
-848
719
327
409
-487
387
332
-954
427
447
-76
986
783
312
52
839
781
593
-465
-401
-774
-458
-157
-895
450
317
695
-874
707
350
-426
365
-501
67
-854
969
273
763
864
-150
-946
893
574
593
107
-14
390
380
826
-724
377
-113
-584
-800
101
-277
462
85
-688
331
-462
-814
-180
-164
-242
484
904
878
570
-145
740
-53
450
-843
905
-712
909
456
115
733
-814
196
647
318
492
846
-291
-418
209
655
-686
701
787
119
-961
141
-656
-464
-881
-821
327
-705
442
361
824
-704
786
600
-510
651
-238
-667
75
767
355
-785
205
948
169
-772
33
740
237
255
-443
-532
-418
-338
-510
556
-439
-393
156
13
-438
364
-932
-698
511
614
460
658
807
742
-407
-134
826
-989
966
74
784
239
667
-772
-868
258
-690
826
-394
181
158
530
15
-708
-260
-335
-389
-437
-630
-830
-804
-699
-105
255
578
122
549
896
-581
66
294
869
857
253
-837
386
-924
-500
977
-713
-889
937
408
51
-241
-628
132
24
-515
44
-937
554
-407
15
-27
709
389
893
776
-657
-408
-680
471
750
434
-431
-244
111
-420
-210
-524
-552
114
572
561
-45
-834
134
-645
866
-677
-586
-845
703
554
749
-781
-286
-90
-956
972
694
999
976
936
48
-975
-974
159
-602
129
142
-609
-325
450
979
803
627
936
856
-159
-102
303
-747
175
-515
-189
302
-919
-215
377
-47
-96
331
-539
-64
-710
-414
903
-963
172
457
-628
-556
914
940
699
-236
-930
263
-768
558
148
720
-651
622
-305
-453
-399
505
547
-974
583
-628
972
751
-765
979
944
-349
-621
-859
-482
533
-621
-51
-202
-803
-460
401
-703
-583
918
771
-779
-509
580
476
-150
397
285
458
206
-976
659
165
-774
885
186
609
763
144
154
59
785
496
-769
134
241
-115
-755
-542
944
487
-567
-92
-578
473
517
-57
6
461
-663
-114
-419
-275
779
739
528
-311
-687
-608
-626
-77
-910
391
-379
-855
-709
-139
-173
266
-182
-617
-835
879
841
378
682
967
-171
-680
81
747
-518
-520
245
228
-429
206
732
-892
-686
-708
-191
-785
30
-70
952
-771
979
-229
539
-636
692
-150
50
-36
-313
-883
-134
-790
-379
-711
-287
-371
-541
116
634
-6
381
-415
667
436
136
-689
858
-302
-417
-599
-595
-22
714
695
-270
-921
721
336
-816
-655
-288
412
-263
-940
913
-469
700
701
336
713
0
24
-775
964
393
-900
-577
858
-133
-718
979
-579
529
133
-481
337
982
168
588
-79
632
323
-407
-148
-999
627
-140
659
-827
600
781
-551
79
217
627
-376
167
-987
129
732
-715
146
-892
601
980
710
81
292
-156
-662
528
-197
356
872
-932
528
455
-348
347
992
283
-456
-846
723
-151
-755
312
-995
318
-386
-620
-406
2
61
336
518
32
-1
-27
788
89
-878
-889
841
-858
315
238
-142
960
-950
868
158
762
-503
-933
768
862
-337
268
-286
531
-928
409
444
521
-604
508
-421
-219
967
523
575
-837
-269
9
-947
341
410
455
-784
721
-581
-634
-398
793
326
879
337
-746
757
-915
-937
-428
-841
16
944
-123
-74
317
-64
863
773
316
102
-815
82
-81
280
97
518
589
-393
651
-878
-297
-269
519
-916
333
573
354
-31
429
409
144
-307
-885
-14
-705
-51
211
-371
-736
600
-544
-105
489
-685
-845
-285
809
-475
-895
-785
979
-851
688
-145
-796
787
93
-827
820
467
-202
455
599
-405
450
-954
157
713
994
-875
-760
252
-619
865
520
889
-172
838
955
988
-227
-707
413
-916
995
-848
-793
-693
-557
-672
-228
-346
-284
-664
-335
-350
314
-963
948
234
-352
385
202
348
-190
-306
-612
267
-384
-381
-327
-58
-471
-918
-459
-685
17
-470
783
877
-808
141
166
760
-369
267
453
405
-728
610
214
-843
-467
-609
-531
695
-323
394
-434
806
-255
878
534
-366
868
-391
-838
698
-570
-180
882
602
-316
-457
-188
-727
639
214
-185
-195
-271
446
667
-884
320
858
-922
-657
686
506
-529
68
-212
476
-923
945
-691
630
416
485
909
-670
-392
869
544
144
-310
-839
945
348
17
572
-121
-924
936
400
-174
598
246
252
-597
-76
536
-143
-68
700
562
995
-46
765
949
456
-860
319
831
-123
-992
-513
-25
456
224
351
-933
-960
-697
-44
109
889
-766
-674
139
488
-970
306
965
116
626
-388
-897
133
-407
-184
722
-290
-79
-464
-816
426
-930
-28
316
-581
-192
615
567
-368
261
-137
-655
885
-481
-392
576
247
-360
132
956
363
118
-237
-33
457
-158
3
549
944
243
-794
-529
-600
-800
-539
-761
-291
593
-473
808
382
-146
691
-889
677
872
31
-788
315
-569
993
62
60
-171
-537
-297
-995
-50
234
-804
264
156
-834
631
423
267
-549
702
-690
-513
687
-588
714
-761
-523
-46
-11
964
-345
64
126
-410
92
541
587
716
-773
-935
-104
63
543
145
381
-346
-730
794
-998
-591
-409
355
904
735
-773
-289
-961
610
151
-800
340
-318
-659
-945
-370
-435
56
-201
942
-317
343
777
678
-581
-795
-481
-728
-768
611
58
-422
374
109
-573
773
-94
431
579
300
-977
-440
54
874
-804
-733
409
250
106
782
-266
665
-390
235
983
216
201
-748
-981
890
638
384
-443
226
44
630
47
883
-175
-641
503
987
-132
-551
261
-325
44
427
-795
-336
805
367
-991
117
-165
422
542
223
-399
64
775
-80
114
-637
-660
836
391
579
762
-948
-807
457
720
539
-927
341
126
-470
-50
701
-833
-925
-737
708
-845
-363
319
560
-957
860
769
404
363
-976
904
-253
-66
-118
-321
728
-360
839
20
-557
-864
94
917
-617
65
450
382
52
-372
509
-263
940
296
-169
265
256
-663
973
87
-833
67
821
-235
918
-663
201
-669
-888
-767
-213
194
457
657
-545
638
-501
666
956
713
794
784
-556
-651
-554
-563
-934
-670
-947
23
572
-192
-463
-758
-817
-71
-523
-436
111
301
415
963
448
-122
588
791
584
-623
-854
-956
145
661
410
-605
-429
211
-957
-221
-872
15
634
269
-584
-491
-876
712
-506
270
76
-83
239
584
297
-803
651
920
915
-713
-415
58
-556
41
480
717
-165
930
-794
635
746
-732
-810
446
347
895
-865
-615
831
935
847
-923
-719
144
9
-123
850
-305
119
282
-882
-825
-898
-626
-707
-78
-878
982
453
-671
-30
-490
677
273
616
673
-343
-831
-872
-49
-397
-332
421
1000
-665
-105
134
-748
194
-996
-810
-950
-139
915
597
-193
977
403
-360
-927
-339
620
627
-147
-627
641
-700
-506
948
459
-349
-461
-136
532
-992
378
228
-526
-879
464
201
-258
-329
113
423
-855
857
-555
-782
-155
495
417
-654
71
-178
8
322
166
323
-241
720
-994
940
-619
-941
-331
987
-80
683
-33
-846
-285
391
888
-498
-111
-987
-107
-327
690
312
-843
-763
894
-773
332
698
-235
393
547
-284
127
-738
-451
749
-319
-982
-215
832
-344
-475
522
638
-469
676
408
423
-887
490
-595
895
-897
428
29
406
508
-542
844
388
-205
-380
-820
540
-638
259
-319
-726
160
240
726
28
811
977
-632
-148
917
-88
675
894
992
386
-464
316
423
-400
292
980
80
82
668
-103
-709
579
-121
-407
-796
-766
-610
-974
-597
-937
75
-863
527
-6
-283
-450
-944
592
-955
-794
-275
-864
-441
-474
172
967
-335
449
537
593
638
-727
72
167
-404
316
-735
-593
-308
-44
909
635
-476
133
-751
436
882
655
-938
976
572
900
-494
345
-478
-67
-87
269
-159
-42
236
-493
-36
-511
-574
705
562
-880
-448
-81
-799
20
-952
-158
-864
175
456
314
-705
234
732
18
-160
-36
-260
-421
283
940
-521
-579
273
781
-652
-621
367
-247
-90
-665
-843
-733
-428
-538
2
854
-669
911
793
-202
-841
480
-194
-412
-726
890
-340
-200
115
967
301
798
725
740
193
18
-763
-903
-26
-988
-762
-366
-783
-665
-459
-614
147
887
-404
987
-55
-41
811
-140
-230
-367
-978
-542
737
283
303
425
954
-258
-163
-41
703
947
-679
-880
262
965
-499
191
-410
-899
655
457
280
-755
-580
-730
-504
-772
-312
250
-990
-196
879
364
647
-547
-756
-828
-117
483
-776
786
559
386
-628
107
-839
527
981
343
323
271
-470
-974
-212
576
291
-34
-678
-726
-478
-950
-584
-171
-999
146
-413
-488
-163
-254
315
-131
338
87
-45
470
-863
836
-130
35
608
790
688
430
547
-19
645
-466
-717
-719
-850
598
996
-301
635
-444
596
411
105
-860
-25
965
681
-253
-928
2
-966
856
-585
-503
632
197
-32
287
-409
-520
-499
43
-527
531
-730
474
-860
-436
330
-952
533
-420
216
281
-339
-580
459
-517
-953
42
-267
-251
726
451
-448
99
295
-536
353
34
-850
-537
-572
989
-416
-431
45
-533
187
20
485
814
-254
130
-198
-426
440
-455
-602
500
330
-993
-77
357
168
400
413
-782
-581
-394
-78
-647
-998
941
-365
-887
469
-657
277
-65
-835
-565
256
-339
933
-584
503
-50
-441
-96
417
197
212
-696
233
-203
692
-540
350
-8
-500
85
-275
338
-307
118
-747
-340
300
-621
987
539
192
-681
699
522
487
341
976
-601
949
777
-93
80
-89
-909
464
-588
390
-661
518
577
816
-410
443
947
-183
-138
-345
684
-151
520
504
526
-544
64
-206
-306
-667
-703
606
488
252
157
-839
690
-247
-68
592
-975
478
-461
678
-740
156
-329
-280
167
-926
35
-257
452
177
55
-643
926
905
-576
514
523
-975
692
-604
773
-150
47
-41
-317
770
-961
-894
684
-230
730
-265
385
438
520
278
749
-213
-613
936
-744
811
46
-113
557
556
-196
771
353
21
93
-76
20
6
-715
27
296
778
879
171
-127
242
-798
436
-434
62
885
-133
642
-804
-988
-530
371
-742
-146
102
538
-322
-951
-607
883
762
-153
-298
-222
-865
-547
-317
-764
8
-570
277
-444
59
-435
-383
-912
-939
828
989
-545
856
-823
524
375
878
-949
-467
697
-915
734
308
877
-258
504
275
-507
727
68
965
143
-67
-612
-497
405
925
-492
335
88
773
920
-894
73
878
745
695
897
-853
-233
60
862
-442
504
20
-637
125
-962
379
-648
-666
-323
896
-592
-587
-699
702
-988
951
-80
433
-39
610
13
-309
-545
-936
649
764
-858
-766
458
-977
-916
-350
83
451
592
24
556
-147
425
847
-842
-540
-170
-897
-979
623
-493
247
-878
780
-934
182
-452
619
-16
798
788
661
-599
-555
-205
918
-748
570
-824
-593
986
-470
-720
-652
491
641
134
653
353
671
349
-746
202
-228
-679
118
-587
818
-923
174
234
-427
352
148
649
-591
-407
116
169
829
406
-695
-402
800
-100
-778
304
-478
83
-162
623
-284
-704
-291
614
-452
360
562
-589
-816
-933
44
205
119
-739
-643
696
-716
-233
60
788
326
877
418
878
-664
919
-155
-139
-85
-6
-37
-291
-392
-809
552
-303
431
-728
922
-524
-252
749
260
-883
-331
-138
-543
-19
980
784
952
-841
-787
591
-620
500
831
-680
46
768
64
-252
-416
333
105
-776
297
-139
895
-50
-542
-587
649
-90
-930
-187
-768
-775
564
-940
194
600
555
387
380
-536
-985
-839
429
277
231
-310
240
172
-150
695
936
-84
382
859
112
-595
-371
616
-449
-437
913
-530
643
231
453
883
-511
-401
734
-403
-420
338
403
590
-596
-264
-293
299
-260
695
199
-716
-419
-342
-498
-626
-197
-458
467
-669
466
-596
145
-973
-616
928
-66
-507
291
-605
-373
812
-373
-617
294
771
87
674
715
-576
-505
-886
47
-11
260
742
800
134
-811
-655
391
-787
120
-264
-739
280
-529
-170
637
606
-952
500
-288
-213
945
-601
-957
-102
-588
774
-850
-575
452
763
-693
-676
350
77
444
221
-637
767
-690
-745
40
-534
-821
785
471
-439
-740
-167
-440
743
-122
-50
-770
835
-989
-776
963
435
132
245
-43
-963
525
-811
-116
69
-511
-937
618
429
-501
736
-166
-500
537
159
537
-347
-446
179
-189
123
864
400
522
927
245
63
-418
272
833
212
83
523
-181
-109
-732
116
-300
308
-334
-194
52
-49
866
870
-65
106
40
677
-408
-76
247
443
261
-185
938
-693
10
481
-837
429
339
102
-775
532
-891
-721
779
-566
865
-624
789
-382
-518
-40
295
199
158
934
-307
348
549
253
-330
-665
550
-64
-150
-936
-892
320
323
269
234
-555
320
-279
-37
288
182
-250
631
-887
-778
-847
-472
531
126
-606
-216
-248
-544
544
-462
200
-15
-906
-756
-775
-657
530
588
-950
-151
165
737
703
883
-397
728
405
22
679
371
-996
27
-38
402
-68
-44
-978
434
-858
-747
-292
-132
689
-178
569
504
-467
-304
983
135
-141
343
422
785
-386
439
729
-743
152
-378
915
-749
151
-355
-814
932
-443
117
-903
-493
246
-344
-798
-211
825
287
-55
-413
660
-60
838
-86
-209
-542
-623
-730
-847
-948
212
-137
615
-702
-922
375
610
-638
-808
-890
-825
-878
243
-49
267
-609
674
793
893
-597
-428
-170
-402
368
-935
386
542
-271
850
-957
435
251
-88
-361
-838
-397
-420
972
44
447
-399
603
226
-596
125
854
962
-91
384
96
163
206
606
49
-94
901
-699
410
35
447
496
-88
-99
150
650
-606
157
-127
924
-824
-51
-449
699
802
30
685
819
-852
801
-808
324
-803
-74
619
-824
23
133
551
-316
-83
-777
-183
-684
14
-466
666
-402
908
180
-53
-177
-637
-147
864
549
874
-711
897
-368
-828
133
-769
268
-416
-896
-625
-159
292
278
-419
-728
156
294
-990
-771
-565
342
-221
479
-911
451
-954
-800
-71
-685
-37
-248
900
439
440
-446
125
780
654
-854
327
313
196
-577
332
856
-163
-404
-753
539
9
-782
131
-724
-500
218
386
-406
-962
731
262
-296
156
-411
9
552
40
241
631
157
-306
248
-376
673
-645
-596
-43
805
945
735
664
607
-116
-843
-631
-121
549
283
-644
-795
658
-101
-679
-65
-220
-598
146
-961
-727
285
-30
526
-672
474
-549
-592
-34
756
319
-223
706
6
-365
-698
412
185
760
-27
-734
733
814
21
-639
58
-936
547
266
-908
-771
-41
322
-327
13
971
997
-361
651
354
-883
-272
-165
-668
-346
170
353
448
959
-891
-164
78
230
151
-419
910
-327
29
778
335
-735
-284
789
300
-706
-844
-89
-199
-746
-76
595
-598
463
917
719
-502
-582
-374
566
396
908
191
964
944
-522
615
-927
333
-383
-286
-56
-770
778
-985
-348
127
865
-17
-446
423
-711
809
228
-222
-354
507
589
187
809
-199
363
-464
-911
762
615
380
722
602
695
-201
-135
117
554
-432
690
-513
-75
326
-865
549
-341
-929
-344
887
-613
330
47
717
422
423
-495
54
255
-576
48
-386
736
-639
251
-225
-667
-941
304
675
491
180
767
-329
300
199
-747
462
803
913
-903
99
329
-458
13
238
255
451
-197
-857
-736
-198
-637
406
-936
876
-779
723
-757
-381
-872
-313
32
-613
826
-723
-91
368
-270
607
219
-828
776
525
8
-420
284
354
-402
-297
-765
-995
978
821
534
269
-279
437
-325
877
-10
683
-37
-775
-582
-685
-592
-926
53
-27
-539
-259
735
-414
976
-770
828
165
-206
357
482
-975
-559
470
717
889
982
322
50
479
-812
-792
-569
72
64
-798
-265
122
-293
-31
880
993
-17
366
-799
675
648
-794
-789
769
-803
-430
-335
540
444
475
765
-26
-108
703
-647
25
-19
442
-57
756
-170
-670
-756
-329
-322
731
71
-86
775
902
-358
-830
-627
873
809
-550
234
633
825
-423
780
-179
-184
-926
-47
-10
-120
-640
-960
727
-959
-7
-576
999
-232
201
822
-39
-512
-186
131
253
807
-916
55
349
84
-858
-660
-126
-557
-318
-393
-643
973
-533
-797
-539
-773
-164
-228
807
-32
-102
-234
489
-810
190
-62
507
-286
892
-614
-611
123
-355
609
-729
168
818
-636
52
-324
-57
-238
383
720
5
663
669
656
-296
791
-876
-889
-861
-515
-183
-958
732
820
-516
537
-857
250
742
-325
-16
-452
-947
-828
-352
-34
741
-240
903
77
-992
-944
739
595
-338
-97
-982
349
984
-242
172
-625
-310
386
283
-355
-1
-132
-665
123
509
-304
419
665
-460
452
614
196
99
917
229
948
341
936
-209
-619
-205
-922
-163
309
378
801
481
-55
452
-174
102
948
-537
718
-134
-578
67
-607
429
-249
296
351
-578
476
727
-188
112
-506
-171
129
292
-840
-626
696
-666
776
-168
-685
130
-590
784
-962
-642
-224
-751
-250
-293
-16
-790
59
320
-118
-979
532
-757
-710
-437
-315
185
131
-869
14
-947
798
362
-105
-662
-462
317
-373
-314
-942
813
60
-842
-887
946
152
523
576
-58
572
458
925
-360
-145
60
483
168
682
-649
624
88
908
242
156
-332
823
-675
-291
609
914
-582
163
-877
-509
-133
-926
572
176
-824
434
-462
833
19
18
-568
582
813
223
395
-739
945
314
992
189
622
802
933
-296
147
166
359
-216
482
-852
-586
-784
807
-507
630
-478
-800
876
-115
-841
-720
-521
-782
-29
-979
929
536
413
591
100
-594
500
291
238
-905
-980
449
703
-456
657
-900
433
279
366
825
827
634
-341
46
-466
-314
605
632
530
-600
-161
976
768
-99
290
74
-271
816
-396
-391
1000
388
914
527
279
-727
18
292
455
-909
129
-892
-150
-289
-1
-922
320
77
-264
-717
867
93
43
-30
853
75
817
874
-10
667
935
872
224
-584
375
-253
-758
-846
34
-326
792
-530
-122
-803
688
780
-308
-346
-484
779
846
-950
-19
-87
319
-688
368
-62
-247
-438
413
-971
-844
489
931
-360
-370
285
-506
40
856
148
-795
-704
939
-794
732
-798
-543
181
227
-617
958
-953
-101
231
-449
-740
269
945
-51
626
241
327
-917
-602
-497
-464
633
-933
-333
-286
199
911
-107
782
293
957
866
436
378
791
-432
385
-382
-518
-681
838
-755
-100
824
796
363
-81
-129
947
711
-937
-288
-231
-206
562
-425
-579
-802
90
884
-302
-890
-5
-660
448
442
-436
113
416
-116
-968
-808
-691
-615
148
-225
135
811
663
79
-118
-947
338
762
629
572
-194
795
585
36
943
-328
-270
706
483
-916
-451
503
555
142
-16
-794
-823
126
360
-861
-818
-362
-808
62
92
424
-731
935
-869
-311
517
-854
804
-327
469
818
-205
169
878
201
111
938
-311
168
244
-625
188
620
-602
513
-802
-886
784
-201
208
-986
400
612
740
-676
-592
236
-543
-92
584
-769
544
-504
-655
-952
889
-862
322
-963
175
230
638
-731
-327
897
880
-435
-135
-291
760
627
-951
-410
-234
-235
-405
641
679
796
-57
-548
364
-503
470
60
-586
792
-462
837
457
-923
219
244
875
-14
-1
-504
657
411
937
444
-837
277
114
672
71
736
-929
564
-632
114
839
-440
-56
198
799
681
-868
269
697
-621
603
178
208
966
-384
-192
418
286
-388
609
-719
234
808
-311
667
797
211
132
-715
-732
692
-486
883
843
6
17
-921
-732
296
-496
-692
553
-944
-969
428
910
925
310
-471
-656
-581
-606
-680
237
-814
-257
379
104
-432
-61
557
845
438
75
-775
704
437
697
872
36
889
-382
77
-83
-302
199
839
831
-727
-914
43
-211
-57
890
16
-37
729
430
-354
853
-531
-58
-918
-308
-629
-656
-924
-681
-520
-700
596
-771
674
373
988
882
-903
-203
-300
933
-622
-74
-460
625
-123
600
-736
-769
-131
270
323
90
407
452
-938
550
-962
508
266
195
67
282
-972
-517
-545
-882
303
-331
470
8
-291
994
866
554
513
-693
-560
-117
-125
-991
-758
940
-391
-227
946
-457
255
649
-548
-984
-315
-8
-61
-496
950
-390
968
138
-854
771
-253
-134
-331
774
367
623
663
682
579
796
-385
860
-391
782
-976
-13
-539
40
288
351
-847
-149
-412
-237
-350
-790
-371
346
-58
532
910
756
942
-359
736
685
956
-406
-563
569
337
-967
299
-64
111
736
-649
110
-448
-642
714
-154
-194
317
-27
573
445
907
203
870
-546
308
-386
209
-967
-883
809
-450
-270
107
-115
336
-603
-633
-987
801
-23
-648
316
233
887
-230
-584
224
-420
-101
116
-916
284
949
-883
816
225
268
-830
-815
-714
-96
-742
313
-184
845
-939
288
857
760
-201
630
253
127
-92
450
251
-286
708
-495
-53
566
-855
668
-468
-987
289
-520
851
77
776
97
558
716
136
499
889
-742
-83
-684
-633
-691
713
-899
-760
407
273
24
-320
242
44
-182
151
-855
-144
34
-763
891
600
-940
567
-939
-101
777
-882
-163
-624
-62
-404
-810
107
-410
-637
663
319
-832
992
-220
951
820
174
70
-108
504
-526
-142
-339
869
-330
524
729
41
252
509
136
550
916
372
283
392
-403
-728
156
842
278
-51
-926
-287
-821
618
-695
-67
839
791
-551
566
-26
-254
-416
-247
-432
150
-82
188
535
-762
856
-142
460
-611
-520
-502
234
853
784
358
808
-752
-120
75
396
-798
428
-259
691
-790
966
105
-927
57
-438
412
-187
-893
-330
-889
-556
-339
-6
-783
-931
-842
54
-853
-251
273
815
333
-205
-403
728
-263
635
742
407
816
-901
-368
-623
126
178
-61
-153
374
-268
195
219
-947
732
-667
587
870
242
-552
481
565
253
744
-513
-892
-390
406
227
124
623
286
-650
-808
-396
-680
-50
-745
169
-624
636
-977
440
309
-992
-553
282
614
34
971
-912
-687
-766
-444
551
-228
947
-430
-541
-230
272
-278
198
613
550
-91
-361
-359
679
296
-262
-483
816
271
-566
-572
855
156
-358
278
-979
482
-64
487
745
649
-570
-885
242
-625
551
-275
-352
336
971
915
-179
-890
-687
-591
-717
-191
541
273
305
703
792
457
-164
173
-706
522
612
-826
858
862
-631
236
957
937
-879
-200
561
340
-702
-376
-953
-654
185
219
-20
678
-13
-712
-52
-166
-326
-303
839
453
-420
410
584
-410
446
-828
-447
-896
477
294
-671
-847
-800
-564
-74
-143
589
465
633
657
521
-379
973
-420
354
-576
-91
265
-895
582
-331
-517
86
131
475
486
-73
-887
-48
-543
-673
498
-965
911
189
162
86
344
-20
790
-707
12
-932
146
238
-443
-467
516
-792
910
626
323
-977
-704
-972
682
-601
-703
960
279
258
751
-460
-754
249
482
674
-692
-112
-448
-199
-376
488
-697
-264
148
-561
101
538
598
842
120
833
-635
607
514
-865
-385
199
445
676
-883
-133
-769
-656
-436
318
-917
38
268
-986
224
643
250
-274
619
565
365
-326
-874
-68
-978
-908
559
-107
-404
189
556
366
-648
-682
-163
129
984
546
-996
-459
2
228
853
833
181
911
-898
148
973
-900
748
603
563
-508
674
484
592
-454
453
58
893
-353
218
-833
611
-689
105
-92
-419
660
-791
-115
-203
531
89
994
-629
68
-462
-183
-127
-849
-563
276
559
-327
-202
728
-1000
655
632
-394
-53
245
-169
-154
876
995
-470
299
-917
569
-34
-877
377
537
-131
893
-216
-545
526
904
336
529
-799
520
837
248
-631
-492
-919
-120
-516
548
461
-105
850
-412
845
804
-851
-455
890
419
283
687
-64
632
355
656
-970
-122
378
308
-446
28
778
-566
303
-505
-596
-389
399
680
710
-613
83
-174
-346
-107
664
237
59
289
-767
666
-602
222
208
739
125
543
914
329
-991
-20
508
85
-372
658
847
-176
547
-460
-470
-889
-30
725
-431
-502
244
-419
-449
306
690
-489
-726
969
-213
196
-706
-265
680
610
-291
871
344
260
-686
552
754
-486
398
-291
-854
-183
-126
-787
-5
630
-414
-159
-985
-755
353
849
378
-76
225
-965
168
399
303
101
578
308
-983
420
997
722
-897
0
-476
-22
107
-617
-659
465
-874
-245
932
275
-759
-262
-681
-165
489
-133
-940
-477
23
-771
532
-306
636
-719
423
234
-993
-162
315
-358
57
96
526
-360
-697
469
-100
168
-272
943
-138
-679
599
-643
271
883
381
-545
412
-905
961
-259
710
857
-529
719
-782
189
-1000
-151
-549
-104
-515
-677
-500
-50
-661
124
221
-674
663
740
857
797
960
246
-467
821
-287
682
-357
671
-442
-260
-415
-484
613
703
-778
1
0
-527
-781
-609
54
633
512
-931
245
-309
-702
-327
174
-618
-593
-791
71
819
-105
87
-185
-663
32
312
102
729
-914
-923
388
395
65
-259
-74
131
-536
509
840
504
-353
-723
-457
-286
-816
-58
56
-447
-107
-551
-972
-76
119
-394
575
268
727
9
120
300
30
755
75
-585
386
-848
-515
-549
277
-651
467
-286
-34
-762
186
974
-863
-45
65
148
579
-382
498
125
-227
917
133
532
-524
-139
350
178
709
-376
-113
694
-724
950
985
469
383
-316
364
957
-128
-181
231
389
740
-622
-794
-634
622
-500
-210
-857
-66
59
-245
-116
-99
430
784
784
-636
700
824
-917
-684
-80
-368
857
-786
128
-633
363
-96
643
-464
355
-172
505
-882
-9
-860
65
-442
686
-167
-701
815
-695
30
899
735
658
392
-703
-233
-31
725
-387
508
101
809
-352
544
-291
650
372
-282
492
679
-940
-311
-545
704
-431
275
-928
866
148
-743
39
-388
-843
-907
-585
-512
141
375
-395
271
765
907
776
-357
-616
-918
-692
-545
884
-424
206
901
-523
-762
249
-886
-683
-487
-728
49
809
253
-466
-418
-659
-507
-105
-38
753
-123
-354
437
-752
-782
-662
-187
219
737
-189
-163
-643
-975
-827
65
840
453
-208
-978
-65
461
424
890
-963
688
-858
805
432
960
-837
1000
235
775
-285
552
556
-890
-405
-285
552
-985
-243
974
585
-464
125
-850
401
371
-2
140
-834
-662
-689
374
191
735
986
-297
757
-478
-812
-747
276
372
898
982
-147
-330
-271
990
-85
-129
-938
336
535
660
-907
227
-335
411
-67
847
729
524
99
898
-157
958
-221
-550
798
758
-897
-721
-770
-568
-665
302
-481
287
-147
133
-214
201
-920
-657
645
657
752
429
-594
645
-306
-870
-154
-752
549
-119
-269
703
-96
241
930
-884
-743
718
-45
601
275
771
-911
182
-67
206
86
416
605
-548
-521
177
70
-875
-864
365
-606
759
939
-135
513
50
507
-303
-859
324
-232
962
151
-122
8
223
-697
600
795
-304
-840
-652
633
-844
-389
162
-355
92
-978
-429
-495
-757
830
846
-524
-683
-906
-200
577
-204
-315
-51
950
479
-872
915
965
-137
-649
927
-936
543
-508
587
-219
-867
-336
-241
839
-996
-774
0
-393
324
695
-330
676
-5
-390
-658
211
798
648
-141
-179
99
153
-354
-93
-239
965
70
-558
-735
-119
-53
756
553
880
-94
-179
740
438
-635
-71
-68
-438
-665
778
965
-219
668
-695
543
709
698
952
742
369
-46
-982
-464
-634
-987
77
714
-116
-202
-727
266
485
-342
-323
-157
1000
24
-484
-383
-703
-320
-454
-559
-540
-291
697
-195
257
-597
134
-811
918
-468
713
168
997
-568
-941
442
235
539
759
121
680
-175
-760
420
986
-754
-873
349
-346
601
694
-468
-51
692
963
-207
-433
-662
-445
-441
158
-587
-737
-768
187
-228
906
195
158
-313
-480
-365
-232
423
438
198
170
-847
-33
-71
-711
-41
729
-359
245
-892
515
502
97
-986
-834
-923
-937
-227
411
987
-910
991
729
-144
130
-358
836
650
-725
-100
618
911
326
-971
915
544
433
-794
-160
-317
769
508
583
-627
188
-96
-750
281
-694
980
-352
-383
-678
404
-96
389
-95
336
-212
-474
716
-184
290
221
485
-366
-817
-867
946
486
168
-402
805
418
-254
-278
-573
873
183
578
-28
-193
352
-22
-141
-399
-415
-896
-74
-291
-627
-904
644
-129
306
565
-423
-916
-556
813
-231
883
763
-165
813
-957
118
-935
315
-242
-80
715
-395
-946
187
-901
484
95
626
631
88
-620
72
-737
726
-825
584
836
759
232
-753
-385
-183
-424
809
-969
-515
404
-906
-394
173
-994
-491
408
255
-624
-846
248
928
-718
-998
-589
789
109
161
871
377
-37
469
-428
699
-230
-231
-746
-613
492
641
-757
310
-562
-717
-124
-757
573
-226
-925
-619
319
280
-630
2
264
-312
829
-994
582
816
894
716
-364
-464
-953
-335
-688
-773
977
-941
-164
-586
-39
321
-905
592
-448
-741
-670
-893
801
-70
-452
-330
-329
-763
416
826
323
-844
-710
-691
711
390
-824
-690
-537
304
76
918
-74
894
586
109
843
111
191
437
-658
-320
196
-954
-138
898
538
-679
436
813
114
-34
73
105
732
-409
403
-408
-563
16
232
17
-239
783
-35
-759
-882
123
-68
-839
23
194
-947
496
-675
-313
612
-131
352
-346
201
872
212
459
545
870
-548
-920
911
866
-894
559
-481
-20
241
-348
-411
-911
-109
891
-225
119
-843
910
-334
426
-980
615
-988
-508
327
136
780
31
415
-931
27
761
-439
-512
-675
274
-719
-443
968
947
-615
642
527
799
176
-897
-582
-452
698
623
843
922
-505
476
386
-595
-68
-900
168
544
121
-481
411
-880
-815
659
-83
-571
-422
362
655
430
-354
-871
-136
711
-704
182
604
813
801
-581
-79
46
-180
-246
-890
-956
679
-832
-868
-130
-88
-987
-953
-639
-119
-431
302
-867
30
-506
140
729
938
-886
-569
823
-10
431
39
-381
27
-488
824
511
-587
-885
-694
-280
401
177
284
313
-18
-705
-569
350
-352
-101
456
904
532
362
-682
545
120
-932
682
933
264
-892
-613
317
32
-78
-151
454
343
677
530
-266
396
-244
-33
-93
720
163
-88
-896
624
69
199
-186
843
-581
-528
756
983
-707
-419
206
-232
-237
-888
-769
288
315
-758
898
323
-593
731
-409
62
-159
725
-321
-602
852
464
333
256
-36
903
800
614
768
828
513
-914
-607
946
-419
704
957
-523
972
674
42
-352
-244
936
-607
53
-596
210
977
641
-238
-951
-284
-78
291
525
-817
176
-165
511
-391
-377
931
-92
-903
168
-209
508
-281
-92
665
-968
-882
814
50
-755
-357
789
-391
957
-783
-502
-26
162
-893
-62
-341
357
465
618
108
973
923
-22
966
-90
-572
319
812
429
-671
741
-134
-681
355
-539
971
856
-987
-926
-556
409
699
728
761
639
886
-571
764
276
270
794
356
986
36
35
126
547
2
674
-603
812
428
-780
383
-187
168
460
-980
-755
166
-107
869
-190
141
999
-303
5
594
-603
-581
-586
-707
673
-883
-263
487
465
655
584
-581
809
-155
92
-624
-397
680
630
-840
929
196
979
-805
979
-305
-29
375
-368
-817
792
-995
383
-482
297
-635
-795
-401
-655
622
-989
-767
177
900
480
539
-934
434
690
-847
-956
-590
152
-933
573
-151
-909
-674
573
-534
476
491
-541
599
-457
-216
360
929
-957
89
-810
487
41
-658
610
677
-804
614
-917
553
-825
463
-470
-332
805
-211
-812
-583
-698
812
-457
-10
105
-371
867
255
195
-588
84
-476
-860
553
26
-927
-782
-580
-110
-973
-551
-906
-807
89
-542
-62
275
422
302
711
677
-446
889
459
-72
-360
149
764
967
-526
932
-457
-559
-633
-613
-712
538
-772
-356
158
890
376
586
-60
114
-8
-686
884
648
571
-577
-960
-840
354
727
181
210
913
575
42
80
421
-556
-270
-806
-326
-83
-492
500
691
-100
-585
-664
556
696
-952
214
-139
294
298
-358
91
586
594
355
-786
299
-113
-700
150
403
-925
-168
702
679
-447
-34
-573
-342
725
-43
-709
-177
-70
944
110
-17
-947
-430
-6
-722
305
288
-827
791
-585
-559
-24
850
127
484
-66
943
230
-526
-118
-456
948
148
-48
342
887
-761
-784
-547
988
-702
-971
672
-747
810
35
244
-715
894
-922
309
342
7
667
-322
-334
-150
-729
635
415
125
-908
-134
-429
-643
434
-722
779
-154
-489
-601
794
-82
-839
-936
-349
-265
681
-984
-148
149
-214
-519
127
-27
-907
-114
-979
922
-985
210
836
-430
-41
-150
-486
401
-491
312
408
511
857
-63
324
862
-759
-446
905
172
-968
190
459
-963
-426
-426
-630
374
115
-428
662
603
-575
-517
-700
-74
-507
-727
558
561
-697
729
52
-970
-830
307
-316
159
-664
-107
-614
752
198
-764
-991
36
-984
-747
452
70
-399
601
-707
676
410
777
576
-74
-442
-639
-521
-747
319
-690
-830
-978
-652
89
341
1000
528
-75
340
-826
-663
-246
440
-468
344
-502
-1000
687
130
51
355
-763
-429
-989
711
299
-287
876
-605
540
-938
455
304
-501
306
-504
-110
254
-746
-348
406
672
667
349
-95
409
-284
118
-286
628
590
-945
309
237
936
364
643
-218
97
411
468
-755
737
-29
882
-469
-106
-359
-840
967
916
-865
-841
688
-788
143
102
-781
-220
562
-782
-47
377
565
-429
-25
409
-591
-13
23
-978
527
431
-992
-705
775
964
-369
241
600
-840
872
-431
-899
-921
484
-174
967
-406
959
-177
-965
728
-740
921
-389
897
-95
747
-42
937
-918
-529
997
988
214
-144
963
-282
865
840
-513
150
-497
276
-75
-239
-987
393
-821
901
-744
-471
-928
685
277
-258
754
866
939
-783
802
645
698
713
615
491
-834
-876
-410
-336
-919
547
761
-20
816
-829
158
-873
971
-752
97
-641
-502
-815
356
-382
-406
198
642
284
-724
509
579
-161
-795
153
-433
-683
603
-884
-247
-435
-424
76
867
-829
690
-366
826
787
201
989
-457
-349
704
-986
763
643
640
288
57
-241
-710
491
726
-238
-689
-181
-490
845
-553
120
574
-437
-360
17
928
-345
-872
-711
17
-563
-939
819
-384
-154
343
876
233
537
-357
650
-982
340
-542
573
443
-223
-972
-934
-772
846
-767
-942
-175
553
409
952
-363
-873
339
323
-387
-825
-880
-180
791
-60
-279
33
-235
-595
-42
562
824
943
527
330
-39
982
-791
300
-36
-327
608
-41
-236
45
835
369
-911
869
173
-933
149
-571
40
419
-1
-231
586
-398
684
-143
-777
543
450
909
357
-896
192
47
-781
661
-542
909
-569
868
395
-153
-363
724
-24
233
-480
999
-725
-193
920
-33
13
-181
-281
-57
-860
288
255
-405
573
79
-685
-808
-484
745
-729
764
381
-417
-520
-68
-485
-994
527
32
728
271
698
-939
244
-714
130
950
328
-43
261
-578
338
-448
806
897
701
767
-142
-602
-366
-477
960
216
-163
256
335
-2
982
-894
3
-818
138
825
221
-964
-725
-302
-980
998
-221
-92
21
34
871
-642
796
365
-732
-167
-611
-709
-312
416
-237
329
249
-923
-400
119
231
849
126
-374
464
200
716
-182
-631
837
841
158
38
-682
503
-520
-848
387
932
-202
-767
-380
-846
-64
-973
753
-779
678
363
-564
-685
275
-666
-466
-125
497
4
-137
39
-657
123
-10
-480
696
-434
-590
-947
-600
217
142
282
-412
-284
702
-239
-80
-123
-789
865
417
134
-407
-115
71
583
-464
874
-742
-555
694
52
-616
660
-804
610
400
-507
183
914
897
509
-896
103
-478
-197
-617
-326
-736
-951
-807
332
-645
-904
-961
372
-730
371
224
605
532
696
593
-294
858
-267
-212
230
-386
-790
0
568
258
544
-741
-902
166
153
-579
430
-651
79
-266
306
-369
673
-516
-912
614
-560
451
730
720
548
-3
72
-350
975
683
-787
107
807
-153
-373
318
248
847
-259
426
-836
-896
-435
-984
885
-613
-419
572
704
-53
593
607
691
-640
-977
-655
-999
-913
-564
84
-80
-886
541
-47
354
-575
-977
-776
-3
-888
907
407
-490
-203
-975
-849
676
587
-597
-501
577
-946
-595
-818
-683
-272
672
991
-534
-599
-273
609
760
420
-721
35
-136
933
-559
422
-770
-566
-981
143
312
-71
-573
-594
-758
652
-19
-733
-310
344
-568
-540
-737
139
-749
-782
-925
-372
-256
992
904
-265
574
596
-15
-138
-578
-189
-955
35
-79
219
-754
-345
-832
371
640
696
913
-315
-24
-311
935
900
705
773
-615
263
933
-93
-72
-837
842
-820
-570
-387
923
256
-657
757
479
100
682
607
754
960
845
604
-585
-719
214
-2
440
756
776
295
-867
812
827
194
188
826
754
-202
-6
119
96
425
-215
416
232
568
-692
-616
-748
202
678
427
336
423
-657
487
-319
62
402
906
-117
-292
25
-483
903
147
443
97
529
-743
376
-558
356
803
-690
11
-455
-671
-259
591
-885
26
-644
-289
204
526
-601
-411
663
-664
-243
-615
-586
681
-597
593
287
-271
-728
820
807
206
-507
323
268
522
178
401
-653
964
-998
542
-295
226
-457
797
153
204
742
182
-502
674
-522
-490
-965
492
-885
-166
580
-409
35
-468
581
-60
-613
914
249
503
-342
647
-672
-659
249
358
122
-897
552
-86
-141
-41
-228
-456
-575
739
118
750
-345
111
598
-29
-706
-399
-281
582
-176
-976
-725
-143
563
-242
410
687
-227
24
799
622
806
330
-182
-103
-805
-402
220
-739
-814
-972
-524
-787
-493
288
-944
793
801
693
-535
792
-631
969
-757
-649
-93
-472
-778
648
-69
17
-175
404
900
17
-571
-18
651
-33
-734
-282
178
685
-16
421
372
-636
-142
-627
-443
-809
842
-729
-649
697
731
-904
-167
592
418
323
-191
-911
990
-696
337
645
-643
289
-195
601
520
254
-309
-392
-194
-338
-426
152
-194
829
-718
-49
-472
-328
433
-990
271
723
-641
-184
-216
748
171
-517
15
880
763
683
461
-690
-773
-633
455
-309
-887
-484
-590
956
-964
116
915
14
337
888
214
-813
760
-410
-347
412
51
638
-651
388
-915
-870
51
762
-873
-166
-703
3
676
-400
-634
705
409
416
478
180
695
-945
-301
-814
-172
-744
-383
798
-240
-747
729
784
-764
571
902
817
737
498
-812
573
412
627
876
-913
43
857
-661
-269
-337
-302
29
704
-408
706
356
524
678
-739
480
839
806
1000
681
-540
-80
577
553
403
957
501
-839
-467
-48
579
-809
-103
-914
-293
872
317
-475
-338
418
43
722
584
-564
-707
-883
675
-391
-452
-805
718
6
830
713
215
-353
-276
-103
-816
844
-844
666
114
7
-251
-548
93
801
25
284
-431
331
689
-135
-754
673
-730
-536
705
535
-606
617
-39
-841
-363
874
-909
-643
-492
-673
-911
296
-698
283
-581
339
563
595
-793
773
-15
756
-278
205
815
-473
-13
387
896
-124
251
-92
-831
281
-223
803
-487
710
-231
-315
844
-233
-458
142
-146
-804
300
-206
888
391
671
-102
918
631
148
-779
-922
-373
-982
-358
-150
-206
156
-204
-450
-798
-475
613
201
115
41
-826
-281
378
-80
-31
607
744
-806
569
-238
-407
207
-164
424
-608
404
-672
-563
741
874
865
-704
328
-911
294
-842
-420
780
223
6
-600
-654
688
708
-490
282
427
202
703
-883
-451
331
-48
-833
-601
630
-971
-149
471
713
204
813
-826
-105
811
-728
495
483
637
732
-878
43
291
-828
-476
929
641
-875
459
64
926
458
-261
640
880
151
-247
342
67
-134
-65
-415
461
451
256
-871
721
-93
-229
868
-204
10
-23
-509
-553
-153
-557
-594
758
-936
346
187
172
253
342
-221
668
339
-739
-891
349
837
792
-525
-230
-562
-699
729
596
-707
-173
230
433
934
-209
-738
320
410
-671
-285
597
-479
-472
-58
-799
-813
-488
-825
177
296
-108
627
720
-887
697
-552
531
-443
-882
-953
-59
239
-838
458
813
-386
-604
515
-207
-523
836
-982
922
887
456
-785
-679
895
-32
-476
910
-225
410
-877
424
-814
-797
-501
888
984
63
842
-779
-829
-352
953
732
-82
-524
983
-117
37
846
-370
-831
-577
186
-786
-28
617
791
-562
-57
-375
-481
86
264
351
874
-851
596
720
-717
355
617
-671
160
392
419
298
376
-749
170
319
-734
-326
-870
-166
-408
416
814
627
-615
-830
-161
-315
805
299
-912
947
62
774
162
803
279
38
479
634
-7
658
524
391
127
-685
-498
-537
-873
-58
-117
-487
-849
745
674
-241
123
-747
-197
-293
-569
953
839
834
-403
739
988
315
-76
117
-739
-409
-776
865
-201
421
281
633
-559
-622
-775
24
330
446
853
823
573
562
929
335
322
-454
365
582
809
-530
925
-149
-697
-515
285
384
28
-457
725
167
297
-875
-522
-496
359
-506
-561
536
-662
-950
-391
202
706
-552
-495
500
-267
-27
781
359
-27
581
643
560
802
-614
-121
406
556
-844
207
205
-602
33
216
314
185
-119
843
-268
-730
913
-295
236
1
0
-287
-90
-345
505
-832
-672
-238
401
437
119
233
493
-8
-655
-215
-330
374
-322
-381
-158
149
-362
-28
-703
349
-816
-852
235
457
-133
432
734
420
-470
-936
329
345
-887
563
-129
673
737
-199
-497
-683
892
-301
-77
-75
576
20
339
918
-663
329
945
-815
-639
908
587
549
-899
4
-465
-755
462
-834
969
-524
-263
-941
-186
-39
-79
-856
777
-220
967
-686
917
334
497
502
24
667
-554
-994
-264
-308
510
632
923
72
327
-6
-734
-545
181
312
-142
343
-686
400
-955
-345
990
701
-810
-29
264
643
-422
779
-396
823
646
441
496
703
-585
945
26
216
-151
-321
-278
-390
-620
-512
597
871
-252
564
-736
-190
-711
-419
-746
-759
425
181
816
-803
121
-468
170
2
706
-323
990
442
509
696
-748
-54
23
-832
751
924
-186
-147
-8
-794
-737
945
637
-448
690
540
435
-46
890
600
-431
-512
599
-59
-147
807
102
-112
166
510
-370
-283
138
282
878
280
-194
-889
740
607
-515
117
592
-841
488
-359
-1000
160
523
335
281
932
659
748
158
768
-944
-695
-298
-891
-915
637
-583
810
-347
899
6
488
-96
853
-213
281
423
-55
-637
-387
862
-948
810
555
-628
675
458
-871
935
-736
4
-126
-658
82
-992
301
573
-284
-168
682
808
-357
936
-389
557
607
-26
-97
652
185
687
942
722
990
67
-661
220
26
226
415
-826
-662
972
-719
315
609
258
445
-593
275
771
-388
180
-663
25
706
136
953
896
49
484
314
558
973
762
-736
-740
-263
-742
866
-54
-719
-553
-827
-386
-255
-623
404
-649
43
728
-402
665
-706
283
-542
382
-777
-298
255
890
-58
834
456
-292
-913
353
672
286
532
-296
-178
209
565
847
-364
-453
-536
721
361
-397
-805
299
253
-248
-488
-860
-246
-72
-885
689
64
346
917
781
-690
-954
783
-11
-327
-334
521
438
-565
291
854
643
142
-322
690
-812
-438
550
871
601
572
-886
700
247
-921
7
600
-619
346
293
-810
-486
905
-25
361
974
-328
719
-111
-382
663
896
-790
-563
576
365
-735
181
-634
306
-402
532
900
972
-468
80
-561
241
350
300
669
-609
-443
448
277
956
712
803
212
858
-301
-583
-588
547
-383
568
-731
182
-780
655
538
-100
913
-10
-870
394
-673
793
533
-309
-138
492
-286
-819
803
990
-365
959
227
750
-622
-817
-632
469
270
566
-21
965
815
639
474
550
1
494
-167
689
-902
-984
-530
381
-603
217
-753
182
-74
683
-882
307
983
-698
94
-495
94
146
-64
-151
702
869
-21
-342
896
124
679
716
-699
-502
825
-475
497
15
-920
-193
-197
832
968
160
200
-105
-439
-982
505
461
558
668
678
-172
44
-501
-638
966
-857
-456
-532
93
726
-444
-420
401
-427
-763
311
199
629
81
460
-661
-709
-999
-44
-867
82
-411
-753
382
-743
665
-64
-668
-174
728
-141
-465
614
581
745
-997
672
-437
-307
-824
67
-295
62
683
34
-342
300
958
-672
600
-474
570
542
162
45
-542
735
738
-505
-220
458
59
-968
25
-874
-812
-811
-531
-806
-70
811
598
514
-866
352
604
167
308
-948
710
897
-687
-129
-727
672
539
907
397
-820
-624
-366
318
342
742
-505
-965
687
-701
995
-125
-433
837
-126
642
97
-386
370
-490
-286
-815
162
221
-528
509
389
734
901
236
336
-721
724
498
-64
898
-777
-293
-299
549
809
-925
983
799
-796
333
-273
-73
82
939
-516
804
-590
860
-588
-390
-936
-385
154
485
356
779
-48
89
-668
289
403
252
-813
798
632
-202
549
301
2
-841
637
-559
-625
-37
-625
-981
342
-199
-911
-382
721
224
-828
-172
205
458
485
-725
309
400
-601
748
-260
532
-18
-637
-280
540
-925
931
209
-816
378
-591
394
-229
280
382
635
486
-870
280
538
182
640
122
380
200
311
268
-449
-385
-121
293
359
-490
133
615
170
834
427
-636
615
978
733
-933
-565
903
-277
504
-721
360
55
738
-351
-376
670
-850
-928
-557
-32
869
867
-726
901
447
-277
-907
-30
974
1
-695
-516
455
343
-74
297
-162
60
-272
-102
304
821
-686
236
105
8
889
-826
-570
-513
683
-460
-301
-501
-706
300
-372
-260
-70
83
156
472
802
566
980
185
-408
-64
-278
168
196
-510
953
-480
211
-8
894
155
883
428
-804
867
-189
960
706
846
104
278
869
-566
-245
-661
707
-800
-888
-945
-59
247
-375
821
293
38
864
-434
396
875
-23
143
120
-197
-163
-233
453
-770
-193
-898
-523
219
434
331
-780
387
-835
-608
413
-810
-443
-513
-951
-467
-769
-889
183
91
912
472
-979
917
797
908
185
244
823
-588
237
-98
-997
263
-885
334
131
-397
109
100
-868
677
433
899
134
-103
-636
23
-918
523
-757
204
-709
769
-340
-246
-727
271
-945
-377
-98
-470
629
-198
675
-120
466
-294
917
901
-207
162
735
320
-602
-693
435
-344
800
-937
-212
116
185
-594
-268
-92
279
638
-124
550
-539
-658
-742
-608
649
575
-671
-259
-249
-134
-266
-408
481
437
162
-766
-284
994
619
-211
-343
-760
106
120
-405
-741
-682
-402
-90
531
315
-848
914
-434
-493
-34
93
-563
-29
-556
-405
-610
-255
-365
833
-577
474
-157
285
-671
-637
-424
-891
635
-472
556
347
-46
-886
625
787
796
733
-456
767
-732
-557
432
-313
762
466
-339
921
951
598
461
956
470
-356
781
379
800
179
-769
317
-237
511
-837
322
852
565
598
-317
349
917
-224
-905
616
156
-296
316
-726
-282
429
-851
947
333
-331
-91
204
-751
-80
-922
-589
-210
211
-954
135
229
-628
368
-515
-77
-918
255
-932
-812
-30
279
767
-454
-2
145
290
-196
514
-61
402
-344
-530
-436
-982
-38
-417
-773
705
-649
-487
115
753
973
-743
-180
-74
-663
893
708
-648
-343
225
-937
302
-591
868
902
4
839
564
822
607
28
239
-686
-715
134
-5
-521
-453
-888
277
-586
834
-353
690
-231
556
-856
964
778
375
325
658
89
-327
975
687
-289
-391
-657
578
880
-83
-428
792
-641
-543
75
245
-536
559
305
-839
501
421
683
-12
925
-539
376
-930
788
-50
-371
-917
-732
533
-583
-237
703
-275
927
-596
-431
-796
-249
-954
943
-259
718
922
197
325
481
167
-178
-64
506
980
348
871
-737
-876
892
23
-344
605
480
410
968
-396
615
154
-734
-343
-750
-539
693
261
-842
-558
-58
471
394
535
354
-534
283
-652
757
-630
413
855
-463
117
915
-684
-292
-684
-386
558
-966
-301
-530
935
536
586
-802
414
421
677
1
259
-614
548
-926
-197
-464
154
-235
-336
494
892
540
330
720
-746
-640
-731
-615
654
-139
408
-365
-233
-419
-791
-689
-296
-190
-849
-987
431
-598
183
978
816
179
917
365
-425
642
523
756
-283
816
478
601
-715
29
-819
-51
485
718
-997
449
925
-217
799
924
-397
70
706
847
289
120
-463
632
-863
-346
-825
-565
302
-376
323
-823
-65
130
217
243
388
-358
-313
53
-531
56
108
-75
853
-821
-379
-663
-569
863
-48
-664
375
-168
121
-560
-326
-988
616
294
-55
-824
-778
-400
21
-111
295
-821
-879
-794
949
-252
-595
-395
-381
152
-936
455
-720
969
-486
-441
433
588
242
66
714
132
-614
-711
-582
-566
985
-200
61
99
-570
-365
920
262
61
-857
609
-393
-853
543
141
895
871
392
-184
951
-306
270
-965
695
-110
-778
-235
-231
982
-371
202
-415
473
-473
-551
-299
-580
536
737
-176
897
787
437
30
-579
686
187
-484
735
785
-943
-295
-43
-475
-844
-301
-687
-847
-984
760
-106
-221
-230
816
-179
890
381
-697
-510
-325
430
-831
-370
-246
172
299
803
-235
500
981
-18
-244
363
-837
-549
-193
-949
-607
-566
743
-781
-280
-56
-322
797
-890
-930
768
-82
-577
-121
714
-734
-593
121
-386
467
-493
667
280
240
-280
-364
-321
-942
339
-55
-106
-754
-936
394
-241
-202
592
370
792
119
924
-149
-457
423
882
424
603
360
825
-813
136
-972
-869
-751
977
-516
-819
838
-393
-116
-458
-227
-578
886
-218
647
-988
-251
-212
-11
-341
276
-446
566
-763
-6
-553
-616
530
-933
-992
293
-655
-676
627
620
252
-710
6
-532
737
-520
-828
582
-612
-46
-880
-831
-61
848
18
32
-224
-962
159
581
-726
960
-173
160
-504
127
-440
349
-366
-554
-455
-56
-468
203
846
-92
-66
-850
140
543
562
-130
-321
706
973
-15
995
601
204
-108
-679
652
-505
226
-320
-365
116
845
802
-527
-451
949
50
-897
705
-751
971
-699
-740
519
-924
890
-739
-360
307
488
-35
744
959
808
252
490
-201
243
955
-796
-480
675
-746
433
953
-484
-174
-834
-916
151
-106
706
-710
471
717
323
12
533
787
340
60
682
606
-742
-377
-244
612
394
543
-818
973
-422
207
786
208
841
738
-885
52
-246
459
884
806
372
98
-109
819
106
583
3
-125
963
960
123
-313
143
-618
-752
564
-359
-228
-651
-421
346
525
-95
-908
998
-513
-859
-352
-531
368
-908
-851
-833
-355
-233
358
660
-387
-140
-825
482
49
-655
378
347
199
382
496
45
852
215
-408
-845
-887
844
-222
-42
-462
129
739
694
-669
-955
-341
189
331
-873
-793
-775
-963
45
366
-529
-289
-326
-140
-388
111
659
-207
-612
30
170
-182
-877
-22
-737
-311
-423
-941
719
-295
767
969
-937
414
-613
856
957
-413
-600
-972
-311
618
526
-151
450
-636
-222
-672
-832
-257
-949
-335
-420
67
-650
939
109
-629
-119
-336
-965
152
-817
-599
-583
593
-910
-298
77
956
364
-94
396
-889
-60
879
752
-173
-731
-485
-807
487
635
-222
-213
135
903
607
-863
-890
519
626
-5
-434
96
450
-952
663
-355
617
878
420
15
205
535
764
-569
748
708
46
889
855
-843
-451
781
-975
-310
-170
9
-143
64
-589
775
-188
309
-140
-104
339
123
-392
-385
-897
-933
718
-717
-667
-274
753
-815
406
314
-169
299
-675
216
-905
612
654
-754
-536
-185
-603
-72
-371
72
499
-509
-814
577
-957
103
-96
-632
-889
-37
985
-961
-421
521
-768
792
-189
-737
-196
-319
-510
-632
-135
-582
-90
660
-732
-902
-162
822
-651
-228
624
-819
83
-305
-463
200
-845
-729
379
-701
-34
-888
825
841
479
285
395
93
355
560
-146
489
283
-448
237
710
119
875
13
-320
286
346
-494
702
-733
-64
-479
-875
548
135
247
-137
-548
419
92
-764
-450
-42
-324
-811
110
754
322
-671
-801
-829
-281
391
173
452
-91
-835
-560
-431
804
-41
961
-742
102
-451
-720
491
-968
-243
-761
-420
-251
331
568
810
35
288
-911
767
9
-836
-386
-50
89
-853
276
-493
578
-166
214
859
-56
980
221
-901
-961
-551
-526
-260
-82
-335
603
971
-280
-68
-717
910
-159
16
-699
867
910
-377
-919
57
228
-959
659
-771
802
427
-874
468
-690
127
-525
-777
191
-907
-865
-991
-312
529
-774
-657
326
450
-930
615
-589
-689
-811
-188
963
-201
43
996
654
-679
752
40
-186
-426
373
993
-78
612
626
837
502
-866
362
686
536
-94
349
-371
-740
-730
-334
325
254
514
677
-896
145
59
129
62
-311
-146
-501
915
320
525
942
-2
-905
-298
-786
-526
-230
988
-887
796
-531
-407
-844
756
849
-372
865
331
99
-878
386
-989
-631
-320
-943
345
-80
-212
-551
-980
915
932
-81
143
-976
828
-118
730
626
-789
-101
227
-662
-320
-269
955
-87
293
349
-64
-636
600
-347
-373
392
61
758
432
674
866
937
229
749
491
-366
146
-210
560
448
-223
-720
126
444
708
510
460
676
477
-322
742
822
893
-747
-972
-721
-692
17
196
27
941
-967
623
444
-594
444
99
-465
-497
-639
-454
-556
-744
13
677
-821
-238
834
-499
-376
-184
284
-21
705
-134
402
917
-555
914
886
363
387
84
918
496
972
9
489
-301
539
571
-618
-696
-647
836
-143
-270
490
-760
-439
-662
-942
-690
-202
-497
992
-25
-296
913
-224
817
154
-730
-116
-987
322
688
684
874
11
59
185
-673
133
700
-56
861
-122
-22
-17
-832
-273
390
901
889
885
890
-439
-49
264
978
-642
-536
-140
-224
629
-518
-285
112
-109
-71
-284
926
-778
-3
-192
-122
323
915
-633
983
841
-568
-87
-917
742
-88
346
253
822
934
-57
411
-339
111
133
515
-805
13
-446
235
-36
-198
-666
-955
541
241
498
-240
-729
-210
769
626
-419
145
858
941
42
784
-366
304
536
312
-678
-268
-676
43
-762
-508
-430
199
-972
-605
240
556
410
778
-430
148
146
152
-949
918
800
964
508
-736
65
-978
-473
57
199
-575
405
115
-953
495
-511
340
756
127
-785
162
650
752
21
943
-284
914
872
395
468
233
148
-84
330
140
-811
811
237
691
-516
-114
782
619
-996
-917
-916
781
402
-351
18
-908
133
-75
-479
77
-294
89
-532
-585
171
-871
-726
64
901
-527
325
-304
704
169
5
732
-339
120
395
-774
-745
-377
-603
-513
726
-567
-476
-660
-413
-723
519
270
-591
491
-702
43
-481
-654
-68
-768
-820
944
199
-916
-886
767
899
140
-913
390
893
-830
611
-681
-967
-372
436
345
53
685
-784
440
503
-658
-961
-432
259
-293
615
995
907
-1000
929
475
-183
699
83
-65
20
287
-290
-113
787
170
988
-228
-102
-68
-31
603
25
717
-697
-467
-531
-843
-496
515
-274
-394
-841
-296
407
712
-593
-349
209
-454
241
-660
-390
-296
-505
-435
-527
-121
-83
-481
177
-961
317
38
-999
-937
497
961
374
-291
524
-574
-988
756
75
31
509
137
-496
-716
-351
149
367
-838
360
442
248
-342
935
-663
888
-327
405
-915
-873
146
235
-236
-69
253
477
723
-624
-787
33
-615
353
998
401
-641
-621
278
-275
168
350
-520
297
-866
684
-375
-659
721
962
255
-338
-935
-889
790
826
60
-488
-55
-170
-298
-74
345
243
-649
542
297
382
307
-154
508
-187
530
-903
693
882
162
603
-441
956
413
-143
833
143
889
770
402
-994
381
-918
-968
-551
980
797
-746
-283
-857
903
-132
326
304
-434
44
454
580
296
259
-55
-370
-851
964
-670
807
709
826
244
742
900
987
-548
561
-475
519
-105
-686
453
-891
47
-323
-41
938
-780
590
346
912
496
16
-345
-744
-125
-805
637
-427
-303
-820
-812
983
443
-447
904
903
156
196
31
835
-748
307
-158
-877
-925
-64
-477
-854
271
540
-521
-865
454
795
-519
910
-503
529
410
411
-404
529
208
-179
727
-457
362
-303
187
-463
-983
751
-156
-459
-783
-352
676
383
823
957
-715
492
-491
-362
-493
-887
361
-671
-897
-548
-222
307
-257
-131
788
492
192
-704
167
-157
559
-18
643
-154
300
-616
326
854
-697
107
-949
-108
485
725
646
-311
-760
-983
-536
653
462
-892
-353
-663
158
66
-763
-448
-118
289
-296
-779
512
-535
-789
681
885
-526
652
386
967
582
968
-119
437
-717
552
-364
-248
180
-336
-433
505
233
-884
601
513
1
-875
404
-552
-121
615
444
-463
50
258
889
-939
331
-685
795
793
-658
849
349
-933
-131
-316
-200
-6
87
516
-471
185
-515
904
214
-911
-375
895
-336
639
363
153
240
-251
964
-773
542
614
59
-927
-791
207
494
-65
792
780
-583
-686
-203
-365
123
-361
-340
539
-673
83
473
12
249
757
846
-701
866
924
36
-994
728
646
685
-920
-426
-75
882
-887
-891
491
-360
-323
975
976
-253
585
-490
-218
328
-395
559
-472
899
595
-960
-308
-263
-712
-451
-1000
-609
-945
-79
-383
-830
595
-849
688
47
-265
-440
-601
-981
708
-564
-311
712
128
-21
-480
-272
322
405
-379
952
411
824
-760
598
-557
-360
-724
684
734
-496
98
-238
949
486
319
-784
-93
904
937
944
-282
-850
-5
5
325
263
-148
632
617
190
353
-711
446
-222
734
-304
-297
-789
947
292
107
952
869
-285
-997
455
389
136
308
938
205
975
440
-667
-768
231
-940
-415
-502
-125
941
923
-453
394
-930
-565
604
-876
247
934
381
-519
-481
-5
-149
-666
-322
-931
-843
290
-896
92
125
145
-162
490
-642
428
-89
151
-943
659
-293
-459
-94
-404
45
399
89
803
182
-779
-304
995
-214
-631
6
-286
-9
339
-938
358
-40
738
-973
768
937
158
390
-942
-796
406
737
510
-799
653
507
-628
442
756
-71
-886
191
21
-321
-80
-631
-679
-457
-110
60
515
942
368
772
-715
-721
0
-591
-548
-715
877
-519
-838
-572
-127
166
530
266
923
-431
838
154
946
154
512
-872
-2
731
318
-687
-183
-816
-169
-638
445
145
811
-530
-768
839
801
301
-611
-259
-23
-191
-958
-488
-150
808
546
865
-618
-872
-956
-793
576
739
190
597
423
94
105
573
54
-229
830
-29
-38
853
-304
-436
951
-845
421
-728
-326
236
516
-647
215
97
-755
541
-354
-445
160
340
60
790
-714
-254
-340
253
-980
485
484
665
-869
947
892
39
78
-950
903
753
-880
-704
222
-750
969
-963
443
-620
-714
-439
-778
85
-5
753
-303
63
842
892
-551
-326
556
-976
291
195
-37
-251
430
880
323
81
-779
966
527
706
-870
-572
958
-124
-717
446
-850
-767
-588
-33
-330
809
-643
-43
-526
-700
-908
-708
933
133
-514
-719
-996
792
151
-613
-588
-882
638
870
188
704
-333
347
966
-995
42
432
-261
-521
-814
987
36
960
502
135
-290
-230
-155
103
85
51
770
196
843
145
667
-592
815
72
-371
-920
172
-782
-476
748
321
-524
-137
-470
-424
447
316
-492
-75
-504
4
-13
-973
-793
677
364
-246
-821
-816
-28
-9
712
661
-628
696
258
833
-255
200
-673
-846
-625
562
522
820
-225
85
613
-341
136
-952
501
33
712
-269
-416
955
464
968
-65
-986
-781
-621
-142
-443
320
-261
-954
692
-746
-781
-374
-362
-968
-74
142
-86
763
652
-167
884
983
479
208
-557
-429
631
-530
494
487
283
-642
307
-48
-192
-608
-611
-686
-60
834
670
374
207
503
740
719
-16
-268
981
27
532
134
-467
772
-464
-260
-997
-578
754
274
-481
151
935
666
152
-774
156
256
879
809
-66
883
866
-646
497
861
552
43
807
-864
-804
530
-61
-861
-930
-373
-514
-603
-590
735
-552
410
20
-844
341
888
-30
637
237
905
288
-645
-650
967
-599
680
-364
576
716
-140
808
704
333
896
500
707
737
867
148
-758
-514
-527
309
725
-909
725
175
25
741
113
-113
602
769
-54
-330
663
956
618
132
-129
616
20
-473
905
-940
-796
997
-764
-286
-383
-158
114
456
-587
964
-817
214
763
246
-598
-785
-24
334
509
-281
144
60
371
909
-578
-151
400
-63
-223
219
42
435
-222
49
-258
-826
632
-580
-316
-104
-664
102
923
-795
509
-622
-90
-173
773
117
935
-1000
846
-556
-616
-546
566
446
-464
763
678
-768
-83
-577
-781
-794
579
-153
-164
-655
-856
497
-958
652
-685
-804
-74
966
-91
-239
636
409
-933
-525
651
580
4
402
364
-107
-521
687
-943
-930
-142
560
155
195
-975
802
-375
-816
822
988
599
-223
639
961
276
706
-59
-719
-908
-335
26
443
109
354
-63
747
-776
875
861
5
-209
541
-624
456
528
298
-776
453
159
-63
708
-156
-278
-251
497
713
-976
434
783
264
-41
-895
-21
-528
-880
11
441
-597
-964
92
-232
-463
494
-11
635
923
528
-471
-10
725
-732
645
702
-106
-812
-869
393
-98
889
358
229
907
-729
-48
-497
-381
-257
665
-562
554
-339
162
-303
-858
-346
446
-758
-410
-342
-356
-995
498
450
-638
-65
858
-280
-416
437
543
292
-475
-508
-945
438
-729
-673
246
720
-180
671
185
331
-449
456
961
-310
-99
942
-851
-347
-648
688
646
666
-625
663
-467
991
365
924
-881
294
-123
-565
-176
85
644
830
-580
-145
-345
-967
951
587
-109
0
-881
916
-467
619
-30
-543
435
-326
-891
140
380
-892
-196
-952
814
548
678
-664
196
131
-784
197
-213
369
12
754
210
-222
-265
-265
700
229
-139
986
969
828
276
-771
392
-152
241
-346
-820
804
346
774
920
127
-860
-460
125
980
987
-76
-882
335
-486
-583
10
-283
-678
338
-515
-138
-261
194
-405
-213
-181
644
505
408
398
-46
-213
460
492
-507
283
37
-641
-435
-737
-329
315
-998
-335
-99
957
-125
439
-48
-358
489
-119
723
-374
-148
42
-564
-119
-178
-435
260
267
-495
249
-723
420
802
762
417
-489
283
-8
-55
-281
987
886
-97
627
509
-863
913
-933
108
-424
84
672
-838
765
-868
-982
851
606
123
756
591
-102
408
-118
-847
877
216
-815
-196
309
-932
-556
-659
938
-539
907
-940
-204
-179
673
334
-422
731
57
-813
337
343
-982
-136
659
41
212
692
-733
550
-167
938
21
122
-458
896
123
175
-332
269
128
135
266
307
-694
-267
873
235
266
-428
-844
-349
-211
-576
124
-594
491
-880
-534
27
360
-377
127
428
-701
273
450
-648
392
-363
-169
-278
385
-934
946
-318
-333
-282
526
-128
275
243
-310
-205
-168
964
-265
-156
58
-777
-449
372
-94
527
-73
-63
628
86
571
312
190
-7
203
-153
228
103
202
-104
411
-884
141
-216
-613
844
-981
-368
-892
357
46
-987
-536
-331
-223
-341
-721
760
-740
-424
-416
-228
847
-266
-293
-562
-817
87
941
-643
-701
-182
-590
278
-709
913
513
-506
147
-523
-739
-902
427
239
297
191
-616
984
-805
295
-528
780
-375
160
-449
137
-40
195
645
-928
-513
775
321
-431
-497
-212
235
878
841
420
-144
-12
-221
733
-227
-727
1000
-370
328
-639
-455
407
845
242
441
-373
-883
170
-47
561
56
-864
738
-589
-458
583
343
311
826
-708
-550
681
-51
492
325
999
-962
91
640
-351
220
-308
647
957
533
294
-3
811
-247
-580
442
-955
-458
-304
-669
-610
709
403
-964
976
-384
77
634
624
-154
-331
-741
-938
-387
-122
-556
-345
-213
839
404
-71
-335
-643
555
-696
-29
-356
441
333
-488
709
-438
458
522
-227
-102
458
-648
-847
201
289
-822
-725
527
-746
716
785
587
-576
-223
466
-910
659
52
-778
-519
-93
-851
-781
754
-281
-366
-210
-5
8
-416
362
-772
-554
903
417
518
-859
-885
-667
-250
-407
-76
-500
-184
596
743
82
-266
757
486
-903
860
-99
-419
-823
76
276
-700
309
-752
-256
-587
-868
-755
745
519
168
-595
-187
604
-708
918
977
443
479
-301
-881
-642
-297
-161
-141
-687
652
-220
-862
811
-923
263
-797
510
245
-107
667
199
313
924
788
631
805
-591
-817
838
-214
710
-362
731
-579
-888
-19
220
769
-14
-417
-676
18
376
680
-292
-647
852
321
628
-579
-183
463
302
-720
852
-545
-458
-928
737
-148
479
-570
-540
-949
185
-830
-581
725
823
-343
561
-695
-866
451
566
-851
-120
-922
206
371
288
279
-745
-999
327
-296
-985
-76
-729
393
-757
717
787
126
-178
128
344
-743
-790
726
564
-417
129
-128
278
-521
799
872
622
27
-622
-23
-793
-148
-144
-682
-563
812
-623
-732
383
-340
-187
-627
105
-230
885
-493
770
-619
-871
-63
-690
424
466
939
149
914
-224
-794
-335
-815
-398
-5
-590
-101
447
176
-548
-851
329
-660
-396
-294
466
224
886
-939
298
367
-752
-154
-573
862
355
-38
600
-982
733
571
-540
-440
146
485
841
-516
-128
931
535
108
-740
-433
-101
289
868
384
87
775
432
541
731
-530
714
88
-980
-498
28
-92
-128
837
-324
592
497
318
641
-3
-325
-808
-406
-74
-85
-9
930
28
-246
-660
81
-198
-262
-907
134
735
-676
480
-451
844
-524
-242
-918
-501
-192
-766
-994
533
729
-401
237
-208
-187
673
-51
-312
-340
-844
71
-942
748
-220
-47
448
679
402
549
26
767
-107
-388
-827
628
210
639
-273
581
234
-781
-536
-540
229
-834
-496
-706
-167
755
-7
168
490
702
-234
-993
389
-609
493
862
523
194
625
590
-241
157
-979
401
527
177
736
738
54
101
745
-279
-69
480
-228
-62
-316
951
240
304
-451
-838
81
-632
-594
447
7
686
-107
556
-711
483
-283
892
-211
-675
-758
434
856
663
-628
-229
-826
-881
604
-847
-282
800
-265
-289
-911
-48
505
-954
755
238
-659
573
364
667
-618
510
-433
458
-527
924
358
994
410
-312
-164
-854
-2
48
-533
-990
-164
-288
749
-218
650
-308
472
41
58
-399
85
806
663
390
209
-663
-124
493
868
103
695
519
996
508
214
-993
1
402
-268
518
10
-731
579
-952
-709
-484
664
814
-82
842
-232
82
-107
-40
-145
941
680
-522
-860
-100
407
519
-601
284
-768
-237
-994
-389
244
428
-39
-477
47
105
-248
-223
-405
-295
-413
-439
45
101
-965
-50
230
246
-76
-111
-414
-126
559
415
-286
-446
-463
190
-421
643
-645
-611
-248
953
-508
278
214
212
885
19
-842
-385
0
-855
330
761
-568
-123
936
162
524
-697
408
-271
296
176
980
-368
950
980
297
-713
-449
869
728
-565
-168
-673
867
69
-982
456
668
-873
-786
940
686
-551
8
-252
-822
234
-132
-327
603
-271
-55
939
-419
641
103
-928
796
-891
500
-113
-771
756
666
644
805
-177
529
-21
-627
95
667
836
888
262
750
279
613
277
785
323
653
-871
-354
-382
-628
925
917
-447
-614
-869
-161
-158
-853
776
965
72
690
198
609
527
-137
-712
261
249
-864
-91
625
-137
-759
-241
-844
999
-50
-802
-910
612
881
-404
236
-679
206
-664
-176
-950
-284
57
104
864
948
756
-112
438
-738
-894
-360
687
-493
381
762
-783
-810
-97
-264
-738
842
-525
82
-496
930
347
-215
-504
-964
951
19
418
-184
-792
841
612
-69
-586
-761
-969
-673
-515
-167
862
846
207
-242
-282
66
573
98
911
-211
917
-759
722
-587
774
527
-744
223
-108
918
-22
445
622
805
-909
-785
-892
-719
566
-548
586
386
266
711
792
-949
152
228
907
-412
-361
464
346
960
211
891
-140
246
897
866
61
54
832
575
-741
-478
966
431
378
983
-946
334
283
33
459
247
353
696
-370
816
-684
-471
420
377
-677
132
-269
-217
-993
519
605
882
46
912
-650
307
616
-356
644
-405
-129
-468
-570
-153
-313
150
-736
420
-123
802
743
-574
714
-659
-54
316
757
390
-52
-251
888
510
-453
-309
-24
-577
765
-618
-144
-987
-278
-423
-850
-785
119
-764
-697
603
-231
-802
708
574
-629
493
-350
199
761
-753
901
709
-877
-84
199
450
100
864
98
296
-754
-100
988
856
-898
-256
183
-418
-163
-463
-857
-297
898
-84
20
-270
-974
981
98
96
-491
-292
276
60
-551
333
375
-830
-577
703
-864
-821
77
-314
189
457
50
-231
-167
194
-477
677
-270
-201
842
934
-326
645
316
537
-964
55
684
370
412
-494
705
11
-531
682
-191
-913
867
-665
425
119
-848
-504
-932
-595
-536
-457
-346
-713
355
-913
-494
612
-893
438
-569
905
-731
215
172
221
876
-90
30
231
246
-753
965
-419
446
874
844
514
665
970
311
281
-968
902
-396
906
127
-648
-295
-152
730
-247
-665
-823
405
824
833
675
49
-97
738
-703
831
-968
875
-222
-396
-774
-665
-414
-897
881
48
622
989
-761
366
-501
11
-688
590
-580
948
-173
849
-805
-822
90
-594
-411
-114
635
755
810
-473
-491
-922
-379
-534
-369
-368
875
-340
-587
30
-449
-602
144
697
-260
217
-24
121
962
659
-574
854
-746
-184
-618
-7
-366
-591
-305
595
-454
-738
129
-475
460
543
837
861
-499
-344
-479
-526
434
-955
564
-429
880
850
-739
-712
755
23
-773
-562
196
-523
-686
-38
-270
-731
-813
855
127
553
-809
-865
-834
-344
-524
304
-748
269
642
-788
820
997
931
205
-725
228
-37
228
-200
-698
-333
-25
25
938
702
53
-238
654
742
552
-173
-39
-583
-723
578
179
-766
937
-6
-626
-969
-5
687
-116
458
-475
925
-912
-564
979
466
662
-710
-343
281
613
569
368
308
563
341
-855
-83
-76
-104
-854
356
-270
-56
-823
-370
419
-468
-180
684
-764
-898
-92
217
-250
949
-961
117
317
-910
817
-162
-12
-35
719
567
249
398
-9
907
-713
155
405
-817
-638
981
-437
-677
594
683
20
280
394
952
185
127
-210
-885
-250
706
38
890
-164
653
-120
-853
699
-591
-132
-91
-159
784
-356
237
54
-990
156
-745
-9
-482
82
322
-868
-735
-790
749
-481
338
309
112
-365
-997
298
-677
417
919
-934
-674
718
-178
930
-671
-770
712
-415
30
687
-793
-150
232
-110
-886
368
-781
877
135
960
464
610
485
-874
-89
-350
965
5
-293
895
936
714
12
-942
-225
-846
620
-110
715
-399
973
6
153
-537
-505
-736
191
322
864
-546
-199
349
-52
-273
-735
388
-674
-594
399
241
189
585
962
-341
-60
674
-1000
-805
326
-817
249
-881
-79
-261
446
270
919
770
-342
147
-768
-974
607
497
842
-343
-786
829
-151
-987
132
308
-144
-351
635
913
552
-173
-781
445
-715
-109
-760
-724
-327
-373
-242
-583
-607
571
713
770
-944
-200
33
658
128
-919
-610
-205
-819
-877
-339
-965
-752
-29
-649
-820
-305
-738
-153
504
580
-299
-443
-327
-293
-379
863
-703
-153
587
-423
-68
-436
525
503
-237
-837
-36
-925
582
-483
33
-39
-826
85
-518
719
936
476
143
-961
-596
-459
893
-707
-783
-270
654
-873
-678
988
-299
-929
885
-698
269
569
-572
842
491
-753
-800
-646
413
-876
13
471
-543
101
371
768
603
7
722
-380
-962
-793
309
-467
-729
-797
379
199
-173
303
464
-119
-199
712
-704
-732
858
-985
293
-951
-920
-549
312
99
-15
218
308
942
274
346
214
920
-444
52
-715
176
403
-144
263
118
900
979
573
-916
-736
720
458
-704
548
-529
-993
887
991
104
-147
-915
902
786
201
806
-762
190
-851
-105
-521
-169
75
-514
904
-234
-13
-766
-898
-968
-156
-705
-267
740
-132
-643
-871
-795
622
-141
765
-487
475
314
264
616
-721
-272
-648
956
-543
732
976
-518
-84
244
-340
854
-827
-659
294
528
-195
92
-898
-825
-379
-62
480
212
415
-335
313
208
-107
-742
236
785
-638
458
922
-361
890
691
-94
252
-397
-288
-993
-945
-623
-368
-828
890
-880
594
93
796
-338
-171
751
101
-56
330
-301
-985
484
917
573
-774
-692
-542
-662
-514
-224
23
537
426
766
25
913
-790
-182
-53
674
558
497
827
-690
-101
756
893
-69
-825
683
548
-621
464
315
685
-283
-218
584
-570
-89
-609
461
906
534
-389
269
-970
525
318
239
92
-371
377
68
-210
-298
825
701
-85
474
-11
-622
-511
-632
-167
-297
844
-774
-450
-404
51
-148
-504
942
-644
-255
858
341
-352
689
844
-82
-388
698
-427
273
-120
816
629
206
-271
-680
-815
296
-188
-81
-865
-24
349
491
-244
-45
-66
934
-358
404
-147
-41
-17
-719
-925
874
884
-114
-799
-648
-105
96
-494
620
-330
-881
-81
575
-20
-848
281
150
-753
753
-304
799
983
53
-805
-942
350
608
-739
329
-405
624
-464
252
-272
981
622
-250
-533
418
-927
-793
134
345
-904
-924
2
-723
867
36
127
-296
-37
-612
616
-865
323
-663
-806
-685
-159
818
669
757
-387
741
475
-121
664
-348
-460
-738
430
-779
462
-366
114
516
-214
280
-465
-945
530
-189
744
290
427
-13
-266
74
79
-202
654
-795
289
-434
292
96
474
-314
805
761
-650
92
-483
836
-506
744
-633
215
-442
-443
-254
-299
945
-73
496
527
-591
2
-93
184
488
-839
894
967
-21
-855
613
-103
373
-579
-234
-420
887
85
-398
569
337
977
824
-264
-559
543
685
721
-314
375
795
910
-883
862
857
-124
-125
548
-478
-516
696
764
-709
-336
786
484
464
829
-625
744
-518
-183
593
-678
677
-946
-687
-676
-858
-932
494
28
817
-49
-120
773
928
-429
871
54
-79
195
-2
-378
-63
-788
-399
592
83
-250
416
-797
518
353
-510
-55
60
-822
-563
-617
563
391
255
-500
884
516
368
-365
-251
-329
511
-871
37
-247
-959
-64
-514
877
571
-82
940
-292
-23
-585
-66
476
684
-104
-384
-9
494
-427
-472
244
518
99
-985
627
328
572
571
340
71
-890
-91
-378
-226
168
735
-391
958
-637
104
980
-607
65
-636
-551
-895
566
666
177
-751
-381
969
434
796
0
616
-970
-875
132
-986
-208
435
-365
144
11
-79
-124
-851
-251
-302
994
-233
-110
532
-34
-373
-946
-829
-442
-548
-464
-747
-554
-670
-194
92
-572
804
131
96
951
-123
37
-763
380
-597
522
285
-757
888
652
70
707
64
755
307
49
-96
-134
860
988
-175
-16
275
-520
-975
381
979
101
603
144
-595
-65
957
-250
724
-463
940
-730
876
-13
-387
686
-399
-188
-255
-612
981
-640
-34
-86
927
-127
-929
-717
-985
-872
618
-96
-923
-596
650
120
435
-616
-904
-153
89
477
562
-780
-471
226
463
-874
-717
-730
-855
-465
658
-841
-246
-233
-938
763
39
-443
-890
-790
-897
817
-217
293
160
-682
980
434
749
-583
927
-131
-713
-908
938
111
-942
324
547
615
359
252
-499
576
805
-388
-786
67
39
953
-77
-336
862
-601
-600
-27
-35
-626
-979
751
263
-148
-962
753
-363
-125
870
-429
285
-439
446
-180
739
-259
-728
-776
-572
-637
832
897
4
737
688
-393
828
235
-466
752
-115
-902
233
31
-205
-102
841
803
-28
-832
129
896
356
-382
602
515
936
612
250
-4
-914
892
793
-81
-911
667
-970
496
653
121
-203
-820
765
-958
921
221
-376
-143
110
-686
733
-250
44
268
-388
526
-174
505
-77
-789
-23
158
-158
154
555
-604
662
331
-970
-743
731
265
430
-532
767
100
881
857
-16
-204
-481
65
-536
-574
-300
-764
80
-655
-469
972
-779
-176
896
650
787
899
580
-548
-360
-830
946
-342
-718
965
-976
-58
820
-281
121
-318
736
796
-690
559
-300
-407
-96
-78
-339
-739
413
667
50
271
-843
-880
-335
597
268
180
-841
-480
315
246
-880
330
274
-631
-933
638
-474
-937
-709
-17
310
-952
-885
-700
221
-193
229
339
217
82
991
-765
-709
925
153
829
203
-860
513
-963
-847
-645
892
-950
-637
-610
-338
299
-961
-51
-448
158
-211
786
-313
583
565
-727
434
-919
-225
375
627
-732
392
-94
824
849
-553
-244
898
-831
688
-547
788
519
166
-822
-938
788
112
-119
-64
-685
606
763
-2
-405
-396
-577
464
-917
386
793
-591
-71
-463
-519
-879
566
-433
-817
-112
101
432
-763
803
432
-434
91
794
877
217
802
-634
519
-9
893
-337
664
-23
-872
-189
-93
631
892
954
934
471
535
679
-897
770
558
410
-1000
-35
-876
481
719
684
700
-531
-183
-578
-917
-762
649
519
689
639
20
-621
-121
772
206
14
-662
-91
-574
869
985
636
-140
280
72
901
524
-363
377
-680
-139
848
644
-612
359
109
-19
495
-611
132
871
472
890
-616
274
-217
375
-508
72
-68
40
423
65
-391
-22
316
-994
-139
-463
563
-35
74
124
23
-127
776
495
605
134
-938
-710
122
574
-564
653
593
-975
734
279
856
-759
-588
691
74
343
563
56
838
9
301
-517
325
-10
710
-706
-100
241
637
39
550
-508
-374
-47
962
-693
231
-610
950
674
37
-914
-139
-489
-288
-727
475
199
-272
561
-687
-841
646
592
-381
157
-976
735
-666
180
924
-332
503
166
93
-390
502
-401
306
-644
195
622
-231
-767
-659
828
179
497
-730
421
-24
725
-238
-443
552
604
964
738
273
130
-794
316
920
-208
-862
-462
-784
607
-571
-574
376
-122
835
-489
85
-980
734
-29
-372
54
248
543
-166
-966
-121
-974
896
-377
722
-751
744
740
-129
203
784
990
132
376
-754
-558
559
-454
-953
-486
610
-69
217
529
321
330
-227
48
-361
487
220
-661
-154
121
-929
457
931
-809
-855
-473
-488
289
391
-594
945
-388
-42
687
-136
-209
-225
-817
-536
-759
788
-323
209
619
-935
-433
-13
-994
897
-58
-912
-739
711
-530
-36
-425
-112
146
-26
544
-447
865
-977
-885
-647
663
-48
-324
670
-896
-493
619
945
981
-351
-526
418
697
992
631
22
638
576
-385
102
-121
860
-272
241
963
-209
796
-897
415
670
474
-521
-766
94
855
-543
-964
-166
-920
-312
943
-8
978
98
-54
-816
361
606
480
0
136
-661
-183
-341
-498
-916
701
795
830
-46
-307
745
719
794
-972
-442
835
-833
-320
169
-234
-769
115
-719
355
-295
-274
-986
79
-106
-95
-903
849
-241
237
-641
697
150
179
-752
-615
965
54
500
-531
-739
340
846
-781
-855
-526
-226
-601
586
-368
-153
-734
-821
57
-785
908
-744
520
-335
-810
-877
-167
-296
401
426
620
506
-79
-772
-768
-234
-49
-190
-290
989
993
-876
561
-338
-172
-577
428
-926
29
883
180
35
-999
372
149
805
149
90
468
-298
141
159
-983
-608
799
264
-882
-969
-128
-657
528
-163
-675
-464
515
-36
-97
190
-915
829
637
-738
-2
872
-27
-845
-446
123
866
-464
17
365
-275
982
48
557
-300
-835
653
-677
-914
681
464
402
422
254
-67
731
931
-994
414
368
-893
-697
-522
-553
718
-186
960
-345
-962
273
812
110
751
-139
408
432
572
447
-364
-719
-591
-721
742
-134
143
-136
-494
465
249
-493
-175
84
-879
359
238
563
546
-420
-295
861
-714
447
914
-52
443
784
-840
-474
-130
212
322
510
-933
776
418
-946
141
864
-195
-912
-684
48
922
-37
-565
-796
-687
-449
-76
225
329
-727
-714
170
-544
-915
214
51
-389
520
-33
206
-890
349
-826
956
335
-132
-705
-338
145
-814
251
-968
-314
-598
-628
414
191
-586
621
331
-11
-876
121
-168
-473
962
822
670
768
-778
-387
-14
-525
705
-59
-503
684
-26
454
32
984
219
-973
284
-54
-983
-314
556
277
-470
235
-660
187
-495
-126
142
-827
369
882
253
888
-850
-741
-857
712
-303
-688
539
521
641
659
791
-183
-716
-872
332
789
-927
658
385
41
462
816
-442
-503
-149
327
-527
-566
-400
-646
312
501
-222
322
-799
636
976
-495
-912
-260
800
364
-971
-7
803
85
-888
-549
402
177
270
-251
-245
517
-718
-32
796
667
-305
-844
42
-222
-39
-892
510
-739
-647
-953
-618
131
712
-665
-184
-639
-757
983
-996
-553
822
-70
-672
662
-999
-72
-819
-383
876
106
76
930
-732
-799
-958
167
851
-739
346
-220
-986
-68
964
624
-18
-143
-376
811
-294
944
-201
-101
-207
516
790
250
-862
-943
160
328
48
150
915
-734
-141
-377
173
-206
668
-443
438
689
-99
130
-156
-240
-190
-540
488
990
-4
883
-475
-153
945
899
96
53
542
-410
-264
-506
999
-587
963
189
-926
-260
185
-256
667
29
215
163
605
-977
-962
-868
488
399
636
315
368
421
-361
-366
-475
-371
112
507
147
-901
-848
537
254
-41
-49
578
216
-887
-41
941
-104
106
700
-214
515
-472
-367
976
-423
983
-788
590
-520
-829
-806
768
930
598
-629
825
-389
942
-558
184
-608
-377
-345
126
-155
483
-251
-961
631
-974
101
580
928
139
-938
136
-839
926
265
428
-573
661
701
530
907
390
135
869
605
-172
553
-90
722
528
889
751
178
219
-950
-334
-959
997
439
-187
-832
-21
-755
-395
-790
23
371
-584
-804
-80
939
38
-809
-926
-739
-114
692
-133
-28
-911
-540
31
159
362
-468
743
876
138
-996
-18
818
210
-824
-509
-736
-395
861
-110
217
590
-632
917
221
-994
577
854
-175
412
150
-793
379
804
135
157
491
134
363
670
-353
42
-320
-400
-122
816
17
-316
933
630
902
-27
-124
-689
-466
-443
-691
-894
791
-139
-912
362
105
-832
667
-284
-924
-277
-398
-23
-198
806
41
848
244
-74
-20
-494
178
-953
-873
-204
-402
-299
182
900
499
529
778
-278
-673
-565
40
-470
-475
729
583
7
-426
-392
-805
516
-940
252
-658
-569
564
-43
451
-598
720
-430
-896
-885
808
134
471
-251
385
714
277
991
-824
924
937
-474
-818
-617
-661
102
427
241
-798
475
916
-350
466
-317
-36
545
-849
-344
-635
403
738
-690
-772
-468
454
-121
-276
319
-528
-608
436
-668
485
-381
-71
-415
-211
-864
-287
-672
-726
890
471
-602
503
-612
-387
924
962
178
-357
-944
509
782
-72
-994
-289
-984
618
59
88
180
-375
-710
-176
924
-887
-295
170
78
-772
454
778
350
-865
-857
194
590
-731
221
930
-845
330
730
552
129
-702
912
180
-885
-421
859
835
-779
-472
-635
668
-24
-737
865
-135
593
-597
895
-56
2
-419
-338
-774
-465
262
492
332
-219
-632
43
793
45
-571
-705
-138
756
-84
359
62
724
-610
-36
-906
645
607
-932
762
67
202
-157
-137
676
-136
961
806
-944
830
730
-417
142
974
623
-644
-768
973
-20
-101
-415
-596
972
119
855
-270
-899
-905
31
472
758
-635
96
-41
-301
933
-337
-764
-711
-708
-307
898
-940
122
940
-855
-527
900
-603
729
-979
-672
-516
-797
-907
417
-676
563
375
23
-205
-917
-396
168
267
-280
518
-938
-593
-400
-48
730
512
163
-859
510
-728
602
278
-828
141
-670
-897
11
-710
-700
-408
634
925
737
-721
-570
-434
92
556
-877
314
854
-478
194
553
-281
173
75
-423
-977
672
275
-489
-165
-834
760
-599
-657
-343
-440
612
-966
177
904
-461
-595
570
-19
117
682
225
671
-742
-322
-635
738
607
-706
-647
395
385
478
-635
388
337
-796
-572
161
-951
-315
-485
585
-893
516
373
-219
-243
323
-939
-999
218
782
145
-576
-306
-190
98
-593
-178
919
-176
-730
-457
-85
-924
-890
-352
-651
-345
154
381
-127
-797
904
-846
-176
-132
-903
337
138
-692
-927
991
-325
930
-815
906
363
27
916
-480
-649
-496
271
528
-243
-235
672
-514
-212
392
-10
-369
876
-122
234
358
4
-422
430
126
-326
303
494
-657
-605
-248
-275
-217
427
-837
65
-65
369
324
-949
-926
-573
-530
-845
-21
-957
-996
-35
795
43
-250
799
539
-308
-611
593
-317
762
-736
292
333
-480
-451
410
124
-527
-708
-581
808
433
-319
398
977
187
530
84
869
-705
-41
-298
771
-863
-122
190
-719
113
562
89
-663
-715
347
-297
-381
-806
230
-554
-326
149
201
204
224
-856
761
843
-302
-557
439
-829
-934
-615
389
555
-741
477
-227
941
599
-203
92
-305
641
767
19
751
833
-447
-129
-806
952
-371
861
-210
-66
-243
-130
-823
-424
294
290
775
-471
267
369
-26
887
95
651
-919
-649
-153
580
459
491
-340
-117
-584
76
-414
-620
-860
39
-807
753
-659
29
816
207
688
463
764
-425
-946
-133
-79
-907
-426
-701
-869
-462
-607
-864
-604
-255
-627
885
-37
-6
-187
735
157
355
-288
40
102
-630
-472
-379
-937
-781
-128
294
-686
-669
-720
608
-236
-992
820
988
631
-239
177
-707
-727
302
-503
909
688
273
677
-584
842
-570
877
-234
-394
675
144
49
546
-887
-12
683
804
146
270
178
226
-471
-276
422
-809
744
-85
-511
888
-917
392
-880
-477
941
152
919
-582
-745
311
887
-334
56
-164
-293
678
278
-674
-744
-297
862
933
-493
810
143
-930
573
142
-636
269
-720
-117
603
-687
389
214
457
357
-880
-478
994
-586
-545
-556
37
-873
513
-696
951
920
-758
885
-476
-632
-929
-936
-193
-350
305
-454
714
59
45
699
-178
696
-601
-542
599
-395
309
-168
525
-978
-512
154
-512
-808
-288
512
152
-174
165
585
716
-682
508
992
-820
787
720
-215
-39
-53
258
912
-387
59
658
-774
876
769
508
-216
929
-368
-636
74
-502
292
-679
664
155
628
-544
-662
251
235
-669
-120
235
-153
-121
679
218
-879
-198
-719
548
589
-736
-635
178
294
-915
-112
411
-81
399
-777
-705
936
-302
205
-736
-432
381
-324
315
714
210
-742
120
554
712
-645
764
284
315
-872
-489
117
-504
269
-948
-459
618
115
405
123
-235
851
-482
-524
808
-46
-635
-14
464
493
406
-301
798
-257
-691
184
-187
732
-383
-888
694
-94
-811
-223
-382
649
420
-412
-114
980
-808
-39
-901
-145
279
136
625
-251
956
-382
-59
-819
-978
26
281
-204
-965
656
-58
696
-877
349
734
-755
-909
699
952
-288
30
-689
-797
-228
-299
10
587
251
77
-706
708
214
930
-252
-173
-129
249
746
358
-145
-505
-874
-82
81
95
710
736
-231
-533
-83
287
172
-504
-903
762
269
846
671
-98
423
947
68
-818
507
-953
155
290
651
905
-1000
-832
-975
431
-967
-506
-88
421
892
-431
486
642
215
627
-318
587
-644
717
-461
339
342
565
443
-121
-199
-76
-29
-186
-953
639
-22
-645
504
438
-469
514
462
351
829
641
604
-831
733
638
-357
-945
79
-441
-188
865
-282
-437
785
995
-980
662
-89
521
-877
-809
-601
650
370
475
-840
-804
-975
-27
-608
951
-346
-901
-202
471
-186
747
-635
-629
103
761
854
-52
31
-223
956
-336
-713
246
-129
125
-619
436
-236
-86
-689
577
-119
-609
-454
-413
36
154
-765
-603
946
-101
-907
-826
-318
236
-784
-15
-809
144
879
210
604
-45
-318
-542
988
907
63
503
-836
583
-260
489
-300
501
-908
-380
-394
-38
-337
-392
844
417
-663
824
924
508
-747
556
-375
230
527
-884
-186
-286
-272
271
444
-525
-269
-687
506
851
-196
-544
311
-430
-757
411
-127
248
-416
23
279
909
833
-942
-863
71
913
-288
-560
-351
-913
609
-37
-152
-83
776
-260
428
35
-539
154
-29
-417
-555
819
-463
-270
-876
340
486
-691
-774
470
597
-49
292
-648
-85
836
181
-921
-966
-926
156
-796
-232
-745
-571
-676
-122
-376
999
-631
-779
179
-502
590
928
-793
736
-599
19
819
531
-97
856
135
279
745
-441
972
597
-371
-887
795
-504
694
597
-828
904
-887
810
767
-48
-770
-732
-522
-732
669
-261
-257
-719
-286
-302
911
-928
424
-541
166
331
-555
184
533
165
-907
-898
932
-460
-911
911
290
270
-489
-138
874
-74
-479
725
888
472
-220
-784
903
22
622
593
-330
965
-209
105
-163
-969
-384
704
-665
698
227
868
337
-689
597
-988
-92
174
-707
-765
-656
305
-618
-879
-17
795
373
-504
713
-40
-495
735
-179
204
-361
-607
575
-184
919
785
618
524
-845
-16
-122
26
-88
-61
629
906
-728
-269
-681
-400
674
-90
766
167
-156
-108
891
-590
144
-417
369
-379
-898
969
-469
-658
237
866
-188
791
-80
-894
-734
524
-507
-526
-456
993
-714
-225
-98
-856
-980
332
-109
791
954
-230
307
649
659
-910
-638
230
-171
832
318
-816
483
-958
786
430
-779
461
-327
-519
-340
-966
878
245
860
-191
724
368
610
-767
-239
462
139
-129
-237
-218
-16
196
-124
-217
-906
-472
-226
-878
-910
-868
-545
-68
-103
157
232
498
175
-409
-496
928
-555
521
-496
-568
-454
-793
511
-329
875
573
-128
-399
370
621
206
-785
-694
-83
-967
232
-314
-334
457
530
-70
-30
619
288
-890
-4
-387
856
-725
-862
256
812
21
-778
-214
346
-518
-394
-699
576
822
-731
464
-626
462
16
-615
682
183
-688
-176
495
-589
356
-358
972
-470
123
-516
755
343
920
630
-120
884
564
936
-31
347
247
-434
665
-670
-117
888
271
-203
-478
900
807
-458
780
-765
-98
-685
581
-373
-844
395
881
57
-353
-833
-916
-245
950
-410
-487
214
421
-514
206
630
246
855
337
-699
-63
-18
401
844
-78
-847
-23
-393
-143
-373
529
-214
-305
753
357
-623
-469
-510
-488
291
233
685
654
-763
744
798
-808
978
-78
-139
-136
-733
226
17
-791
108
-895
-231
-743
-304
246
798
-398
-267
654
885
-435
779
397
987
-198
952
455
-88
357
513
234
753
357
-497
330
86
-562
-187
-328
-372
778
-5
-659
-646
-656
-613
-915
792
389
-755
281
-517
-348
467
-490
699
810
759
-992
51
-140
153
959
878
-29
-748
685
-29
830
-105
369
-702
797
760
-253
699
-287
24
-950
-892
-31
-625
-795
-940
845
-420
255
21
-939
675
410
-489
-614
592
-298
-143
257
615
932
-216
330
-519
-782
-346
-759
-797
-142
393
495
-455
-113
-606
-369
427
-205
-224
-658
446
575
831
-971
-920
44
-834
823
-351
763
-731
-739
453
149
-19
855
-279
384
-844
289
887
292
-832
187
988
142
716
-784
-551
450
-112
-87
-223
669
186
759
399
-712
-127
-759
-604
-1
-42
-563
792
898
-213
529
661
-880
819
-3
270
616
197
95
713
58
784
13
478
-588
373
-585
-305
427
799
-417
-770
584
-872
-148
573
-117
497
696
-358
-223
-744
702
23
32
-906
746
-126
424
-804
-165
-505
-606
-73
482
22
483
-275
454
-424
-403
-849
-825
928
252
496
-665
-890
36
361
-267
508
286
884
-184
-933
-909
863
-764
425
-488
-595
-203
-629
-278
-680
58
330
-280
188
197
-27
-575
858
-486
443
-804
322
841
842
247
-789
-105
-368
-204
983
-846
-62
-162
265
452
-37
-733
831
355
-264
-69
552
887
-198
373
-181
2
-38
705
-122
-328
616
-750
561
-590
323
-844
-18
226
116
533
-354
558
724
-121
101
632
949
-104
362
109
16
-496
477
715
-4
661
417
795
-975
-783
-356
862
-796
-306
702
-464
-331
-986
-948
-63
-210
334
425
-546
-846
-614
959
998
-452
-232
-342
-714
939
-917
-426
-344
872
-53
169
-251
807
-531
967
-912
964
-618
690
-394
823
412
-318
-684
-173
-927
359
340
629
-286
47
844
-390
707
787
758
653
-349
361
-786
627
610
683
862
118
541
756
-156
38
959
269
519
795
-664
913
864
522
361
833
863
-141
-181
977
403
692
-210
-23
410
263
48
-766
-705
-736
-77
277
406
834
-640
441
562
-390
-251
804
-316
706
321
-409
-378
-190
34
759
-831
142
-784
-723
-581
884
-47
-676
-292
784
109
-668
-525
536
-587
875
-987
-192
625
-504
-111
-569
648
-276
-252
710
-105
-556
-138
607
269
-403
173
143
-386
-88
-168
-786
227
593
682
-995
-462
-464
-219
-534
-5
-763
-627
964
76
309
-56
606
950
85
468
647
42
-310
975
402
-517
-848
505
617
-834
783
668
278
-822
776
186
899
-676
770
-888
30
-845
-942
211
-581
783
351
567
445
657
-608
519
250
917
841
-638
456
616
-23
878
718
-58
-255
-555
580
-695
867
-340
-736
667
-807
213
-158
-878
-991
-468
932
-676
815
-123
945
-591
-591
759
56
-218
-522
-905
-375
-98
294
-493
946
-204
-488
-48
679
467
-184
-804
606
885
89
-719
144
-47
768
774
-157
426
900
827
-990
648
631
194
-797
-757
-547
982
-425
243
-494
974
-242
824
102
-104
91
266
-946
-497
-96
422
436
425
846
347
30
106
-884
593
673
-981
459
-695
-799
-460
-923
-812
830
654
-424
759
-255
-851
20
939
-887
607
-306
592
-800
-137
527
653
812
-261
576
811
-963
-312
-862
646
755
-597
459
680
-86
-109
726
-484
-172
856
493
393
374
-598
-19
649
372
316
-285
884
-255
594
867
709
984
484
-458
-113
-269
244
876
-279
957
-660
-277
-20
459
605
347
-677
-710
-109
-604
2
754
461
709
-770
603
215
211
-919
181
83
809
474
-483
-632
516
-925
330
208
274
-954
-51
-181
-392
-108
-50
551
380
686
-521
107
-161
724
-119
666
537
485
728
591
464
737
-293
373
414
-882
-552
777
60
994
-535
292
-128
-378
-651
-984
-772
-320
-521
66
281
-504
-883
109
-395
-406
-186
530
-691
320
-865
-201
-69
49
858
161
508
-847
-364
920
-302
427
-641
-543
-797
-560
-884
764
738
48
897
-67
386
798
-909
-996
-618
-256
-875
392
-880
-708
-224
553
811
-559
616
721
766
-992
-36
-753
508
-179
41
-884
-177
-910
-533
892
-724
324
640
727
41
328
216
968
634
-531
446
-512
-875
543
-681
998
-195
27
906
-715
-673
-947
897
-791
388
-651
901
96
-418
208
152
110
54
-753
-927
-368
-529
882
-141
138
287
296
784
-304
526
854
626
-391
359
869
105
881
256
912
-619
-841
-363
-426
361
652
-151
-813
-124
961
589
-30
-53
42
-372
394
-739
-154
-561
-255
-263
753
135
857
-621
692
-270
-760
-561
684
-8
975
796
-414
779
219
825
-227
-120
-422
-510
-257
-670
-213
-323
-465
83
-743
53
42
189
-222
287
698
-828
917
-965
-1
-438
-844
-507
674
500
566
-289
940
-125
674
-532
436
600
834
-901
-196
455
85
365
-638
61
695
460
-78
-325
887
-5
675
726
668
-197
184
-503
70
56
-999
665
948
-983
859
-213
678
843
-797
-447
-10
-302
-133
267
175
-450
447
-985
-539
445
307
401
879
855
-857
661
-432
788
-449
563
998
-937
917
610
-655
294
-69
-596
48
642
-540
-141
-760
-900
-739
-583
-782
-255
-886
310
-106
-13
896
514
71
653
-726
-567
618
-344
-847
-90
-278
-687
707
933
890
-702
215
683
-405
846
373
316
-37
957
910
-175
-788
345
173
-971
-135
976
153
-75
-756
218
-92
805
-117
236
67
375
-270
284
-421
868
837
-119
943
-507
965
746
330
860
202
-104
940
-565
100
406
903
-677
-143
-976
818
-194
842
91
-610
931
715
828
264
441
-243
864
-836
-289
-729
468
832
191
-280
345
-296
-502
-984
528
22
51
-888
250
671
377
401
-619
479
529
157
261
-818
-479
-301
-617
752
-576
-758
-16
-552
141
-305
240
929
-126
355
-785
355
43
-817
-677
-701
87
-267
471
607
-191
-835
719
29
986
823
-977
381
-435
-802
-148
-781
225
-169
-998
910
-783
127
49
742
357
48
109
-51
-839
205
641
991
230
-935
-754
755
139
-388
333
173
947
-119
-983
-809
-134
540
-86
774
-959
287
-203
980
-968
223
576
906
-854
88
63
51
929
820
-801
-259
7
-717
346
-787
-666
-219
655
146
233
212
242
800
-845
230
614
801
743
464
-601
-352
148
687
-657
816
42
-160
-902
190
427
-463
-613
-286
-254
-491
-405
793
843
839
-350
-470
-507
765
-202
708
-81
20
-890
-140
832
-597
-489
325
-204
446
-297
141
-892
-507
787
653
771
558
-534
-587
832
541
735
-414
-336
-372
299
124
151
103
-350
136
706
-500
843
469
-891
-85
532
-486
720
210
87
-831
-815
-991
318
-354
366
202
-920
727
147
4
-575
-411
-232
-515
-8
669
975
842
362
256
-75
299
448
-152
150
-403
-725
855
-651
874
-194
520
-868
753
636
10
-966
-835
410
-260
154
23
-952
-440
-922
277
-551
-561
282
-15
949
-822
-657
177
360
-450
718
92
788
-683
152
940
-882
-605
-601
-383
979
837
-940
-785
-49
-449
401
70
-78
-298
599
163
-911
-884
-714
878
-474
-586
-597
757
566
-826
689
489
-261
-675
124
978
-51
97
45
-182
660
-203
-566
657
430
330
-274
628
-304
359
52
-777
279
-50
1
250
983
-702
-811
-189
-994
-814
-546
923
469
992
510
320
250
562
-605
974
626
672
-894
-146
905
-891
771
-984
-946
-322
614
-450
-165
901
887
-763
-693
3
509
-382
361
266
576
297
694
-380
-654
119
101
267
-358
491
305
-631
-406
384
970
832
432
-154
446
-878
710
-747
380
753
818
-29
641
498
-328
969
880
174
-115
-917
180
-92
581
-443
-313
874
-901
398
622
290
-284
-385
-559
-448
-18
951
-388
29
-65
463
-933
19
185
217
775
799
-592
678
63
-650
-752
836
-690
10
-962
265
860
193
-512
-66
211
35
-310
-652
488
-124
-975
927
-130
-286
-115
674
8
21
982
-443
318
-786
933
291
311
684
-899
731
-595
-413
949
590
244
340
330
678
614
-71
443
-608
-442
-158
576
-475
-724
-875
-518
-989
-93
983
-555
438
-691
-144
-455
838
-369
432
718
-284
271
-704
817
-842
284
887
879
815
447
-170
938
270
-815
996
548
714
-431
-866
-234
415
-780
878
-101
798
696
479
-346
417
-142
84
198
360
-380
-956
-729
815
-572
-508
-711
-588
270
463
227
661
645
806
-296
-276
866
844
-966
-881
712
988
-337
-21
375
-756
-308
-796
25
264
14
-15
859
281
-474
649
393
617
-633
-246
-273
100
206
-476
-121
5
-813
341
50
695
-209
-174
-832
964
-195
627
311
381
-563
286
794
-795
-410
613
-848
-348
-299
875
-569
-395
-80
-144
363
-461
-782
92
998
-247
76
-720
531
-774
199
-281
181
483
229
928
366
-168
-199
-844
59
-95
26
-830
-310
39
-79
378
-450
356
-414
354
29
243
-307
-188
816
727
136
840
-563
-518
423
-337
-362
678
-917
566
242
188
-941
-786
309
836
609
387
-197
-962
412
-44
196
-15
-271
693
-486
296
-543
467
713
904
255
582
205
-487
-522
-161
486
-547
-336
985
-724
676
-643
472
-391
-115
-180
-908
-881
247
437
-120
126
690
-882
-595
-66
-555
739
-637
62
198
802
-111
-284
-420
600
323
261
-166
-426
705
-917
-1000
-503
191
275
-831
443
375
391
697
687
747
680
845
-959
842
-126
720
521
-897
-813
34
-88
752
-353
-251
-755
-561
463
915
842
-986
710
12
-519
-948
-314
400
-475
-977
167
-37
549
752
997
586
-416
-614
-309
501
-712
-231
-991
-649
510
-249
273
844
912
-538
922
-691
-506
653
-959
604
546
-827
587
-757
-124
-246
-854
366
-381
-531
715
-182
293
-881
870
370
-58
-406
-800
559
79
143
719
-652
-246
-541
25
274
-718
826
-918
591
-428
336
-428
-669
213
-484
1
-66
464
-992
428
-399
-986
464
-717
-282
31
150
778
377
839
307
194
183
-988
-610
613
-231
3
-921
-23
-468
949
-654
-378
704
989
86
73
-367
-855
731
-981
893
108
-883
-620
-461
199
-177
-731
659
456
-524
350
-477
-9
-253
-911
547
-574
5
-110
109
-886
-455
836
-720
514
-859
394
-626
-688
113
-469
-379
-839
385
-368
246
517
-357
951
776
-663
-807
-636
583
-972
-998
567
656
993
-638
145
-907
-855
180
190
609
-772
444
-868
-12
-747
-121
-644
900
990
-588
-459
867
897
-454
706
-920
5
-295
92
-613
723
979
-38
481
484
-923
337
-884
787
163
-82
-19
981
280
385
27
80
-554
-946
879
-585
125
201
-202
430
-548
-636
444
-819
-264
-490
-442
276
687
149
445
596
-602
919
588
276
-891
730
-52
262
459
783
-809
189
-177
17
376
-551
359
-432
-82
-709
725
-97
686
894
-926
658
691
958
-684
47
-205
-675
-13
-954
-185
624
-792
362
412
-245
-55
-674
-670
875
185
299
-649
305
115
37
-646
618
752
-319
-170
885
-85
677
634
-260
710
-762
-33
660
481
957
-906
947
-940
722
-395
616
758
-502
-463
-118
-846
-800
436
74
297
438
514
-231
-183
-29
-606
680
-860
-675
-261
568
-95
-243
-685
-239
-750
-940
-713
-617
-414
186
79
466
423
786
-766
-977
-248
-920
798
160
-786
-100
-874
789
749
-194
747
-247
558
-124
-412
-626
-818
530
-855
22
48
145
380
265
488
615
902
-5
-185
276
-199
651
202
663
676
498
541
-667
-483
663
-676
653
-500
-532
220
-115
-400
-134
512
-941
631
801
-435
886
-613
-729
-507
782
72
527
192
-946
-365
402
-10
-121
696
-831
-702
550
-282
777
759
217
614
-643
-186
-275
-477
-254
-876
558
-582
-904
85
-544
-327
173
-309
-222
271
374
758
110
-139
454
-422
-473
318
599
-223
842
982
61
-531
101
122
970
-348
229
-134
-857
460
-173
499
-271
-564
-585
-418
-328
536
300
-74
-326
162
686
939
882
380
21
257
433
-56
461
-585
-208
-402
-475
228
296
-351
251
684
141
-295
153
15
-550
838
370
-633
-363
511
-443
307
126
-68
104
-595
-913
-184
489
-67
-126
-99
-424
-930
-213
119
-189
80
287
-976
-859
-23
-920
-399
-991
-620
-547
-526
-211
305
515
-924
-91
827
350
-576
442
-385
-110
473
668
-998
15
-972
337
-322
436
397
-170
-868
526
-78
-380
-608
950
422
-747
276
-100
273
98
-267
756
288
-794
-709
971
949
20
496
-844
-116
694
-19
292
396
136
-565
-334
-605
-166
-54
-521
995
505
642
666
-709
-479
-615
-27
-427
-863
-520
655
-250
-252
889
586
88
109
-285
-810
-933
247
890
59
-520
-409
909
175
-695
967
303
467
-861
-930
475
-894
40
-134
-350
614
784
-549
232
344
-390
985
689
-109
967
-381
-740
853
591
213
-454
796
965
696
293
863
665
644
-478
443
557
141
766
351
536
-118
-163
410
-29
935
-717
670
464
-614
-729
271
-137
285
-733
-96
255
-259
-948
538
714
66
100
-978
-314
119
762
231
-637
653
-269
436
-822
-484
986
-806
228
596
-527
-257
996
37
44
366
-983
790
603
-99
449
-421
-682
-203
-735
874
562
-380
14
-584
535
-296
92
-540
496
-561
-297
-693
-755
212
862
-657
156
-568
85
-60
-759
25
715
893
-853
429
456
-632
-481
844
-281
-933
797
-534
-221
-994
-354
-737
-952
501
874
-821
956
252
866
-714
286
-756
-285
-841
830
980
62
157
-385
-488
-765
566
560
525
-310
349
138
-976
-45
-363
-336
121
328
163
869
-711
812
-37
841
330
538
117
752
-897
169
530
830
-865
-934
249
80
-725
73
170
345
175
463
-693
484
-511
808
-831
-209
-165
456
53
-844
433
-914
-503
-639
-909
124
-920
701
-964
-330
-490
-551
610
-485
265
-969
664
-544
326
266
-484
-595
736
589
-584
44
808
776
543
44
-354
-436
-169
-824
-618
-652
731
745
674
627
-571
529
-208
103
760
468
-963
-730
-992
-70
479
206
-531
-158
-147
-276
-854
989
791
145
445
116
-780
-759
950
-309
-728
196
398
771
-448
973
-328
935
36
507
-2
360
-578
-305
426
387
-374
-137
925
-264
-739
-51
512
690
296
21
-687
21
685
684
957
815
-276
113
598
438
840
415
-1000
-68
906
629
404
111
809
514
980
-398
-178
-649
17
763
-988
951
64
-625
-51
-242
965
598
-889
423
-152
480
-72
-337
850
-313
-40
453
-436
589
101
862
255
118
-381
983
-719
276
-221
-230
190
73
181
-619
-327
685
924
-665
-934
543
-794
-765
413
-728
-164
-278
-123
112
50
316
223
-376
-848
539
-129
-758
526
-41
-964
164
-658
256
920
-869
703
-746
-871
-442
-275
-312
206
-906
104
981
271
193
-516
810
-194
239
-948
-219
-865
857
520
62
-445
44
-41
649
446
802
756
170
298
299
484
687
-185
744
604
215
946
-381
-396
-257
-690
959
706
84
177
629
554
-237
236
635
385
583
-198
5
114
802
-696
659
-223
468
-409
692
882
-254
948
239
-709
136
898
547
865
-443
48
-477
445
-70
-245
17
903
721
-398
692
279
-595
69
254
736
-939
292
-437
511
-804
-122
497
-543
-362
520
-572
252
-685
167
885
-810
-650
709
-748
919
-520
-340
-717
737
98
-451
124
323
-415
163
16
910
966
-321
-895
-696
-278
339
846
-128
542
839
-297
148
-447
-843
597
235
-348
-285
490
-463
-321
589
-174
605
-45
648
-471
-658
287
-962
-334
722
-825
-668
465
-58
53
-294
-145
-507
146
-476
-366
-428
1000
-938
-823
420
57
928
-675
887
465
-459
140
-915
588
-20
-48
255
581
-934
178
-440
-764
-401
772
-18
-954
-553
-123
-913
615
685
248
-378
-114
323
-624
685
-830
-823
-209
-235
619
712
992
750
686
-422
-966
315
237
-330
-755
-425
749
958
749
-108
489
12
169
831
180
116
-406
-231
-87
-656
255
76
80
605
-249
580
-443
576
92
-458
-51
492
431
373
380
-359
-299
-348
-243
478
-156
786
-159
144
-655
-595
119
710
-689
953
-470
-630
-327
400
-278
654
281
186
587
813
-167
-488
246
-292
354
416
601
616
-970
541
899
364
295
482
447
-970
-621
-653
898
-584
634
-210
43
-918
656
-822
438
46
517
-241
892
636
-174
-961
346
120
779
50
18
-834
-618
-83
-263
-366
-998
-353
-964
-518
413
-101
908
840
-180
47
585
805
-183
169
-474
-589
-485
817
60
-477
831
891
-349
-560
-350
-770
-951
707
608
744
-972
293
-817
-752
-822
236
88
254
223
-329
139
722
-259
812
253
-413
-209
-690
246
477
-598
931
795
-735
750
-858
-488
-8
177
318
383
533
155
202
799
989
-103
-78
-840
209
-90
-615
188
-325
-708
-455
570
322
984
-802
-600
519
-562
-424
-776
-5
-741
-970
928
-279
-809
-667
119
365
509
-125
169
-539
-983
611
51
-203
-603
939
-166
-632
-834
309
626
40
-213
-830
-865
-888
-782
136
877
262
247
141
-301
968
332
257
352
-507
-798
481
-170
-914
943
93
-628
810
171
185
-798
-50
871
-322
-164
-39
805
79
-167
668
-176
474
-468
-168
395
464
-68
802
-160
732
788
197
-964
-26
905
-412
-175
-573
-206
-578
738
-456
-461
550
-225
-502
-861
-125
830
215
654
-226
-968
322
-528
-874
31
-361
882
429
549
18
573
-564
-10
666
-790
-284
195
579
811
-677
-148
300
594
-382
362
349
287
887
-734
595
921
483
-609
830
-917
668
-654
67
-306
98
-583
529
988
-567
899
260
-589
-676
-257
-443
-967
950
-591
-63
-730
-957
-587
-984
689
-853
-225
-562
-872
-664
-756
370
-258
-159
764
-648
890
990
-652
605
-466
648
273
687
558
-405
546
157
939
-666
281
-986
510
116
-569
14
-298
-137
-263
-593
-698
-497
523
-573
965
-720
401
-522
906
130
-132
155
-330
889
-350
-588
805
951
-696
-759
-109
198
374
-430
-891
-544
382
-893
-698
-931
-287
-329
-145
-932
-173
-295
-523
343
821
199
-244
941
-298
259
-346
-249
436
660
69
857
352
-373
256
-19
149
682
-269
788
237
834
-240
-583
-987
-341
-845
265
-609
481
-460
-632
-603
744
-622
-988
52
-888
250
-898
796
900
23
102
650
371
-210
477
-446
-273
265
-899
748
-67
100
712
-819
-865
-418
-887
-285
751
836
365
18
-739
307
484
679
673
-75
-478
-982
542
-822
291
399
-448
-561
-72
-739
-991
465
-142
231
79
373
345
-451
340
-927
517
876
556
-853
689
353
645
442
397
-958
650
742
-447
-103
-161
420
137
-641
485
845
304
-431
-57
250
-164
-1
-678
-64
291
-463
-341
-615
628
-409
-126
-326
301
272
434
-796
656
-66
-835
-967
490
-333
-163
387
42
-147
831
-684
276
-300
408
-538
-534
200
-644
152
-972
862
80
694
426
901
75
240
951
-580
-818
-876
-194
-305
-730
848
299
-789
-279
188
-589
-16
543
514
-462
987
694
486
516
-130
565
406
-401
215
-371
-723
133
793
994
-632
-41
-875
-429
-670
587
-821
905
103
-664
346
-436
-36
307
415
233
721
501
-855
384
-978
672
-750
-998
-750
218
877
789
-11
217
-323
-537
963
-649
-357
289
-898
812
-46
926
-892
10
-617
-614
286
-26
592
506
347
-124
191
281
-826
-81
-895
-259
-154
-58
-208
-909
-71
-979
182
633
746
-823
122
947
446
442
-115
4
-479
-165
-985
-247
16
803
165
-544
-915
307
-282
302
-861
-590
572
-964
866
72
-456
-370
53
175
165
403
-513
-195
865
164
-161
-916
-46
-479
-275
912
191
-561
-893
58
296
-79
-589
-186
950
-375
-843
-715
151
982
474
-169
-487
746
144
-673
-648
865
29
-633
-648
-187
322
-340
-169
-61
776
826
715
235
474
-573
791
354
307
-834
260
-715
-95
-726
-820
712
262
404
359
142
-577
693
446
-686
377
-607
142
40
91
450
-39
-226
-971
289
-317
-213
-982
-31
752
-917
334
727
676
675
238
676
-128
480
-866
122
846
-274
-262
789
405
627
-668
-945
-928
-523
474
-932
-998
-100
455
-974
993
495
-12
352
-54
159
-744
182
81
727
-844
-513
-973
-478
-670
942
768
-684
911
-996
728
507
855
-706
351
74
448
-823
-821
-28
815
-356
491
78
162
-861
-337
489
-345
-537
-26
-930
-126
-569
-941
-841
697
902
-329
481
590
15
-449
-485
328
-366
547
901
232
-870
89
-778
-607
769
683
-44
196
-979
-755
103
-159
-512
749
-400
728
918
610
-334
-28
325
776
891
-334
-960
-752
-85
821
-415
933
-969
-22
667
-817
-827
314
-776
-49
-77
-615
589
686
722
-124
-647
910
-307
-48
-985
603
547
-653
771
36
747
902
230
492
-32
675
701
-587
265
214
153
-886
-97
418
-781
-729
-440
-164
-128
-143
-931
-911
201
-294
-823
-618
641
-347
653
-108
186
-367
558
-789
-983
147
-423
-161
-115
-937
716
606
-311
423
-40
-286
492
-347
781
-128
197
-83
385
-147
-288
557
-184
80
519
-767
-122
527
-272
-691
-263
816
438
623
749
-24
528
-26
956
46
136
-720
602
-926
-354
-755
-24
-558
-869
198
-318
-512
898
-429
-352
522
474
-404
-114
964
715
7
-446
800
172
-933
213
382
-969
569
59
255
-988
-132
25
-196
-214
95
610
862
491
-439
986
917
-454
-156
-569
-409
490
-113
147
-26
-52
-212
-564
-206
-534
23
-638
-664
-52
970
275
949
64
-482
-934
960
77
368
-820
-765
-117
-689
-952
565
789
-185
707
-255
572
552
245
859
748
-78
-252
-51
565
-306
-693
596
972
-662
23
-190
831
110
690
-535
979
628
142
-946
-747
389
-85
750
645
-830
-42
-312
-370
614
-182
400
996
886
697
-65
258
-411
611
9
-132
-429
96
-468
-231
-109
-571
552
493
-368
538
561
-873
101
703
-570
-99
663
-163
818
-971
748
-447
-272
397
-707
-921
-777
-304
361
-70
-689
-518
-199
-414
-838
627
949
-794
-571
427
-63
-833
-616
-828
674
376
-919
-745
442
360
-288
-256
-261
190
464
195
841
915
125
-561
66
990
432
-143
-49
600
-378
-707
237
-959
-888
-492
624
807
-675
40
163
-50
796
-942
212
235
761
-41
-124
744
-679
789
762
-827
-495
-558
792
649
-447
721
303
492
-490
-911
-784
-354
-194
86
-554
-1000
171
-303
-213
-421
-785
-945
687
-869
-641
45
527
-126
238
-670
-659
-751
440
-812
490
185
995
-226
-455
-875
-86
973
-232
650
928
-655
160
421
-391
467
7
313
-87
-976
947
177
963
469
507
-570
872
-172
-818
391
-284
-75
267
93
582
831
67
-893
707
-804
-154
-452
-546
-117
-951
-496
-686
-659
468
-846
-424
348
512
887
-409
201
-305
-252
-623
960
554
755
968
-180
-283
806
443
526
-333
-548
-790
417
202
-108
862
462
-469
-479
402
-26
-884
90
-218
694
-16
-290
-262
699
-928
-150
-166
-664
379
114
-204
973
-392
-859
129
-347
-646
5
836
172
-9
363
79
496
-368
-863
22
-378
290
-341
-867
723
614
299
-654
-167
-949
-103
-115
-373
-770
-318
496
-177
631
-857
-108
-571
-727
-726
553
-480
472
785
-995
938
96
-737
546
-377
419
897
558
-828
176
-989
718
-259
-881
-994
-692
814
18
527
-515
-168
-997
936
546
-893
526
512
426
444
644
517
61
687
834
40
846
892
-706
745
-450
-887
622
-139
100
561
80
-648
-783
-114
-40
896
475
10
156
-442
-839
280
649
-765
892
683
-796
266
-6
-270
319
986
-369
772
500
183
-81
831
665
230
-719
990
-66
251
-105
-663
-754
996
-250
-879
436
788
-486
497
-585
-306
144
-739
296
996
-26
-971
-295
595
-774
-877
611
727
-650
508
400
408
144
138
-535
44
-721
-426
479
-377
188
-618
493
-668
-649
-221
-700
-314
-110
-605
-878
172
-481
-210
372
636
404
14
356
492
929
-153
-697
89
563
160
445
571
201
729
-49
-957
259
660
-472
-108
123
994
43
-619
-852
204
484
620
-918
-154
856
553
422
-763
388
-436
158
-745
516
-533
352
194
-59
39
990
847
143
587
-44
-166
871
-295
-662
856
-732
-600
-344
184
-511
279
-426
563
979
82
284
593
-39
369
364
-497
-367
-760
524
-56
704
-857
848
800
-173
-723
-994
9
-433
455
919
-355
-232
-613
530
520
-250
-809
680
-955
426
880
128
-415
728
-514
647
-536
800
810
-464
448
277
549
480
318
749
619
871
205
-238
370
-286
991
544
-579
-149
208
-461
-233
-677
-421
467
-712
377
844
-887
803
860
-811
-667
-412
-734
-31
-86
-175
373
774
-941
678
-246
-972
588
902
-605
-797
-78
16
-173
-255
-557
750
567
314
696
428
-721
-324
16
-7
-843
-759
188
-422
171
467
435
984
-914
125
373
636
508
-437
-971
842
-860
-318
945
-53
-753
-719
-986
942
-672
-28
434
360
314
-715
302
-1000
222
944
272
-213
-966
-471
876
328
122
-377
993
-921
-888
-103
-239
505
-401
-577
316
9
-752
6
864
64
-933
-189
114
-458
-248
-757
124
311
981
-694
-321
-402
59
-637
-166
-14
-627
703
-781
-939
-222
586
975
816
101
-318
-812
-888
-838
-10
921
-358
610
587
-226
-984
-546
132
-429
-546
-4
588
948
-934
-332
876
-211
-781
-677
678
853
-889
-719
-117
44
-715
699
-761
745
-743
-93
-575
19
826
-72
55
-44
-158
-335
885
-473
-412
101
847
-683
-925
-968
193
363
-409
928
347
-448
-258
-694
315
-224
-925
553
143
930
-677
163
66
253
37
175
695
324
-718
115
-552
565
-457
-682
734
-481
-305
-826
968
584
407
-859
-4
-88
250
563
-832
128
1
593
406
175
963
-657
761
-318
907
-867
-906
415
-392
383
55
-651
21
462
-648
-196
695
-88
610
855
176
610
185
220
943
539
623
-701
-492
84
40
535
-226
476
4
312
-150
2
249
302
-917
898
-747
393
-556
-15
65
553
-24
-212
-37
-192
-757
-157
-706
639
-766
-832
-154
-363
-840
-566
-732
-733
-890
692
-265
537
840
-459
-817
-696
418
-14
334
133
22
602
729
-651
-603
315
411
-481
422
72
245
524
-229
-862
-417
-184
-150
299
789
320
379
960
418
866
-289
702
-825
495
-997
-482
-169
769
-492
-484
330
355
374
-285
56
-103
965
-366
-248
679
872
255
-840
830
935
742
976
222
-146
618
-927
339
-260
-775
-173
420
728
-275
484
-13
203
25
-889
-130
-971
603
-237
562
-661
-910
185
-524
367
-89
-104
-655
983
-477
-189
-286
-691
56
531
124
-386
-224
-809
-648
-967
-115
298
5
-993
866
-590
97
670
-618
-85
813
20
447
-666
168
250
824
-623
121
-346
-479
-370
-766
692
316
700
-774
-337
-9
-555
-652
727
-677
-583
949
-103
315
791
-997
-348
-941
-342
-434
363
995
-264
-114
942
170
-516
70
705
132
-489
464
695
-16
-199
-231
-598
255
505
-202
-991
389
400
-577
21
-715
-661
855
889
-492
62
55
164
115
-50
-913
169
115
-31
-265
804
145
-107
504
923
90
-94
-123
476
542
-630
-391
447
549
-108
-881
-183
385
-602
-970
-57
900
598
249
-753
11
-649
-856
-103
407
-991
-466
-327
-463
883
-372
849
-164
764
-87
-682
325
632
748
703
-291
228
381
-633
244
-655
246
548
988
944
-600
430
846
-575
662
803
-271
923
-815
695
340
-843
22
-159
523
343
-106
865
-366
700
-656
-253
-586
613
817
-914
946
167
-958
445
-129
-851
8
-50
515
682
-39
-606
267
352
-170
591
12
731
889
769
479
-534
-83
407
-940
124
301
514
356
-816
618
324
-601
385
546
127
651
-581
-481
-126
859
-458
-1000
-329
-80
-541
-380
424
901
790
894
128
278
-710
-828
-759
-393
-616
294
828
-747
-610
786
418
609
441
100
224
423
348
-116
249
872
-487
-296
853
-322
890
47
947
737
374
-572
42
21
-695
106
685
167
-527
-410
768
473
565
-15
646
181
-755
-638
497
-965
-28
588
-14
-36
-441
106
393
648
743
555
-824
771
352
-872
-312
148
425
124
-500
934
220
-334
-158
-227
-553
282
-696
-28
-251
-226
849
-320
987
190
-375
-600
722
-591
-72
-592
59
-680
706
-138
826
733
-616
-334
658
-942
-508
604
-719
870
481
-175
-945
-901
-750
-895
-184
761
752
874
71
-99
-520
411
598
-113
246
628
-646
421
917
651
-784
-200
797
59
141
596
-288
803
182
-83
209
742
491
-759
515
-991
813
-747
-326
-858
-807
843
405
89
-686
4
-417
-210
-461
-831
306
-851
-263
-387
-803
598
-213
-517
-494
-861
608
-551
-418
-488
3
-755
869
46
-482
-138
-813
466
273
644
612
107
-668
-47
-210
863
475
-980
954
-458
-687
630
-778
-268
-82
529
-957
957
344
-712
652
-750
536
228
921
-661
682
191
369
-67
-604
-476
181
-831
-174
976
107
-105
421
-530
435
-137
13
417
-79
-895
-330
-932
-940
-192
-467
820
-161
112
-964
-1000
-15
371
305
322
-616
-235
878
-409
-144
907
-352
512
403
22
57
-24
582
282
714
-160
105
490
-547
192
-992
122
915
-72
-31
110
873
-91
844
-868
892
156
252
638
-260
-457
-676
-916
398
-312
354
-35
-223
-828
-295
-277
-971
524
-128
-925
-384
-192
-953
824
774
368
-331
-35
-820
-217
684
656
-870
-686
335
182
-726
473
845
648
943
-73
-764
-784
-204
-865
105
853
552
621
-605
-138
-387
-264
-808
-668
-478
938
233
-894
135
-108
1
645
-603
352
-307
5
263
823
21
-102
973
969
-141
-706
-393
-534
144
-584
-607
910
277
-817
-361
928
481
62
458
-515
253
302
851
790
-844
342
176
177
-885
-741
550
515
101
-497
95
555
920
-614
-500
773
795
974
694
799
211
429
570
-112
942
-214
791
483
523
-743
137
-773
376
-492
320
707
364
312
-958
515
-873
-761
600
-821
886
-993
758
885
23
-851
897
625
505
567
-768
899
51
-678
-463
731
558
949
-720
-272
529
-645
-699
-422
596
402
-961
-86
277
-32
833
-947
-202
-693
-918
929
-18
505
-520
938
178
-285
873
-588
-777
958
245
904
-974
579
-852
967
944
134
-169
542
857
419
-770
-594
-529
-85
-676
308
-551
340
-521
-705
-205
-246
-190
-236
526
-410
-933
81
-294
-764
-713
-995
791
130
23
785
-862
-292
-53
-656
596
126
-481
143
189
355
-272
-735
396
658
-80
-215
-456
995
-623
670
84
50
-246
-252
709
-978
428
-359
785
86
-969
434
-608
247
268
-672
-671
407
157
125
398
963
193
-856
-131
910
-845
154
717
86
493
920
673
-671
139
-150
-278
-942
-25
871
550
616
613
-184
-40
-471
-998
-559
887
-503
59
-844
-337
-124
-204
-768
-286
513
-416
-842
-335
-610
160
464
-452
-715
-245
799
-696
-650
8
-871
-639
113
577
446
449
699
-326
698
878
-76
524
637
-712
487
546
-149
91
885
-363
-955
157
-940
-529
400
12
-239
-451
-271
933
-98
8
556
-818
932
270
366
-366
-560
-990
-350
-622
964
178
878
-728
-915
-755
-532
-524
-100
51
228
-413
159
-105
946
415
-127
696
-357
120
-324
-569
-918
-177
-775
-306
-361
617
719
-905
75
728
-469
882
-967
-47
-803
-213
801
720
-306
-998
-413
263
-879
376
-873
323
-935
569
773
-266
378
979
-343
797
-962
-507
943
-627
-50
-87
-446
684
-757
76
-453
767
382
228
-100
903
862
-192
-206
947
795
-578
-123
-908
-601
-694
606
-508
-676
416
193
168
-3
-469
-346
-406
473
-914
-678
-25
-289
477
-235
611
-43
910
-442
-265
277
-511
781
623
856
548
-906
280
-756
976
-524
-780
385
-155
878
642
-230
-995
937
-882
-575
-276
-511
564
-591
931
566
788
208
-273
531
691
-107
382
-493
-496
-977
-176
-856
-253
819
87
-35
-186
-502
686
966
887
834
-198
-431
649
714
-977
350
-960
68
660
-108
-985
937
-183
153
335
-666
534
-756
-669
201
466
585
590
497
-861
94
-14
307
41
-933
18
449
23
-569
951
591
435
378
-333
-316
969
-270
-869
419
813
-446
-190
-130
1
343
676
-479
-273
-718
-118
757
885
245
-961
-23
-431
-646
-230
775
-674
617
945
880
-211
-619
451
151
568
-250
-581
837
690
-454
463
419
502
-999
-363
-610
-508
221
-485
470
910
618
-163
952
201
-201
710
106
-629
100
470
552
-397
740
614
-357
145
-887
-498
771
-488
81
851
-417
405
-678
-523
-37
-325
-172
-249
594
-294
-174
-32
200
552
433
464
-355
-448
-772
945
-541
-752
617
-975
-581
984
54
-845
397
-329
-578
409
-930
-83
-604
-924
-566
-829
962
779
412
-95
-660
-287
-928
594
107
357
715
-924
-76
666
-330
-504
540
899
405
-523
-900
-673
-539
643
-29
-485
803
-924
-981
-464
-144
934
-291
-290
-465
798
909
791
874
-63
105
355
-472
-573
810
731
529
571
-671
-364
63
-340
86
396
-572
-544
767
-1000
96
-67
934
-492
-188
-97
-285
-740
-144
846
883
-478
630
-652
229
946
747
325
-798
-149
331
451
-497
392
-285
-980
122
-171
-189
-617
-349
948
113
828
-150
-545
523
-280
103
-633
-731
-194
667
-795
781
-986
223
-972
-78
9
-782
816
-293
974
-812
210
874
-246
308
-72
-144
-844
692
125
403
974
548
-394
-222
604
-943
607
926
-915
-995
-101
-438
-474
124
-75
443
-14
-237
646
-306
46
8
-650
-721
-629
161
-70
698
283
761
-507
-858
-798
734
824
150
173
-134
311
-239
-43
497
-696
857
-525
707
-37
-29
234
686
-231
153
-571
805
588
-723
799
437
267
795
534
-806
-338
-794
-527
209
848
-112
-318
-644
-235
-983
360
688
727
-507
640
32
-236
-713
-581
-972
-209
-826
-858
-857
426
-529
196
-23
774
317
-961
126
320
-575
443
-776
986
531
13
-720
335
-314
147
157
309
792
963
77
-420
218
800
-222
547
477
564
766
-374
-310
902
-840
8
-405
114
-861
391
-1000
787
-129
-96
30
-836
506
801
432
-439
432
977
624
324
136
277
-107
-23
114
-548
141
500
347
-776
408
-347
327
264
318
-117
-974
-174
-234
777
949
503
-785
-490
298
613
90
588
787
-415
670
-721
169
-268
-578
-922
947
908
-946
167
-731
-373
382
647
-982
-61
10
573
604
223
-495
-654
-65
-556
29
965
183
33
948
377
-561
-325
929
450
265
-934
-589
807
-966
-47
648
166
-468
761
212
530
-590
-775
374
402
25
-614
485
-245
337
-180
84
-197
-527
571
-292
514
59
-462
319
531
378
594
938
995
-363
375
560
613
-238
922
-334
887
-928
188
-431
212
13
-624
-638
79
457
-520
-692
-558
468
-932
-452
826
330
-618
308
-36
-224
626
504
-71
912
-402
951
-438
680
442
347
-359
217
889
341
962
794
-272
588
459
623
476
-159
427
458
-357
-142
113
239
547
813
899
969
-572
-96
88
-961
667
415
-513
494
-381
-593
251
-125
114
546
-1000
-317
-877
-188
369
-49
931
-30
-239
155
-348
673
547
501
737
862
-56
-614
713
107
999
-350
524
-526
-384
-945
-151
537
-933
33
-495
32
-939
-822
654
941
-946
-295
-348
-171
951
-61
-781
902
-591
872
-447
736
547
-88
-588
831
-536
-305
-603
45
825
142
147
-100
522
-510
428
94
991
815
945
280
354
-72
574
-859
461
121
-507
-493
-783
309
528
337
-661
-606
-972
880
796
-320
353
-783
178
580
525
-223
5
-871
976
4
-638
-992
-28
-386
642
-152
-81
-91
-913
589
-973
-51
933
494
-122
168
990
-932
378
829
-138
31
-676
159
946
77
306
8
-184
930
845
-196
466
-510
901
-89
116
-619
-451
746
-214
111
967
985
-579
640
251
-192
-830
-878
98
-394
-80
689
-630
248
-555
288
843
491
663
840
33
922
-556
609
-915
473
-509
418
-495
-535
-411
936
-217
451
-812
509
-892
-356
-60
-421
-897
-411
792
-901
-303
807
-625
201
933
-30
-685
-102
146
-900
504
-989
-91
-821
-528
-201
-151
518
603
320
704
-857
-100
256
-625
-145
-374
966
638
470
-938
833
364
-914
-825
259
-828
-329
408
275
-235
-230
-950
-747
197
-756
-871
-459
-491
57
423
139
136
452
855
291
447
481
-469
-619
-612
542
-443
457
-957
-65
-33
500
-802
-221
273
386
954
515
-150
-921
-970
-793
313
-466
229
-970
670
-565
-341
-155
908
-632
-364
73
220
-528
259
594
-434
480
-891
711
788
959
796
209
538
672
-646
-80
-20
-985
211
-246
877
447
-672
-593
-957
652
-770
234
641
365
-922
-667
880
43
252
33
-617
406
-472
24
-579
976
-464
728
-344
-963
587
23
339
451
-60
875
-692
303
-437
762
6
190
-183
-465
796
758
941
893
110
-773
487
209
-411
-103
-392
479
-427
-307
-622
-228
-468
-290
78
48
78
-991
-21
761
-21
76
343
-509
-464
413
331
-941
-237
-490
-476
990
568
597
-46
538
-338
519
926
96
384
-159
-430
483
103
954
302
-792
-535
-108
-949
-981
-7
-767
159
-822
290
-504
225
533
978
-630
-935
-819
381
712
141
960
803
-464
482
507
-146
522
-707
-803
652
-52
796
859
666
882
-885
-301
-101
-969
-103
978
-676
788
-236
-15
-16
-697
922
223
837
741
344
-634
353
-62
-344
-63
306
257
-205
799
399
-934
86
-302
380
173
745
-456
-511
440
-730
-629
193
975
946
-241
615
-727
-545
136
808
623
141
-616
-927
-6
-424
-796
479
-992
176
370
684
252
-702
202
278
655
769
133
-327
347
-371
495
-63
-861
891
-797
352
696
484
-868
-836
-214
744
368
847
-46
-580
-4
-894
214
844
76
175
-652
597
978
-306
608
-114
-623
775
-241
249
-723
-312
-563
646
-427
-666
43
375
494
-169
582
414
-1
-305
-646
-250
876
-946
788
949
-843
138
-262
-693
-212
-377
833
477
-536
325
793
-758
108
723
675
884
-206
-404
784
387
-804
474
-595
272
564
495
955
-981
256
974
170
943
678
-671
183
-112
143
-671
710
-490
499
208
-275
-819
750
767
285
488
23
-975
24
-321
-119
-557
189
347
-643
194
-16
340
-576
34
-317
-659
413
61
-189
112
385
-716
449
-899
595
880
531
748
193
-284
545
506
471
-943
-526
-365
327
-80
-368
73
-15
-81
925
-692
-979
-796
-656
-52
13
-546
901
-111
-249
407
111
-495
-134
290
722
-739
-449
-459
-369
911
555
448
150
1
52
515
-45
142
657
216
-475
-628
501
-374
-262
-734
561
366
-176
-597
629
698
-488
-981
700
-140
568
612
765
178
-388
157
-422
-922
835
-103
959
870
-6
417
-298
702
793
-5
600
-246
-643
263
-275
810
694
-214
81
102
680
606
630
176
492
557
522
-581
204
752
502
411
-414
-474
70
-182
-555
-585
-446
-934
-154
-71
-587
995
157
-680
-2
-78
338
139
536
5
-974
919
-569
126
-314
117
734
964
39
380
556
-104
-676
-518
864
-25
585
-456
862
5
849
-967
-969
348
220
673
834
-63
81
-419
-269
990
-807
-543
110
-536
880
-554
528
-662
-90
-687
-852
917
-72
-935
-754
312
977
-507
-690
-890
-941
-18
-554
157
28
586
-105
941
-55
696
-241
-968
-210
907
520
346
-969
-79
929
-458
-966
717
391
-587
463
-250
249
360
-303
557
-167
-384
696
-334
772
849
-800
984
-630
507
-267
476
-301
-674
827
304
-532
-690
-672
-702
-865
-263
959
-630
-275
666
327
960
-933
-24
846
-375
-439
748
-367
448
-250
-5
-253
-146
126
283
-289
-259
396
323
-509
960
-309
-677
330
764
-568
-768
701
-764
110
-159
-702
197
714
609
400
-877
742
-583
-534
631
686
524
-64
594
692
-744
438
694
-734
-230
590
507
243
98
479
430
-955
-953
81
-44
321
-208
471
925
-279
902
-839
-404
-246
-5
-516
201
375
-381
-929
753
614
535
973
-194
65
452
-427
-478
641
-744
-778
575
547
-733
244
-292
-537
15
470
-117
-905
973
139
403
449
572
671
490
229
204
-223
477
998
-858
693
-259
691
-598
-315
-694
-547
985
921
621
-697
262
571
-341
722
-10
-520
230
-335
-781
-439
-66
794
-64
657
-913
-700
194
789
322
892
302
-146
-480
-602
-33
-224
-272
288
198
-70
-573
38
-119
-933
-83
-934
444
712
186
-410
-124
740
-66
-122
-822
-324
-6
-153
-468
809
-833
838
479
139
-44
319
-971
500
-823
-58
-417
794
460
-604
662
295
-887
381
5
-355
-672
-850
584
-906
33
-361
-929
264
285
450
376
420
-650
117
831
-691
-294
703
85
-885
404
-214
553
915
-473
644
211
849
821
-649
566
529
-6
-210
-687
130
74
-917
-781
572
-100
-441
873
-371
929
-660
-5
759
718
133
-350
-270
-875
-577
19
722
-151
-203
468
589
1
858
699
-652
-418
957
-413
-859
-257
-908
-95
-658
-521
-637
264
-407
371
-398
-805
-823
-539
-946
502
357
287
-211
-177
487
-501
-346
-698
723
523
540
-412
71
144
419
614
-732
-80
-580
391
145
-269
58
221
654
-491
-420
776
-779
968
-197
-357
568
672
-310
-512
21
367
24
473
-100
519
69
57
535
806
-953
-995
320
894
828
-39
711
332
697
128
17
150
26
7
-54
497
905
107
-596
-304
-52
-206
63
651
48
426
949
466
257
-446
-229
819
-47
-566
131
693
-397
993
-265
611
-279
729
-28
309
217
-111
453
-145
-551
663
-292
-461
950
186
-841
-527
-990
-279
293
-765
697
466
-447
135
981
650
-703
-381
-846
994
-671
-444
-827
160
591
342
730
-305
-390
401
868
833
961
-139
-647
792
50
224
-406
64
-724
-375
785
-431
-961
291
-30
-509
818
714
-980
45
-675
409
-348
-586
-31
487
533
653
137
-296
-270
689
607
-910
320
-520
-758
-375
-172
677
897
995
-812
499
-275
967
-309
285
107
-556
-349
-812
877
27
-321
315
-261
496
-367
-681
204
-15
146
133
752
-90
980
327
741
385
-307
670
-720
-920
124
-899
-253
-374
-100
-552
893
280
728
183
976
969
920
-252
-497
-78
78
-125
-144
-789
-517
170
751
46
951
-21
187
292
-191
-554
285
178
426
247
753
-521
437
-404
134
-12
179
686
214
-977
691
-86
15
894
125
70
-456
-250
140
547
581
248
171
150
699
-979
611
963
804
-931
350
732
311
-138
-782
799
758
-747
-202
755
-345
-620
-491
798
-595
-367
215
557
-425
-675
-534
-792
964
633
461
761
792
582
-105
710
445
277
85
-342
520
424
301
685
38
-605
694
-838
721
-4
52
803
-956
34
-262
640
-1
115
132
516
-313
36
126
-171
927
-277
191
857
-921
-663
214
325
-645
-614
936
217
617
792
-783
583
139
-292
-399
-485
-517
785
500
857
-547
-163
-149
593
-89
-660
41
267
6
-495
510
961
-586
-802
-893
-275
471
687
90
-666
-794
757
258
-729
167
-858
292
-749
-838
-384
-293
-192
-705
608
333
-166
-113
323
236
-555
-975
-5
990
531
-251
670
217
895
-284
-816
461
-248
638
104
228
-573
8
-937
-737
-466
231
252
196
924
-993
-320
99
916
-124
312
-525
-369
-323
-482
982
968
360
821
-761
608
919
153
460
-641
388
-989
-733
-53
-550
-417
-780
-914
-167
-729
-877
-647
-665
161
518
708
-478
-835
159
-905
153
705
-407
894
-462
667
31
-240
887
-751
-660
-665
-64
539
203
-887
-217
-692
346
708
-80
867
710
208
-181
-898
184
-9
-777
206
-118
-647
687
898
-658
501
-287
559
493
-491
447
966
707
579
-68
258
673
351
-726
195
-845
255
-593
-321
-638
-329
-743
-945
728
38
-910
943
47
962
569
-762
-119
756
904
865
293
-569
926
-355
512
842
383
-647
945
890
11
371
619
585
586
228
479
-566
-465
282
-96
-117
270
-820
-949
-507
-481
-458
-42
-628
-791
777
-207
-368
-711
-160
-4
-396
-215
-542
131
-611
82
897
234
544
510
-770
-218
866
-406
370
-359
343
984
158
-110
588
-374
-461
453
-197
-278
-103
-656
-573
-982
620
-599
877
850
875
-487
-286
607
720
-412
-772
-101
-686
170
454
-662
-990
36
812
-882
727
-968
917
772
-207
-577
-398
358
427
-210
227
820
-906
406
544
888
-920
948
-501
-428
0
6
-748
930
-108
-204
-868
133
905
103
-200
-208
354
267
-707
907
-926
-488
332
-755
-715
272
338
84
330
885
-972
473
119
920
-264
224
-840
352
871
-271
665
-187
612
-153
-142
-381
422
966
-975
964
-495
-909
-791
251
-231
-999
609
-125
-83
-158
356
-170
359
158
701
870
-728
-352
-462
-394
-859
977
273
585
-12
579
966
953
946
547
-81
310
228
579
751
204
-964
233
194
-907
981
944
-651
651
977
266
-338
717
539
-249
198
541
349
-198
-629
-473
466
885
-339
15
-578
-864
-607
-467
-335
49
-822
-440
-120
-8
-908
-103
-239
-131
658
-844
-133
550
735
-926
-686
533
-573
-647
-298
-651
-306
-1000
422
-382
-855
-8
-9
-412
540
374
11
412
-793
-520
61
699
-790
-953
-230
-846
-932
194
386
-345
-903
769
-973
-831
575
298
656
995
-361
296
-788
-243
656
-831
-148
-458
613
597
-940
172
-337
494
-900
635
181
982
838
240
-912
243
433
-994
-798
951
497
92
-698
867
-523
-341
-773
-809
178
176
675
-868
197
193
-210
-957
573
923
864
387
315
-202
600
-54
352
-363
-593
743
510
-444
-997
445
-613
-418
-782
21
-754
-944
-148
-938
707
395
-989
996
317
40
-907
881
343
-164
81
-326
699
440
-818
-710
-167
-183
848
-422
-255
982
-381
-182
729
529
-59
-574
-658
198
736
330
466
-871
-226
-57
-229
423
-470
-820
-134
-440
736
-652
-588
47
781
486
474
-419
-553
-818
483
-926
-256
574
537
-28
293
-248
-172
-519
-276
-314
-6
672
-288
136
-947
-264
-220
-745
-496
554
-818
-422
-742
417
-876
169
289
369
163
-480
-292
568
598
-685
-817
37
-725
-700
-430
-911
-760
117
-881
121
908
73
954
904
711
-149
340
453
-527
-162
3
-791
156
671
259
908
-701
368
652
673
-230
-590
644
405
-747
729
454
-261
710
988
-109
232
-287
274
-952
951
43
561
-103
459
303
381
-987
367
206
983
-195
-41
-905
154
-432
41
-748
917
-827
-329
-296
518
435
-205
748
-334
890
290
-654
-340
137
376
-708
-82
-735
-253
539
-819
993
-236
92
731
15
-70
-818
80
131
152
-144
66
-604
-651
86
284
942
-30
659
328
-623
-329
84
-54
-239
-577
-559
-751
-10
114
-237
73
-435
684
585
-413
801
-876
704
-251
-457
-656
-932
911
892
995
-467
-44
717
-297
-619
-405
-386
-166
968
-297
692
-118
320
-33
495
613
-310
-721
490
-104
34
-736
-524
-674
245
-709
200
215
608
-861
-397
408
-711
-572
774
62
-900
544
156
252
-274
-672
-728
116
547
466
44
-347
488
206
705
-342
-854
608
584
30
249
-816
679
-236
975
-100
-97
-344
139
-600
-981
557
-880
-638
519
-968
780
-29
-318
-892
314
-171
210
-842
-676
-275
-907
417
-266
-521
254
783
880
185
442
344
204
-484
-772
-762
183
-645
-390
911
-515
-278
-64
-282
-888
-832
303
230
-477
847
-631
923
527
230
599
-273
308
-221
-783
-564
-393
-678
625
646
-137
-369
339
514
632
-572
-507
983
152
-555
-50
385
-483
-96
-107
239
-41
-458
85
79
-685
238
-874
929
-684
310
-969
-548
677
-604
588
852
-442
-206
-495
582
-356
-11
-4
-565
-496
-450
339
-608
58
948
865
-997
883
-454
44
-235
-977
-854
-147
-880
-412
-483
-166
-343
-384
561
-664
-109
-991
-234
-279
-581
-710
776
442
875
116
434
105
192
279
-915
-586
445
569
-328
-357
-460
-382
183
-629
344
26
-304
-87
734
213
-376
221
-76
330
-937
-613
-369
-939
746
855
-528
318
930
-219
-314
121
587
396
-738
841
-826
-209
460
-73
-201
916
-62
993
744
931
-542
-622
315
-426
-185
-665
270
12
-502
-53
-297
350
334
-939
-660
-288
569
-985
482
-382
-76
-854
909
-902
468
-352
42
447
-791
-341
367
378
59
-480
688
-438
527
-667
-57
246
-344
-872
104
613
-601
-751
552
-924
437
-386
328
162
308
-621
508
185
769
565
-280
421
-55
-689
566
586
-491
-776
758
-969
-829
-862
306
453
748
969
970
-963
65
-661
-824
891
-721
642
124
-830
-529
-764
-251
-243
134
982
85
-283
-232
-873
-941
-243
492
203
654
709
-689
-553
91
-153
-964
-239
313
-382
-837
-155
246
-796
239
84
500
406
617
403
-542
535
892
-243
-564
-568
21
803
58
293
867
565
-449
-805
292
-595
-900
-696
-653
-718
-497
79
399
-6
194
-873
-320
-93
-326
796
-51
687
-142
-764
878
782
121
-88
927
-635
6
565
516
-379
-887
-716
316
-902
375
326
651
625
110
349
-435
-728
-772
451
-729
850
997
3
-764
614
-365
-16
-152
-546
591
-347
-173
-780
-525
458
20
696
-605
-783
571
855
-414
-369
-478
520
228
717
836
-83
337
654
-25
-604
648
578
609
-355
422
-819
922
-827
-71
-838
669
708
576
-803
-128
-99
242
-614
346
454
397
224
-300
30
-712
643
-550
344
464
349
-957
-424
-481
-663
-602
-335
-877
303
324
821
935
-627
-609
-344
-924
193
-583
-730
-414
-584
-952
363
-556
-930
-167
-261
54
-882
648
-410
-109
407
-119
801
991
-458
884
-874
-444
837
420
-796
-933
-45
-517
-153
-121
825
40
-157
-127
-378
93
-883
136
-27
-518
-384
-806
-118
961
492
-871
462
-547
579
-776
112
820
-247
-889
693
817
-17
-811
401
-712
733
804
-228
-84
722
-987
-382
-299
430
-122
489
-329
-42
-309
574
-598
-936
-898
252
530
-542
425
-55
403
-110
211
340
-283
280
183
603
143
779
-242
227
507
-578
-302
-667
-129
-125
677
-288
-159
-946
600
-906
148
-35
-789
153
-863
988
135
700
235
751
408
-689
606
-76
-226
-552
-964
-162
-340
-251
506
-439
-756
-599
-810
-15
1
-321
-268
163
-106
728
-626
679
548
909
115
538
451
-579
-281
202
-556
877
-395
-63
-862
912
-693
893
460
220
-402
526
-379
-838
204
-628
-220
-253
-720
200
304
-755
873
92
694
-45
-177
-794
-860
-255
-372
-217
503
566
-26
-723
-939
-40
960
-17
847
-90
234
-385
589
261
527
253
673
-840
544
928
329
-790
-174
989
-159
940
537
-968
-732
-265
-568
930
882
-58
812
668
179
512
758
85
123
150
402
-641
989
322
515
642
-869
-201
145
-3
720
-927
-539
-935
751
417
-322
704
1
-474
-800
122
647
147
-418
876
-601
-666
53
-869
41
-562
770
-756
440
-897
-671
-821
-375
-757
648
217
-754
-223
-513
-389
-39
-640
-622
499
333
540
572
278
-262
-782
-716
263
-467
529
-321
-243
-153
528
-844
-435
484
814
908
-904
-262
-969
-60
853
967
-371
920
213
-890
690
330
-563
204
-135
-500
603
123
-327
-130
-391
-895
-616
-38
-738
-896
-172
918
-526
-899
-802
15
946
153
456
-381
313
-690
-701
-867
11
303
531
706
-35
-592
-591
850
984
-32
475
-510
-358
466
53
686
-94
400
-360
571
357
-395
383
-263
889
296
397
-663
-242
904
-166
777
119
-136
157
-204
793
47
-892
-55
471
185
-881
200
-783
-453
-521
808
31
444
-191
-734
-727
-348
-327
786
516
-633
189
-591
-662
-270
-9
405
564
-883
745
663
-540
107
-224
-373
-174
-516
250
-924
-237
693
704
742
229
630
532
217
-554
161
904
-751
-125
-110
-411
-808
-336
-885
-582
205
-951
-604
-783
-243
-656
-570
-464
-876
785
737
226
747
88
52
-421
-84
135
-127
879
671
-198
-341
178
-94
497
-572
574
523
172
-696
359
-481
-834
735
-142
267
390
-589
695
-684
202
338
502
-722
216
885
754
184
131
-283
354
170
174
-821
999
539
-501
-509
-686
-958
227
845
218
-325
-463
896
74
-212
-765
724
-542
-12
555
543
594
959
258
732
-814
-342
479
560
-977
574
709
-991
-927
376
296
-37
485
-209
-735
-624
-238
-287
-790
996
556
117
652
316
-901
-762
-61
-851
976
-475
683
455
211
-433
-603
-364
-315
-612
-707
181
934
184
53
64
804
505
203
289
-70
-210
874
295
-728
-729
251
97
-211
16
963
517
560
-361
-76
484
136
-472
-956
470
-624
237
213
29
475
218
969
-531
463
-904
889
21
-194
-68
672
362
-270
728
304
700
-381
183
-314
-775
-523
-606
978
-241
407
189
885
508
-557
960
109
933
-860
719
977
548
369
-760
513
-896
453
620
-505
121
765
666
356
286
80
-538
29
-759
650
-590
-205
-963
244
-625
820
-611
665
-636
-895
-324
507
614
-970
768
-201
846
-353
-525
-299
-136
29
659
912
607
-652
935
655
-28
802
679
-998
-102
-859
-654
63
723
570
-618
-684
635
139
-654
-403
834
432
-595
-727
-483
122
802
78
308
-577
880
429
471
318
-369
689
799
852
-507
320
475
758
242
465
-580
377
-418
523
-575
566
-944
-942
-123
589
-168
-458
892
470
45
944
-943
-295
-688
718
-789
99
-854
463
145
-832
-232
352
576
-760
-746
307
636
526
-498
-602
-944
127
-32
-643
421
957
-479
428
-587
-872
-969
-455
448
375
873
43
-912
-747
132
41
-890
-124
-210
710
-952
483
825
-94
94
589
-196
559
961
-641
324
671
148
-855
697
218
817
-213
35
-400
249
-384
482
425
984
440
-253
590
154
-302
661
204
-505
-384
-292
755
-613
833
-44
-964
-555
-849
-8
306
-478
-739
-527
-182
766
-592
-642
-168
774
703
-615
361
-149
-48
-172
883
-709
-239
-691
406
-509
540
18
489
305
421
10
747
22
-331
-731
183
-965
667
-991
750
995
461
-728
280
804
-255
20
486
765
-372
-938
401
-141
-373
-806
692
564
-605
-686
112
936
907
-329
-201
-21
-935
-186
819
401
-115
118
429
-835
417
523
-765
-292
-298
120
-290
934
832
-856
-244
757
-773
-420
-355
-820
82
-320
-215
-638
500
96
-760
-631
791
308
-598
911
807
-570
760
-126
-695
-187
-667
939
-476
982
-469
-301
-155
155
-986
-966
-50
-820
298
-676
-782
368
306
504
470
109
117
-612
-997
-714
-886
703
581
518
759
-588
651
926
-498
-838
-487
-538
-478
972
688
891
516
-331
800
-182
45
-19
-912
-76
985
-846
747
-349
846
-732
338
36
193
-876
-153
76
-377
865
563
723
-43
-652
-29
920
-740
714
112
-703
-15
-985
-262
377
-931
-425
539
35
-389
287
-581
-240
773
-973
-209
250
-128
324
-314
475
-785
962
600
347
-259
-650
-447
903
773
428
-342
-66
-518
317
-990
-455
603
414
-561
614
-532
-447
435
539
-640
-647
-833
-585
-835
377
894
55
-439
815
175
-176
-813
-516
-412
435
110
-202
-221
223
1
208
926
60
-315
605
-852
905
123
979
519
-97
-458
-592
589
-185
630
-308
685
-96
-837
381
-260
-817
13
-325
778
-63
-209
-280
772
874
-589
751
-80
3
990
812
-756
-461
-814
365
399
184
267
-776
-790
868
-827
84
73
20
549
-456
419
165
-253
322
-35
95
-796
-152
-195
174
-362
423
-719
-551
-782
-824
-167
459
829
-2
131
380
-633
205
-833
-353
658
472
23
-732
228
-600
-899
-80
485
461
849
11
123
-782
-455
-450
307
-375
-440
-241
36
863
600
-829
389
315
-596
556
162
-343
761
525
-328
-49
-734
-985
-354
302
-331
134
-703
-492
595
418
-2
-803
262
845
145
-799
935
-741
-250
-453
-68
235
476
711
-461
985
6
-240
951
-736
632
-386
-898
72
709
-787
-214
521
-442
347
-50
-826
-855
171
801
-149
-112
-998
204
-855
393
-284
568
355
-242
806
57
604
66
-382
952
-125
-292
839
187
538
-472
-426
-812
123
692
906
-142
-342
112
-651
-242
694
-702
-711
866
-859
-801
466
950
177
-390
623
229
-929
862
664
-781
-186
-849
430
-584
-840
-336
970
-322
200
46
202
-926
901
-251
-459
567
796
936
440
-979
-913
702
46
-372
-919
207
-826
16
-22
106
618
-110
-387
219
-98
176
565
721
-330
-602
-23
-638
228
-753
96
433
-377
-792
-683
951
-801
-529
-442
469
-845
-263
820
-937
-943
60
-909
150
-754
983
-949
302
262
-715
-98
807
48
-976
-275
-32
482
169
-209
-768
-181
684
463
482
-561
668
904
-942
-418
-524
519
-114
399
306
275
-851
-663
587
-820
-224
168
-460
896
-10
-968
-907
-303
-759
-136
921
584
189
-21
939
604
-306
-866
75
-498
547
-499
-136
-971
-678
315
46
-211
-921
-997
974
227
-833
-152
37
-602
-173
-100
-366
-987
-762
-444
-433
-998
-979
478
975
-303
-748
-583
856
-292
-564
306
270
-147
444
-17
-911
225
602
-367
15
-910
434
-153
-819
187
-556
63
279
796
-648
-576
737
-608
-976
583
-700
-304
908
-513
-566
-667
-127
-328
-311
-225
-123
-675
363
302
913
263
751
-98
893
-857
-738
-299
721
-551
-701
-36
-561
29
50
286
-170
-710
218
-961
-871
-78
598
-270
-803
-330
331
-334
609
-190
-861
-219
574
261
-411
38
589
-490
-777
850
709
877
-353
-232
719
33
379
142
614
56
-423
-228
-90
373
55
-36
389
698
458
-865
579
-569
262
997
721
-264
519
582
-240
300
-906
886
125
416
-517
-821
-69
-804
673
-966
-927
600
908
-326
611
93
305
-262
-571
446
32
-706
821
261
-687
386
-523
-795
673
-897
-851
45
544
332
435
-435
215
520
863
969
-650
784
-642
167
699
-599
-888
-447
-353
532
159
-439
-94
543
310
203
660
-965
-160
-878
84
-227
152
-376
-537
-926
-81
351
77
-92
-855
735
677
537
959
646
-975
-67
-568
754
-503
-128
316
707
100
-350
985
259
-193
853
728
-223
-974
-542
526
210
123
333
809
-365
-814
777
405
-280
-627
478
-202
375
-998
-934
450
971
833
945
494
-349
783
-729
118
-959
330
-736
546
483
-989
906
-242
669
781
-931
510
856
-606
992
-291
-372
793
167
293
-888
-521
-978
-718
469
-796
-861
-323
442
-482
168
495
-270
-166
-478
462
-934
-18
-194
-626
623
-861
33
-483
646
26
350
-892
-516
-799
-539
-496
-460
435
54
-713
-783
513
204
14
413
-632
-681
-521
-807
-557
887
84
-176
-743
258
-612
-418
-603
-230
477
-6
-179
-794
160
688
342
931
-838
-9
-458
415
-526
737
459
-396
205
574
102
-582
193
-6
52
-328
-623
-394
11
-219
761
-724
-935
343
692
80
907
-853
683
275
528
356
-916
430
889
647
208
783
93
988
-69
-252
-483
885
-342
-58
-196
998
-206
-131
864
106
-653
629
954
827
516
-320
756
503
-577
150
925
534
912
499
950
-938
-610
-290
-25
-76
159
-20
388
823
-815
228
-465
-447
-764
310
821
746
359
-460
-616
-712
-643
-405
461
71
501
-465
708
537
-874
629
-261
-686
-879
845
-416
425
-207
-534
-557
-807
-318
874
-496
480
28
539
849
-732
672
242
-293
719
478
-316
191
-177
311
-599
-560
-369
432
4
-630
-312
-757
512
-7
-895
745
-934
67
-921
-871
-766
-447
476
551
-846
-579
-85
571
404
-37
471
-859
-683
-325
142
-155
-310
-662
-529
-282
366
314
-667
-53
182
-351
959
713
956
-389
583
251
544
392
123
431
375
-981
-410
-767
-347
400
-792
259
597
-585
61
559
102
-193
-58
191
-480
-624
-816
759
-176
-860
-739
197
-657
795
97
-857
108
447
-681
820
37
242
262
88
-107
-162
-255
-643
-787
-98
134
-83
-558
-684
-740
993
-403
-112
-158
-510
-247
170
-44
718
384
-295
682
-195
-760
-287
163
322
-635
595
-383
82
-992
-866
713
-279
-776
-134
758
-876
-387
-317
-444
242
-818
-266
19
302
-334
837
-130
-744
-300
77
25
926
450
-653
807
-300
-502
-746
-863
-893
140
242
-535
465
-44
-806
303
835
974
-901
-236
-128
817
846
-354
106
-585
-160
977
505
119
26
-96
-159
-498
241
-17
-597
507
-231
111
377
-566
471
-868
365
845
898
269
819
-792
-531
532
354
-679
431
963
622
375
-724
582
185
-610
-961
781
-196
354
-792
129
-674
-437
-307
712
-344
518
151
-825
-368
1000
487
580
-757
618
-940
374
-637
-158
269
-832
848
-14
60
455
-562
406
-392
408
-936
-989
34
403
31
-120
-657
979
-487
-244
14
996
177
630
59
338
-180
-174
-612
-631
-90
567
337
812
334
-499
233
-764
-87
568
961
-327
-620
28
-127
-229
816
728
-135
83
-229
674
-425
-325
-729
889
-198
897
873
-245
-899
150
-453
753
678
-949
-74
-96
-836
-797
907
772
648
-795
135
609
616
662
-453
796
551
451
23
575
-911
-272
-716
919
-534
640
-823
-872
-788
482
843
849
763
-535
326
901
-256
-51
-534
431
-432
-968
-269
-329
-506
-368
-352
-709
-239
673
208
-761
-638
-677
762
-658
220
-751
657
511
323
-421
-598
-645
-579
-725
-278
114
91
-584
388
817
890
322
-117
-771
-327
-84
-815
-903
-947
-419
91
241
857
671
77
100
116
-403
-717
972
459
-697
-67
642
-108
-683
-211
-55
-542
263
698
775
457
-624
54
465
333
905
-286
-515
-788
-673
918
-157
-187
645
500
-341
-812
595
822
267
22
-53
836
-39
-469
-725
139
48
-333
467
17
997
-112
-994
414
574
-159
-807
-436
-759
995
-78
25
989
-662
-156
-772
-439
68
-631
153
-989
57
-1
71
167
483
-105
125
104
959
-302
458
-245
-701
722
170
741
519
-429
911
-361
-762
89
-937
-673
-869
862
145
380
517
233
-913
-658
-259
-926
-252
-745
951
668
-523
183
537
553
-645
-26
-41
984
-510
-609
138
769
-45
-508
-107
-258
-414
-585
-843
5
373
-115
-978
-733
-262
-179
-686
947
-62
602
-968
22
-138
-885
-544
-862
-152
608
-483
822
-492
-465
123
-431
-629
-578
-632
-418
185
511
-642
683
-685
945
-911
949
387
314
-357
-612
392
-590
-723
-593
-568
-130
-530
-61
416
-342
949
691
-331
980
396
548
974
551
-592
-877
718
-171
496
244
605
-401
300
658
-593
459
388
-274
256
211
-381
270
298
-721
186
-450
-928
918
-324
278
-48
934
-567
428
-232
31
-475
52
-807
-191
587
712
952
594
688
228
-374
790
-706
-202
-952
150
205
-776
895
587
-809
-583
-559
412
-77
174
-3
-915
734
226
-425
641
-562
-734
-914
-628
-561
-10
81
765
482
-467
928
735
196
629
-672
-167
956
-468
-830
-348
-716
669
977
50
26
886
191
-634
-996
-320
228
-629
-341
723
549
-888
134
486
-839
-306
-757
-60
377
950
531
-599
-671
-699
-274
880
855
-495
-880
347
939
560
-721
-18
931
474
-866
386
14
-757
682
-34
-749
180
563
-259
-758
817
425
-815
696
687
-588
931
-517
69
339
-533
555
-447
-492
853
-900
-129
-384
-571
329
-298
-596
194
75
-889
-445
-437
476
-433
-595
-539
-425
-608
875
967
-630
942
-147
-535
-636
-320
-397
77
-740
-868
334
149
583
-926
-827
746
429
508
-980
-55
-838
842
655
388
-779
-48
-358
363
-25
-454
539
-406
365
219
913
275
-269
618
-547
-900
-305
854
830
837
75
168
825
856
-459
12
-471
-18
-190
-487
-582
950
-480
-806
-787
-921
128
924
-959
-911
-540
-217
842
969
-70
-61
-12
-743
-834
-213
322
-628
-557
-295
-605
57
-846
-167
-83
949
380
-661
713
626
-233
-593
732
-553
985
-122
366
828
838
941
-275
-722
25
548
-322
476
589
636
-563
-653
-194
538
131
-459
205
998
-101
-286
-391
-687
-222
777
-757
84
680
-817
-522
298
-63
-880
-740
-172
-458
505
-255
-879
-599
28
-749
-606
-845
532
-294
-450
-676
548
-906
921
-499
285
411
-795
831
58
962
276
129
685
-18
459
80
192
27
-609
206
172
-486
993
917
979
996
579
-771
278
-756
-217
263
995
411
582
655
-100
-379
-345
831
-434
-61
-977
-5
984
-754
997
-455
681
-528
730
855
827
-193
-932
-566
54
640
337
-755
-863
-881
143
-442
-950
-425
187
341
897
271
-106
848
143
679
-277
54
-340
326
521
824
-990
-450
797
-366
651
503
320
-428
-650
837
499
-194
459
-650
-496
618
-2
-806
673
271
-607
-9
-316
-242
364
623
-555
573
350
288
999
484
904
-585
-824
-721
-514
217
240
597
-676
-5
707
978
-252
262
385
793
-462
213
-908
395
-23
957
-772
946
640
756
-117
634
-226
-309
115
-847
386
-846
-788
-760
858
-438
-42
-954
-474
-373
-728
834
-187
-83
558
-736
-306
-791
-71
234
860
-430
-270
-653
358
204
-123
437
-822
713
-449
-896
859
-479
-476
183
856
-912
-361
459
-470
-604
565
-739
848
718
-379
134
770
-932
593
-937
-31
-479
358
-319
-565
885
233
993
-271
-609
436
-469
-540
-406
-682
-412
53
-550
-633
-623
-897
701
946
782
-547
-964
-989
433
-518
-651
552
752
13
-471
-284
-966
-306
865
262
-269
429
-565
-917
824
-984
516
979
449
-957
363
-578
-713
-828
796
-910
437
-757
-452
-476
-191
335
333
-357
908
611
-711
-553
817
826
233
-745
546
588
-534
901
936
-415
196
-121
24
306
-54
94
-305
-640
280
-458
-58
596
-874
653
134
-970
-940
770
-167
-799
697
-615
-54
-604
-752
64
-567
667
-466
-995
-208
-687
-391
773
-354
-651
624
-904
-912
767
-993
-212
446
-735
955
-587
885
-759
943
285
217
329
-96
89
-385
-210
-738
662
859
363
726
628
47
626
-433
118
-645
806
295
-827
896
-907
979
494
984
318
393
-239
381
-134
-754
113
-733
606
882
756
656
-526
374
-949
-22
-158
-845
-123
-849
264
-922
460
-320
-179
-423
-880
-474
475
-751
252
-903
-468
-778
958
533
-612
944
335
474
62
326
900
709
848
680
963
-137
-285
-79
261
558
195
-340
305
699
532
902
680
247
-420
797
-91
429
-739
676
429
-614
899
-565
-275
614
666
-131
-378
-237
-757
744
-261
-322
186
-955
132
74
208
988
155
-120
67
-365
961
-733
-8
-146
46
-465
901
709
255
214
-759
-31
-936
923
349
290
-356
128
-474
-973
756
615
686
-951
784
-208
-645
970
-578
666
523
196
785
-631
814
-54
472
139
-42
-437
-492
-676
-623
-428
865
997
48
-350
-889
6
-654
850
798
691
146
-697
-702
748
587
-73
479
-57
-693
-411
-233
700
-21
-435
721
-699
-384
-530
154
3
-633
-290
-172
-963
-72
992
-335
-995
-90
-693
799
-927
-425
-255
-128
382
689
-910
-512
456
862
186
-175
-431
171
-280
-762
821
-305
-98
-17
289
729
-129
-993
-125
790
-478
-686
335
274
202
-307
157
-97
-256
-561
-526
-366
-650
-227
188
-800
686
-89
108
714
752
995
212
954
17
210
-483
-606
97
-947
-77
67
65
-500
-111
-429
-368
-328
394
-791
786
746
968
733
519
334
-809
774
949
-812
429
-165
-362
-984
-87
-834
334
692
-88
789
-996
-103
735
981
629
559
-149
884
706
-780
822
-781
277
-539
831
-68
324
21
-473
770
-777
843
905
-592
376
25
-741
823
-457
955
-423
648
315
-233
810
-390
-915
257
698
-160
966
-267
469
961
-219
41
607
-267
387
3
471
913
777
850
335
-454
130
-343
777
390
528
-905
923
-182
-983
-949
778
45
657
-660
16
-210
273
-768
-6
25
-386
29
-270
-703
294
92
-61
-772
71
-74
157
923
-790
-629
-873
-429
515
32
-852
844
-191
-721
-997
-777
30
-644
610
-447
659
831
737
-186
279
-732
-482
-752
-995
603
144
571
805
-939
382
977
-937
85
-859
-620
612
257
-782
-708
-799
163
10
639
-480
-584
8
-584
-286
186
-858
795
692
-340
475
815
396
229
-385
-846
-211
-804
-982
152
166
641
-903
886
111
-512
-247
-408
-947
-475
-288
-313
-92
211
297
952
-601
-809
28
-115
592
-608
-666
-780
610
318
58
605
13
410
-680
936
279
-332
772
-648
-914
713
-551
751
-414
26
-797
-526
521
930
766
-249
-18
776
836
-588
-197
-140
98
-664
242
-739
764
711
-176
34
844
5
-512
786
-695
-680
312
917
216
104
244
787
-351
-77
429
-235
-355
-442
702
54
-99
-962
331
-887
-189
-266
-709
950
789
44
446
-678
74
460
-817
31
-197
-883
334
-221
18
33
667
-872
659
-471
-874
-759
83
198
306
-910
-916
-579
136
765
-362
-833
77
-557
-366
457
742
-184
228
-723
813
161
-667
496
-187
190
208
704
823
466
971
132
504
984
41
705
-122
968
-29
279
-130
-712
-202
548
690
548
-385
-615
-495
900
348
-564
324
-785
-747
564
-549
-144
20
976
99
-151
-861
-214
326
-992
-749
788
-529
-131
247
431
304
-966
-113
-851
-885
-959
-135
183
-526
-329
-136
792
475
483
208
-574
269
-495
-130
-268
138
-106
950
-683
104
805
-531
692
-100
900
344
-35
-365
-365
367
110
-635
683
-615
459
-465
-351
-714
-880
48
231
584
953
450
-250
220
200
107
924
-902
-412
-325
158
-94
-447
-652
242
104
125
377
265
-268
-318
161
-427
-87
860
-527
-736
-56
255
-352
609
676
-844
-362
-287
124
-451
-751
-949
272
-399
147
-738
-260
-717
-541
-969
64
-143
-110
84
-118
912
-421
145
972
354
-530
-363
647
610
-472
803
-889
563
-847
-489
-300
620
646
59
-845
554
-883
-881
921
-469
-587
-477
-416
337
-663
-121
885
33
-909
371
421
982
688
-946
-137
-367
384
-471
-531
-40
450
135
-413
-125
385
-298
-204
-30
591
-585
-327
475
218
-823
-811
577
186
-180
190
-74
349
-233
-371
-386
-892
-85
251
103
-724
536
990
628
727
-534
615
-728
-386
514
-44
-622
755
-937
652
650
268
-99
97
-951
762
648
-481
946
-112
-677
613
-933
-459
-823
0
880
267
-667
-460
-844
-510
-130
699
-185
-421
131
-707
-415
78
189
-340
-984
-900
-183
-148
613
-599
-464
-938
63
330
-301
704
931
-450
932
25
955
447
232
-521
859
-475
176
-291
-157
241
178
-969
-763
-869
115
267
-598
700
174
848
-620
-120
126
888
443
-903
916
193
280
-33
-152
-414
-913
-48
-999
-92
893
946
259
469
371
877
691
883
533
34
-567
634
-341
-583
-854
545
-688
502
-568
-108
-295
-694
837
-358
-747
-20
446
21
358
-43
-81
-188
-561
-709
770
-681
618
110
824
233
465
-274
523
829
-929
730
-618
967
-864
631
604
-351
-639
756
257
-383
449
976
-598
25
-971
-624
697
748
-399
-69
594
-291
169
-238
665
-788
39
213
-133
573
-261
-579
-82
-714
-244
-859
0
394
982
-628
-963
359
-171
-496
-451
-985
-513
-343
658
-528
159
611
458
222
-675
-737
767
361
277
679
632
-561
-254
-754
-723
-272
-289
-966
603
948
-670
261
784
165
51
740
-793
77
333
509
-91
-851
421
-736
-956
-229
-917
-139
-264
583
-145
-644
408
557
-435
-680
134
431
-179
-994
-126
-246
-564
-314
506
-658
844
-605
-836
380
-440
34
-236
-598
-99
-79
360
-418
-331
-637
644
-244
422
-307
-843
-299
-62
407
-116
162
15
395
-938
86
-362
-743
-317
215
79
-190
545
717
-973
551
-612
-225
-402
-466
-841
468
-859
-523
-445
-542
-176
-501
369
-611
533
119
-732
-412
915
887
982
657
-200
-186
438
878
760
-843
842
122
578
-82
-276
-270
-256
285
-4
614
-40
773
170
364
76
864
-265
900
-154
640
-103
-77
584
343
980
-993
-237
-411
566
-291
-911
441
698
803
998
-170
8
-536
-718
-12
25
-376
-520
-417
-692
97
238
740
-490
656
-909
-89
193
280
184
196
-812
-750
914
-596
564
-142
-640
759
-864
78
-707
102
415
129
117
752
-897
683
428
-460
920
4
-59
332
-258
177
-290
505
-664
-71
441
-690
161
493
-283
-964
329
867
147
919
363
-824
-144
441
738
-497
-37
-441
-208
-458
409
-828
119
-838
-474
-141
198
-534
623
862
663
-621
-836
26
675
-379
-297
-96
-949
272
-237
155
883
974
-80
311
420
416
838
651
328
-73
29
539
-426
-487
-812
701
-945
262
-62
-276
-963
355
-663
362
-539
639
645
564
956
-421
-907
-512
512
282
531
-868
-874
-589
-293
210
824
-425
-701
929
572
749
80
-494
-880
-197
-162
456
-732
-395
-251
-692
354
346
663
-385
244
-735
-839
775
-337
666
-62
-61
599
25
-489
-656
851
-571
563
691
834
-47
-495
266
-780
633
-215
-475
353
295
70
-440
419
391
468
702
130
-251
90
453
193
-494
713
-853
-386
941
-41
456
-255
-282
747
806
-805
-157
499
586
470
-635
856
983
-248
-47
617
-688
-489
-730
-821
-279
-130
620
-596
896
-934
-122
-506
-435
285
396
23
-732
-205
-609
-844
-934
881
-361
-797
149
-541
352
-697
-476
-654
876
-40
877
-943
-894
291
401
767
959
-891
-44
513
989
857
-913
-901
-730
249
-241
-153
69
-61
807
-738
-545
-831
-119
1000
-184
961
678
-434
-547
191
575
-296
486
-228
701
-642
-688
140
-159
-780
333
-344
158
785
-745
145
-5
-794
694
697
429
224
784
322
994
846
478
603
909
-619
745
504
-787
-419
-784
101
-751
-882
-115
599
-723
-211
366
-640
-571
-278
536
-560
271
-199
700
-435
664
-176
166
492
-340
-139
635
-830
-330
964
442
-68
-426
834
211
-333
574
353
521
-607
97
778
-818
-463
-817
301
909
-366
-501
338
81
-431
-871
795
-335
-107
771
-619
-824
-740
-336
-647
300
-568
-4
-937
909
-914
124
-554
551
573
-985
185
-337
-76
583
154
-897
27
-196
989
-953
19
853
667
-350
-740
-845
889
-985
989
844
497
-99
824
644
673
-899
-391
-955
730
-303
-476
194
710
147
-107
-94
-804
729
-838
-179
68
899
-106
-920
-96
-709
73
283
630
305
150
352
295
11
-812
-633
556
916
511
19
-411
129
846
426
756
4
319
585
586
-762
90
-786
-818
939
-334
837
554
-22
-842
-97
-245
-186
258
-678
-668
713
381
180
-490
320
-925
-975
-163
-118
949
-455
970
850
-990
798
848
-844
-944
803
482
-119
815
867
-629
369
-532
642
-761
57
-204
478
185
-400
-958
845
97
585
-519
-885
687
404
298
287
633
-915
636
-455
521
-729
-194
-543
-903
205
500
-426
274
921
875
-284
456
167
740
-465
-703
-300
981
-932
417
-52
-288
966
795
-847
412
-340
594
452
-905
58
-798
845
-962
-790
-263
186
-555
-260
-467
-922
-790
306
121
-308
-378
754
-383
-628
-275
254
443
403
973
-39
-815
-777
463
858
-961
973
-546
62
988
631
706
861
511
806
-477
602
-367
728
-399
170
302
222
-556
556
960
-581
-487
-586
513
441
463
372
656
-983
377
963
162
-78
-839
760
-191
70
949
-231
-716
112
-859
715
-507
-308
377
-587
-930
-66
406
125
378
757
767
868
-139
-76
-906
-551
596
-941
493
690
-468
29
947
499
-932
-130
391
40
-875
-541
-60
11
979
-706
573
-138
448
-422
820
169
236
-583
93
-445
-960
743
0
214
426
-45
-385
-18
-6
-987
-604
-184
-487
137
85
-685
-640
346
-808
-668
204
-129
-729
389
-644
-385
853
216
-630
-513
305
500
333
-148
-57
-962
203
770
946
264
-573
911
407
-590
-864
747
675
133
-911
-10
820
249
80
651
881
739
-299
548
362
551
-3
-122
-60
699
635
18
241
909
217
389
991
-807
964
-949
678
261
-869
476
-303
-937
-109
-726
-113
-679
772
82
-667
-326
354
31
324
338
359
781
391
-402
-718
-365
376
-52
-167
426
643
-547
628
172
448
899
746
408
368
-24
515
588
-289
-494
500
-861
466
-18
138
-626
-154
603
800
503
-650
-924
-482
-334
219
-512
-565
588
63
202
-358
323
-809
-973
-281
125
119
-422
450
254
-655
-326
-287
-299
-857
371
-445
-484
-964
-822
-541
832
-724
514
391
235
-352
810
-562
401
-144
210
-779
-198
89
948
-892
-804
815
-279
-350
-605
449
-539
192
26
556
-668
191
262
216
-410
413
682
-466
-972
605
491
184
-413
-532
451
756
-712
-660
871
995
923
-987
261
-440
-993
356
97
521
872
584
-206
434
-515
876
716
642
223
701
-40
-35
411
406
274
380
-179
-819
-896
-383
618
284
47
435
-775
657
118
-534
-818
44
-481
-544
-676
-253
-856
-783
562
251
505
-714
-994
-946
-676
-194
-162
953
142
490
-518
-824
-124
367
-832
-560
-282
-621
462
498
259
679
439
299
-686
589
130
-580
-29
-353
540
466
594
636
606
757
41
23
-19
272
954
408
855
56
301
-162
775
-855
290
486
-766
260
478
732
809
-319
184
396
-135
-681
-119
-142
-60
-86
138
-579
594
278
634
-101
793
-628
514
618
608
643
-100
20
-706
260
116
-648
-725
460
291
-158
-662
-56
612
-906
-514
-512
-186
-481
823
905
-35
-667
-949
-942
757
-368
-567
-342
-841
316
-595
-738
-789
760
681
642
-760
311
204
-91
-206
-745
67
501
161
884
-597
-415
388
-87
934
45
-365
511
873
15
0
-929
646
544
-408
-561
-400
-43
-944
-687
157
315
647
-357
215
996
898
783
-882
703
-303
-940
726
192
-202
-974
-631
662
550
-203
258
20
32
847
-192
334
-939
186
803
832
193
-163
-826
425
882
-192
106
746
-390
0
-367
-894
-172
292
-396
230
20
833
-276
597
-401
-42
-249
-98
-727
-617
-448
513
-871
862
-633
755
-35
962
185
-54
-492
-781
-125
-326
501
837
-426
-164
390
38
-878
-128
-799
833
707
-513
-850
48
-744
493
724
-913
-497
986
79
-123
324
-217
824
651
686
-990
483
462
406
456
-417
-574
-874
864
748
-311
-758
55
-41
-895
-592
948
206
-411
-951
524
-44
-731
-555
766
587
-130
-296
-191
-753
-813
212
247
-125
659
951
-338
-510
876
351
344
-14
936
432
262
603
-868
-445
115
-550
-299
-359
-824
-299
335
719
-588
123
991
-181
-143
288
-806
-789
-87
-530
98
-814
480
12
-312
-884
-781
735
397
-988
265
-466
-553
534
-248
849
-696
85
-372
363
-498
816
-45
748
550
578
-359
-157
722
585
-542
-860
577
-703
563
-287
-402
-871
-717
-422
-919
-128
793
911
808
761
570
-339
-920
-400
575
-393
-384
-335
756
37
604
500
552
900
-896
898
-347
68
950
525
-130
644
444
629
-486
286
-235
709
-795
528
-579
113
10
448
113
-642
-907
566
870
562
-532
675
-434
-748
796
48
549
-819
409
763
-698
-8
244
-575
-175
-220
-938
-496
-972
-889
-548
-766
511
596
747
327
-384
22
85
704
-499
712
-375
-780
-862
207
681
851
466
235
446
299
75
728
-617
-962
-271
-139
-426
451
-908
-82
323
584
-356
244
-173
-145
-649
516
-438
722
-138
-924
972
70
164
539
-934
-328
489
75
-624
117
161
880
-199
-702
120
582
622
-583
-333
-729
565
88
327
916
73
474
-713
563
408
-982
436
175
923
413
222
14
61
-236
176
828
924
857
-464
32
578
320
-955
-284
384
-360
737
-954
804
489
-312
388
-667
-41
263
342
357
-977
716
553
564
-713
628
99
605
-917
150
594
-978
899
-511
-861
399
-999
-608
425
327
-987
-417
-382
-683
-153
-857
94
631
-561
230
-455
-724
803
-238
634
-642
605
-383
956
436
496
278
376
407
-725
416
-580
-57
-381
-781
126
393
-328
331
820
-411
213
999
18
-230
-226
-919
75
743
127
-170
599
-567
-525
335
629
-119
159
599
-791
120
-998
295
-213
-540
690
-608
950
-517
410
-532
920
884
334
269
257
202
-724
-96
-610
974
443
-896
-19
-42
374
101
296
7
-728
875
119
-508
73
125
-285
-794
-951
-114
175
-99
615
-624
809
-427
-765
-431
-672
-26
-809
-609
581
-959
360
398
-238
751
739
-290
-110
908
-444
-25
432
397
-921
-695
354
-437
-29
-360
-346
472
30
-382
-234
-569
959
999
-591
-961
158
967
-698
-59
757
739
577
87
389
-169
997
-632
-964
-809
703
-334
-491
-979
379
144
-744
139
964
-525
-578
-803
-561
690
287
511
-983
94
-770
904
-83
-878
-54
-349
-747
-130
-231
630
-959
604
973
-615
-372
89
247
-243
325
-441
-317
-250
539
-33
283
759
309
24
528
339
472
900
874
-825
507
-620
992
-577
-124
-300
-725
-947
632
742
-711
-666
541
940
384
-547
376
429
88
-358
-391
364
-394
228
-297
-649
-143
-756
-778
178
172
-724
-962
-802
741
41
-861
-285
-434
561
346
130
576
-716
-499
284
-410
-675
-258
-826
-59
-643
-643
930
-13
-446
-841
-393
434
-506
974
-102
-375
-789
664
232
-549
-225
-438
684
664
469
-182
76
336
-973
912
-239
967
-668
-571
-608
331
464
-401
-582
999
-990
-937
-879
-169
-447
-166
643
-978
589
460
-759
-851
643
553
322
45
953
453
124
-955
-64
534
898
-111
4
536
514
257
870
-782
587
874
-674
-395
-362
50
693
-389
603
368
-489
-54
89
519
-844
-528
-349
-189
-636
653
382
660
524
119
-743
213
-499
575
-541
-68
-468
-372
187
466
136
410
879
-838
894
113
991
-688
162
-426
933
989
-903
799
535
-583
682
-669
920
-631
-795
-946
19
851
-831
134
-821
631
-460
669
306
-187
-533
-608
904
55
720
733
711
-746
-509
-980
-195
213
59
664
-744
475
-356
753
-255
332
-179
-396
-506
26
-177
486
348
555
264
-452
-67
836
-16
-721
54
402
-332
-246
601
957
-787
-979
-669
-265
-357
375
-766
-386
722
-665
310
152
-65
-794
286
-487
965
-417
35
278
181
-719
559
2
-934
-310
-944
373
829
-783
-932
12
-502
971
865
871
-133
773
-688
233
-454
11
12
386
390
-708
149
-993
-780
584
891
-897
-3
-311
-852
183
-217
860
304
587
-692
730
614
-934
-533
-437
-477
-358
-174
286
-856
591
996
870
661
779
-289
879
528
-21
607
-660
778
-35
-73
-273
-7
-506
-682
173
85
-955
871
404
-20
-804
-44
-105
538
199
-702
347
-233
677
-78
246
985
397
514
191
269
476
-553
520
295
-858
468
-15
839
-327
60
197
685
717
-169
817
-988
227
-300
142
-382
-945
-251
468
-276
-825
-670
400
-552
-478
430
798
-466
-665
128
617
518
578
932
-341
876
-750
474
492
665
-881
593
-980
466
-591
-2
845
-787
-692
313
999
-795
-421
-887
-732
-928
204
-479
-962
-100
-821
295
644
912
67
486
-972
885
391
841
-5
949
373
713
984
-484
-957
-571
-214
-133
974
-38
-931
875
496
488
208
-5
-955
-868
-63
-85
637
197
-114
605
-161
424
222
-119
-125
-214
265
784
-597
-715
67
-355
-948
-797
-586
335
-68
-913
-880
-304
-825
-536
-818
-926
977
-992
391
-133
241
339
106
-101
-740
18
899
733
391
675
-62
561
-728
-687
379
-326
-633
537
-337
-636
605
581
-894
-808
-281
809
632
-127
424
1
-576
412
274
-337
-166
-449
661
378
-396
81
-360
94
-543
615
704
-200
-753
709
-861
-247
520
521
-59
636
241
391
-470
-786
-949
886
879
474
160
195
-984
349
-214
-859
-934
-118
853
368
-546
917
158
-96
715
-492
868
81
-40
857
830
-357
-712
21
264
657
612
-600
-236
-792
858
308
-832
-893
612
-721
-114
329
120
-465
602
-760
486
-948
-4
-54
-492
352
283
-410
166
-142
392
-359
-348
284
743
-711
612
-101
944
-644
-395
926
-558
726
-59
-347
138
-267
0
807
966
698
-345
-489
977
275
666
301
-486
704
553
-269
-199
768
-308
626
116
355
825
-807
252
-830
115
664
-894
-497
-72
-609
60
980
-57
-238
399
962
-637
-576
-923
-217
-976
-743
-479
273
103
-491
-979
-192
404
135
-460
-136
191
476
591
-450
-871
-107
-924
-604
-638
-976
-239
114
-324
-910
569
45
674
-143
-186
538
-257
590
-345
-115
-898
295
654
-529
-100
-475
260
753
-893
-401
171
-697
442
-421
-304
932
-238
-24
-227
-531
-884
278
163
546
-874
-46
-208
866
945
758
647
456
-516
-410
-579
601
61
-833
-908
805
128
803
475
370
-453
-149
-572
886
976
9
-68
-389
-998
-128
498
-533
733
-693
331
-797
-272
-674
-613
-965
916
279
-201
-216
677
-673
-27
730
-326
987
-668
557
929
-784
-875
-5
897
124
119
858
-413
803
-664
104
776
758
422
-549
371
-1000
396
-741
-601
61
676
363
-532
573
279
964
-322
-921
997
433
435
-948
545
-746
307
409
-48
-654
982
419
-328
481
-653
531
-877
393
-151
771
-872
-513
999
719
-867
-926
-65
-283
-310
-771
-565
569
-133
68
-820
99
-759
-489
-143
63
379
-580
376
985
827
-853
119
960
-575
-233
813
33
-658
-8
-543
-96
-95
-337
507
481
479
725
-159
-441
-941
476
-797
677
527
31
-540
-721
576
580
-153
290
482
289
-244
505
695
34
-712
636
729
962
187
610
-914
722
244
91
-144
292
-413
-294
98
-427
-910
676
-390
-743
-12
-576
-785
-512
-784
246
-907
28
996
664
-212
-688
370
798
926
626
-659
996
-889
-439
-192
-38
847
-536
863
883
933
-876
-492
-815
209
-510
-693
794
-253
474
298
-303
-31
-173
185
-700
-92
309
-879
145
53
691
-453
-30
-330
74
804
-784
962
414
419
542
-872
-767
832
464
-141
769
161
307
720
-330
743
-897
419
459
-282
-338
-454
-950
492
673
-663
136
-142
684
-801
-565
556
-737
-811
72
-52
-290
-824
-739
330
298
-889
168
965
25
-190
-304
571
-811
29
-908
257
-918
80
748
-202
694
-987
145
1
-879
575
-909
402
782
-326
834
858
785
-643
210
-204
850
-480
402
-256
876
436
651
606
-35
673
-795
871
473
490
-160
790
-539
-475
-798
464
-800
-980
-108
594
755
-341
161
861
388
-426
-384
407
683
999
-911
-33
691
817
-179
-553
-735
-913
884
165
543
149
-968
983
605
874
1000
966
996
-701
624
-36
159
710
482
-696
-800
-210
-129
682
300
405
-784
-622
-303
757
-504
437
810
-42
213
-125
179
615
890
-587
-422
-782
-890
162
-181
956
178
473
58
627
256
-815
300
-573
957
927
169
-823
602
-973
-266
-90
740
186
698
276
542
557
-851
829
715
-552
-150
580
-838
941
-915
68
519
268
133
209
-92
-76
950
-302
-187
278
-595
-371
-944
651
785
956
-298
-318
795
-814
-161
191
137
976
236
-963
477
56
548
-415
508
241
-873
402
767
986
-294
-273
614
-856
-482
-250
-731
-977
-348
291
11
-794
716
-524
671
683
-421
-793
-988
-353
249
-679
576
810
653
-501
-47
-38
288
-780
35
561
78
607
-714
-559
-289
905
656
-915
529
-202
-938
624
-803
999
-374
-338
291
571
686
84
-459
-841
893
376
777
146
-537
-937
412
986
-808
48
-524
309
-455
-606
203
-621
735
217
-718
-455
-706
30
-469
-98
-478
-347
-444
-803
949
-704
-244
183
924
1
559
842
28
582
89
-701
-770
324
103
84
914
-786
728
-53
956
-262
642
-14
-995
-610
862
-99
-743
-32
4
-355
-196
269
520
9
-60
-209
-940
992
-219
291
-529
191
21
-199
-84
-696
361
-1
-463
-768
540
-166
-794
765
-671
-319
432
-603
-438
284
-864
-341
-313
171
725
109
142
-103
-930
-949
743
-299
271
-563
407
28
713
361
-737
-315
-573
-34
-441
-753
-365
819
-806
-363
-657
85
937
-322
-384
-442
295
-412
489
-585
-882
677
-641
488
-396
320
-285
-580
612
847
317
8
811
-490
117
-776
-41
-120
-897
832
204
-73
-481
745
807
-508
470
62
-923
-856
587
719
-952
-457
-538
841
-847
339
-923
-490
625
-487
-630
-425
-84
-974
-91
525
87
-874
-230
-549
-589
231
-377
308
378
914
887
-532
-21
-665
-305
476
860
-618
-221
74
269
75
92
573
462
-627
-174
506
-331
-788
-654
567
683
788
-414
-180
-234
-987
-516
969
-847
-756
-632
-296
589
939
538
869
13
846
299
310
452
17
-363
-393
743
315
252
334
-251
897
-351
-673
62
-371
-435
-566
722
292
80
-390
-522
843
-576
727
-25
-644
-920
-899
259
875
-641
-28
-394
-211
941
-809
639
708
-921
-873
9
-510
-903
293
763
-713
-522
-733
265
-711
-89
-488
222
-565
609
777
586
-782
46
-964
753
-901
731
338
176
-953
119
-379
-513
-873
721
16
-336
119
888
-757
-332
834
-612
-58
188
-55
778
-705
-926
-768
-920
470
55
58
157
-286
-786
310
-366
-821
-652
861
-6
-675
147
-797
-931
-844
-706
649
-328
-308
-104
929
938
233
-237
159
803
117
291
14
267
926
-121
705
-638
632
807
-481
-106
-7
-221
619
-266
-167
-450
220
-254
-745
-870
913
138
-435
243
26
-332
-476
-505
298
-556
350
561
-105
-870
455
-3
-421
638
984
666
-132
523
895
-632
-446
-409
-483
-520
837
-860
838
-435
-578
506
-903
-68
674
789
212
-553
997
-187
642
-536
-765
923
-408
798
-483
556
-775
986
-387
-496
286
-592
-540
-810
922
-576
406
168
614
991
-26
881
-795
-425
-492
929
990
-732
-295
-502
367
-816
-959
669
-362
285
-348
-403
386
996
-930
408
-995
-402
345
-25
318
553
467
901
426
211
-327
186
234
-951
-175
-482
611
-698
-812
988
-638
-668
677
572
332
743
743
-734
805
580
-150
-665
55
-143
-313
63
380
-86
-815
898
52
-543
-620
-366
-40
894
-597
-37
11
-631
-911
893
-299
709
842
587
-127
-370
939
-38
997
-319
70
422
-518
561
-491
318
516
-758
607
-516
-960
-645
-620
-319
264
821
-324
355
277
872
971
876
38
396
203
-881
949
-583
858
-37
-548
294
-670
339
-282
958
622
367
73
643
784
-762
-214
932
-944
318
459
957
-282
48
303
-642
810
-278
-903
342
-996
-380
-203
528
535
-86
-177
248
-758
-553
-997
300
-468
726
764
-597
-744
942
592
151
-233
-489
519
-848
683
-187
415
-918
-956
-951
-135
-695
-440
215
438
805
802
-735
820
-522
650
-300
-559
679
-90
801
177
-814
482
-152
-16
18
521
357
-1000
185
-105
428
357
836
438
-280
86
-892
-984
605
170
-271
767
-595
604
-538
157
646
-121
329
592
321
-544
395
-953
-939
283
818
-913
773
-609
646
-945
-962
799
788
373
731
62
472
503
62
395
-816
-751
-164
13
-317
-727
282
-690
-140
744
447
-507
-816
-146
336
592
-573
-101
836
-942
510
-480
-267
-198
-330
906
768
960
654
926
24
-98
-669
-356
345
924
-754
138
692
160
-539
771
402
1
-718
-123
11
240
-509
558
558
574
334
958
-8
129
-191
-338
683
-554
804
-485
-788
-255
705
633
218
-363
-99
-88
-316
675
493
311
960
503
-762
-135
434
907
398
-826
369
792
-260
623
672
2
-425
-656
-370
-216
-481
875
55
-953
406
199
488
760
-364
653
-684
-557
-983
156
100
351
-369
946
485
-352
748
534
-118
-96
-788
-449
-335
478
994
-365
-397
774
-46
712
546
987
-419
-100
607
-548
94
-319
-315
765
-469
-300
304
375
-763
-461
476
720
948
696
-246
650
-356
-544
-294
858
-895
832
-512
-776
-571
941
317
698
483
-872
180
748
494
-336
289
849
-220
-327
-119
-238
-325
292
-244
-659
-49
497
122
555
-648
348
-791
-420
-653
-709
-965
259
-348
393
-639
176
16
-399
-40
-993
-227
-197
-989
-956
57
226
71
-782
-218
-623
-377
371
-811
-541
-755
291
71
-461
858
-158
359
-679
240
-26
-370
531
-877
-104
-487
69
-508
839
629
17
139
-918
-267
-475
113
-631
-402
650
-465
-413
-416
928
428
-486
973
-26
754
189
-861
246
30
992
-152
-950
-826
-819
-525
978
305
-459
-907
-417
-708
480
827
562
-457
247
631
-725
-599
944
579
-76
-850
841
-894
909
-779
-124
-888
-454
-341
487
-78
-389
-340
-401
-759
572
469
-855
51
100
979
-703
407
298
341
-303
862
835
-565
967
-625
205
-997
994
217
-939
342
33
-135
442
905
-255
801
831
-684
-315
13
612
-771
520
300
-286
39
416
431
268
-310
30
-977
-423
809
-10
719
880
344
744
365
468
917
-9
47
189
-871
-158
92
403
-187
-638
837
530
518
-260
-933
820
265
-970
-123
423
347
701
121
302
-672
540
396
-496
-649
-881
60
752
-97
-341
443
108
-8
-134
-862
-852
-932
-988
864
-839
-326
-98
930
915
167
118
634
485
-915
552
372
39
969
219
-158
122
-96
931
-140
-129
-285
-488
-408
-816
-561
-209
-373
-415
996
837
-485
198
560
-403
1000
993
365
-722
-477
142
378
438
-697
-254
408
107
957
-602
731
896
264
93
195
62
-586
-327
-887
-529
241
488
-235
-545
250
-170
949
-908
-288
-365
831
-845
-202
-25
937
75
116
-829
-940
-257
-57
998
13
394
-455
214
558
-519
-506
452
-249
-400
-615
-25
-342
-101
-188
58
246
-463
142
-840
-687
-486
157
583
-832
-932
-48
531
-337
200
-164
525
225
979
-516
-957
22
903
725
94
-256
841
-712
-295
451
840
-228
-28
865
766
954
788
-404
880
462
-369
-484
909
-461
359
-386
-439
503
-414
266
258
451
-156
581
303
282
554
475
465
-101
-783
415
-285
-281
-598
-571
477
-337
429
-226
613
-320
427
-637
-552
-842
-881
15
-68
419
862
-21
-688
656
8
169
-511
425
22
220
-982
-273
-666
-170
-758
201
-897
-189
973
466
-316
-178
46
620
-532
-882
-324
848
636
-56
759
-7
-968
933
-761
-289
935
-606
-1000
-718
-92
-466
445
571
-430
-770
836
-23
327
874
415
-873
507
-680
744
-997
-675
392
-476
529
757
862
-368
-672
876
904
637
987
839
457
872
938
652
-835
100
560
710
454
830
28
970
-757
262
-866
157
670
686
-708
-935
75
-327
848
390
-645
-335
872
545
-464
-138
-533
-620
-892
281
852
852
911
-325
871
-59
-464
-657
881
998
-30
8
-930
-754
411
-510
-222
-599
383
967
528
890
979
-822
274
-171
-175
529
-919
608
-794
350
-800
732
440
286
-800
-888
-659
947
198
488
924
522
213
-721
-265
644
-50
312
424
-998
603
823
283
-104
703
270
154
150
17
622
119
56
-265
480
244
487
-987
735
43
25
894
-985
137
-406
-17
221
-458
-928
474
-985
-673
-389
439
964
-747
61
178
-936
-820
-305
335
-179
768
-579
-32
373
-785
-666
-262
634
747
39
617
-906
18
284
-956
552
743
-508
254
-217
9
-524
64
-874
-116
37
-789
246
-7
-226
162
352
667
-740
-637
-927
579
-291
623
363
58
665
-664
-205
-508
-697
-828
164
730
362
452
612
-137
39
413
803
-282
-545
434
584
-789
-879
784
-645
728
374
-528
-43
600
366
-406
548
605
-349
-978
-173
-357
922
-337
-215
680
-301
-578
-162
-373
-225
-824
-902
748
20
-306
-965
-431
306
-530
-377
186
-362
517
717
806
812
-265
769
678
717
988
-908
242
-262
-955
671
382
392
799
-234
-160
-683
-397
56
210
-783
-231
800
-245
658
-933
928
-210
-654
-622
-529
927
-694
824
596
822
959
822
453
284
519
-864
-368
274
615
-572
356
385
-785
358
-441
950
353
-479
-542
-818
602
110
869
22
212
639
-689
-199
949
506
-964
179
173
900
-960
-363
906
409
-192
-810
526
-678
-267
678
57
909
962
896
-802
738
-792
305
96
-244
-587
939
-318
277
542
-334
988
-886
-203
369
-331
-788
896
494
182
-857
746
-202
-980
272
-285
-841
953
867
-329
296
565
-638
-924
-232
203
-999
-449
-63
438
-432
591
-237
935
-65
-736
122
558
-344
-529
763
109
234
83
81
501
-272
-551
629
-225
198
-8
683
-212
629
50
326
855
-439
-552
-438
-460
970
803
-395
-179
786
-696
310
-81
-231
-27
-605
340
114
534
-707
-809
739
113
-219
884
-561
-861
52
-390
380
7
-269
-42
-174
-935
-280
-748
525
853
-975
5
-763
331
693
964
851
314
-729
-863
497
914
9
291
-956
141
-418
-799
216
469
-767
774
739
-17
-777
-841
-381
-201
545
608
-41
-749
147
-345
305
-200
405
-535
982
-704
-737
-49
723
-41
-611
-611
-510
615
-784
847
-656
270
586
732
-442
-55
810
923
223
129
-689
190
595
389
444
-49
-562
844
99
851
-221
-602
-662
741
878
-902
-721
-589
-996
501
-247
-539
-902
-925
-982
-739
-345
-197
-755
-396
-417
-705
703
71
171
501
-905
-388
-2
91
-602
478
282
-698
-361
444
149
404
-941
607
-996
41
155
-719
-613
-538
-613
249
-303
-432
890
838
906
101
618
831
-679
-773
125
386
-990
460
956
805
966
596
317
976
395
176
-704
977
-9
-822
489
-837
414
-297
44
897
234
-67
52
172
-44
-78
-590
611
91
692
781
253
-294
633
525
714
-744
-432
611
833
652
421
670
-896
686
-759
57
905
-183
-375
-397
-276
-928
884
-516
693
-125
886
572
-418
510
-266
-25
-926
6
252
-29
-597
-881
-943
-848
-523
298
521
-744
819
-489
-193
266
71
-631
953
493
578
212
387
10
-787
-560
416
410
-443
81
849
-214
-990
225
-412
91
616
-543
-567
709
401
-743
842
651
-753
997
478
-401
579
-896
-574
-905
704
-864
187
-681
802
231
-106
443
-533
866
913
-926
-568
273
231
307
-298
-858
-245
216
-811
477
-903
464
189
723
-788
513
-727
892
-400
229
-465
-942
441
62
612
208
-457
255
480
-779
175
-435
586
-553
-383
-382
-821
713
-348
-380
-260
268
701
-894
-912
-741
-345
-158
-942
-723
-902
-267
323
-821
438
14
-589
44
-791
-364
-46
-568
-88
-819
712
929
-448
238
619
580
-549
-529
-238
-107
-332
-774
-239
-915
726
172
-104
88
-555
63
-281
-820
-628
-228
782
591
2
-62
66
97
493
-966
212
-459
443
-78
957
468
896
-77
241
849
-382
819
438
-262
-345
-653
-408
-591
598
116
-38
480
-660
-140
101
-153
625
-262
988
415
-105
-194
892
-669
-937
-369
953
-657
-190
713
-168
82
790
-418
149
-378
-204
993
855
-958
724
887
-171
530
165
-251
942
-259
-283
65
-822
-913
-131
722
197
-765
515
-994
-488
-418
-957
-2
-510
-380
713
194
-577
-8
613
-985
441
984
-723
1000
-758
544
-918
82
288
12
299
-725
-424
401
-451
-69
377
-782
41
889
288
-364
111
-334
710
675
-881
732
-354
-891
582
-471
-892
313
19
-222
598
-891
-91
-699
408
888
188
275
-332
577
505
321
-213
84
526
-198
976
-247
940
148
318
205
-470
-707
-432
529
850
-786
-822
194
-380
494
826
444
928
-367
-962
-949
80
-945
31
-828
-666
675
-340
600
-626
851
-1000
-600
444
41
-632
-267
-869
-960
971
-918
-765
-617
180
10
208
-957
595
-611
173
-457
-291
553
-108
-977
-489
100
489
-337
483
-196
526
687
886
819
-769
-179
-334
458
704
-600
553
513
844
-215
-119
-503
435
-547
400
-513
167
-927
-744
200
495
965
131
-486
60
880
-831
921
-726
888
-256
846
-587
-967
-271
903
560
297
-339
968
421
995
705
-928
164
984
820
-500
-978
-149
-840
-526
607
-740
-382
653
550
-496
876
-106
483
820
-37
-432
-944
-693
845
943
-507
-226
668
-242
-191
-836
431
-393
-100
-888
311
-121
-111
-182
-154
431
-276
-360
448
375
72
-173
508
775
91
-769
190
-153
760
729
957
-634
-220
-83
707
-453
507
780
10
8
-381
5
454
-618
791
-341
200
-984
-430
110
327
944
-706
-707
-630
742
711
212
-981
337
433
312
-743
999
-548
-409
-420
197
969
896
-801
8
884
967
-182
727
585
730
-490
371
-175
115
322
-598
-343
-419
65
801
-587
-48
-358
78
-551
782
-616
-176
272
938
693
714
450
246
901
-45
-117
625
140
-25
-943
162
723
-857
-622
146
-197
600
500
879
272
-202
332
257
973
168
432
-812
-548
131
702
-269
-210
398
977
-317
-912
-42
-517
-708
-949
639
686
-779
787
395
798
-773
-274
-613
397
509
-706
450
-608
326
961
-919
-290
-86
224
259
-494
-255
573
-80
-637
642
-127
446
-253
212
-243
706
-570
-765
-219
859
-399
198
-472
166
-165
497
-324
-420
781
-176
-798
-862
-925
-835
-751
890
-342
-137
-701
-814
-147
715
-429
-337
28
82
-972
124
35
-256
29
100
-775
-975
239
592
-986
-74
406
986
-317
-650
-794
-408
-592
-319
168
-383
725
733
838
-56
525
-487
-510
-573
-23
119
141
-933
46
494
353
-552
-970
216
-336
-876
-919
-375
-715
864
-502
910
-755
502
-683
593
-373
-955
-570
-935
-188
482
-976
915
-721
767
944
-774
913
179
-77
103
-252
629
-168
786
-72
836
-674
328
-459
-689
-857
731
951
454
915
-298
-151
-798
113
579
-528
890
443
145
579
72
848
-868
963
-783
-975
316
876
670
-764
171
-68
-762
561
-660
470
419
-326
-377
-337
-95
406
-497
-804
-169
-246
-950
527
-419
435
455
363
-983
776
49
-271
-99
-947
-380
494
-715
-596
-710
-706
-970
-631
250
200
-429
-272
-747
833
-344
371
-868
736
-18
487
-681
-880
-244
-975
754
-347
669
-566
-633
-887
389
-959
227
-473
-909
-21
-39
887
71
436
272
-622
-360
648
-667
-926
-234
-353
-974
-554
99
280
-25
604
-660
-656
718
-342
-797
163
-595
354
656
732
632
-768
-992
306
-916
-409
-667
-871
359
727
911
7
967
-388
-892
850
-119
861
-379
-653
-546
-959
349
30
-485
-344
417
-574
172
222
708
12
475
-631
839
-222
894
-31
-310
456
383
-866
-355
68
188
413
566
-332
-783
791
-436
481
-285
-484
644
-602
642
-117
833
950
453
390
323
-579
830
247
941
580
-935
39
-380
287
-602
754
-219
-138
688
-426
-387
921
-489
-620
-119
434
-102
752
657
639
754
-85
-421
-887
343
-494
-534
-998
-350
963
-36
-247
310
-923
962
-896
-138
788
697
-431
152
-952
-439
609
216
915
-120
-743
310
-62
465
-96
-728
-958
-730
685
-349
280
685
154
39
-112
-740
-700
170
-574
926
-674
-230
-148
-784
396
-649
211
-98
369
-137
178
279
225
-153
308
309
-131
279
-172
-523
-351
564
328
-682
842
61
544
-462
764
601
-233
-462
-414
-604
-144
-625
-65
-29
546
-790
-973
-562
649
751
-392
638
-1
399
942
977
-189
-514
361
-671
-512
116
-739
953
889
227
438
-551
-786
256
-535
347
-1000
-91
-918
352
694
748
-52
-158
-24
581
501
-63
-258
893
891
-412
-371
-261
-515
-937
938
132
-444
-562
-390
-548
724
-480
289
-73
-786
-340
341
277
93
-735
-854
303
888
618
-23
-841
670
-832
705
-924
-625
138
96
833
-334
652
360
92
-691
-403
285
-207
928
465
-230
465
211
-34
-478
-437
-46
238
122
-188
709
-995
524
-91
236
-750
-85
283
76
-208
-258
993
-881
113
164
-551
831
-104
-549
652
781
-842
548
-124
-83
-209
327
-242
349
323
361
-84
68
-878
-154
-140
-99
-920
-660
-576
447
-145
134
-513
-380
699
71
457
-936
-36
106
-828
751
829
-934
519
-523
-276
-308
-634
-960
-571
680
-285
-912
-232
-637
520
169
718
-450
451
290
-29
747
-286
62
905
949
8
-569
125
-620
-355
-537
-54
-77
334
-212
342
2
640
115
-386
-820
787
-370
-139
-895
539
953
-610
-453
259
97
-869
-873
-111
-439
-468
765
-961
-455
-195
655
100
819
-457
-459
456
581
-49
-324
884
262
285
234
-588
745
572
874
450
-976
13
93
369
-807
-369
9
895
-655
923
478
-603
73
-403
955
-221
781
-438
948
-655
440
243
-232
39
270
-263
-26
-609
311
379
143
-331
893
-987
356
927
-375
32
478
-460
-742
873
-45
923
399
-61
-352
147
-775
-396
-195
771
-618
592
-136
-150
-347
473
-521
116
266
-77
291
-532
729
201
-578
742
622
-460
97
-135
23
955
993
893
818
451
-672
860
820
-312
69
-739
-126
788
552
164
512
891
91
84
19
46
-222
-943
495
-418
173
-244
-852
104
-137
64
538
56
-780
-325
30
-728
507
-365
382
805
38
982
-265
766
-466
481
595
967
448
973
702
13
-233
303
85
341
-514
60
-857
-522
385
-700
948
156
483
103
-147
-318
89
-748
495
639
945
-816
979
80
-983
-613
960
-65
923
-804
377
-815
600
-194
594
-814
341
983
-714
-107
76
-916
682
95
-345
-684
-737
592
-797
623
583
963
-424
648
-529
-617
-364
-288
229
-788
177
-453
410
-144
305
-915
-878
660
75
-487
33
-512
-848
-987
5
-12
300
625
443
-341
61
-728
672
370
619
256
894
766
3
208
74
861
936
-309
-419
737
-164
963
-211
216
638
472
-286
175
7
-742
761
-443
-150
295
336
515
-393
-797
211
199
-855
-268
658
-227
840
-246
356
813
765
-798
606
100
-731
-367
119
-198
-162
242
-574
426
-245
-479
-535
834
-26
150
296
-335
-917
-945
-937
-395
-434
486
-603
9
-529
371
-776
-606
-517
774
415
516
-424
-72
459
-476
-200
801
-164
513
-705
-806
-213
324
383
-37
-797
-498
999
197
820
641
-779
-684
390
76
158
144
-369
298
-332
776
-600
516
-739
-342
-235
-909
783
-704
581
258
403
131
-385
-40
-960
-708
-147
542
489
521
-994
-178
223
-524
-473
338
271
-532
517
-706
691
-695
-442
-435
494
-794
-778
362
323
-371
-989
371
739
-109
-687
998
-156
-519
-777
437
83
-754
-149
541
-439
-150
-313
766
-36
-209
166
-612
-299
205
832
-957
379
886
-458
-871
-171
-149
676
-52
-496
202
-690
-37
393
-512
-627
-267
-367
-514
491
209
367
-655
-887
543
-522
-658
-248
473
-931
925
-8
379
-529
765
577
-293
416
-621
-902
-735
-85
-780
889
699
-950
682
109
-321
-528
101
-393
-953
-43
-390
172
669
269
-740
546
-328
-539
989
578
95
-610
-237
365
31
235
-717
-57
71
270
-816
483
940
-109
698
-382
-213
792
-944
256
127
-35
827
-277
-532
18
-438
747
-208
532
-44
-402
-422
828
23
-654
24
325
556
-252
58
-665
93
-292
564
207
-69
-377
-438
823
-588
366
-164
-797
659
706
871
-414
-6
-222
-660
-423
-517
-439
-35
-23
676
627
-222
927
-475
-542
-414
-931
-772
-814
-105
-472
453
549
-608
-247
838
-221
-452
579
-364
-109
-443
-268
78
-623
-195
433
889
788
755
371
894
-620
-887
967
-125
-401
922
-430
-577
355
916
296
208
240
50
937
949
542
701
15
-522
200
581
705
-801
-150
70
72
-991
739
-834
-177
104
82
-700
406
-291
44
182
919
893
958
844
348
-362
-168
720
677
531
-615
-780
-390
191
432
457
341
769
-13
967
346
340
775
443
-113
-377
-115
-16
-733
-820
422
784
734
84
399
231
14
-749
74
-567
-546
-881
807
485
-555
-181
560
-427
798
980
80
255
101
90
768
647
439
-393
-490
-922
-183
578
143
-427
92
-725
494
554
675
-388
982
-216
-294
-363
799
149
58
-407
799
157
446
62
690
-803
20
89
-981
811
509
386
37
-733
349
284
-146
-442
38
-456
389
295
868
-567
-962
436
659
60
-231
287
988
-164
670
367
-838
216
-993
-399
-239
-55
-240
-373
-586
-190
25
-479
-465
-62
-967
-211
945
454
-641
-541
-470
843
-708
-854
522
-76
300
-997
-455
-991
-306
642
812
-205
-684
-149
-70
-47
-518
879
-557
-899
729
931
42
951
-873
-373
-338
554
-427
-661
-790
-759
-578
-489
-225
-836
912
491
645
759
727
-834
-806
-598
-417
-54
642
-942
582
551
633
-600
773
530
-962
-104
761
-302
458
57
-110
-786
-579
-933
-446
-551
-636
807
709
-789
429
177
985
-812
646
231
419
459
-839
657
-686
676
-488
-22
362
139
397
34
-780
-496
594
791
-552
-654
-247
-822
985
-234
882
-679
959
466
-405
204
627
-164
-676
-740
-222
-451
-471
-438
-532
-513
-258
14
-838
-461
-442
-774
-491
-284
-847
132
-684
-349
-348
-717
173
562
759
-70
265
155
686
92
91
219
530
-172
777
619
-519
-468
199
-130
-380
708
737
946
407
-749
138
-169
-767
-920
-96
-787
103
69
810
-436
-360
-695
-203
-917
709
22
270
-920
-989
-895
-623
-668
14
-16
-776
812
-52
158
990
-766
45
-38
-351
236
645
245
392
418
25
986
-462
28
598
125
285
-88
-77
-71
194
-682
-12
-718
578
-339
136
-621
391
-550
-670
-648
854
730
-648
-959
34
969
207
559
540
387
-996
-77
277
-453
-679
438
-697
494
-114
-530
-557
-283
-829
-657
52
920
547
-142
886
585
-282
903
-715
43
-130
993
-771
-445
-544
489
-807
-98
-971
158
185
597
735
-981
28
218
628
-590
524
859
287
-492
312
289
-71
380
-78
932
795
989
-204
-239
-976
-899
930
72
966
795
729
685
30
-954
68
-829
496
236
948
-287
-801
-98
-557
636
396
385
175
963
442
56
-59
-97
-705
-420
-675
-142
510
791
-112
-116
270
221
-814
681
-297
835
920
847
13
-222
507
-773
751
-661
370
711
536
915
331
-858
492
408
-655
-332
102
-97
-937
844
68
-393
944
279
588
833
-737
-296
744
-359
-130
-389
-970
-380
901
-24
42
-572
-723
930
-660
-921
528
288
416
507
-549
376
-729
-211
986
678
995
-795
297
146
-967
710
59
192
891
-137
305
-974
870
-496
-867
-286
-554
-783
-21
583
-553
476
-564
-239
263
-131
429
-933
708
150
67
-859
-656
334
739
-142
-856
-367
-443
-197
576
346
-891
122
-633
-603
391
-635
161
669
201
199
-381
533
734
-117
-629
-384
749
-673
-506
-920
-589
-79
-200
-25
-958
-355
-950
-104
-53
-884
-733
-725
-313
199
-272
-896
139
-126
280
-641
-636
439
970
-702
-714
-319
-544
570
-15
370
-938
638
984
-520
-673
911
-721
-742
-320
-902
145
93
-638
-8
-768
290
939
-885
248
-499
295
366
-565
-599
133
-343
-699
-506
-18
-318
130
-834
-972
449
-921
129
-304
-130
-537
810
-75
562
-355
-22
-579
-846
-157
-835
-996
564
815
-898
661
231
-458
753
-611
466
-329
-295
-681
574
142
-701
263
-79
-703
-691
309
-37
411
-532
936
197
597
631
478
-391
-23
-980
-411
-226
-47
-181
553
-671
881
752
700
855
-762
995
167
336
-735
648
190
-449
-355
447
-629
-887
815
495
242
423
143
816
-182
-125
45
-656
307
30
163
472
168
-548
-382
995
748
-669
57
322
-463
-99
279
819
-178
245
-54
841
703
153
-439
546
-181
371
70
-480
-47
-763
-738
169
132
-592
-341
-702
-461
-832
399
820
507
-526
-140
929
-522
-758
324
-155
168
-714
-903
-941
-553
-403
-222
253
546
-76
-511
569
-385
-964
626
527
-294
-580
320
-276
-268
501
293
-24
-53
-903
723
322
972
550
776
388
-972
-129
-269
-315
354
140
813
351
557
-492
58
-985
-52
-944
587
-197
-118
371
-706
-570
69
452
187
275
-648
-405
-13
382
834
463
204
-770
240
790
241
-856
-355
-356
-225
311
499
-396
-250
-765
261
27
104
-713
116
-636
370
-507
-704
-860
-140
-422
546
-690
-386
802
376
-66
-690
-460
500
200
-379
-626
943
25
-583
-219
136
-881
-490
136
796
912
746
-948
-42
710
-922
478
-1000
-187
-802
-175
329
-933
578
-908
-736
715
996
498
629
-349
-634
-761
36
197
543
-698
860
174
-568
418
850
-21
-726
913
319
-416
-242
395
-954
-597
179
515
338
-281
854
-761
-437
618
-686
71
458
902
716
607
935
601
-309
430
388
-591
787
-29
869
-476
-215
526
-748
-618
389
-467
-109
386
750
768
-541
409
404
-37
-335
743
-520
659
-450
284
-463
-973
-800
-403
590
368
-782
368
838
-896
-137
-621
-615
-786
-591
356
-109
-621
-673
532
210
17
90
222
547
-130
-693
-977
-540
-768
818
-20
202
950
-447
252
-239
155
-783
-775
-331
477
-781
653
-984
18
-131
708
-741
-353
-437
761
-306
728
-462
-356
-507
610
-796
816
-676
-946
-581
868
-254
-757
-237
98
238
-691
-203
306
151
340
583
-790
-417
-95
-615
121
-997
-600
-286
709
-731
3
-6
-432
193
-556
381
-331
685
674
809
529
619
705
122
563
-710
7
-295
703
-68
912
623
660
656
-337
451
298
-504
266
864
-681
-587
-918
775
544
-889
979
-789
-570
651
561
541
-967
684
-645
-15
-692
-197
-140
-668
592
-217
-44
265
-942
-730
-314
-280
48
767
727
-148
116
658
193
451
-75
-192
358
728
-562
839
-497
-632
604
112
865
713
734
344
786
469
331
-450
-887
-64
-617
84
49
-674
167
897
-209
-541
-246
-417
334
532
210
13
722
793
-773
525
-732
-212
-704
892
-704
-958
605
64
314
-207
438
-860
-322
998
-485
65
309
-429
657
261
731
-324
-261
-993
123
-866
38
412
642
-683
-968
-944
493
739
-515
-718
826
-73
941
-138
206
-352
869
689
-262
-404
272
-246
271
194
660
-350
312
-886
406
-726
-226
889
800
-748
-381
-816
-626
-243
917
-947
690
-433
135
188
785
-253
-48
-81
38
809
248
-963
159
-689
754
736
579
657
429
-440
-347
-619
496
-551
-246
789
539
-236
-207
-499
-840
-584
-928
675
68
178
54
298
-319
-15
439
-113
708
328
-508
779
395
550
-702
-341
-200
453
857
-766
53
241
498
-149
-25
606
-739
-509
442
759
-543
-110
-137
-143
55
-503
680
493
128
-395
258
837
-921
827
-359
-191
93
481
13
887
524
-553
412
200
-393
-101
-451
29
-994
998
-976
622
-907
369
687
-240
228
-206
-49
-420
761
451
-157
149
-973
-279
-61
-724
-391
-456
122
789
443
236
-169
146
630
-483
844
125
837
561
597
432
866
716
-890
-199
-750
968
-846
841
-305
212
901
-396
-407
53
-347
581
-206
490
-399
-11
-105
812
-531
-110
597
860
872
-894
-367
-107
477
-361
557
430
-590
38
960
-150
-58
143
291
260
-215
19
586
-449
952
731
-50
85
930
-351
40
774
-103
644
-43
726
-889
-859
755
898
-599
616
-29
489
-144
-439
-103
-183
-747
-100
21
29
-411
-900
-795
-534
-160
163
53
-107
-483
955
-508
-696
-957
-525
-666
713
-541
-298
-400
661
-878
-572
-507
-609
-522
427
-103
-971
-340
450
689
144
-907
-641
111
-825
381
923
-630
-750
-81
29
-624
635
-675
-751
668
203
-19
-109
-526
987
-530
928
805
352
-663
884
-976
-640
79
577
794
51
941
-552
580
71
-985
356
855
-5
679
211
935
-616
-806
-759
-456
-605
-624
-845
-776
658
788
-692
241
256
-134
-781
-418
187
950
-25
598
729
327
725
-569
-86
99
738
-15
8
103
862
992
889
864
-420
-549
-504
-893
-390
-222
-714
871
80
630
938
267
103
-262
611
-585
-897
-761
-675
473
37
-645
350
98
944
-422
-210
-672
217
79
-556
333
-490
-687
-135
-630
-139
9
-943
-471
-202
194
-768
-692
488
-473
284
-62
-362
-355
-227
404
-106
-308
-635
958
887
571
104
125
743
676
-538
-985
-450
-275
940
758
-760
-681
112
-653
-368
754
385
45
99
528
90
864
731
210
-885
724
191
-388
574
-13
93
-475
511
242
-171
-135
-473
464
-578
27
-602
-394
592
-536
731
-146
63
-31
40
-276
-904
493
-106
574
349
335
651
-459
-596
-945
-618
-478
922
-526
-132
-921
341
-994
-603
885
-145
184
-528
-703
-201
-565
704
18
148
-60
181
674
830
-964
706
443
-397
490
-105
82
-812
442
-719
38
-610
-544
655
329
-731
-780
817
178
784
357
-633
437
398
805
-378
829
-481
587
306
418
-810
-300
-901
446
-912
-753
706
619
-693
-276
-634
175
-631
-228
766
42
625
826
969
-598
-35
-681
-18
-592
124
-977
-304
-718
-179
-175
-605
130
-995
-721
-403
827
936
-180
547
-986
-920
-938
-328
-996
512
-57
218
745
661
222
-988
497
809
481
-763
-398
528
-265
-460
838
930
86
182
-12
-76
780
392
846
-1000
-662
-770
-447
-121
36
275
-966
904
-762
147
-273
-282
-632
724
-17
960
-651
643
-126
971
-331
-452
964
-170
124
775
-576
-981
705
-479
972
-303
71
-853
-550
762
967
495
241
-319
294
296
-734
-174
571
673
-742
449
125
925
372
-868
-858
676
470
-536
-376
-864
263
-573
728
328
566
-120
224
229
-479
-616
-160
788
-651
798
-912
-438
-969
836
-693
80
268
390
40
427
-432
-56
861
807
-273
-244
-104
-952
48
404
-998
815
789
-824
315
567
-805
381
992
383
601
847
-790
204
379
-543
981
632
315
341
-289
541
447
-517
-710
282
-784
699
-631
948
197
346
348
-77
717
580
-29
-309
98
852
276
104
660
132
-808
-804
400
684
-555
830
480
-78
-217
733
-606
-97
-299
-193
836
-81
-216
454
-575
-936
-737
-238
645
-777
-74
-559
664
573
801
867
76
771
-460
956
-975
-664
-534
-859
394
-658
900
26
154
-481
187
-890
493
592
-876
-17
-633
-730
-392
-559
370
-669
-740
187
504
312
-454
-908
168
-77
27
-494
-256
623
164
96
-851
469
304
-643
-696
810
654
-66
410
104
-668
343
-104
15
-692
-54
55
521
946
90
-258
-275
683
-816
285
86
-480
474
315
-649
233
785
421
-732
300
42
907
950
610
-877
-182
-722
189
269
638
312
47
-451
-702
-45
368
922
-771
292
-304
-563
-379
-257
-503
-964
-675
347
-941
722
474
-463
-893
-992
-523
-980
-12
698
-472
-643
-408
576
-938
-80
-142
240
404
-808
-782
-790
355
303
-277
-662
164
270
560
234
367
835
-632
-909
273
-544
-975
-330
-244
-43
362
-241
-288
-828
413
-878
21
-177
-204
767
726
-783
613
-125
757
-502
-633
-821
402
-979
-708
700
322
-538
-883
78
989
-926
19
-985
68
-885
933
-296
999
385
-584
249
-532
509
-15
-395
855
-41
-766
-17
7
89
619
-236
-431
324
-805
606
792
835
-172
445
-559
-477
-668
-209
387
-338
856
276
-59
-675
-373
-600
-664
116
-649
924
-931
-4
343
574
-59
-635
-770
-438
-659
469
-608
-715
38
766
197
311
-566
-565
653
359
748
215
249
646
-976
-200
193
911
724
-473
-602
848
678
798
796
772
-740
586
290
-559
-949
261
798
-395
528
54
-426
-719
726
-308
-635
-48
887
-241
-826
-867
743
917
584
-476
655
-549
7
502
451
640
419
-544
980
826
-164
887
-585
362
-848
-57
736
107
-91
66
-224
446
219
-654
-293
-601
511
-219
185
-721
-825
276
735
-493
756
902
844
-595
558
-100
976
-745
-935
-385
-710
-819
-955
-463
830
641
897
-57
3
-608
851
-670
-603
624
-288
-402
-284
-445
561
-355
519
-157
616
-202
-647
294
215
792
-332
843
613
22
727
-822
-496
672
486
-226
-859
683
-868
324
929
-956
-188
-923
275
-864
491
-899
370
-783
583
-828
-171
937
-2
-297
503
-409
14
490
-308
361
635
-82
393
-96
-992
952
-246
-744
-355
74
820
-89
357
845
-164
-846
-945
-10
-326
-353
-849
362
248
381
-416
-1
-73
-378
-483
-223
-838
708
220
857
-692
993
-698
-541
384
-997
256
-323
-192
-535
72
212
280
-602
551
416
-757
632
-260
662
-268
-833
-994
782
690
94
-463
495
691
-973
489
605
-743
2
193
160
274
8
-797
-100
-384
-382
-169
-291
-543
-633
900
694
558
926
677
149
-218
-623
863
-501
-500
-93
831
-329
749
133
44
385
-233
-160
731
579
567
536
725
910
-922
157
511
347
236
484
-866
572
949
-385
961
-537
-55
916
-130
-378
-605
-926
-783
-273
-710
-402
618
-242
512
-626
-441
-924
542
421
-404
647
228
446
-946
275
-237
822
-96
704
535
-390
689
-447
-302
-575
313
-567
-854
-688
342
790
700
-521
215
822
225
770
-842
-767
-992
-766
167
988
623
-86
961
-946
-723
-525
287
-524
729
349
-35
864
735
-906
945
65
751
182
-862
129
848
91
923
-873
-383
516
73
-176
981
978
941
269
-527
-688
524
-102
670
-742
668
494
636
248
759
-247
228
178
972
196
-718
754
400
194
-655
36
-408
309
-730
-644
322
340
-658
142
795
-336
11
734
-536
-850
693
747
-556
535
879
-942
914
114
-120
-250
773
-765
-921
726
754
-643
153
-651
-285
879
835
-502
907
-456
-132
-225
-810
22
943
-739
-231
-493
625
36
812
-11
-791
-889
514
-451
-268
-839
-846
-98
-571
820
-923
-64
-769
585
-946
778
61
620
915
94
-638
46
633
-577
67
550
453
451
-109
648
-909
583
-472
844
687
-72
72
720
-992
-355
529
841
-742
-406
856
454
-152
-845
879
730
-824
-390
551
-437
-489
-651
-611
-917
526
532
-97
-16
826
599
-18
744
-457
653
-897
194
333
-915
-185
827
481
-593
453
665
-717
484
616
954
161
-566
227
222
-398
-668
961
-554
-544
-744
366
-233
-10
-763
189
228
-684
540
-87
-96
-3
-713
303
176
-133
-395
260
885
-717
990
-491
974
-181
251
792
-309
83
192
20
593
298
-464
672
365
-385
-857
-610
586
704
821
-217
526
-840
-27
-47
407
468
-667
424
-382
392
-535
-758
-791
284
-556
-946
-844
-378
-264
-749
587
-89
210
-30
-209
-103
-862
333
-799
694
772
-119
885
-930
-681
150
-428
-29
445
653
-304
-939
584
159
-366
-838
-322
384
-730
-603
577
470
-329
-844
510
-755
-234
309
-399
859
127
845
-145
-234
-67
-439
-936
-507
-257
339
719
764
229
258
-518
425
-107
208
-328
109
-829
293
-444
787
767
-732
-317
251
-821
-91
534
-788
571
861
-344
143
531
161
799
911
-909
530
-914
967
639
-723
540
89
-830
-230
887
660
-890
715
601
-540
379
-204
616
-148
296
-517
-350
-867
252
-211
37
-447
-732
751
-724
-117
936
559
62
-523
-957
-962
-55
-265
319
197
-471
-632
-193
-375
606
-629
971
849
979
-72
-700
275
399
547
600
-958
-452
731
-296
156
813
393
-872
212
-964
925
455
347
82
-272
-514
-923
-554
-273
664
22
-588
251
166
-785
-95
167
-656
103
-154
-608
-202
-281
295
761
542
-899
611
238
388
-955
-532
-15
259
667
-951
575
-378
675
577
-853
37
-765
-351
213
-479
-228
-701
283
-227
-771
-94
175
-174
729
61
605
-234
-975
377
730
779
-939
97
-67
71
145
-837
-230
-15
325
310
911
-954
-244
19
717
49
-950
618
955
825
69
-204
-118
-709
222
638
-328
774
719
525
170
-949
-384
-831
560
-982
414
-416
-234
69
671
649
-910
545
-6
855
-409
865
714
594
-490
-360
-231
-151
-929
-574
-481
-966
-624
-975
-991
-549
398
-446
-184
398
201
901
-87
-709
-342
-693
-254
359
6
447
-34
-399
-859
675
222
239
-300
839
704
579
823
198
-702
196
280
447
305
-77
-920
754
580
95
-204
918
-349
-272
-93
218
740
-66
66
-325
-322
-643
128
882
-844
74
-513
-724
-846
-459
-715
91
256
-481
647
692
-649
692
-5
-724
515
997
159
462
768
-242
-946
-11
109
859
814
164
673
-213
-720
639
-581
88
858
968
884
-433
-564
239
764
-146
949
-410
883
895
-779
-193
640
225
357
-822
436
390
-416
-256
592
-674
-9
-484
-420
-296
-962
34
-468
467
-994
103
900
-415
-234
-812
-342
-661
473
221
-312
845
342
817
965
70
-622
650
821
-952
-572
997
-25
-937
958
394
270
241
453
443
-2
82
-254
360
536
840
-927
-158
404
-109
508
-849
478
120
-602
749
53
827
-470
253
-229
-160
897
-764
925
694
389
-21
528
439
418
-975
-170
-377
-678
-558
-170
142
-551
-734
317
22
-477
788
-895
-419
280
-41
415
-173
914
376
191
-105
-240
921
-814
-863
-963
-180
376
-708
158
518
-993
700
416
525
38
499
536
-302
905
780
311
-626
-611
847
571
-373
3
748
571
237
-349
480
46
231
-808
-169
569
47
905
978
150
917
-374
970
821
-369
-734
502
109
451
931
217
414
589
-173
-293
-729
772
412
-747
-622
297
518
827
953
947
136
-802
441
-20
-405
-453
-826
170
397
-972
822
440
-601
834
-443
-926
-585
348
-461
418
258
-655
238
-981
488
-752
-914
-842
-498
872
-80
802
-201
-251
908
69
175
264
995
872
-105
708
-957
-924
-693
615
15
541
-989
28
444
321
26
368
36
735
406
585
-826
499
-767
713
-447
-545
168
-143
-521
-537
-107
-764
900
-108
-764
-771
122
605
958
852
-787
57
-709
150
434
886
-297
-662
-917
-736
651
324
-703
-275
137
856
832
58
824
-396
645
-268
-526
552
151
-156
-49
392
327
-112
606
-309
-763
-325
7
-258
-787
-432
371
-217
861
595
919
376
-863
323
-527
517
877
125
84
336
-472
-302
-420
5
75
171
105
-662
-954
439
-354
851
-98
-595
-347
33
785
218
-128
-742
275
-306
-832
-4
297
980
-521
925
68
-52
-22
423
-50
337
448
402
-30
286
710
23
643
-505
771
-57
841
-56
-958
-345
-214
866
-752
-616
-312
202
-497
-151
3
-148
417
-894
277
-892
-38
-498
299
643
-688
-810
-966
-110
577
-916
475
-378
301
-280
649
885
330
-529
335
432
-648
802
665
923
-673
-45
345
-705
953
-53
-676
629
289
-111
257
-805
-20
-465
975
-224
-582
230
-91
-644
532
365
798
905
-803
-648
823
518
987
-950
-68
-451
-197
-793
118
-180
-361
11
-382
923
-493
130
359
167
-867
195
547
-21
-818
-424
591
727
-155
-383
972
-737
-786
20
675
-446
161
454
-105
-680
-148
-450
-9
700
202
141
277
219
-927
236
-417
140
345
-258
786
-41
195
890
-594
93
-328
25
-609
754
-930
-87
-714
863
930
-490
-643
-101
438
178
134
-899
342
-365
149
540
-754
714
-573
934
-730
901
810
166
357
663
153
-983
277
-693
333
517
0
-143
-618
837
-156
31
347
71
467
127
-859
969
487
-230
267
-522
732
-358
104
-508
-377
-337
-961
-729
507
-854
405
-539
-654
513
-108
30
-54
-564
721
-72
198
-167
-715
869
280
-646
639
369
-706
-471
-84
-660
6
15
-659
-265
-971
-736
908
894
-743
-175
748
802
622
778
466
-614
706
-508
-504
-447
649
730
-12
-296
914
677
371
-897
-786
-448
937
-203
-540
-596
-330
-396
822
-683
-268
78
-415
118
859
270
-766
490
168
-572
596
597
728
-423
-952
-7
946
-779
-206
538
-334
-809
521
490
73
-570
-267
575
-910
981
-622
278
-740
801
865
706
-28
636
-739
-797
501
727
-104
-801
-946
211
-284
199
625
-355
158
303
212
452
265
609
749
-145
460
77
889
-975
152
-537
-230
404
-90
-703
777
750
-199
800
-491
-906
961
-610
-702
235
107
42
608
138
-319
-936
654
546
-229
-157
593
-203
-653
-553
-613
-234
98
26
-410
-80
-896
605
624
262
224
452
393
733
232
-160
-391
244
-986
362
-509
-644
83
-607
278
-454
-935
577
865
-889
-63
-927
-780
761
421
26
27
543
797
272
808
649
853
-491
-13
332
609
856
35
743
-732
-19
-538
-699
-563
-768
-600
-570
275
671
-881
-909
-119
-231
950
-935
-172
684
819
194
-620
-638
666
-370
387
-414
-178
633
892
-495
654
-402
-117
859
585
287
414
-395
652
103
422
-452
-832
-5
537
378
-9
-849
-662
307
-368
902
277
565
35
-742
426
-726
-722
293
-96
-887
149
357
823
-275
-616
584
-606
-286
145
123
803
864
-469
302
-724
-80
-667
-748
-966
-665
-62
-864
314
-617
161
90
-595
263
656
124
165
-973
-288
-695
-459
-314
679
-495
189
623
-526
663
691
-718
924
-623
-811
-310
772
719
-938
812
-955
-153
294
338
602
-814
-745
-321
-871
-920
-445
924
988
-376
-865
-353
422
41
-457
674
964
-608
-590
-621
443
295
627
514
-166
-395
-679
214
-190
906
-233
-318
693
-166
761
-755
-57
528
-664
-216
-603
461
-176
-935
774
502
-613
-208
748
561
-505
-179
-155
819
-649
153
-164
-231
-770
909
-72
91
-610
-186
305
399
71
442
-610
472
-299
-800
-984
966
-676
-297
-890
-147
301
-866
540
-260
-590
46
865
574
-561
-366
-122
374
-728
140
928
434
-369
-985
-516
965
-874
-500
-930
949
-945
-136
-403
412
791
723
114
884
634
-75
-193
162
390
697
-913
-192
399
-917
-350
-286
28
-356
641
291
-56
-675
-508
774
-334
-12
-765
-607
531
871
37
-948
-747
-939
-64
-249
-463
-402
-810
373
-323
-819
-14
-327
827
885
973
450
-730
860
845
624
-760
125
-585
-719
829
-286
-877
-953
-52
921
-213
623
890
-633
-915
-979
366
-529
810
-391
848
471
325
-265
-669
231
897
201
492
171
540
-714
-164
-941
-749
199
-149
-616
-377
-244
-696
-151
229
-585
-289
-856
-49
-739
-311
-435
283
426
69
397
-200
669
-510
-445
-200
-234
-955
740
-891
-68
885
723
-296
733
-220
896
-503
-664
827
21
55
-745
-998
188
85
141
972
-523
567
-549
826
-468
20
470
-337
567
-77
836
126
635
856
-915
84
413
230
-883
954
-810
167
-215
499
642
-834
-87
452
927
195
-721
341
-425
-75
-860
-493
-871
38
365
668
-35
-919
206
646
657
-438
244
382
-726
656
-660
891
512
-223
-522
-913
829
-776
-151
-728
-702
-99
-204
-983
-748
465
-378
852
538
-660
-875
698
-646
-177
-206
-398
149
-582
872
834
619
-511
810
-537
429
8
-106
350
-477
-711
156
-3
-680
-22
-932
589
581
89
-642
-794
-618
239
-911
800
-995
661
903
75
-342
297
976
557
-879
573
934
-624
523
-988
-470
770
297
273
-107
-338
-30
306
-521
-103
-528
875
-724
-39
-92
-444
-692
401
478
105
102
-103
344
-792
140
-93
518
917
-995
-276
61
681
188
707
566
-362
665
-145
15
-594
559
397
-474
249
937
783
771
-730
714
-981
-928
183
-422
-509
-421
-460
884
627
745
737
787
272
-164
681
-572
443
568
-548
-525
677
725
929
432
-125
312
-978
-641
-839
-909
-347
266
-496
-149
608
676
-520
20
592
831
-893
-652
-800
939
822
82
-6
-434
-196
706
692
-788
990
805
328
-17
-953
-862
-845
-135
-547
-802
-391
667
-994
-600
-492
-148
720
-442
-764
-850
670
626
104
-669
-504
-758
546
-647
-746
592
318
832
-478
-29
-704
-192
-216
732
-377
-442
374
-858
50
210
807
-265
591
188
599
-310
558
-792
945
313
853
-320
26
-285
-289
-465
864
804
-473
493
679
-722
-597
189
296
758
286
521
879
-118
848
913
-438
-632
191
416
-218
-916
295
-961
-605
919
452
86
-123
-946
494
-201
93
170
-853
732
665
335
-269
209
270
-212
568
536
92
-456
-562
-358
596
138
-546
-456
-362
217
5
310
437
535
790
-580
-174
-973
-91
865
-338
947
639
-467
734
309
-320
766
355
219
856
-386
423
727
-285
-929
-789
13
-123
759
837
376
-213
-714
658
-313
523
688
-92
936
-581
491
-172
-454
710
543
-63
-735
-943
903
-432
227
-570
-981
-127
608
-494
54
834
-74
-758
-295
-298
-863
120
-224
-275
564
-969
451
732
-935
-525
139
-389
620
-512
-445
332
-52
572
512
804
-850
782
-661
-411
576
479
100
98
997
242
-661
-128
512
-212
-133
528
173
-890
-362
357
248
791
347
456
577
-786
509
-625
-989
746
-777
-312
104
326
-524
-482
950
50
-22
268
-295
900
911
-413
-861
-394
-355
539
-105
-893
894
239
-228
-518
-85
430
608
-855
818
-974
827
-969
540
562
549
-968
271
-404
48
859
423
598
-200
-359
661
958
517
-952
947
175
-477
700
-452
-867
353
-917
-528
839
-247
-818
-364
-645
40
-752
251
-287
-138
871
27
527
-54
972
508
381
516
954
518
438
227
2
-714
304
-237
-852
-426
-863
-105
586
-703
452
958
-283
-668
-500
604
-988
142
-488
335
-329
513
-527
-68
483
-479
704
-730
912
-829
-279
-796
950
-313
635
-616
-734
316
957
680
194
-967
-541
669
917
554
-639
787
-634
92
-726
-869
-892
679
-989
133
687
-577
82
-551
-165
-862
-474
-33
101
946
235
173
927
-595
466
86
378
96
-155
686
-509
-453
-933
-483
330
-234
175
183
623
162
824
73
781
170
-433
-462
-759
-303
-41
581
766
251
997
726
78
-326
-417
564
147
844
494
463
-424
-80
-90
49
691
813
-146
-708
892
-113
-15
-582
-694
222
-63
229
-488
990
-387
691
-149
202
543
870
-488
-26
399
819
296
948
-93
505
-33
-227
-941
155
84
80
840
-31
-286
566
-687
-115
-861
485
-867
299
-228
972
-949
-52
894
-872
307
-884
404
-315
-940
-822
-668
-699
307
16
273
341
958
436
678
924
214
-232
728
803
-598
-281
-689
474
-998
-359
401
855
-47
105
-250
-39
-909
50
261
-19
-873
908
-853
-938
333
909
530
-883
-261
752
-595
-909
750
417
-671
754
-820
-374
412
-331
866
664
-603
-371
-374
-513
-339
982
-60
827
456
-220
-473
-752
105
89
493
718
-928
960
926
-265
-637
-658
524
81
269
-789
-218
676
-36
-607
-998
425
517
852
-121
660
966
992
-624
-700
-11
-321
837
-175
-785
-143
-469
-713
929
159
115
-675
247
931
515
-640
447
-467
-638
310
386
759
-39
47
77
-434
240
958
498
228
590
313
913
-131
-453
914
-626
-83
16
431
481
602
794
824
-531
678
-773
942
476
651
-724
-759
-373
-113
818
99
46
923
370
-403
-213
112
320
-800
-73
940
801
-409
961
951
-972
43
-983
-72
-643
156
-305
700
-829
-44
-544
-958
-251
233
770
-282
771
412
40
-523
-248
-766
755
-438
-491
-732
-612
-76
292
-418
-217
161
801
484
-930
829
-868
60
-777
998
-718
527
-396
443
-71
-313
-908
306
-233
250
-702
-213
-143
-520
386
-607
823
-854
-265
-948
278
874
-550
851
-889
-544
-267
277
-553
-487
973
940
746
-647
-760
653
662
-606
-622
-839
-239
402
461
-313
-591
417
377
132
-638
-205
-448
-634
-407
240
-942
62
-180
-467
-166
-129
337
-735
-408
-702
191
-344
-663
1
-155
51
916
880
-317
684
443
579
-13
-114
606
195
-309
322
-241
851
-194
-297
-560
-286
-900
290
-876
419
-467
935
66
507
-81
470
38
273
-880
-840
246
532
-70
994
-355
-744
-589
29
355
-514
370
-628
-340
-14
341
567
-866
344
-576
464
382
439
-390
-735
-3
-545
303
-764
931
790
-993
-448
-599
-16
-517
783
-141
460
466
-808
-405
-988
-951
505
732
871
121
11
-572
-666
867
919
83
-470
680
-894
401
-285
436
-365
-296
795
497
144
-683
-502
-575
275
-633
129
-832
-775
-987
-92
832
-783
78
-689
72
493
-649
912
319
-313
-668
233
957
473
-269
-847
390
272
646
-854
38
-635
183
-680
-284
-128
-874
-447
361
943
358
-578
-375
689
-758
519
126
-771
187
-159
-552
-8
510
-368
-528
50
-652
352
851
228
-194
130
-618
98
547
-33
863
66
52
824
390
594
-736
500
-63
-119
215
-114
717
-27
-116
557
-926
135
203
-783
-933
-144
76
-74
691
-944
275
598
-95
862
-303
24
-247
731
-326
188
219
988
-804
993
3
-392
-966
-379
16
795
-566
730
752
-515
176
-455
574
-329
231
399
-495
898
848
818
922
-298
-830
823
649
-320
745
893
539
2
-38
490
-751
480
498
3
-963
548
298
-798
911
979
-888
-698
-301
-588
865
-279
375
-497
395
881
-912
893
-938
942
-895
-755
-402
-283
-278
-299
29
-476
-565
-862
322
840
-633
468
-235
-602
-479
-762
685
-400
845
-234
137
-494
-241
-787
301
581
-739
181
926
937
-294
86
776
-810
132
-952
-213
-655
11
92
-408
759
42
-639
123
56
390
132
-170
130
433
-650
-257
898
873
444
-448
-737
287
802
-797
826
267
-20
66
14
973
795
119
293
-896
215
423
-638
-470
483
643
-194
-479
-559
-345
-969
-251
-348
894
-31
716
-242
-338
557
756
839
-939
798
229
-358
-520
-523
158
438
100
-677
-228
-655
-891
-966
-405
391
-708
603
-189
-148
-816
-642
673
611
-97
385
-615
-442
575
287
19
-364
-451
-671
392
576
-33
-115
684
-765
-187
-96
-458
883
238
-791
957
475
926
415
607
961
-470
247
-81
-967
963
-795
-126
-31
455
141
-728
28
-756
522
797
294
610
-677
-376
720
594
-939
-830
-229
803
865
103
831
462
-873
771
-691
957
25
83
280
637
941
33
374
-999
-737
-772
926
657
-755
-669
12
354
-154
900
590
648
723
937
441
-730
897
-135
713
4
289
705
-222
-614
-383
-143
-106
962
-526
577
-554
652
21
-197
998
122
668
-31
-586
-749
-686
840
-925
-905
-731
541
483
78
-848
434
862
-782
117
256
-581
-130
-895
878
185
584
-214
893
7
-857
-223
107
-81
436
-155
-658
348
-897
612
-254
-750
-669
-630
608
830
313
908
700
725
719
384
-999
-846
834
-947
-706
110
-254
118
-482
589
146
-522
45
-361
465
35
71
979
771
655
-721
-170
-374
899
-340
-176
176
-973
455
-676
-918
-211
-683
-504
396
961
430
-324
-155
534
-877
-35
-574
615
-954
-729
-323
575
507
77
-252
-141
-125
-455
-483
387
-415
758
-645
286
-134
476
-900
-311
120
-997
835
-913
962
314
-527
-944
492
-24
904
-331
-938
425
-844
-831
746
-110
-140
-990
606
-428
938
989
-597
-232
926
743
-719
-730
752
-894
200
-392
-438
374
-977
220
337
-693
933
574
770
-833
-510
-2
656
716
-762
469
-763
-210
254
-103
764
-676
-405
-870
-17
-763
695
-603
165
-853
997
479
-792
792
309
-61
702
302
-65
-366
-199
397
-746
-362
-630
208
40
-360
411
955
-164
-407
898
-26
-710
879
-857
75
-755
592
254
-82
-828
843
654
-947
763
533
-544
535
-754
613
-686
-427
794
590
641
116
-382
495
-729
584
-757
-588
385
-202
106
-93
-357
-439
504
-786
-504
-971
-222
-162
-3
-270
109
730
-83
-554
974
-942
-614
87
-533
463
516
-438
-958
10
635
82
9
-467
922
-600
50
685
98
353
147
698
-668
-791
-119
795
911
-39
-200
-420
854
327
950
-585
-393
316
-250
-735
-772
859
973
-900
154
-507
-115
857
-192
87
-901
91
350
571
825
239
-947
738
-475
-172
683
-83
208
-61
664
-469
888
291
-452
-547
857
381
747
612
468
-300
-196
-772
-183
-389
-742
-230
-214
-270
-666
111
683
-312
-208
-718
-605
-679
-450
-891
843
-112
-954
-626
-85
-460
294
-319
-815
-443
-937
-306
-538
772
213
782
284
745
76
648
480
368
519
808
-256
529
133
75
-859
-454
-213
-425
368
413
-121
-919
317
474
885
318
744
812
245
601
65
-121
69
-863
-481
-648
-314
-937
-629
612
-637
846
62
317
536
-311
12
-828
608
-307
-787
235
-482
475
356
-763
812
-672
-708
-561
-500
167
-888
-913
494
464
650
669
-590
951
855
-339
792
172
884
13
799
-98
-160
448
430
354
248
-740
586
-221
-141
284
355
-265
-214
71
517
66
342
839
-254
-621
251
-708
-372
-838
-486
-765
210
899
-830
683
-608
547
-942
-604
-392
-858
789
148
307
745
913
-972
-363
497
282
930
-209
117
718
719
-359
-280
472
-678
-616
400
590
-948
344
335
772
621
-780
-449
918
118
264
418
-206
268
-212
-49
-196
209
-273
696
-671
582
-302
62
234
-962
-71
79
948
-382
649
-73
923
-211
885
114
931
-342
430
598
-346
116
703
-770
841
956
-821
16
-142
355
272
189
107
659
296
115
-988
293
333
-23
414
808
-801
-733
194
-618
-111
-414
836
715
682
-619
22
917
-469
-508
-909
-39
915
-593
483
-420
249
289
-599
-912
585
317
-231
-865
344
-273
-121
574
-335
692
-371
859
876
149
333
-901
-206
375
170
666
374
-923
732
-877
343
-582
-521
-176
-923
-92
828
-652
-769
-433
-96
-870
-551
-913
-425
-826
639
-256
-723
269
780
-191
382
-75
-54
88
-143
208
759
603
118
-42
51
815
-927
-799
193
280
-900
773
-582
-722
562
881
-120
-191
159
-714
719
-823
710
-373
-683
-796
144
-442
556
-840
-19
633
241
928
527
978
-929
-541
-827
-84
-840
-970
781
37
574
-452
957
708
-421
258
-535
-198
-409
558
-475
-576
-463
-93
934
344
421
988
-374
-184
-495
-769
35
-606
-443
-973
377
440
-305
-892
-315
-487
147
-616
999
-516
-543
-509
-507
127
401
441
-437
-412
166
-702
-64
-555
986
-172
816
337
483
825
93
-325
-545
170
-263
859
969
-57
173
-443
30
976
-97
583
-123
656
930
517
107
-726
489
-830
-456
611
-778
-549
852
496
-688
-550
-844
-221
-902
951
344
-991
-978
-871
-752
741
626
30
76
980
-776
93
-642
-244
327
528
-165
-964
39
852
-851
195
-60
-191
-126
-971
567
-132
-78
-404
400
-71
38
206
-485
-457
800
-414
-810
810
757
17
104
-87
-791
-454
-893
361
654
-838
-191
-490
-482
606
-771
-404
-995
-239
806
-948
-926
645
383
-188
-579
-467
400
-483
-335
287
837
-564
438
-530
-993
943
864
102
332
1000
594
-18
-358
651
-174
993
-967
710
-594
887
204
803
-402
-327
637
117
390
669
-382
-744
408
499
832
-59
673
564
728
822
252
8
-253
-843
-565
163
182
828
-912
-820
-362
636
35
695
-773
-521
-126
-567
493
-565
758
995
472
-1
103
202
500
103
-477
826
11
752
-778
-68
200
-779
-81
99
476
261
-754
-520
981
87
-212
531
199
361
-601
-723
-522
277
-674
504
-202
-904
-772
218
249
621
-348
71
881
299
911
753
-640
306
573
-159
-192
655
936
-396
115
-925
-85
542
-456
563
-567
3
-415
445
735
-394
138
356
-256
353
-212
-474
-422
603
593
-478
586
450
-477
290
-623
573
615
-254
-56
-667
-760
888
-98
839
-319
-957
-29
-303
746
868
-192
159
-403
-174
26
644
-553
-958
-281
552
-820
-340
-759
717
909
772
-184
840
310
694
-644
414
-927
180
84
-34
-569
964
-366
483
-918
469
-881
-819
269
745
488
-776
-196
-549
591
-726
-40
736
-508
-495
-416
38
790
873
763
756
464
354
412
-488
-961
-769
524
-881
104
113
-945
605
-258
-779
-953
-656
-853
17
613
482
-394
666
242
8
-580
-400
-351
-429
880
144
-387
-690
-885
-753
244
-883
-629
-812
-780
764
-285
169
122
-705
-826
787
597
-32
-300
-780
368
438
554
93
760
-195
733
-770
-548
-775
-452
-415
-806
-78
-785
409
871
304
708
761
-309
-8
809
-54
-118
-836
72
-591
-827
148
589
471
71
319
437
514
691
-575
-737
138
-650
-645
-670
-788
-991
-459
-724
-552
633
659
-693
289
972
403
42
821
799
925
781
184
-226
538
461
333
838
-370
279
184
217
-412
-12
-260
775
-807
-884
733
567
287
940
-482
110
-796
796
188
-961
-357
-712
795
-820
693
-638
-695
-997
-796
857
100
-109
95
-296
144
903
210
-673
-249
356
-268
-706
-1000
457
507
-789
-729
85
982
947
-462
201
-1000
-536
-733
-375
851
904
-167
567
294
255
622
-370
-828
463
-596
-33
556
-621
214
-844
449
169
501
892
682
-268
-2
261
-943
-639
341
506
-555
-685
-926
-357
-122
-365
-387
125
-734
575
-819
-846
978
-490
-552
-607
-779
-666
-692
-339
392
91
479
-12
-370
-694
-772
-463
-968
-134
-426
560
817
659
133
-300
973
111
-478
-835
889
647
887
53
-51
440
-775
226
-626
-361
-860
157
-603
337
-686
994
-144
-370
-231
-21
3
-815
-736
-607
975
-768
451
-709
-426
420
611
653
-508
-254
368
-933
520
560
889
-70
-950
-908
330
953
672
455
-899
-533
-113
473
889
-522
238
203
-546
-365
-701
-217
530
472
-529
343
-179
83
-256
984
882
695
-484
88
-840
-885
753
642
-805
-519
261
571
880
-142
632
-104
237
835
812
382
-717
-642
-254
814
-65
984
-506
703
-256
-426
786
-229
718
-815
425
424
-837
170
-474
-969
-87
-725
-791
-647
-983
-687
381
-169
-605
552
-202
343
-544
-18
718
-201
-279
-996
-208
555
95
864
696
-29
499
-54
-9
399
155
-131
-405
-476
-126
-207
596
150
-872
-725
-313
124
-278
-342
459
508
-462
585
730
-332
944
17
-513
-652
571
-183
223
-189
58
21
-823
-205
-153
-207
-505
-760
497
153
-354
462
-471
-93
-152
-633
-794
-693
564
648
762
396
-437
688
-722
103
-213
556
-354
86
-633
-621
818
645
-474
739
-802
-320
-18
770
-922
422
650
-462
131
-241
-911
-809
937
-38
292
949
780
302
828
-353
-274
301
457
-219
-2
-140
25
924
-247
843
-265
-542
-235
-426
430
-993
422
-201
-873
116
775
-858
-428
-210
964
454
-416
722
-502
-665
369
-966
99
828
-206
-216
479
-746
-248
786
-104
-516
-789
676
765
-879
-525
-707
-10
851
-184
605
920
-200
235
74
801
407
-648
522
712
-530
-680
186
-290
-156
181
-242
-294
811
625
324
192
-321
379
871
-176
-701
611
268
-167
72
-799
325
-571
498
-159
-259
-331
-176
-359
438
-785
633
-192
245
-328
-320
-135
87
-53
256
-626
260
-554
-743
-611
611
232
952
-503
-512
-709
117
528
-482
107
-92
-730
-676
-821
-760
546
833
266
639
-125
199
710
223
-115
397
70
-110
28
-280
826
301
49
-893
-918
358
-95
84
887
-278
586
-920
-841
-260
-413
-747
112
-975
-180
-382
895
-259
-585
-124
496
-228
-190
93
-164
-567
-689
367
-185
-857
-128
45
792
-967
811
-731
708
706
-248
-928
756
474
-999
199
-569
-182
-465
843
242
-257
457
-334
-667
-911
-258
340
79
-363
647
518
-599
934
322
-793
202
60
-80
-832
-752
-272
-79
158
676
178
-847
-10
373
-428
-250
842
-356
816
217
-195
-673
-627
-160
945
-190
-540
-208
-655
698
-237
-842
-621
-834
-803
-570
231
-630
547
469
545
-888
-238
-919
-27
-875
-526
-105
-329
-422
975
171
506
-451
-518
42
-114
-322
998
-40
-979
124
594
-419
190
426
-671
-643
-318
811
-622
619
90
-704
502
943
-333
-307
567
-61
358
975
562
-518
-532
-741
703
750
-681
338
-833
-988
153
32
-519
344
-575
-2
-772
366
943
844
-721
182
-700
245
529
369
174
-695
633
-347
-671
179
246
-463
214
236
-52
-157
-390
804
1
-996
-647
-301
-784
727
-604
-458
-133
-955
619
536
-868
-996
221
132
281
-341
-388
49
509
741
101
-693
104
-42
-888
-423
-152
844
-366
835
-790
-193
853
364
-822
551
-109
-449
29
-252
-162
856
-708
-288
-654
135
350
364
995
-835
677
786
-902
982
712
798
200
20
-6
-710
952
505
133
-801
25
-327
-577
836
-635
601
458
-854
714
63
-944
-35
793
751
-692
-585
5
-469
-323
227
719
145
-275
39
-398
481
662
822
-228
302
-189
-232
120
184
73
-890
279
392
446
625
-881
-844
-719
528
-418
-924
-568
80
-316
214
-507
80
290
-372
513
-927
459
479
-34
916
-638
444
839
104
583
-243
878
-703
566
786
228
-504
-376
-718
970
-380
-216
-786
-30
84
-602
-890
590
997
959
-229
721
66
322
135
-683
-867
-531
-7
-537
67
-63
343
-619
493
14
576
-413
-875
653
432
934
386
438
-1000
231
232
-844
970
-749
775
-280
-913
-244
-395
57
234
301
-313
842
292
482
-898
23
669
-912
-86
-149
692
-998
-716
-325
750
975
-193
447
-958
-925
872
-10
882
783
-17
458
-527
-90
197
-106
295
-68
852
-453
-16
-397
-537
-463
900
-694
473
-645
-801
-722
-530
341
-944
-949
-269
428
-562
-36
140
560
80
33
-595
506
151
-616
-872
-642
-374
-193
-61
148
-724
-626
562
-709
-104
417
284
-915
-48
-35
-226
-675
547
267
-963
171
-166
682
-430
208
-25
-40
636
-353
-686
704
691
405
-517
942
942
960
96
883
-271
-93
256
9
545
-228
-667
347
-248
-124
934
586
469
355
-464
145
966
-697
-254
14
269
-253
590
287
-205
-706
247
285
-72
689
-326
466
776
-442
886
-968
-276
-773
-162
161
749
702
194
656
120
-958
-269
185
684
-275
-973
-987
-884
903
39
232
331
-41
-566
-566
-164
36
214
-935
259
-708
444
-763
458
35
321
836
203
197
-164
951
662
-631
-414
-685
499
243
-507
-449
93
741
1
785
30
435
106
174
-778
319
-719
-787
569
-46
607
-608
-162
-800
368
-778
205
172
-49
-42
-271
912
-1000
54
482
-572
-60
-802
-211
942
-58
167
869
-712
116
271
-804
424
-513
-464
813
606
64
-708
-977
-169
969
-826
589
626
-671
-430
636
850
-459
66
-462
-839
776
780
646
-95
982
-122
-277
545
-609
420
-412
146
-668
-669
456
-426
-644
541
-584
76
-900
-693
465
387
796
311
366
-827
161
302
689
480
-863
-426
-891
827
856
-907
-648
38
515
-105
-618
665
-850
-266
-60
-919
805
504
-295
348
-489
-388
957
-803
-622
143
-438
-867
-588
-394
444
-500
334
386
818
-281
-60
431
-149
-972
926
-388
38
-218
734
-954
-203
236
395
-254
639
-374
-750
-723
184
666
277
-342
943
86
-449
671
660
891
-113
399
-107
48
97
298
-50
-280
-561
642
-879
946
-754
-289
932
674
-961
183
836
172
-456
127
-257
109
-194
149
312
854
814
450
-71
-219
869
-557
106
230
568
-563
-732
-845
-542
-93
423
-902
936
4
-526
483
230
-853
267
114
-441
-351
848
-402
162
831
-615
548
587
162
769
-984
-764
781
-815
305
-858
-413
0
-82
796
-194
-412
-580
852
-128
366
738
52
575
441
797
95
-950
-248
-398
989
125
-983
-242
41
-31
748
543
-56
-176
-968
561
-425
-902
22
-695
-324
-819
-504
-353
-917
-640
-351
697
-337
-932
-180
-105
-486
-485
819
957
544
107
-489
579
-614
-221
-871
-445
-336
767
-321
-120
-898
-243
935
-638
-296
335
-416
339
-924
-453
-601
229
-688
749
-936
320
-957
-744
-512
556
-341
-979
-763
-207
411
831
-139
-968
272
716
656
-665
-461
-89
-838
-382
852
-504
184
-902
-987
210
-885
-904
428
492
-220
507
-419
176
893
485
66
267
-999
-218
-104
349
-637
819
-747
76
563
-407
-269
-286
129
-338
-653
727
-379
547
910
-30
-472
643
-292
712
157
-146
-425
491
-133
-330
323
-105
734
871
-959
-408
840
501
-535
825
-767
-165
654
-105
-954
763
409
150
-111
-844
108
766
256
-704
-78
150
67
395
-711
-247
21
-607
-344
590
-534
279
-876
-11
-715
-576
983
92
415
-643
-238
-265
-120
75
586
433
-54
-166
83
684
266
-74
864
-394
-697
-405
-563
-85
830
464
-570
-293
438
-104
16
21
249
805
877
-93
400
237
949
-808
531
-387
783
-578
-713
428
52
-174
591
-475
-47
-799
384
-339
225
208
-308
-816
-855
-119
599
448
882
-93
221
-323
-615
159
-449
-304
-534
938
-298
240
899
451
278
-787
-590
-703
-198
-451
158
-939
79
689
861
541
-165
7
551
-230
-311
-403
72
805
19
327
-780
396
-479
-424
185
427
-117
606
-843
-486
-755
157
794
-758
-333
-742
670
997
96
489
835
377
-228
-6
-151
488
-823
279
-458
444
-378
216
-939
-102
409
850
160
-905
-239
558
-164
-960
-995
952
339
-775
-902
-496
-410
35
-26
-224
736
-575
-273
-300
-430
-1000
-343
207
-753
510
187
-705
299
728
98
934
-562
-692
432
307
-83
-661
558
-629
-57
380
-951
-75
381
240
-47
-345
-766
-865
197
-95
638
113
-370
-546
308
-302
-641
-22
97
-260
458
-956
-59
-229
-998
724
-692
901
-344
-637
-352
718
-874
23
-53
-279
-651
543
532
-504
895
-904
376
-880
-503
-807
150
544
872
-884
942
511
-659
-299
-681
-156
-554
15
-935
139
395
-312
569
836
-666
699
-655
107
742
45
981
945
-426
449
111
-153
62
-522
-427
-769
855
-862
333
943
747
-566
-398
-405
-720
-663
-433
429
-662
647
643
22
-354
947
219
-71
-175
-147
43
-750
-204
-756
-345
165
113
-85
-199
-780
769
-741
-845
816
-751
-508
674
-524
224
123
-784
-700
521
449
174
103
503
418
385
-178
-826
516
-287
885
366
-949
396
480
-976
-771
-811
-603
629
-226
420
-739
216
329
-885
463
576
-541
-633
117
829
-190
-521
-377
259
-164
-509
296
-339
280
-771
-229
-392
982
982
-257
23
-963
-655
-657
-38
728
-750
108
8
-366
347
-492
-442
535
-621
44
-884
-108
346
-480
64
-647
430
352
138
566
826
100
-905
-2
111
-275
389
298
815
189
-951
565
519
-772
820
-613
-251
-955
839
298
-476
-287
256
-54
698
-983
-417
-868
-915
-366
740
640
273
479
172
159
-175
298
455
-392
141
-42
-444
164
-799
-262
452
-765
108
-939
483
-810
-572
484
39
343
998
-756
-533
740
-608
-231
644
246
-749
208
544
-369
-342
431
-190
144
34
-293
852
406
-660
-178
-38
-308
334
-86
167
221
-289
-247
-484
-719
-651
-321
387
277
-911
607
774
182
446
-107
212
-377
-714
-348
-532
-236
337
-649
930
848
-55
-949
35
130
-151
-886
-47
316
-875
-269
-933
180
-574
-612
86
860
513
-276
949
-952
-803
-183
-833
-22
131
468
-806
-788
199
-483
-266
-334
-122
235
773
697
-704
697
-950
643
-148
870
396
211
272
-334
600
-333
-99
-807
-1000
518
56
575
578
876
-747
-868
550
-378
-392
-78
438
767
-649
431
-994
319
-227
341
-19
279
789
100
-242
-709
-910
-653
-361
80
443
-101
-439
172
-451
954
443
947
-481
256
449
858
602
-833
-693
-776
-673
91
996
241
351
542
346
538
-540
167
563
-940
911
923
-271
196
281
287
-740
-397
83
397
822
-153
-724
550
-231
985
-94
-906
872
-612
878
-187
947
-574
46
901
690
269
682
-159
-913
-37
-38
-337
13
-265
-925
389
493
-291
82
241
-428
524
-470
934
906
-32
-143
112
-66
486
498
477
-844
-374
-771
156
-25
976
946
794
190
-880
985
-248
68
-498
714
504
320
841
-988
961
-745
866
61
391
-69
166
-740
313
-331
-729
936
-249
702
962
416
353
-665
-836
224
-999
300
-489
843
896
-568
408
-121
-369
-453
-569
-635
-141
-560
-656
38
-244
710
-616
-839
-176
255
490
-494
37
244
418
829
-542
835
-919
-51
-297
-144
745
-21
-23
351
-40
-944
-676
-256
-719
-511
779
166
347
-123
-781
-534
264
620
650
-699
22
-719
-918
-989
906
586
244
-141
-320
-675
243
-22
-931
-610
-27
727
617
-236
300
174
-211
144
494
313
96
669
-153
719
962
516
559
-717
105
168
436
121
894
560
-701
-264
815
427
609
87
790
216
710
-29
641
-137
-369
-641
104
-852
-731
437
-147
-456
-226
-76
771
-704
979
51
-942
-921
-48
604
454
-641
997
-493
-457
-332
-735
-672
-263
-783
-883
-706
203
514
-934
1
201
906
328
209
-590
-3
360
381
-454
-648
321
-568
-504
-149
234
-724
-861
-304
132
-342
-668
194
953
780
-469
938
375
-278
-141
-105
-921
500
479
524
935
223
-851
-59
378
-616
-433
731
9
-833
-97
-224
-436
641
-279
446
-511
964
720
-479
457
581
449
964
-833
-326
-360
400
-758
916
264
-897
-154
517
527
-723
428
-107
-225
988
-886
-149
-970
-686
-989
347
-951
611
-501
718
-25
830
-900
457
-197
-944
-996
21
-809
-151
682
-529
68
42
-670
912
743
772
342
-354
-904
664
-715
-557
-623
762
-102
198
-900
218
605
187
440
263
19
-433
-328
25
51
885
-294
752
-431
263
-69
75
46
-762
664
925
-12
-964
388
261
438
-504
-943
880
-639
-828
581
-410
-410
-708
-237
252
670
-440
-12
-562
10
-209
52
-108
-414
524
661
376
-243
89
287
267
818
-760
757
-123
-819
185
769
-923
159
-31
-532
-491
109
-929
-794
459
-567
244
-942
90
530
696
144
-630
17
125
433
600
-979
-302
-406
903
-269
-229
821
693
-623
770
-829
789
-768
445
88
102
484
-203
461
110
190
-348
-9
-169
-221
568
619
-401
631
877
975
816
-315
-19
346
219
-178
504
-920
-778
-842
-847
-636
25
-214
-614
-77
-216
790
-172
-151
211
283
228
-108
-882
-350
-696
120
295
383
252
240
79
810
693
-58
-323
-367
-406
270
353
625
311
-737
-48
-670
529
969
303
-160
-75
-947
-737
435
918
309
-560
36
327
861
442
-440
-727
439
-36
-425
-745
-549
-1
-817
-125
-933
411
-575
894
448
436
-729
735
-115
818
82
26
473
-56
605
996
977
-990
426
-393
-918
343
-346
419
-526
-673
500
-942
-530
-457
-932
-490
404
-197
-877
293
-998
392
650
583
-732
156
739
62
-929
451
-102
-628
402
-136
-706
-264
598
-758
-644
575
-7
221
-667
-612
-389
199
-78
163
-261
770
-478
-406
454
357
-826
989
-586
-818
484
-508
537
271
-584
-636
-889
250
-662
-518
-740
307
388
265
-58
863
-647
453
-888
220
11
776
523
-14
139
-696
601
-808
83
-546
371
-582
-597
-476
712
52
-25
246
-512
-319
-523
668
532
-640
459
-830
324
126
-358
-591
-836
-273
-897
461
991
-585
237
888
990
545
770
-198
148
-367
-972
896
-828
-654
-346
-754
-321
834
-967
481
-403
-881
543
21
-91
-534
506
763
-890
457
970
-737
956
763
-923
-761
-731
711
815
37
79
252
-801
94
870
431
-281
306
-39
-457
74
325
900
-513
-807
175
-801
-953
-372
726
448
995
-615
34
199
979
-666
192
-895
426
-169
-108
685
-444
-780
-894
-530
-687
398
70
901
893
-357
81
410
182
-619
-439
563
-935
157
-666
-483
-920
929
-565
-651
-95
-966
-760
-253
-273
-627
-926
137
-275
586
-231
973
729
-907
-953
-445
-480
920
500
656
514
-288
-703
-216
-560
-590
282
-263
701
-137
-938
-513
-22
53
-348
64
-541
-289
99
603
-861
-674
-302
-724
-917
671
-228
718
573
-381
-724
276
74
-142
-386
148
50
982
898
-288
-8
-434
-83
-248
-485
160
281
804
588
-56
9
1
-834
7
-62
-426
323
661
195
56
-88
-48
-911
292
-828
196
-475
776
498
-965
167
-677
76
-200
-54
-75
-496
143
-369
-919
540
807
-700
-483
-708
-813
-298
890
381
720
265
-731
749
-921
436
829
-665
228
912
194
453
327
899
336
-728
-660
-668
-927
42
299
-272
238
562
537
150
-422
-273
857
-947
-838
330
-926
-991
-212
309
-960
257
803
243
630
259
610
74
-88
837
-927
877
863
-173
148
-333
770
-920
-350
-576
-711
778
499
-183
-725
197
268
-108
-431
544
358
-274
-39
920
643
-644
565
145
-94
-501
-543
74
-781
-647
88
-312
888
-109
923
447
479
-167
515
602
-303
366
-225
18
-323
645
-213
-726
-812
532
-868
643
724
-388
588
369
-372
81
487
-733
605
997
-634
242
-510
835
716
696
952
269
685
558
-816
394
306
-777
-504
91
344
-246
826
689
-341
971
648
-820
969
36
81
303
-733
8
631
980
805
144
727
-130
387
995
-684
928
926
822
689
167
-191
-370
-932
468
-885
-261
876
-606
-628
69
851
680
997
505
-112
883
831
-329
-712
107
187
700
780
-472
739
-297
305
624
-477
-486
-373
13
-481
984
400
-755
249
989
121
-759
577
811
-697
-635
988
-856
-589
679
-808
-304
104
-785
941
446
-110
-357
-502
-570
316
825
-277
264
701
-754
-968
111
692
-461
466
784
-362
-573
-164
-253
-348
-653
-949
427
-314
893
-364
71
-798
-952
-49
234
814
-284
817
260
556
940
414
-705
-341
233
-455
218
636
142
76
124
179
-741
308
920
-122
662
-550
-170
-209
251
829
801
918
529
596
-723
-801
-354
478
980
532
-639
398
243
-394
-442
-472
-885
-847
675
-616
521
431
531
242
400
-890
-279
-999
818
-217
349
-50
908
-910
710
874
-183
-265
-68
-304
303
-842
-707
-269
366
743
-644
335
-245
264
631
-82
-372
515
923
-460
-362
-505
-827
766
704
266
-225
-748
-830
695
-615
306
-272
-665
-64
-491
547
-751
76
614
115
797
-390
-878
-811
-313
-925
114
-828
568
48
-182
-570
194
80
157
154
-190
-955
900
417
705
848
-17
-402
-708
589
-98
-603
499
-44
-175
769
1
557
-116
-243
-473
192
-606
-833
529
436
641
322
151
292
-135
595
-930
724
999
-868
-967
156
-953
-29
636
-269
724
465
917
-749
-930
339
111
-840
-998
-953
-614
35
-320
-326
-438
-214
912
-628
696
700
246
223
441
-432
-610
1000
860
-452
89
-882
-573
304
-419
-21
644
320
827
636
571
-878
550
-968
-73
230
-724
337
953
-663
-876
-361
-334
-989
743
-851
-718
444
490
-827
146
965
-233
-314
-553
814
134
115
-595
-470
713
-36
1000
-916
-526
762
622
150
283
-699
-628
969
-928
370
524
-578
-708
840
-393
-309
-476
365
-938
44
-511
-135
995
-480
-901
-609
110
-156
-912
828
-554
767
542
176
157
-471
640
58
-928
-635
-4
-804
-584
922
-720
-544
-671
816
-524
-56
943
848
64
-35
-749
447
-152
186
-834
826
-884
-908
5
574
181
-729
464
-95
-572
88
-778
-652
88
595
-245
713
-90
-505
385
627
-360
-618
956
-900
-368
292
-120
497
-117
-11
487
-862
632
-858
490
-370
808
594
-650
852
619
694
117
-602
-978
-833
-990
-624
-186
852
-646
592
669
-121
-108
183
515
115
-10
-849
-34
838
-147
263
619
-493
-686
-558
-215
-211
269
-40
-880
498
-42
532
-463
727
868
-521
-149
-7
126
212
180
580
-547
-434
528
-580
-959
644
-6
476
-327
-544
222
573
-993
-738
914
233
520
-101
954
978
249
-231
196
468
-161
-518
894
-308
-220
-573
453
-17
-95
-831
273
-843
374
110
171
630
-751
-1000
-296
-263
332
-7
823
685
570
894
930
-941
-275
-317
-248
913
456
-757
-680
856
77
-756
694
765
703
576
-732
901
-157
683
-259
-178
-55
198
979
-637
323
395
-595
-920
528
-132
-883
766
-154
-67
450
-263
134
849
247
-466
319
659
179
746
-373
724
934
754
-194
-363
28
914
864
-501
432
-247
-601
426
795
-254
350
-164
339
-558
138
879
809
261
54
659
-206
-98
-814
-165
-307
861
482
378
83
65
-218
-458
-629
-402
-968
-42
870
497
-931
760
682
559
-862
700
-889
-263
877
-106
-192
-360
931
536
-673
832
473
-598
361
303
-774
-556
813
-891
-894
14
47
993
13
909
544
-272
-593
-745
405
-980
-629
-626
-867
585
-951
784
448
296
-44
-414
605
-470
311
-225
-870
38
-187
103
-994
772
-616
150
-708
499
-322
-509
-518
-57
-539
575
835
183
659
689
-755
910
560
353
-608
-664
-224
544
164
-239
934
771
-688
519
815
-585
733
913
346
-755
946
-892
-532
48
-439
-961
-448
-458
264
-799
-765
-105
-976
-673
-67
47
137
-385
-390
-235
534
462
552
438
-975
645
-783
146
736
-463
4
376
76
-871
-403
833
639
642
-746
-308
69
-531
299
157
-3
-552
912
478
765
785
118
-268
-22
701
-754
-827
961
101
-83
463
203
-576
-327
766
-192
-883
-197
-128
332
163
-659
64
620
-135
-69
-779
-287
133
-620
561
441
360
580
-355
90
-898
-999
-205
944
786
-115
982
701
344
-608
621
-360
492
-951
350
-646
-353
-366
153
-703
-297
-795
-54
-17
101
409
-447
-337
68
-828
517
-150
-408
636
820
-351
687
943
286
994
-653
249
500
-240
747
300
-173
-126
248
-781
-32
119
-257
-505
-44
-850
-6
-295
-526
894
-526
677
444
692
390
427
927
-670
64
-539
812
332
-641
999
959
-154
-326
-500
-406
-545
184
-696
893
-397
-543
-976
-556
947
-380
-358
-690
-227
-573
-829
493
-389
885
-162
-807
232
-117
-644
-237
-141
602
-611
714
-769
-625
-664
404
555
-127
681
179
454
-597
-190
-252
-642
-917
-819
-313
390
-905
-285
-395
870
-372
219
724
-977
-800
-281
-836
-175
-452
-621
-792
-973
922
368
694
641
84
-724
-800
-272
-640
880
676
-234
-426
-246
-400
186
-418
-40
485
151
319
-103
407
687
603
263
-894
588
-52
-6
724
320
584
-679
55
-335
-573
658
-974
95
-475
-799
583
-424
-149
642
269
-194
108
88
-995
-628
336
573
-146
41
725
639
-520
-40
150
91
-804
106
-96
252
-316
977
-140
771
164
593
-67
-460
-333
241
895
880
-500
784
540
-168
887
-587
280
-423
-17
-140
-56
141
-492
-896
-48
679
-936
-133
-637
581
-778
372
-523
-96
-594
98
-914
-444
774
-473
474
-508
703
-92
133
392
-23
-768
-178
262
-41
-499
-527
-838
641
450
-585
-343
-969
349
892
-872
-112
-920
-194
-897
727
536
-221
-151
337
615
560
-923
0
-50
908
295
-572
-921
364
295
464
-307
-714
451
-439
874
645
-445
797
-262
532
864
255
-911
756
-382
-749
899
412
202
729
-927
-162
-521
421
434
-369
-924
-619
-482
-576
583
561
429
-722
224
880
498
-561
943
98
535
162
-991
-893
762
115
-407
113
-858
-460
10
-183
44
-607
-913
-57
-239
284
938
279
-116
-788
-934
540
50
-853
674
-752
908
815
-860
500
-966
-459
-702
969
777
-700
285
647
502
361
595
670
762
-152
597
311
169
-962
748
-806
841
-674
-379
914
-476
-579
-882
-537
-44
880
-512
200
478
-241
-371
760
546
310
833
413
551
905
-681
522
770
-249
-556
217
-949
-690
-511
-926
177
-927
-566
-981
777
326
88
906
-828
-274
-998
-560
-324
-914
276
178
-40
634
155
-545
-528
-165
946
7
-959
406
-978
-797
294
-420
686
286
-561
-338
24
-316
958
-648
467
445
979
39
-509
-277
-35
451
852
154
-940
-673
-904
420
290
752
643
-284
-221
401
-511
878
542
-193
-35
-983
-237
48
988
-299
425
-945
191
512
-330
328
-83
-26
-741
-937
56
-826
-350
813
355
120
331
437
-132
-142
-42
480
-373
-884
-163
969
147
-384
-564
41
627
-908
589
-495
413
-550
684
904
-983
-247
671
844
423
-977
-392
-494
-501
-845
-513
678
-378
-4
-880
-772
-828
-553
-816
-988
214
-822
-824
60
226
-853
621
-721
975
-920
-605
-574
43
670
-60
18
-598
607
459
215
69
465
-949
-435
-932
622
-95
774
-118
-700
-649
-771
200
-247
-821
27
-513
-971
-306
730
-188
5
790
652
599
721
-578
-502
85
48
-640
-861
-944
-124
498
762
-697
-385
503
-739
-566
306
-556
191
912
-775
-620
-512
586
999
733
-594
-744
-230
-711
439
-328
640
-692
995
691
617
-836
-622
579
219
593
-983
369
-189
-217
971
-697
751
700
-796
-116
391
-367
-506
-88
625
671
-861
-317
-182
-775
-14
-188
-516
605
392
335
165
222
-843
761
538
771
391
722
752
-272
956
575
271
-886
820
-981
-887
110
-512
715
15
-721
-949
206
633
720
-787
-709
758
-664
-525
-679
687
-751
161
30
-279
976
668
741
902
-526
62
99
297
-6
854
-225
388
-638
-588
-344
438
75
318
-279
467
174
-456
244
-719
90
-411
142
935
885
-328
-720
937
965
52
176
-538
-858
410
-429
417
-854
-838
-982
381
-653
571
-432
922
-599
-25
-1000
-183
685
-133
-335
-80
462
38
-235
191
729
-464
-496
514
387
-398
758
891
-832
-830
-513
-775
913
250
724
144
-999
-87
597
-946
888
73
155
-80
546
-279
915
921
939
-402
507
111
468
681
892
-885
223
885
755
-491
901
-350
344
340
-907
-370
994
793
-983
-572
24
202
652
51
-39
-327
612
-611
660
16
786
-551
-562
40
458
-318
-810
971
-158
662
492
-496
-155
507
601
-371
-485
542
-990
344
-783
-614
615
728
175
348
292
-908
229
-805
-180
-226
288
-84
172
140
-670
-532
-697
-447
-994
-257
64
641
72
450
-318
401
912
557
490
939
-266
-139
241
-232
-53
-929
900
634
-220
-772
-390
386
-298
508
166
-356
142
136
-893
626
-252
-231
-940
158
644
-162
557
957
558
132
172
209
101
110
-202
988
400
-318
726
-353
-45
684
-440
-928
323
-181
-465
130
502
-871
987
-554
171
-656
-818
606
-870
-905
617
379
345
879
354
-103
-15
-916
981
-679
370
715
959
-768
245
775
241
-838
-655
242
565
-481
597
689
-712
951
-481
-920
653
566
164
446
-739
-731
330
-273
988
-360
865
217
781
452
861
958
-577
-514
-362
-43
517
-596
-793
-141
138
214
-455
769
765
-845
-824
855
352
-611
-944
297
-944
-315
429
-689
-611
-257
773
-563
618
-101
-110
-7
-870
-870
-129
166
-546
-906
-430
312
365
936
698
715
-533
-617
-477
-790
-271
-307
-221
-473
675
-63
158
815
578
307
426
590
-650
672
-395
223
-324
628
-822
-715
-860
-515
-455
-953
245
521
-54
775
-526
-894
219
-735
167
33
268
-691
299
-590
-688
542
-349
-360
-189
318
-350
58
-544
217
-661
174
273
-913
49
-469
24
278
435
704
525
520
306
262
94
-225
-419
197
655
-708
-962
990
-333
-409
-712
269
-62
712
-760
872
302
755
-594
248
359
150
-169
354
392
503
-238
-922
-678
-922
-861
-386
502
-877
12
-408
142
-909
-547
-316
-831
-883
7
406
-201
-675
454
-678
167
488
-577
-933
602
-77
-793
-58
-226
26
-38
347
715
145
-291
-395
837
-800
-948
-338
-558
-710
245
223
841
884
-585
813
-941
-302
391
-751
951
-927
-51
305
963
81
812
-743
-932
-662
347
33
-787
-943
-589
341
665
-507
802
534
402
102
-959
-688
-552
565
-305
-365
-934
-905
-341
-96
-403
321
688
381
-409
451
-786
-472
145
-259
-454
-344
-188
-199
271
-973
-187
-324
598
-596
-868
-557
675
-212
-673
392
994
686
-905
-115
473
-205
806
-901
839
-536
196
915
952
926
-674
-337
318
-206
-422
209
457
997
-801
-843
202
327
-384
-812
298
-549
160
943
-186
-798
-16
-372
-84
-867
-994
199
223
729
0
-585
595
230
573
260
928
632
-404
-245
-748
-633
750
-65
-515
748
-169
379
-921
-296
687
-22
277
526
-834
264
370
316
89
-369
-767
-784
501
-247
-710
-448
923
502
955
43
-148
-364
-813
-671
-249
550
818
-779
675
355
45
542
162
817
240
562
711
-960
-417
-50
-743
339
510
-295
-629
898
-347
-202
290
304
578
-223
-692
-142
596
-83
-185
265
-25
-52
-856
661
-632
355
261
275
751
441
943
315
-635
-323
-62
-950
644
267
-798
-71
-475
760
604
-585
894
-909
347
572
-741
287
40
765
17
-819
-511
-238
665
-829
-385
775
860
-899
84
-218
-736
857
464
9
-47
-757
-879
-776
540
917
-920
-683
-755
-651
711
-450
899
-839
848
238
-64
-611
-729
532
-772
-457
332
452
431
61
286
577
-91
-266
-351
-114
906
-537
-625
-976
812
-971
-227
-277
-504
570
420
40
360
-281
766
879
-322
-617
-241
-493
-888
-989
-246
-233
-490
487
103
-136
306
-775
883
967
650
742
-867
242
992
-273
-988
683
-912
269
-641
294
-459
24
99
131
-320
97
902
885
-537
-174
-1
790
919
612
582
436
-199
825
-758
753
-805
323
-940
-154
-814
-274
-365
-832
370
124
725
-104
272
-892
232
837
-766
761
-875
-646
-106
528
-270
957
-722
341
889
362
-576
-497
-824
-325
610
-942
-21
-585
707
-272
-700
-21
263
-515
974
-703
817
928
-432
487
605
397
349
673
967
-565
828
-202
-250
-279
-72
-495
-999
-985
-108
253
-756
-579
977
51
356
158
-325
-236
10
-613
40
-80
561
-724
-171
-482
-103
891
858
-645
474
-886
-41
97
998
998
849
-89
-927
127
-848
-655
3
-276
50
372
581
-373
-45
371
659
250
547
-30
-855
-876
-892
-558
347
738
-331
-772
373
-797
-942
437
-202
574
912
554
840
685
464
-634
-429
-731
983
321
41
599
-124
436
109
628
-667
-268
-526
-905
-512
-106
238
-968
-335
-805
-509
-191
-152
-572
48
899
259
316
-819
864
-597
86
-606
332
-364
-277
-178
-139
-482
166
-519
456
938
-458
214
-975
-741
-40
-117
203
-174
797
-785
-652
-554
-835
-181
-110
260
-746
-26
-309
-912
-704
-55
-85
952
97
-484
-686
333
492
139
519
535
-537
-815
-263
779
415
858
-72
703
168
-771
-777
-101
717
-229
153
-680
602
-703
-575
-899
182
-145
98
270
-611
-389
-271
-498
65
-11
-769
228
-187
657
-28
-773
-906
284
414
636
-753
293
576
-251
455
-852
49
838
-624
-968
935
-724
105
-47
-577
109
365
-921
746
-449
7
-685
222
-433
-772
-640
-97
-9
65
841
-933
216
908
446
-447
925
-541
-527
-35
-295
-702
-364
25
797
-432
50
-655
-341
139
585
-524
964
-271
-111
-446
-996
-185
-980
-847
769
-106
448
191
845
-207
-743
-449
727
-643
-417
535
250
-431
-256
940
495
-255
-259
-621
266
266
-28
-440
388
196
-481
97
-110
274
-325
-305
547
558
-405
-39
23
-599
-409
64
351
-283
-948
870
-316
565
42
-49
-609
-112
-442
-991
536
563
773
220
476
680
-766
92
-830
-781
-337
-259
-965
-532
-189
977
-826
536
-533
-957
440
-358
-185
-511
-623
75
-57
92
608
-903
805
711
808
-296
-614
455
236
369
413
528
-793
779
703
960
323
-425
490
-311
-399
349
-406
686
-250
815
828
-248
-569
365
885
107
794
60
-103
387
758
-534
-96
804
-269
-680
-124
-724
189
689
530
-471
-223
-181
-9
-403
-639
-713
-408
-9
762
-547
-108
-689
792
-166
86
585
-399
-745
-534
145
-313
-78
304
-515
-32
948
-77
750
344
-943
-347
559
759
354
-373
-842
-787
-560
-30
-185
-56
235
948
80
646
-330
-2
-120
85
97
473
-210
-982
-170
852
528
-227
-271
83
118
219
550
-39
-685
324
543
594
-77
-469
296
300
-962
626
321
-421
-27
-372
-741
938
-542
-773
631
249
-424
-676
-380
-387
-466
506
-542
928
-903
-484
348
734
356
-365
-767
-957
-374
903
385
367
-367
802
-867
185
-375
604
493
828
697
572
-898
316
826
727
730
-157
350
-345
-935
504
-601
-484
-84
605
-818
-272
-480
793
-705
-991
-978
488
850
-902
-562
666
-117
-755
688
-783
-638
889
988
-440
592
-203
815
-518
287
-258
886
-490
-526
-237
220
286
340
260
597
572
-283
-660
-746
503
226
-107
711
259
320
-580
95
59
171
205
-213
632
701
4
85
137
-87
387
-709
810
702
-478
-267
-117
-73
-254
-783
536
546
-352
-858
-759
260
595
-339
151
673
-651
985
-123
206
-200
-268
1000
524
265
-722
393
-525
704
-964
-162
-774
-325
-642
93
804
-949
-839
-712
181
390
443
674
207
-770
-826
-623
-345
-407
-114
127
784
-183
16
59
-438
-306
-37
-787
-591
-565
-178
-668
-613
-543
919
227
-367
-950
326
-162
666
-686
87
-665
294
588
420
115
-37
422
244
-87
589
-915
-297
-404
264
466
-554
-853
-331
-584
-711
-61
185
418
-567
688
392
-418
338
-112
73
177
569
109
113
-750
-296
-659
-51
-695
-600
-608
276
-224
-151
-208
-898
841
-123
503
-750
834
-105
-694
427
335
-313
-927
-127
-59
-708
-491
598
-457
941
-960
607
-959
-786
478
518
-884
108
844
-465
319
380
620
78
-730
-588
652
-715
-646
-407
-788
-177
-664
-232
-569
-525
-154
104
-935
780
342
-471
-933
-994
590
477
668
-296
631
-87
688
558
165
-111
2
344
-892
559
-500
-550
-39
-833
337
-480
-365
749
-492
41
118
-818
656
684
329
194
-97
-713
-336
-830
348
470
-980
-596
588
809
-233
979
-773
363
431
-804
-177
668
166
218
736
-987
-424
-996
-153
-237
228
33
517
296
-326
-317
-399
598
-957
352
-125
238
959
-340
-268
-79
-383
-847
-364
380
524
407
-348
156
-71
151
641
-798
844
272
629
-711
337
-848
-429
329
-266
573
701
-742
797
-305
512
-166
272
91
-527
82
-746
-33
-673
-51
345
257
-476
984
-144
144
-903
19
109
-687
-796
-624
289
-341
454
-659
-57
-434
40
-389
446
842
521
-652
-354
234
-934
-735
727
201
-984
-515
-399
-141
-315
-124
436
-918
181
344
928
197
165
-148
893
-836
-361
-387
990
-851
603
235
-822
168
-377
-502
-125
-358
-172
-922
-566
-899
73
394
510
-848
848
-535
-332
32
-253
427
-230
125
48
-451
-29
920
938
-369
656
663
-771
-145
814
-181
-102
615
-674
71
207
-634
692
856
231
917
675
206
347
-733
-66
-151
197
493
994
793
867
61
-103
659
596
-930
-778
-30
-43
-252
623
686
840
-852
-356
-960
390
11
-393
-949
843
-739
-447
255
932
630
-529
-154
417
802
963
-395
126
552
-850
934
-834
176
-169
-643
-103
920
504
-828
849
-833
-525
793
281
-263
466
-268
-877
462
-443
-799
-752
-584
13
995
-222
904
422
106
-687
-897
-238
-306
-613
351
717
-564
-444
-686
-665
-351
-509
288
726
-460
-456
-814
-161
-348
-180
-856
426
-370
903
351
-198
-272
-540
-773
-701
412
983
-76
-543
-724
-738
-265
-287
-275
-103
371
-932
-983
754
-94
-800
-698
-723
-319
621
-368
-549
-71
443
433
121
507
-9
-637
54
250
312
-85
-345
-637
543
-197
787
-70
968
588
-685
-588
-293
-272
-474
823
984
-273
107
-832
271
-466
-758
306
-808
-730
447
-67
-687
380
-861
-211
-4
618
-159
691
836
32
36
712
-141
203
-919
757
-213
-889
-179
-7
-249
294
-700
513
-870
215
266
635
530
233
-390
-583
-861
891
440
-558
633
-49
-246
-940
-637
425
-198
211
674
299
837
463
319
564
701
872
427
-630
921
274
-266
465
33
726
-342
472
-760
-969
477
722
-165
-456
22
10
168
543
576
-141
591
842
-553
-782
756
488
-70
-624
-124
532
394
-613
309
-918
-685
-90
688
675
-193
-957
-254
541
952
-800
-643
414
364
32
107
85
-943
-871
824
-12
715
577
294
-721
645
314
849
-727
838
646
-625
355
498
-442
-430
-885
-562
171
161
947
810
-185
-684
-330
-991
861
-799
-245
-534
129
-213
-902
984
-442
-297
190
335
-752
-650
-253
422
294
-982
631
613
-854
897
-18
-273
-631
-57
-69
-177
829
859
338
696
810
450
966
492
-776
-515
254
646
580
-274
-308
-386
729
-48
948
-495
594
964
878
327
235
-316
-981
685
-974
148
394
-256
244
-701
51
-132
55
465
119
-495
-616
-477
748
-284
-111
550
698
53
388
855
570
31
-306
-541
201
-310
-60
-705
-474
47
-36
399
693
329
140
525
-39
270
-664
-957
-718
-34
210
591
-553
-209
367
-573
-220
708
315
620
-750
-30
780
-345
836
-126
-131
-270
8
190
939
-983
-594
-97
-159
-733
-336
-454
-261
946
251
-185
556
87
832
-455
198
-768
-979
90
-290
423
754
229
866
655
-737
-853
-493
-936
-674
-730
-477
771
848
655
-223
905
-211
855
-745
-65
-387
-382
338
-223
21
146
68
-928
261
89
787
190
-677
-790
952
-582
-682
571
-836
-426
-375
-907
-340
-702
649
-48
510
33
-801
952
594
240
-865
-97
364
-572
231
-678
-165
-984
-143
726
-797
917
-524
289
504
835
722
788
-43
-687
121
698
956
152
280
187
437
303
322
-805
347
25
349
-599
-569
-795
582
775
547
-598
-449
774
-524
-599
-169
967
-288
-132
-172
702
-587
-960
-716
-988
-254
271
436
975
-35
-540
342
-206
-394
-963
109
64
-646
-168
-649
32
-703
-546
-243
666
632
-344
-127
-224
-401
-277
-299
879
-311
632
-224
140
739
234
709
-796
-673
687
-384
-329
323
-370
408
-344
-449
-585
-112
986
-838
204
954
-272
-786
25
48
-4
-820
404
457
-247
-862
-362
610
-688
-348
420
-358
922
64
-367
-134
-469
-989
-772
-25
101
-699
709
582
-728
-603
-425
770
519
-690
570
675
952
-156
-453
-76
917
655
-5
471
-733
-197
627
135
-739
421
131
700
0
125
59
264
596
658
273
-745
632
100
-760
-569
-407
-636
-970
-531
720
-817
76
727
860
-416
730
777
485
507
-859
-355
-950
-159
-17
-375
-271
242
-214
-90
-103
-654
276
716
-305
713
878
-783
596
570
10
-958
-361
740
535
979
-150
651
685
453
-657
612
-848
873
642
93
-94
729
-125
-877
798
-58
739
859
400
-546
685
50
-983
-113
894
45
-851
-479
151
-699
626
112
-113
-282
745
-38
622
434
695
387
-79
-934
189
-143
-206
-205
163
-104
-996
-296
629
578
-373
331
-378
-201
691
255
-180
-314
782
610
766
428
-828
-965
522
-62
-858
638
-320
248
558
-66
-425
520
144
348
-424
275
900
102
403
679
301
-564
972
22
749
-649
748
-752
231
-542
-702
-751
-471
-172
180
492
541
434
-949
-1000
996
232
352
46
321
39
-536
-483
-792
-952
-760
-53
234
-787
-834
783
-928
793
-720
387
-475
-720
-671
611
621
463
-11
301
-862
743
-605
-480
724
-945
159
279
159
-885
987
-452
-599
-52
-191
-468
-499
-996
449
13
905
-998
-297
-374
-270
-561
799
-514
421
455
-462
-999
436
40
144
426
-32
680
-494
73
-175
773
700
355
365
-379
63
-364
-232
598
189
-465
700
-800
501
-323
215
818
508
-801
-124
-514
-537
926
-538
-979
-113
654
-439
769
-616
-642
-613
899
234
-127
-588
-181
-461
587
631
548
816
-104
-410
-548
181
-885
-326
-589
-116
784
-452
234
-57
-188
-965
-37
-14
-831
317
-212
-202
-982
536
-555
-512
-465
73
298
-914
686
262
868
417
-610
-97
282
-623
671
-530
898
217
938
-204
-664
881
-123
-459
168
721
-640
76
116
725
-972
818
-496
269
328
-901
991
-550
276
-840
-499
471
863
425
789
-817
834
32
-932
981
467
693
367
849
376
-475
-566
821
959
-494
-197
-591
965
811
-440
-188
-527
-910
11
-987
220
783
-199
-498
108
-948
-51
-922
-59
-448
496
-389
-253
488
360
41
630
129
113
47
-3
953
397
-718
625
-7
-314
531
825
837
-880
-962
210
234
560
599
40
309
-790
-13
189
947
-394
-471
-178
-590
-729
-142
502
859
-740
38
456
-80
330
-10
25
210
-569
-329
-975
611
955
914
-909
-952
-636
-127
473
734
174
-796
819
300
-945
420
57
809
-520
918
-208
466
460
-494
207
17
652
-883
-772
-671
197
-655
529
-804
655
-561
317
781
168
336
294
-726
546
-383
514
-607
-545
-999
12
-295
534
505
-713
806
-535
421
-934
-726
717
28
-461
-741
234
-568
158
232
-153
-546
778
498
298
-490
6
514
12
-164
-116
153
-582
245
149
743
-741
-185
-733
-949
834
900
-625
267
39
392
41
682
749
561
106
-118
985
-704
-556
263
-103
-885
379
-296
-578
-700
900
846
102
-673
704
25
-138
-89
971
524
-278
-452
-163
-572
551
-92
-321
819
35
578
149
-829
-299
-715
-578
829
983
-914
-747
-392
-507
280
-839
556
-246
-11
-548
826
769
-585
365
-393
656
82
172
-351
461
-217
832
549
-78
706
872
-764
-303
640
-580
-182
-325
374
295
248
25
684
524
373
725
578
-230
229
865
556
296
479
-309
413
30
699
-59
304
175
273
277
-246
-957
552
-916
744
921
229
729
-817
842
-414
106
-616
-807
-388
-147
-294
461
277
-620
359
724
-305
-385
-835
366
-67
-254
454
-7
301
670
-733
-161
95
344
272
-719
-833
540
-651
-673
742
-303
-522
940
74
-212
363
-744
751
144
-299
-483
753
9
-696
705
505
-597
870
-996
486
219
574
-888
-391
-983
-341
-662
777
-454
-422
131
-150
36
-367
-271
-933
534
313
-603
-971
338
428
479
363
408
965
-173
758
-196
831
-148
-435
-54
196
65
-999
815
-782
920
897
-289
-700
581
-162
-754
-607
-306
-414
-194
-211
618
-785
-267
-489
870
619
-343
-415
-302
-9
373
-547
-547
178
-71
-990
-453
-629
477
916
-767
-257
991
-764
890
304
-170
619
-49
885
177
-50
465
-275
-817
738
41
926
370
-430
665
-676
-499
-779
-472
586
306
545
-244
720
-524
-790
218
925
-130
-528
326
-135
-265
174
111
567
-409
-291
-123
917
965
50
-110
-667
301
692
-996
-311
-969
-449
-260
24
226
677
-844
176
582
-223
422
-311
968
919
-459
513
-902
-294
739
200
396
703
-881
-594
-436
48
-509
17
-450
316
-471
-966
-41
343
-749
954
679
229
-804
-432
289
219
469
223
745
-40
-344
359
50
-432
-670
665
957
-909
-295
251
853
597
-721
730
-185
679
-245
819
-681
538
-692
954
521
-776
-263
-178
-607
-98
175
894
-869
-467
-211
271
-889
-802
343
954
-21
-681
475
224
847
-408
771
138
954
-987
-908
-927
655
-682
210
-207
-658
118
157
402
331
629
-4
854
-948
-243
134
-825
785
-477
63
-666
-985
120
-753
-468
-581
-294
596
-908
769
693
-136
246
-435
350
548
-877
-454
-96
77
-818
206
876
448
200
-306
-799
-652
-27
-84
-244
-392
-15
-587
-262
-746
-721
558
-296
-229
369
-222
878
-406
458
-867
14
-352
345
290
157
766
110
-355
645
720
792
-490
-144
957
429
-402
666
253
269
-980
763
803
232
190
-156
-130
-722
-182
721
300
146
-466
-198
-63
918
305
754
553
243
847
284
131
499
-208
492
34
162
112
0
-728
-141
696
-7
-912
-199
749
281
434
-453
549
-919
677
800
222
-263
251
-840
749
493
-363
753
27
4
938
-908
944
-758
-359
-896
653
-666
-584
639
74
-461
582
881
274
604
878
680
534
214
864
630
-251
507
-471
397
890
-455
590
949
-986
-240
-324
138
-763
-992
330
-25
643
-483
-170
817
500
-29
802
583
-851
507
-495
-650
650
782
566
127
-786
-467
292
-527
902
530
824
785
333
666
399
82
174
643
386
-604
990
-914
429
-120
-941
58
-478
133
-603
-893
-858
522
100
-978
-986
644
673
-496
574
-882
111
-619
-52
412
876
-880
944
-271
650
-525
426
765
-718
193
-756
-787
-954
417
475
254
-668
-644
-565
-774
580
707
-478
496
226
588
-962
474
-211
-564
407
-287
889
-913
935
43
872
-749
203
-429
756
-753
892
-639
-863
535
-792
-229
-621
-723
-716
-584
-320
996
-379
821
-779
-676
276
592
-554
-543
43
-328
161
-839
-531
-961
692
-290
-486
984
183
399
-577
-547
991
-769
254
-700
-541
-190
-416
487
702
-938
221
-701
522
-647
10
381
-765
247
-206
-125
329
-83
61
567
-438
276
10
-583
-824
-291
-293
457
-823
754
-728
-528
615
-796
293
-862
240
-238
-736
-175
246
632
387
357
-707
-550
621
734
873
-279
-189
573
-699
621
378
71
239
796
-266
322
-669
863
135
-166
406
328
878
-561
217
-514
823
-512
504
398
-159
-621
-476
457
855
-328
-452
513
-763
619
-706
407
-522
900
-811
-340
310
-514
924
-84
919
-801
-247
94
-140
259
809
545
74
-847
-394
191
928
48
613
811
-155
829
-435
830
560
-126
-642
-179
-434
750
-832
699
-52
208
248
686
-192
-890
-813
938
891
864
774
-756
-915
347
-419
-782
-442
-131
104
340
-471
986
-900
-306
407
-911
-880
520
876
-83
648
-519
614
-541
-133
402
162
269
900
-25
-110
-535
-735
-338
-244
501
-68
990
392
-798
-456
304
890
-503
455
-783
-731
-892
557
-486
558
-222
-264
993
102
815
151
10
-825
-547
-177
310
-635
804
-214
818
763
-845
550
-491
343
-391
535
-885
-371
-428
137
627
-320
-555
425
-882
9
-809
-445
-909
-107
-811
376
-963
-607
-684
-450
-301
350
502
-593
-925
-641
922
-278
791
-455
-321
484
973
637
59
-409
-714
722
171
-614
626
536
284
-699
-704
815
194
312
205
577
-648
242
-982
-198
229
-250
814
836
-395
771
-399
-155
-999
23
-524
306
-157
828
984
428
-839
-650
-454
834
-137
-778
303
-219
790
677
-75
851
516
-861
766
-813
927
-672
-421
-502
-905
-525
-433
415
910
-692
-400
-493
782
-594
-218
-854
682
557
697
-912
692
-744
-126
-897
-781
-503
119
141
942
589
-30
819
529
834
554
135
498
537
-224
193
187
-727
316
597
-847
-122
181
-81
-970
-53
452
-269
-94
120
436
244
-787
686
221
-67
695
-638
295
-377
-827
-209
466
-209
37
403
746
-840
71
-879
-935
401
-319
324
334
10
-104
422
106
534
406
-781
205
364
361
213
-697
-280
540
-964
-712
673
192
729
-616
-716
563
-120
520
-879
-86
-599
-603
-926
-822
892
-915
-405
-43
903
535
583
325
598
524
333
503
430
-694
715
617
917
-532
-420
969
-699
-462
-79
522
226
0
127
-791
332
-192
176
-762
-137
258
-534
464
-972
-398
851
-20
777
-683
357
329
405
-560
-581
234
440
-14
-249
126
553
781
782
-309
871
-128
-202
-706
566
-122
-319
-188
-777
-302
-741
-647
-816
-788
270
-740
-423
-122
-392
-725
-7
-68
938
-70
467
620
-510
64
618
254
-181
-34
-275
-482
577
-311
-459
-856
395
-759
-598
-424
492
-447
119
-115
-960
-679
506
233
516
439
-349
-152
-338
314
-387
-345
705
756
569
877
820
-195
-232
209
910
-944
320
-286
297
608
-68
-647
-292
612
-42
-740
-89
785
255
-681
878
473
509
-366
-8
-708
-571
881
648
-146
-31
192
91
-319
-167
184
-643
-373
-998
-481
-362
-522
-285
393
-943
174
745
-1
-74
-642
912
-974
668
256
419
17
-171
-816
-390
816
706
162
-425
301
728
-411
423
639
867
923
-121
459
603
-845
-629
560
-764
95
-664
-656
-28
-285
49
-302
933
532
-675
-289
586
-95
-229
-917
592
90
495
652
640
365
916
-963
-876
-537
770
-831
719
-291
-999
948
-703
5
-183
-390
808
-220
-535
892
-502
45
-395
157
309
197
-128
70
-2
-479
-514
216
578
-831
-74
-25
198
802
-94
-218
-191
52
37
-509
911
-948
432
276
-508
-137
-252
-632
-104
-488
-638
223
-508
-273
754
-304
405
-287
888
21
-328
522
-947
436
685
-523
408
853
-100
716
265
962
-264
13
643
211
854
-997
509
-780
-72
-193
647
-577
639
807
-285
-691
-498
-759
-240
-289
-568
199
-35
-299
-679
-701
-202
88
-183
881
-182
-487
306
-89
738
-356
262
-375
-138
981
917
491
231
-457
692
384
509
-759
156
-889
986
888
-690
690
213
212
-620
675
596
545
-22
668
208
-572
824
817
-724
-386
784
687
-176
-386
877
231
933
67
676
836
-998
-95
-472
905
227
386
-968
853
737
394
-231
-929
-255
545
237
584
-780
41
467
-546
426
168
-164
-69
777
682
-339
-992
-32
321
-966
-270
123
-849
537
881
775
662
923
-610
-250
470
865
489
454
-329
-823
749
842
430
994
-369
-404
515
325
-683
0
-576
863
195
-381
-628
-115
-394
692
-891
-52
596
671
695
-587
215
-973
421
197
-4
689
462
98
345
-658
-265
-174
-517
-590
268
847
-974
-865
872
-320
-471
-208
735
174
-217
-633
-887
912
125
946
482
-557
-263
-335
-540
-343
388
298
992
-929
823
633
-536
457
323
652
-744
697
139
-596
-587
-372
571
-925
484
-565
738
-479
-794
447
-995
-614
382
450
105
712
532
516
464
-639
-212
-667
733
621
787
-464
818
950
136
-378
326
661
595
20
-260
51
224
604
-534
757
-222
914
83
712
846
-15
-311
195
89
-328
531
-554
194
576
-667
35
-230
154
-438
911
-373
-512
120
496
640
-459
453
-145
-547
-293
-82
-430
-841
720
980
933
321
949
-176
-139
-814
557
-572
174
-62
-608
-175
750
-408
-444
-977
-666
843
-826
-754
232
99
-136
816
419
-34
-404
-565
-492
-555
286
360
-660
877
-54
976
-309
-113
991
322
-261
168
-150
744
616
-775
986
996
849
568
751
-5
-679
-590
-596
-470
134
-671
-436
723
-845
-693
-264
629
835
894
572
916
462
-636
-976
721
-848
88
-390
-739
-887
-893
67
-464
125
140
681
-312
-278
-326
647
942
-903
-79
816
360
988
164
-1
-215
-178
625
136
-76
937
183
-346
628
-430
663
140
389
328
-708
-344
468
92
181
-655
-85
121
77
961
-681
-850
-862
949
-469
-915
430
-222
-142
-706
-219
-3
337
-70
630
312
-507
711
279
749
-972
-744
309
-784
-596
-65
889
868
991
924
-94
-744
969
364
-880
791
337
-757
913
842
-411
-998
-446
31
880
597
-671
-398
576
756
779
-940
-996
264
890
108
499
281
155
-999
-342
323
321
902
-56
-928
-491
-446
560
561
95
898
-445
-877
342
59
-945
748
582
757
165
259
887
256
-420
364
977
830
851
-352
93
223
470
-914
854
-828
513
612
664
-234
944
-793
-269
381
-651
26
320
85
-709
-753
-992
673
653
-438
268
756
188
664
600
93
451
-166
998
14
-718
-351
-701
-405
750
109
177
-766
277
-42
886
-734
-405
-618
781
874
606
-241
-746
533
94
-36
-483
689
-341
-508
-124
101
-926
-633
-157
-880
-749
-647
917
-160
-790
322
-712
939
-717
261
-245
-243
992
-807
-593
973
-516
971
-68
163
468
755
-851
-360
599
112
570
4
-750
309
118
-769
946
716
677
306
175
664
40
271
-239
35
-404
659
-528
828
-818
-385
-169
-445
-261
829
-556
-386
267
980
-588
-324
-754
726
-983
-864
-678
-354
86
-826
158
-772
417
304
277
-407
132
-238
398
331
405
730
-370
-610
801
69
975
444
128
156
-707
395
267
-394
-963
-438
368
546
-68
-756
-230
-13
178
976
219
295
-289
-375
-874
505
-967
433
8
673
-211
509
-194
148
-723
-215
206
173
979
-558
-554
-666
472
-96
-782
-169
646
469
675
-484
497
24
215
-328
9
64
207
725
-81
-848
-445
-397
-205
-968
-969
-649
989
344
-183
185
517
-751
-651
281
-505
-996
41
-575
-250
-800
-778
-810
662
-138
237
-322
71
-211
389
190
832
-74
407
885
32
827
564
771
908
-782
596
344
694
140
-479
487
-565
92
375
-32
486
-6
854
976
488
-321
-253
929
559
-185
-129
775
776
-154
-901
-232
921
-986
-919
492
322
693
609
-879
-307
-200
-207
368
31
-568
-60
678
99
-899
-167
698
837
-632
-102
186
-194
-77
137
-118
-979
-783
-882
910
689
224
-530
-439
83
-149
9
-259
446
446
682
-600
845
-517
-801
243
-428
888
-99
227
-969
161
-824
-288
-26
445
507
-809
48
-44
997
-970
397
-244
-416
858
-84
-793
963
779
397
-34
-253
-52
-677
-217
390
129
-356
763
491
480
664
-297
709
-385
-624
-481
938
847
955
117
-757
-285
-527
-175
991
-723
285
446
719
-438
768
-385
-476
-240
841
-67
-428
502
459
790
776
-909
121
-32
-301
-418
-684
-831
-133
722
182
-96
362
461
-913
-874
-216
-895
827
340
-448
-175
918
745
554
155
314
40
151
111
416
241
-313
74
494
-598
755
472
598
-481
273
102
-279
-363
938
712
-895
-902
-223
-454
-280
782
293
803
461
642
-195
880
-707
-803
458
736
482
609
-419
-118
-502
49
-383
812
-816
777
245
161
1
734
94
311
-907
-82
-825
-141
81
-518
-860
818
-759
-799
-964
758
-610
-286
345
45
306
972
-676
-526
129
767
-878
985
-785
-34
482
385
108
-113
191
360
576
-159
-64
-352
-333
810
-490
-54
941
-489
-745
-909
-235
-548
-554
-48
494
-112
235
468
-706
-259
-577
5
-301
-172
670
778
-988
-266
-880
-573
-482
431
759
175
556
-692
688
-64
-536
783
750
142
-700
803
54
-378
32
-644
-586
369
390
-141
-901
-339
67
979
325
-179
-737
696
-10
711
-694
882
324
457
448
-690
853
-533
-147
14
-87
-932
-540
-783
883
204
-333
-695
782
726
-919
-378
428
-185
283
-869
218
213
953
88
-163
-362
675
832
-304
443
775
-246
419
-952
-89
-11
-649
-144
-388
961
-325
-188
-427
931
-788
233
680
-428
-735
516
-27
783
751
-447
808
-816
-758
576
-682
305
30
-533
-359
262
-759
-933
742
675
868
-33
-693
-640
-799
-359
158
-558
606
-456
844
-835
48
549
-339
-969
-419
952
-242
161
553
-961
-350
110
-530
-216
156
-605
-239
-175
456
-977
986
499
363
-790
303
528
825
-696
-264
-869
-572
-46
722
830
779
-617
-933
985
371
-347
305
-375
785
888
-765
-264
-267
937
321
-475
756
166
-369
649
-161
457
670
244
-938
50
819
-276
53
432
-278
-375
-62
14
-976
942
-337
783
936
-915
-925
594
987
455
195
835
224
602
373
-283
-171
-341
302
-615
-973
316
138
-643
607
182
626
-817
149
-35
-880
-599
352
324
-206
150
-418
825
941
188
-483
-54
-531
-254
-161
992
680
-129
910
-445
430
-986
267
-463
-115
538
-254
826
215
-908
-138
-699
-945
-781
216
-941
37
-477
752
35
-883
-40
343
60
-564
-88
-529
-459
327
-740
-655
-268
121
263
-987
631
902
-658
-242
-987
661
100
-855
-806
-986
125
2
-564
-241
-144
569
-44
-706
-566
-228
-320
-430
994
604
-693
791
-697
-102
-506
-286
614
208
69
487
124
578
-747
-144
809
-768
-862
112
939
63
-373
207
965
828
-23
-391
166
991
-239
-152
579
377
614
796
936
-972
23
-593
-677
-766
-661
682
648
-441
185
811
321
350
298
353
818
326
552
-588
445
-827
915
-281
156
636
402
376
614
11
242
786
-148
949
295
112
283
733
-956
227
-253
377
245
591
-56
754
967
700
923
-352
294
-988
-991
788
-193
-686
-600
287
-288
839
528
917
-465
-1
-185
-258
171
709
-598
-693
-560
-887
324
-635
-301
299
-23
453
44
25
281
-711
-88
-132
364
-326
-238
-645
615
723
-953
868
895
-769
-470
548
-59
-989
-58
995
-459
-232
-856
-571
118
-471
-151
-440
350
450
341
-307
-473
26
-510
-48
-319
183
-534
-817
392
-260
-371
-699
-887
244
-50
-920
461
-648
-771
225
-410
114
-991
-253
-753
288
979
-359
18
984
885
844
-527
-606
-883
-745
822
442
374
701
471
457
-732
-239
-599
-108
159
-291
129
892
195
-203
-98
-430
546
419
-223
475
438
-869
656
-801
-305
-851
145
11
-884
221
-711
-134
-349
-152
419
-306
71
-883
397
201
926
609
104
-792
-119
-777
-823
270
-570
-741
-522
-329
224
235
-592
848
567
95
988
-273
-45
801
198
134
596
67
506
311
104
782
-357
-278
-51
-481
60
194
-901
-985
934
-75
-198
889
713
-790
864
-398
335
834
-566
662
-410
-843
-349
871
-17
147
417
976
195
975
702
170
374
43
-296
-861
930
871
23
26
825
366
-46
-518
899
-743
324
57
-138
-593
-800
137
-925
875
-790
-734
-568
702
-305
-635
-506
-131
-707
-121
887
-419
234
538
639
696
-577
-716
-260
-600
96
-363
335
-381
-294
-892
-394
640
214
732
14
-627
175
170
-954
934
-545
770
-590
-767
-882
-346
-928
628
-355
213
-643
-894
-215
-947
-89
-211
531
-332
463
37
-526
969
-954
-767
-25
446
-342
-928
-984
506
243
579
-777
-74
632
902
-44
770
668
119
-432
-153
182
394
-984
625
722
-89
-793
229
440
388
-332
14
-158
-450
-212
-828
-647
-460
-827
798
497
326
-939
282
-428
-26
-336
85
85
-811
-879
-124
-936
257
163
328
-796
-709
-261
-498
-515
584
-233
827
532
-595
-771
650
-895
912
-435
-441
225
-752
-313
243
-78
-134
-605
251
-101
-596
322
-370
437
508
-102
841
992
-104
-722
-961
870
-962
-67
-713
-189
956
-454
-140
-49
-574
-735
-52
-856
709
799
-84
620
805
208
-661
-565
373
163
354
18
658
65
-212
762
-64
-381
-4
705
580
10
-37
-785
-335
-598
-969
-273
359
-21
-983
-189
-898
-145
-224
343
-37
-226
442
42
774
464
-517
-415
864
-968
151
-938
507
-203
120
645
-681
426
-493
-879
608
-762
910
253
206
686
-408
-886
-448
307
494
-483
396
-418
-750
-974
97
0
100
-837
907
111
316
-369
-580
168
646
-450
552
413
149
471
-17
602
325
-712
552
12
-117
397
-692
-447
894
-3
-764
-199
-395
-840
-785
600
-841
559
-274
-671
-796
125
-295
-749
-745
-575
-424
244
451
-733
685
84
-268
445
-950
436
153
-699
-965
-779
26
-432
332
376
254
488
-703
691
-352
251
520
-2
453
485
387
-958
409
85
466
-344
-237
77
499
-256
-231
-627
377
926
-144
-226
317
-619
-137
-985
-748
-403
-83
189
-607
-483
-32
120
-813
517
-882
-178
560
943
385
471
-729
328
-685
801
-348
996
946
-989
-167
-107
-870
655
876
-277
784
661
-790
11
-997
-237
635
-683
874
10
189
377
511
112
-881
477
-55
371
-147
-793
-714
-597
-432
-998
83
-648
993
-617
-743
-735
578
558
-857
59
-361
878
763
978
-184
-701
-365
-841
789
600
904
299
-840
-199
737
931
-687
-369
-378
705
-79
529
147
370
543
-51
-545
368
-280
-401
-698
-119
103
175
70
-736
-953
247
-190
-481
906
221
-986
-274
167
-782
-187
274
244
-501
902
-232
586
-438
246
0
844
-606
-377
-597
275
728
692
116
-669
273
-605
-340
29
-962
-429
931
-1
-249
79
-249
136
54
-738
-393
-262
70
-486
-695
466
273
-253
-302
-454
-585
999
-353
-650
-403
944
-312
981
-466
289
23
455
425
-947
660
969
869
-168
417
656
457
-598
829
-759
307
-983
556
-353
-799
483
-793
341
-60
-400
-596
-680
540
872
-877
562
-110
552
816
-559
739
260
449
-727
-947
-247
808
827
-980
-657
-881
-548
714
-612
-84
207
-856
321
-177
-529
-414
78
-239
-2
-260
-791
-986
-406
791
-246
-321
-68
-800
857
552
-53
-368
53
693
593
-676
-353
-643
514
-297
-970
-898
269
-823
832
608
349
487
833
-429
667
584
947
817
33
158
255
539
-629
-953
-223
709
345
-723
705
-287
-896
-128
-744
-475
876
942
928
-35
414
-50
580
787
-332
834
-239
924
-718
369
331
559
924
-819
-668
162
-230
319
547
-323
-184
105
104
442
114
844
-869
-214
-629
257
-239
89
506
762
-113
-636
-746
-735
-825
-952
703
-957
-623
290
-463
118
-557
865
-637
524
127
-583
-969
31
497
-219
318
-722
-200
-786
760
-736
478
-413
-740
951
-158
-876
209
947
-511
-3
-517
210
-340
889
-735
607
-678
-544
729
917
471
766
931
-286
-744
178
-17
-343
459
717
-498
-892
-447
-868
-408
-273
647
-195
-167
-766
120
-713
-777
817
268
-750
208
459
-110
326
-162
80
-791
708
875
758
409
-707
652
-576
698
-42
843
-658
288
82
647
268
-503
321
547
-899
573
-728
-749
169
760
386
719
377
39
807
163
-292
-523
-314
-503
-27
300
646
872
-525
-348
486
420
724
-668
-633
979
351
102
-494
921
-850
453
-1
-880
-828
-949
662
-453
-291
904
794
-328
847
507
514
137
-621
-398
-490
-360
-883
-128
-679
-457
-676
-407
-316
-685
-427
-687
-491
290
448
-446
328
193
760
-26
584
461
441
-832
-396
-217
-989
730
-1000
-70
-823
550
-665
137
458
515
-777
70
-537
-614
-867
211
-237
-536
-88
-113
-4
-546
520
-515
200
253
733
2
496
-126
-335
939
-286
-927
264
913
-688
518
-150
697
608
-357
-756
-777
801
-824
-569
293
-473
404
-60
687
-713
740
-223
546
248
-295
832
-88
-561
48
177
-207
-261
684
-550
47
610
214
962
712
178
742
-532
835
-935
744
388
-621
-939
906
48
-33
774
76
685
-331
474
695
-229
-935
820
949
-77
-504
-895
-837
528
-780
540
-695
541
-873
795
-996
-177
-678
-657
464
-814
-564
-119
192
-621
-645
16
-568
482
847
406
-644
-876
-160
-809
-660
-403
-896
-92
-513
-382
583
934
366
-889
458
896
-987
-624
-279
169
881
320
842
525
109
-504
146
811
289
-474
950
562
532
-906
-418
-138
-836
-982
-131
416
228
599
74
954
-490
172
-24
758
950
593
-598
-808
-234
921
251
-283
-633
379
747
311
-991
662
-905
-72
349
-955
-769
-421
705
-756
-315
622
758
790
804
657
-609
434
914
429
709
-735
41
859
863
-130
-155
673
-296
444
-609
670
-41
236
367
584
-581
-931
-419
791
-167
-603
667
-236
-225
923
-115
92
961
-665
-466
604
-6
470
344
619
505
566
223
-109
440
-444
642
-829
268
313
292
-567
-151
-38
-379
-73
994
65
-921
-358
-120
909
839
-544
-540
901
761
155
-427
190
480
853
406
41
674
61
255
441
-333
-321
-972
223
376
57
671
815
226
-681
324
197
569
846
271
-344
610
951
373
644
903
-837
425
401
-577
995
412
5
249
380
137
753
-390
42
535
-771
-880
-235
-537
901
542
-31
980
-252
650
-400
-955
627
975
38
-792
284
-860
93
-894
-358
-115
-3
98
-460
-61
-901
344
667
-438
-774
-840
397
-251
-27
181
236
76
155
-480
-487
102
581
-369
-258
-421
-31
-845
-126
-150
-404
-212
-245
-561
-658
-560
-496
541
651
887
194
421
492
-325
579
-153
432
-849
-925
-591
-712
865
-445
-696
721
-605
795
-50
498
62
-509
988
646
-598
-760
-633
668
-248
977
-456
163
31
-798
-762
51
646
-999
272
-851
-846
-279
875
-35
308
586
-271
382
228
960
-367
343
-540
94
-886
-645
776
-449
-807
-703
242
312
-308
-118
147
891
438
-469
139
-499
-881
440
563
614
-711
-534
-320
804
-547
24
163
-74
457
844
329
-126
15
238
871
-103
-36
-885
-359
-245
298
617
-334
138
930
57
-24
373
814
696
-735
983
-542
-375
-656
-239
27
234
-377
609
-571
-514
-877
361
-274
-257
-99
-13
839
-986
-414
730
-650
-794
-402
-357
-637
-162
-473
96
21
401
233
668
257
-694
39
591
108
-781
108
-769
571
493
-805
919
-524
274
-726
-433
-94
-829
667
246
993
-705
-560
-270
-902
-992
-664
-673
720
-265
943
-677
-991
-621
-210
-388
-498
-997
1000
-192
196
-79
395
-668
745
-462
-514
-253
-836
-402
532
-401
-597
433
-410
756
446
-483
-111
-55
992
-44
38
-989
-102
-597
325
-901
-578
974
-722
-918
610
-654
951
-515
415
-883
407
-111
627
-544
-354
474
-644
360
414
-539
-750
-435
969
-180
496
-633
-458
13
268
907
-951
-490
163
-474
748
632
-754
-302
-619
-22
760
664
907
-374
406
-489
79
363
-322
-718
866
-975
-608
-473
690
923
-636
73
481
750
380
884
-907
844
146
-168
-935
927
-69
471
631
-846
-384
-543
-845
-108
362
241
-927
-207
136
904
-244
928
58
262
-946
985
769
838
35
472
619
-491
525
625
-829
-462
-991
-100
-916
264
611
579
-354
-266
-492
-655
-607
-880
-218
-695
954
-608
-809
-195
324
-741
992
-144
-617
-183
-430
-549
-344
-223
785
-471
-782
898
541
-764
884
-311
932
-546
-788
700
-315
-143
112
256
845
-210
-932
-268
-691
-942
-538
316
657
810
-311
-430
468
951
-242
-725
-463
-319
-593
-247
-979
22
729
940
650
647
911
602
175
804
89
941
20
476
480
-99
-207
-730
680
896
-539
-502
502
-755
383
499
-877
-414
-561
767
65
436
340
876
118
-636
-580
26
-304
788
-875
217
-110
-591
-385
380
-272
-218
895
-222
-838
-262
737
718
-84
-604
-764
-661
103
-149
204
687
-775
-879
-61
368
994
829
-971
-695
-800
-507
79
-869
700
-925
312
463
162
-364
-898
865
-830
903
441
-472
-970
-807
-648
346
211
865
-585
506
402
982
938
-251
57
74
30
-166
-966
-168
-213
-438
-253
-302
-997
948
497
474
543
-468
-334
161
335
-146
545
-412
-371
798
74
-194
-340
226
-929
-435
336
-932
-855
-266
-146
-191
-294
564
-761
924
797
-665
281
65
-302
-421
799
-948
-250
419
-900
921
-964
-577
-345
873
270
783
85
667
-786
221
49
16
631
-305
-160
840
305
-146
57
510
-487
-873
522
-341
-246
895
558
-243
-753
143
387
650
383
136
-103
986
903
-504
353
-172
731
-983
-907
304
-178
837
410
-189
-650
-873
-799
953
247
-796
34
306
915
54
469
968
-534
-211
-661
-237
-61
-732
-353
860
517
-426
682
246
-488
-921
922
584
-440
196
-335
788
753
381
-838
-856
529
808
103
-689
361
-749
644
-24
-488
-222
27
-204
-489
302
97
700
925
-394
-921
955
-542
15
925
311
-604
-506
789
-885
692
-265
478
-257
-172
-572
0
111
538
-427
153
779
-308
566
-866
898
-58
501
883
744
753
-359
159
527
-119
-789
-141
-380
-585
-403
-646
-277
-442
-114
843
558
-664
-40
-859
18
-226
167
415
575
-616
264
360
-618
-355
-466
-59
479
-285
499
749
-291
95
349
-519
456
-729
660
-282
-877
935
-718
-665
-169
-271
-934
308
-199
-773
-377
243
-249
-544
13
-672
906
755
-187
961
-425
-381
918
-106
102
176
-951
-281
169
967
-847
-819
-925
930
-71
-537
-342
-467
469
-124
512
-243
144
-664
-619
163
252
645
-806
780
484
-449
-397
-954
370
939
809
629
827
178
-466
-936
951
-750
416
733
-214
655
-142
-103
708
392
-746
574
-448
394
-662
328
-783
-65
-861
161
62
-912
-644
715
309
-345
578
-507
373
79
-59
124
-48
68
225
62
-711
-481
-295
-562
-743
-347
-709
-721
222
-924
-289
679
-736
415
-477
-279
989
330
-194
-337
-151
914
-369
810
859
-729
122
177
-592
84
704
786
-570
-867
-696
82
-931
628
-76
-498
-551
231
-46
-457
290
-35
269
695
16
211
987
-506
952
246
751
35
-407
158
443
521
118
-630
116
-415
-671
-490
-525
-979
-914
-294
514
875
-729
489
-154
3
-515
-994
269
-807
818
23
478
403
689
945
-385
-364
186
-882
757
562
395
411
-382
-250
670
-413
864
839
-165
985
-26
-757
213
312
240
620
69
599
-702
106
463
-728
146
-91
350
1000
985
-416
409
-843
-588
649
397
944
620
-548
-748
931
766
-588
-798
955
191
-634
-794
840
984
680
440
-819
177
568
-556
291
136
36
566
-536
-441
656
-372
252
453
-964
674
-142
512
881
764
-126
-912
18
-108
-980
269
-964
-541
758
93
441
-263
696
-868
-97
-688
-296
600
-466
-542
738
-164
684
-333
262
-476
-371
-592
909
97
451
898
-398
-791
871
-529
-410
-169
-308
-383
-188
-689
270
50
17
546
-371
-951
18
-8
-886
432
726
313
635
-15
-269
-409
-565
507
2
-399
-150
-226
237
161
-445
-227
-192
-308
-384
-386
-699
-707
395
-394
-184
703
-860
631
-617
188
181
579
-597
-515
-92
-398
-238
346
321
170
327
-606
131
-920
-398
-216
179
4
-776
177
635
-460
588
-101
-397
501
-869
107
885
-739
-981
-54
-512
136
-488
-173
-727
119
-503
635
-119
-291
-528
-436
203
513
161
-415
330
-432
-886
-987
881
-13
237
-501
26
187
-406
-81
996
-498
6
-300
-990
530
-769
358
-631
635
-116
30
590
-934
233
754
-84
-311
-802
327
605
906
10
-438
299
-434
-161
527
62
-698
829
-871
494
-699
-715
248
663
-597
-789
265
-445
-779
-101
-610
169
-656
387
-339
-336
614
-678
-224
55
-189
617
533
659
441
-391
-952
401
106
814
262
-225
263
878
-809
512
596
-526
-448
59
-822
-747
489
46
-452
-468
83
-642
824
-264
986
-429
632
413
977
790
772
295
-53
-978
611
-656
919
-507
-792
-578
980
428
-204
120
-693
-783
-91
21
665
-145
297
-236
-356
-43
-410
723
-773
748
931
-625
-803
45
466
663
-937
31
857
827
120
-131
97
-472
611
-315
-259
181
-680
-614
-764
214
90
-814
-555
-927
-492
-87
960
572
874
-211
-261
-979
15
746
-292
398
172
-89
-794
84
-679
127
-461
867
-911
-346
-135
861
-869
-96
193
-526
462
-542
-213
153
299
964
153
907
-377
-394
638
-397
-4
-806
-110
970
-117
-90
167
-201
317
-348
701
-201
512
-264
-745
431
385
396
212
-87
-297
-574
-672
-46
-660
-53
-677
-496
-277
-271
533
621
-126
603
-106
777
94
-218
54
-875
-265
-693
-23
338
-304
825
-656
742
-882
-25
667
-260
-238
-320
939
28
842
-96
986
635
845
-140
734
-311
692
-926
-930
15
303
-442
142
658
-394
-58
-364
-167
639
811
501
717
-438
-34
720
-294
-943
23
-674
202
417
-715
-270
977
341
-365
-274
-804
573
-528
597
190
734
-114
-270
-192
284
-618
115
287
544
666
37
-706
999
-729
115
119
-657
-940
951
-446
-752
-888
278
-965
311
859
360
-165
-459
753
647
400
-303
676
-993
-592
-913
-1
559
585
297
746
872
-695
-565
-806
468
566
-238
400
611
811
626
617
-296
59
93
439
-899
11
-264
-989
937
-363
368
-605
179
327
266
350
520
-496
15
58
-644
-882
-759
450
-224
616
-400
-133
113
724
-935
-792
-537
-930
-201
-2
69
163
73
113
-64
584
955
-878
-622
-62
584
-95
430
-572
-461
-666
-491
-180
-498
544
821
-564
-417
-491
964
-729
-690
462
-955
871
204
438
163
-684
222
235
-928
232
855
312
-490
205
-574
765
-68
-532
264
491
730
-990
254
-665
-331
126
-404
-633
-993
-740
-653
268
-123
65
595
201
-198
5
-385
-27
-169
-665
732
-116
523
30
977
832
550
160
-204
953
282
-1
-622
424
-445
-545
-486
975
833
-74
312
-333
-255
-888
-465
694
502
-23
588
-125
109
-513
-291
906
-433
601
-910
799
-465
443
-776
-659
-904
189
920
656
919
821
532
916
-905
-798
525
295
323
-531
-587
-543
-739
-396
127
-356
-959
461
-49
388
-76
54
140
-466
-117
964
-365
-365
925
-419
279
-867
137
697
-882
-7
-318
989
-412
-161
26
-57
359
596
-657
-561
-200
-985
755
-859
897
373
610
-684
-858
212
266
875
551
669
-138
-411
-961
-85
-973
681
818
883
-157
-516
177
497
162
777
692
140
-780
-533
-230
653
-350
96
69
499
645
-525
-415
35
320
519
188
-864
-357
-796
-981
-824
-143
360
263
-80
-647
884
-222
528
-694
-645
-659
-714
-693
770
911
933
692
-825
-797
617
-26
-66
-636
882
-280
76
278
554
-368
-300
251
-921
-516
314
-121
494
90
346
696
761
33
816
472
507
77
-618
108
469
-97
976
742
-526
946
914
-103
-723
937
-28
782
-185
-377
-523
-42
280
-847
-757
-327
584
362
-422
872
269
450
531
780
-139
-731
-754
956
-691
-996
-190
556
-618
-987
848
558
989
-998
-234
332
497
-481
-593
-158
-954
241
-26
755
474
280
-347
-94
347
924
-9
806
44
-995
4
-727
500
-909
-199
-919
-2
-797
-659
932
353
964
-736
157
747
-406
-88
959
-413
824
576
502
909
-192
-723
-102
-220
-490
636
-664
-259
-818
-459
-872
13
-604
352
220
-459
-330
974
-329
-817
-610
-738
135
-167
-223
-588
-911
-130
-757
-893
-306
-679
-270
-909
802
-642
-400
-485
-459
443
-97
208
931
700
-831
772
-630
288
535
160
532
-108
-877
373
-448
841
-468
-107
-675
881
-824
-197
572
-617
-981
356
336
-906
662
11
-216
398
457
-539
98
-72
868
-723
961
390
459
-212
791
475
-354
748
760
-212
-816
352
714
-724
397
409
352
-522
184
-806
-133
494
-657
329
232
104
-863
-243
-690
-134
-51
288
-479
-351
-424
591
-563
-515
856
-750
-584
-808
-453
755
-454
903
-242
642
554
405
-536
180
-461
442
908
-599
691
863
-890
-698
318
438
798
-282
-25
831
800
-260
505
413
-487
-197
-260
-923
-73
-330
517
772
-197
-882
129
-562
520
12
438
56
74
66
919
634
374
404
147
704
882
-447
-853
59
-558
982
215
776
-131
409
-402
482
-843
-635
-795
237
-942
278
-680
-772
701
-599
739
416
287
-404
-23
550
-554
-123
-931
-971
-506
369
756
-830
-474
-994
-830
515
514
-5
-953
115
-563
991
142
679
562
164
601
741
-720
170
-438
-792
-546
910
-75
-551
540
879
-483
275
-679
-272
-475
486
-822
-845
-1000
-979
363
-708
-214
187
-158
-429
523
-452
-565
465
-96
466
-856
199
230
990
-258
-954
-107
362
823
527
427
8
131
-956
-320
-960
-868
38
224
809
-251
-785
387
186
-669
757
893
-935
721
-690
-572
-487
-534
456
456
-350
586
587
-300
-234
498
-244
-134
-378
278
402
-991
-976
763
285
-988
368
-383
-78
711
852
921
224
865
-322
-826
925
-834
-16
803
579
-541
-306
-939
20
-346
505
-828
144
364
286
-443
177
940
-307
668
-364
946
307
-159
-929
-27
-54
-166
-826
575
-354
-151
-479
-775
641
-173
478
-286
303
844
-634
-230
816
-894
-778
-682
605
-241
926
-725
-889
47
-340
-493
939
-471
238
665
977
750
881
-963
-400
393
-429
-849
-140
260
-283
-568
384
-380
309
509
467
-352
884
-890
951
436
-149
888
-106
593
-946
83
702
-585
629
177
-599
-444
-855
-583
-71
-651
88
749
-745
-372
-675
-630
-610
983
471
335
342
-286
974
829
273
-171
410
-540
494
-180
-287
954
-888
-231
585
626
-229
248
-386
-566
-229
720
-30
118
-926
497
998
-305
-119
-812
-923
906
-747
280
-49
613
-798
298
-512
441
310
53
-143
200
-522
665
165
-820
-856
-421
-436
-988
700
920
246
-286
347
-171
-894
-639
-511
-672
-49
292
209
605
365
-26
186
-736
623
512
-703
-882
-52
600
623
-544
981
263
-56
-53
446
-960
-333
-114
-861
349
24
-501
-887
-490
578
730
285
-38
-490
826
-84
-421
54
877
100
-881
284
934
-344
285
967
-267
226
470
69
580
-532
-531
-7
311
-129
700
-795
-914
377
-642
-889
-652
128
966
-789
202
287
-68
776
22
587
-310
960
373
408
-411
-939
-362
-961
293
-629
-345
538
-862
613
-929
367
-235
-377
268
-580
-382
-33
-465
26
-530
-534
-912
969
99
-541
-68
316
736
350
-955
21
-641
-771
279
327
-814
-211
-908
87
546
-382
414
-738
630
614
66
-889
30
217
-871
579
790
552
528
437
-429
-582
908
853
-134
-500
704
309
41
574
-218
878
787
639
478
-749
338
374
-382
-981
-130
-890
-530
33
113
209
-192
46
-401
-837
-371
810
-698
59
-140
-810
450
437
809
848
-42
281
-709
-3
-237
-417
-853
631
907
95
-609
-482
-686
447
-901
-281
289
49
-697
-257
-5
561
84
-329
691
-5
944
141
-865
-323
505
-754
513
-124
-684
405
960
849
-686
168
696
895
-894
886
-751
-667
88
-40
534
-130
851
-698
468
211
661
-577
-825
-419
380
-607
-844
-671
214
374
676
820
-794
856
-540
-721
154
-205
-880
931
-404
-890
505
266
-215
-944
517
1000
416
-840
367
941
888
936
11
-646
-511
-958
143
846
-663
755
142
521
-320
-483
-230
854
97
653
770
-436
-79
-951
-884
-798
513
717
748
-191
405
789
-947
763
-329
784
387
660
-471
214
796
-654
-299
-461
-185
-522
-67
-736
995
-572
291
717
-662
-104
579
99
296
548
864
-217
710
445
-613
-74
-161
-310
-778
112
-425
346
606
-316
-866
-652
781
-548
224
-111
176
-486
-730
-522
971
-845
481
-997
294
-913
-456
-136
-324
-639
-845
40
394
671
465
-804
-868
883
889
-349
234
-301
-488
-276
-396
-434
67
233
-251
178
-381
579
-297
-961
-131
-337
858
764
510
-236
201
894
856
510
-6
-153
-291
102
316
-323
-275
229
-557
530
-329
843
-571
705
-294
433
-638
261
-331
-190
-848
843
-863
-255
543
-445
-639
417
-307
314
-814
-922
-557
-1
-309
-51
-37
-664
49
-132
-509
541
-357
791
-676
542
222
322
-880
-984
-936
343
671
522
-648
-816
-280
-881
-772
20
-953
-372
-681
708
-416
640
988
-812
-9
-449
913
-581
451
854
795
831
159
-515
771
110
-926
670
-899
763
-500
913
-691
811
846
-46
-183
146
244
-646
-857
127
-952
-855
918
-703
-598
842
-342
316
266
859
680
-364
69
146
42
-931
730
-139
66
-669
-878
-498
217
-140
562
-942
814
-367
918
178
-691
358
-493
-10
-646
-494
-935
607
227
869
-636
-958
-192
-110
-882
281
-269
223
78
957
-694
-45
528
957
-492
815
-157
-814
163
-42
42
-395
-599
332
-995
630
-54
-791
88
-185
-205
279
-811
-117
410
-502
590
-945
192
-717
808
180
-55
817
784
-608
-241
841
-890
402
373
-818
-263
-783
-790
57
-15
679
-375
236
961
-46
326
774
-567
-616
-331
554
-662
728
317
59
967
-238
-511
686
-504
-602
-463
-680
-251
-331
-49
956
-320
-68
-794
-843
-588
350
291
-421
548
-982
825
371
985
-957
-174
-89
408
-737
-766
332
619
-587
-489
87
201
-59
-996
-285
187
-17
-524
696
-265
-688
-757
-572
958
-195
264
879
994
-320
-8
-846
-945
967
-66
640
-585
-513
324
349
-647
-270
-379
-23
585
-730
-47
-241
697
743
628
-815
-375
-83
-459
337
474
-977
-6
355
-700
-439
-124
-468
-198
-977
111
-636
-582
-989
777
-420
897
-182
150
299
93
814
-226
-577
804
-301
279
743
934
-453
-531
-49
540
-680
614
-382
-681
374
48
208
-593
278
143
-860
-558
-601
635
731
14
-636
-613
216
251
534
975
142
-807
-366
-755
-35
-559
49
639
-251
416
800
360
314
-454
-107
-375
505
911
190
-383
-226
-603
390
8
-233
80
395
-766
-765
-553
-932
131
-603
-10
339
100
-573
776
816
110
-923
859
310
90
-898
365
-852
-979
335
723
263
589
-257
-872
830
-366
-752
941
-271
654
472
-327
-893
932
-872
-811
-98
295
-865
-59
-730
129
339
515
-18
-437
16
-365
751
-576
495
139
961
-464
594
-669
-89
734
40
-659
867
-647
-615
-657
-666
-575
573
353
43
-666
734
-401
-857
-848
227
583
895
766
389
775
-527
658
-107
289
-956
-113
597
883
-714
60
-308
502
287
411
944
-752
165
686
189
-514
573
717
769
-399
-106
-488
-472
-930
495
938
580
274
-80
217
-311
32
475
247
723
791
654
-417
852
118
-666
99
334
-528
601
-421
133
-778
795
440
-127
-27
246
215
-412
-301
885
-767
-210
-481
275
488
928
35
-820
-739
228
228
319
261
625
-502
662
-846
612
849
-580
28
-822
-42
489
653
-427
944
-168
-15
884
576
-801
757
602
-131
-388
-482
600
157
565
-548
832
-615
361
-162
231
-712
-980
19
996
256
-890
-44
549
315
-947
-235
275
539
75
928
-63
942
179
-521
-854
-33
-308
-879
-11
-55
749
-238
-704
-834
347
647
19
-940
-653
688
606
-902
875
299
533
-4
413
921
-673
368
461
-744
-196
216
467
756
942
124
-360
177
-380
923
-189
-639
493
-510
-328
69
-518
698
5
904
387
-541
-880
69
-732
494
645
504
-14
-807
-212
-889
523
-798
801
910
-878
864
-867
393
915
699
-926
672
-519
-275
-176
547
-900
177
-170
920
-929
61
-924
-147
-417
-36
511
-137
-57
-549
128
937
462
-383
-700
701
-168
-319
143
-35
-31
-488
-698
-517
116
-967
676
631
-482
-194
418
-820
561
120
-917
282
912
404
818
156
-938
-454
-455
830
983
-274
507
-957
49
390
524
-905
594
895
-666
51
-104
-566
172
-803
-536
377
780
-817
883
-838
-246
17
154
-124
-516
-768
892
-155
-636
936
-633
102
-420
968
-437
343
319
-195
725
-914
189
-959
-623
76
-56
327
-226
484
184
-53
-609
-707
-767
926
463
-147
263
-269
-222
185
72
-563
662
730
50
-250
-629
-410
5
403
894
-89
431
228
996
439
-791
-284
-37
-656
-844
-907
762
727
750
398
-374
340
-450
601
943
-800
-682
-184
471
948
350
288
-498
-641
-475
-645
-911
506
992
-572
-513
934
500
-782
-790
962
546
-279
-519
-317
-427
-990
152
658
910
-94
638
-793
502
-825
590
333
741
133
-59
157
-176
-6
659
560
-439
12
-12
995
-801
-171
175
732
-981
-490
-922
384
-89
-483
67
-228
-949
68
-713
-44
138
382
-859
34
-967
-300
-987
154
-578
283
572
150
674
-339
-994
942
-781
-784
443
101
-997
489
168
-943
-278
-389
635
-596
-395
-778
601
107
295
299
466
243
477
219
-732
693
122
546
138
134
484
107
188
-765
466
77
536
-462
285
482
-489
-75
913
-701
710
101
-852
931
-936
-542
-317
-622
688
-35
599
646
-963
115
773
-970
-965
992
-467
-718
-962
-849
-870
-859
247
85
-383
-784
-631
-395
11
-406
-30
125
792
794
499
433
-182
-923
325
-4
907
-368
-298
269
-640
420
-960
359
-624
-521
-976
183
180
-903
804
-127
440
-411
266
-315
-616
118
301
-860
655
889
142
779
939
-393
-210
126
749
528
-348
-877
677
-896
106
295
560
-45
295
537
-95
293
-965
-164
-602
-136
193
-659
-145
369
547
165
-911
-803
-465
-429
479
-720
712
-29
-369
-61
-694
877
-927
-995
-473
414
410
606
630
-228
419
-993
893
210
-979
-792
218
467
6
-977
-792
-85
459
-651
-275
-417
-667
-180
-944
753
-440
-808
822
87
-119
748
312
961
683
-935
744
-67
756
152
98
-772
-694
415
176
850
-95
-497
684
132
482
468
983
345
282
-459
680
153
-579
611
790
-388
-960
252
-10
-529
-503
983
-177
-741
241
-217
836
462
-597
-887
835
763
-958
-527
606
440
217
-95
816
-516
854
-389
-433
-470
267
568
-346
555
-503
-30
669
-956
965
999
-380
942
-332
-238
-555
16
-659
491
286
874
-792
280
486
-239
923
816
916
54
-831
-238
-748
-867
397
-604
16
-759
-155
-696
90
292
675
-480
188
479
244
-753
-850
-323
-327
-424
-184
-552
-993
218
-457
406
816
928
-464
837
185
211
-542
75
-701
726
-192
-449
-727
-925
867
331
-433
-106
197
-37
524
-284
128
377
-473
243
-117
-441
237
-250
208
375
-421
996
146
-564
-648
-267
327
532
-856
689
763
-335
406
828
224
658
-558
345
527
-928
-207
105
-84
-58
615
-802
-507
359
302
869
-749
285
-518
-645
137
-461
-287
-847
841
-225
231
510
-337
-243
500
-296
-401
-674
-953
-866
57
-384
-216
858
-573
-613
-353
261
-841
668
-369
366
-23
79
-929
229
746
-491
-204
-672
-253
-661
-317
-939
-699
352
-136
-219
541
-596
106
766
-231
-803
-550
573
121
372
956
800
404
985
362
618
-379
-279
108
-191
-219
-52
-917
835
933
251
632
-780
-231
12
7
-779
-188
316
569
227
856
660
-606
-494
-411
320
-292
-334
-406
304
733
-63
218
669
302
-885
-234
-196
-492
-464
-198
-488
-618
-554
-441
-70
-101
-459
916
-562
-729
-154
-551
433
-200
-318
-81
-191
609
401
-991
-644
894
-380
-760
-781
473
877
789
-760
717
-384
-315
329
-4
-487
-748
-799
638
-662
912
757
-905
832
-745
-143
695
675
536
487
874
-978
-53
-106
991
-59
-887
-849
331
910
876
-478
575
-844
-150
235
151
832
728
249
-210
-381
-992
466
317
-902
391
119
270
961
789
632
-550
964
-216
-99
876
127
127
-297
898
-219
327
-785
-114
722
-168
80
126
-391
548
5
-685
349
105
413
-758
-262
414
607
659
-43
349
-42
-992
66
370
516
-167
-969
-70
-258
-426
-980
-438
156
-631
489
802
-723
355
-891
708
-905
341
-48
-680
-667
-607
105
591
949
-948
75
-921
-479
-691
391
26
-262
83
712
798
-921
-239
-609
613
-623
954
388
742
-600
-244
341
-453
458
-752
905
-389
-128
-904
859
9
-802
-206
479
-353
831
-377
203
167
-713
968
721
247
-638
206
-84
-169
-915
319
-347
-705
-979
-727
498
-621
966
560
-102
110
-153
973
840
-79
80
-912
687
470
-303
-597
216
504
-585
-169
139
-816
-880
-350
-895
544
-732
-610
969
110
-274
905
-70
222
-485
-678
-85
266
-383
-961
950
720
770
924
-94
936
-917
-829
-893
979
350
-239
-889
329
665
-744
-725
995
929
843
-597
336
795
-196
-699
-206
119
-541
841
562
931
-706
352
597
-216
-283
-693
819
-39
516
-1000
-501
-644
-100
-424
-843
590
383
50
-98
-234
258
634
-208
570
-874
713
392
61
-269
-760
-780
-652
-657
81
593
-829
-824
44
414
663
566
-262
404
-80
-283
927
-18
150
139
-487
579
979
956
-50
934
148
-791
265
-466
657
-264
18
826
-636
728
835
-874
-196
-674
-330
-739
-363
-566
231
-21
36
641
-113
-443
-112
-30
857
-893
128
-591
62
654
786
902
433
-837
-823
456
909
43
-366
-958
940
989
949
31
-309
-226
-584
364
670
-212
-385
-24
234
-674
644
781
295
833
132
782
88
371
237
-582
-777
-484
-794
295
587
46
-60
-345
64
953
-963
-503
-909
-122
705
-8
366
-740
505
-300
281
890
-855
-486
327
626
946
-358
-178
784
-201
-161
52
-211
-589
-662
866
-692
339
251
56
-923
-686
0
-508
-283
-183
-957
360
257
498
436
-207
754
459
-545
617
-763
-334
947
532
-73
-329
788
242
-677
787
-915
171
-17
-785
881
618
-993
510
-270
-278
-825
646
166
-888
491
-406
-500
516
136
275
-666
476
-899
689
-838
507
793
-395
146
206
477
455
467
-640
838
-718
753
-314
379
812
-781
285
613
492
-934
51
808
-121
782
-786
92
-857
274
-847
220
-21
-431
-700
2
-83
-667
657
806
-995
683
587
668
-677
449
199
-387
-287
-927
-430
-706
13
684
-793
368
-333
-832
-690
396
-221
605
-265
529
980
343
-785
-124
-866
-419
-787
455
-962
-297
-841
-48
-117
-558
-453
845
308
436
289
-380
859
-197
411
671
-990
-745
658
175
910
-575
183
914
962
-121
827
-388
-614
-799
-396
898
299
196
228
-833
353
-195
-356
-271
-689
246
916
-776
-452
697
724
-878
-597
558
358
-785
-626
-700
-25
-813
-109
-111
26
-922
-35
664
-224
-558
888
-867
-159
-460
-959
-532
-128
-905
-3
-194
246
660
-206
32
146
637
955
-265
565
904
-709
-200
-662
170
126
237
132
-411
-544
-435
47
-537
-171
800
-783
-487
-444
905
-495
-147
-987
-92
17
-438
-601
-170
510
37
-14
828
160
683
-167
-579
534
42
266
-986
690
208
386
-611
-548
-14
771
-2
967
397
563
-598
-43
-947
-145
770
-86
551
984
18
175
-424
759
-797
716
-336
628
-372
426
347
289
263
-773
-250
944
-8
247
-53
-147
410
885
-256
493
-258
-189
928
-41
-966
-159
-768
623
781
-561
-850
-713
-535
33
-251
844
790
-406
764
-923
-980
656
117
240
-494
826
794
380
-621
-872
812
-600
-462
-720
350
729
930
-819
488
932
39
445
580
-852
847
934
-120
813
957
-988
-47
-577
462
-765
643
935
-797
124
-385
-299
-984
592
167
-557
-728
-734
509
678
417
-927
-252
-911
814
-90
264
-721
803
-831
585
-869
106
-153
833
-886
221
198
669
-593
-497
-630
-605
-842
528
377
356
-387
55
378
956
377
-973
-785
769
588
-336
-527
286
212
587
870
-235
-377
473
-137
37
583
787
312
-565
-62
339
608
646
858
443
686
-956
34
396
-340
-457
-710
652
974
-102
115
688
-309
-34
-142
221
-503
-774
182
-267
-570
52
-192
-185
54
291
229
592
311
640
-685
395
-105
-901
487
-405
-45
698
-316
-163
-639
88
219
-748
635
489
-562
-809
-243
-463
12
509
-865
-397
-289
-596
748
124
-748
577
579
-954
-361
-615
-234
-339
-321
762
-892
368
728
951
-44
-976
710
-199
-112
24
169
-188
29
707
408
832
-489
502
157
-764
25
-437
596
893
674
-851
412
-889
173
-358
-874
451
815
926
872
-715
850
536
-654
892
-188
690
-277
847
224
-42
-2
343
751
528
-598
667
780
-835
166
902
429
-256
-296
332
0
277
-277
59
349
900
-585
590
-174
632
-642
97
-463
-169
925
-795
-695
674
-689
-253
300
-223
50
-845
-32
953
-892
-100
1
842
903
-710
-914
731
-27
-801
-766
131
758
-235
-371
405
-63
568
456
687
233
562
165
-797
-59
764
848
-380
643
-320
461
-779
-478
687
202
844
433
197
32
356
831
915
-667
-857
-18
786
-519
-255
-164
-908
-844
-908
187
-524
939
946
-61
-741
402
-905
895
245
526
413
710
233
239
-116
544
819
-380
333
-198
40
-109
992
-511
-606
-379
979
-757
-386
-639
36
959
162
911
-906
-20
-440
500
645
-690
-995
666
467
-17
631
574
-869
210
890
365
387
669
30
560
896
-797
-436
-927
-380
-368
-924
312
-273
-968
724
468
-728
-351
-617
22
-786
216
244
-606
30
154
-875
806
815
549
-269
263
-850
752
-663
-483
459
39
-928
-117
-220
300
130
-598
919
-436
960
-726
481
-152
142
-927
-70
-709
-994
82
315
-441
532
-760
-816
-37
424
36
-281
503
-809
573
-783
-743
-463
190
-211
490
-604
979
-204
-83
945
522
-183
-115
-828
910
367
435
379
186
244
516
915
-432
-962
-496
384
-407
53
-582
863
-676
326
-509
930
345
66
-672
334
-677
431
-995
557
365
936
-625
384
-493
274
633
-219
43
-833
-557
626
798
428
-832
-862
850
134
832
-519
459
-376
891
274
-480
-75
832
-600
-708
850
-771
-946
-630
-70
631
-132
-427
-710
-481
0
-341
693
248
-427
-385
-239
-367
800
-573
-206
668
-438
-867
-291
-322
-592
13
-514
94
445
860
365
-640
-406
555
504
679
496
-367
679
-796
886
-780
-722
603
241
370
962
-604
118
-954
337
-98
-364
-579
-641
-226
550
-654
-253
59
-994
29
-624
-819
-720
359
-685
-447
701
-685
-205
-798
-419
-534
-971
323
-296
-292
369
-753
