68676
87019
7189
9122
26709
49197
74169
50307
53181
65770
27875
43152
57682
4579
87875
87121
82926
35695
40530
7241
11486
19471
24168
16747
23813
22842
55673
46305
28354
669
2062
61503
31553
49275
66637
76456
53982
19446
85792
13278
10327
6250
34645
34769
43626
7098
34848
9979
73877
27549
1784
77951
16057
85618
45309
9131
19771
59651
70951
4114
35163
40310
60945
83968
25564
26896
93222
95072
2488
84387
47113
33643
34065
34724
37173
11621
33034
54474
39014
18127
34279
96916
12529
4705
81638
66500
49370
52761
34147
63833
6065
28525
49814
26335
37532
46495
74188
29615
3885
36706
76105
5091
21567
2682
49096
74968
68509
33076
22919
48056
55574
53061
17449
32186
51879
79503
33894
42693
97915
17367
12112
69515
60046
81942
88459
85269
82249
83668
56550
95102
89457
79364
16445
61510
21105
60016
3420
23257
59097
33720
6248
45746
12637
88973
50956
72041
46835
35049
42540
98962
94681
1243
87741
73904
23187
16639
75201
78200
72526
15454
18346
34345
37666
9242
27312
84528
27694
1221
8298
71457
70727
79364
98504
95123
32616
11241
57022
54987
22615
80361
74156
80754
21922
92406
5714
62472
46169
46925
60238
96013
15199
81956
80202
96492
35486
93506
27925
76731
33434
50869
65241
93946
74143
21430
68446
7659
91442
81294
100
68507
84102
24230
58141
15492
77765
49499
11039
66259
17726
96932
38765
1814
47649
13274
92171
77591
98556
58083
26363
24638
25961
87863
76512
91929
25816
64387
13416
29366
60366
94064
922
46303
43602
37710
4199
42699
72001
77401
80056
41566
87316
46721
62639
89490
64383
51171
22239
99275
79583
86180
21716
15487
60936
32114
33919
72031
72441
79785
9750
69301
42543
53445
49407
33779
40172
69359
66398
90157
14087
83571
86293
66634
29603
93758
61303
5525
87390
32580
53597
64449
12955
45305
71499
96416
75891
84413
94822
13149
43175
6391
52387
13912
42070
24745
51912
96623
60320
55096
12976
15498
824
61727
4399
85668
48062
25937
17174
91507
23882
58435
69861
82087
84502
73605
53438
333
98806
72085
56983
23440
6880
71332
10886
91941
54186
75660
75545
43600
62166
94404
50324
14671
39458
9920
75413
82665
93824
29896
490
55310
50571
49267
42644
6691
83219
48452
56579
80491
3651
65307
7649
4493
4032
49726
52419
78956
69370
54700
24634
58402
28197
75888
19667
77402
88537
66305
22814
75519
71829
16379
36456
87750
93127
451
60274
80870
38722
21898
16511
12230
44908
24952
99663
5316
12498
94155
85036
61111
58267
94790
68791
4828
10083
7308
58152
31092
39114
11574
82986
78636
90007
27304
95605
50554
16207
80506
26168
39006
29879
40387
20497
85405
2412
61522
20143
52043
15746
86232
47553
44342
14609
15934
25307
9862
34366
3385
13111
58229
79242
51336
62917
25030
22961
65991
51176
70916
42376
50483
76959
32065
6487
63354
49108
60760
965
25920
87086
66051
20337
84402
68830
80441
19273
79521
89593
16434
82223
62386
77923
56433
82454
74977
44393
98173
61786
59783
20258
70145
46072
60227
92894
87498
71728
45803
9514
63904
88869
29858
12827
77603
60940
68166
68832
49637
63117
322
27160
95344
49172
67435
90073
59373
24200
99739
65701
20723
30850
63942
81913
90291
98871
1973
95633
67819
89942
23910
42876
17651
72274
19645
71142
43487
5712
94977
32853
85722
59889
2343
50306
68585
7672
93739
37956
16756
89823
15780
60167
71218
11197
77018
52755
16808
42036
76273
33434
1796
7293
24327
83391
28709
43813
97714
4102
43992
57057
49785
34591
94797
20918
52935
66392
33674
28624
45100
2928
70957
65623
84695
84104
93580
82626
15567
17943
71563
19443
17600
85551
79254
5407
88771
9527
41442
75808
15261
17332
46183
52486
13495
46765
98247
25485
21374
31785
17762
17057
71529
88074
9140
92343
69048
97700
11674
9042
41660
16293
13409
84685
20100
40038
46652
35874
98329
48860
79835
89866
61008
49294
53415
6023
62472
94397
24032
65782
25608
11441
74896
47415
45930
13598
33307
58092
65003
29519
77569
52946
29463
52892
40354
63969
16648
57834
74388
44262
81348
34322
9475
57373
39406
98411
95581
18342
72607
63571
77437
22685
14667
15613
1373
42642
12225
39087
21466
71932
11100
79060
92618
35396
43998
24761
41829
10671
72458
81408
68742
85004
74510
37108
56694
98044
97067
93515
24864
38268
60408
29329
42505
59082
93462
22955
63034
8277
80218
69278
6240
88207
4557
69517
43487
80425
73670
18437
63827
74942
27164
96344
54
64087
31031
89328
39035
36372
6013
70636
92494
42066
98996
19674
68509
20562
54893
26810
78017
92981
62029
82940
33065
49468
74532
39055
38208
46818
75532
70836
65714
30586
68034
74518
94984
75117
22469
69242
67272
46871
87556
92473
47414
44331
79936
18039
2554
93865
44591
73383
25525
91873
37762
47496
64404
45088
13164
36492
23986
32024
84237
84750
55700
27688
62246
99543
92679
56081
81210
92113
84375
43808
65990
95825
68829
4093
22825
40552
14873
456
9724
27450
97497
18986
42308
29939
77829
91736
53679
51183
45441
62565
9500
59354
44667
95619
30650
59387
62052
7094
31841
58424
15201
46600
49917
59437
23172
35681
38321
28666
67288
72071
62544
22722
59467
57703
12470
2004
49386
22155
5843
63480
58465
58255
93293
48271
5687
50235
47118
29271
95089
93451
33866
31368
75279
38915
42762
4839
20329
40606
71013
96013
91203
36024
3208
11659
61573
40703
20300
13732
36726
89137
22240
75794
3727
12563
55625
49401
69309
74486
18945
83432
5385
99400
31257
55687
47615
59699
31833
22863
59120
838
38761
85000
28687
67028
96023
55754
69636
88534
64201
64074
18903
89591
17936
64464
95527
90161
95689
5408
88913
78973
23587
19287
4368
80186
39328
76267
18521
36275
85590
98048
51598
25377
90830
53606
96595
33239
48120
33336
25812
46260
71225
79662
9185
46122
83749
77047
94090
82130
73642
94492
62799
74459
92878
47713
5712
77191
60837
14824
48437
87621
91551
30841
14266
56112
88744
47864
3453
73913
70750
65404
63628
74772
25947
55295
44463
4460
46292
26528
83259
51512
60988
58322
45566
26301
49817
3492
18516
19522
88494
55466
97131
35753
83677
81234
65180
83055
58296
9965
98039
45470
91992
43310
18560
64353
48367
72157
38417
6590
89480
13634
52622
10066
23368
76606
18181
71737
82826
32820
27914
58432
67126
80126
45271
68853
3861
32215
41542
25495
52338
10842
18949
55389
32579
72958
19250
97694
59468
55772
24871
26742
93945
55549
34711
94162
75162
58285
491
30463
37481
25396
52519
78499
77672
36837
45798
97542
67451
94554
75133
95677
13595
86084
66614
57230
7520
3151
25834
77899
31997
36595
71175
57894
26218
61631
34572
36014
41412
37903
62018
91833
11809
20762
14046
28114
83087
29845
99834
33538
31255
63184
50170
92360
3003
57886
73162
1131
760
53045
85855
87612
65926
5921
29094
42328
57528
35385
28168
80247
91167
80136
42704
32454
31558
7472
39069
72227
13370
95665
47381
25712
35266
44541
81723
47905
94750
71125
17557
69301
8638
17780
34350
88836
10956
48027
18510
3847
45709
43156
73534
4572
28989
83859
12953
12281
37080
60940
29325
40098
12061
33615
38219
74833
38461
10195
11478
44493
71310
57083
33370
86081
12813
60529
69621
97760
94266
77896
42598
25892
72059
48103
38884
84400
16030
79669
50422
53855
52368
43249
1376
59085
88546
47779
61741
66509
72591
31729
20774
44297
66968
12001
68937
92156
91041
59884
19497
26553
5880
75202
67820
72280
75854
93295
73384
16797
16564
77077
86860
81219
68253
84872
88810
66095
94626
2431
32218
37580
34695
57893
44696
19284
68303
29633
38737
49850
52435
38683
87683
20722
78620
10427
62500
95658
29977
98621
35334
65684
35580
59800
53688
31297
37731
300
28897
79381
50687
75454
88508
57343
27797
1886
37969
33100
29753
37954
73973
20551
85231
46860
11400
90776
40203
36409
79247
54201
21841
75287
33976
63679
77851
77509
64921
52263
96931
47561
94221
88422
45184
76607
28577
41364
66505
14007
50050
61196
23793
83869
14569
79427
58752
56886
42685
69522
16333
8972
95930
38725
28709
25897
56286
76563
13030
64639
2200
97639
52282
21484
98637
50388
95958
79266
34728
57924
43356
12560
23601
15623
84326
1102
11506
15940
53181
94776
8399
31933
30437
88560
88775
16534
25111
84730
14179
97831
8257
97951
28504
30311
26237
88622
29385
8293
54285
43819
92632
64596
11423
34477
92862
9415
51644
78725
36895
95065
83318
40105
72887
76210
39734
86491
24311
74259
28710
49649
1879
37199
31019
3842
8460
65803
68886
89089
7454
18705
61776
33964
77185
71296
85765
63628
66865
11285
32363
3437
9920
47518
65038
41234
81921
51080
32881
48901
18169
24012
56647
47120
96634
86472
74545
80553
7857
94830
71351
671
13994
50073
60058
50240
14491
75511
55951
5244
99746
61294
86940
92430
13936
6457
61739
421
15029
39101
22265
40065
28832
51237
8694
1675
29314
96342
39953
20930
65219
42080
87362
3585
89414
47674
2003
6620
30361
16634
88584
67768
45711
52032
82811
84282
73124
27235
1146
96247
89780
99645
15604
80175
73900
74824
26033
76918
40187
91563
2801
76030
99377
19166
63852
38615
97615
17462
27541
20174
20048
5216
53360
4184
15026
29607
64919
56330
82235
93820
2621
8864
80280
79182
99848
84369
28792
29045
2320
74148
94789
37296
33802
76627
64870
26265
54604
91363
86482
1879
4578
96746
49769
67478
87040
39472
94519
60379
96907
78460
36274
33384
58671
24511
49040
85066
90153
13511
59288
10255
14393
64899
10735
39624
56404
69179
97187
52282
94510
72590
59451
11975
3545
83101
41939
34635
54792
50187
47015
41937
99515
89945
96997
82810
80821
67656
44249
99996
38317
76535
23870
87018
6735
7367
15365
18942
95422
69929
18047
57903
92140
25898
5099
44309
61078
45749
45609
3273
5700
11073
59212
40139
35847
84157
26403
28829
31071
26839
90139
66209
15407
28381
62900
61795
64935
47630
45202
89188
20552
58469
47336
99614
66113
68178
65122
2170
23018
76145
8680
71462
77773
81555
46525
70609
93254
37518
98753
44005
9283
97819
40392
95632
31121
18145
76012
70041
6888
42971
4209
69619
6694
31594
25192
15158
47166
11313
27723
82184
90054
61458
2575
50111
99263
61001
7203
78082
55899
62814
49639
4317
45894
60688
90212
129
83780
7517
8768
31197
58142
89673
94759
98860
91336
96193
92551
22703
52189
85197
97267
39347
76186
89977
74621
82131
4372
90210
79662
66783
47027
15557
99190
67035
73090
78963
89991
37567
94001
89649
40269
18789
13232
62437
12386
82155
96845
88917
94995
48703
48441
51716
38852
67858
53625
86091
66124
43135
97858
14335
27864
73601
14204
33636
19926
39045
52206
52487
50937
49351
50130
55195
81544
10871
86979
39985
32764
61693
28740
21717
40587
8096
3140
9104
1333
88503
32375
58339
34036
8885
96179
90669
3752
97643
90772
91498
4403
52948
74645
63183
32851
57741
5174
17187
33374
45936
32918
58145
90070
59936
7417
19296
67407
66609
76196
67166
15391
13110
9673
3993
35950
97125
73961
52901
84317
3432
21858
14641
67909
6832
39849
47798
93517
95073
88793
53812
72583
6103
7842
11991
94321
81050
68760
52485
65232
23675
85182
97783
23858
44021
73505
27386
95477
79695
2329
27485
23248
79813
30290
89401
26057
73546
15537
7141
74543
82707
29457
53033
6474
21557
77825
47106
28823
23122
47742
14568
7112
75298
60933
61249
46567
39016
97590
41147
43938
50893
34904
42571
10257
90962
65310
20128
73974
60302
49912
68977
45347
57038
49107
2557
62829
74234
63214
47576
19848
87831
32148
97929
43098
90278
7970
79302
29105
68877
29052
94279
39520
24263
29649
81236
33416
44572
90322
16788
54679
23201
56459
14195
63732
86890
80998
87362
1674
11745
47591
17127
85754
74191
4158
45023
46874
66388
58154
23055
62747
67563
77372
34339
2595
89864
29482
19395
28313
64753
9375
44097
97455
42919
62275
93077
42337
6828
58214
97759
38406
14254
86358
93908
67695
47156
22869
24354
4645
87473
17972
39670
22464
7812
78934
61287
41993
30312
6530
83627
25319
51808
75118
87800
77066
18846
17479
68159
26845
22579
4585
81463
85568
20010
99360
59040
15641
77684
72318
22953
64854
44391
19717
27006
12542
68171
52531
51819
4037
52039
1287
37985
73820
72741
50002
46182
35347
40319
56810
67729
92146
66988
88492
66018
89013
61342
99945
57595
53251
63455
47002
57034
60732
53571
13546
34407
31224
67350
61512
6151
78569
67850
14701
16316
68571
26832
84835
80140
36215
43007
65278
93477
68282
11695
99202
92379
4733
92605
30738
73492
11574
89175
6941
65841
80249
50385
42908
10264
10105
13548
79118
63361
22266
86032
80121
9748
47986
71906
85647
53276
64637
87259
86261
91315
30411
88855
68969
23319
68461
36072
49055
43365
24008
42651
7549
34935
53277
97845
52952
73321
66266
4831
886
72817
18364
5779
32915
80901
68073
91123
62311
18771
31945
76654
57258
49889
37318
10363
93350
93708
11949
34429
43789
56120
63459
92166
51283
41180
12006
81609
22529
42055
71268
78402
6986
14350
86774
38104
90841
95348
30291
68457
79884
54598
36888
48620
24449
49187
10092
36205
65774
51653
67927
19103
3779
53228
45798
44176
72552
7724
40580
66854
28028
25665
32713
68811
45826
78858
99124
46580
81201
84328
24703
38262
18014
67510
82012
36667
12722
20614
97300
81848
71629
6430
96630
41430
62356
22771
9296
85046
63074
54878
89286
63675
59236
72959
18129
93390
1993
91475
16637
69304
1781
50632
85685
83975
6569
21021
72513
45691
10548
44777
67652
72591
16416
96727
50127
40528
68033
15404
16740
73881
93075
45631
17969
26968
12197
65689
20076
34493
4871
47675
63018
63131
64776
74054
13395
23702
37942
79175
99318
52529
15580
12259
94698
70551
64102
71856
31263
53220
4041
65782
42393
9428
62366
24538
91211
94395
83338
56445
27466
47063
5450
90720
58694
20675
18209
76280
96491
98615
8363
6981
25273
75846
83810
65296
70469
23619
45674
19427
86507
98132
64112
20062
38262
28450
35758
3239
12899
67446
64428
6544
48215
55261
31869
62587
81654
30910
93638
60716
33200
51372
69554
93535
4745
26111
85565
54927
67158
87578
41399
51423
67501
45779
86910
51083
46511
71510
21443
67825
46531
85915
26566
14554
83502
74984
48233
21064
70211
48299
77561
26872
4910
59744
75904
190
42403
23082
43699
62580
97783
19892
16873
57400
5508
1786
38823
79886
17891
48879
78696
87508
90938
23502
56728
60551
71
76263
81987
48282
17473
50622
25029
72060
81606
55932
92614
82163
82774
81855
43326
33302
99844
91804
14955
8517
93336
35189
66679
52341
36772
31148
17492
50254
30239
20164
1516
39150
47266
38288
46406
40978
22060
57220
27923
51402
46797
92438
64774
47821
79710
96342
55986
54464
17112
45038
52519
96323
52118
64361
48739
6890
22737
21652
81332
10847
77587
92881
88292
92044
4947
76552
14494
83406
18437
87626
26392
78800
18463
85502
16606
363
73145
64344
10643
64270
31536
46988
17292
29161
84436
4458
79049
87261
38139
2379
81476
24050
93337
92384
18956
51413
42556
71477
6997
23033
69724
74434
93063
44489
9652
83641
81009
21796
68962
60883
34083
96786
76546
44983
85494
98930
94051
10780
96326
85925
97021
95181
29156
12972
87768
1513
38954
62
53888
21970
16524
64329
40808
47372
66809
81196
88395
5652
37673
12525
58621
45662
65036
71041
34844
93389
83746
9382
9407
40802
89215
3017
81449
30779
44769
46225
45371
3040
87921
948
56756
92270
8536
84173
16392
39340
96869
6867
92262
59395
79910
29272
21917
34822
92984
73339
32271
84099
98015
56695
58143
65608
46662
52078
80365
4615
89901
78114
40309
90916
97569
45704
46085
25371
6003
57554
99213
4147
38139
96624
6083
52793
43070
22923
63819
42041
18949
88712
1777
9456
85553
78138
65847
6754
5677
98534
51080
79602
57072
79369
81030
2163
85111
79941
47043
71548
62576
64341
21719
10208
23559
45980
48065
90565
88164
43292
12782
49685
14011
54844
6592
73138
67562
33466
12355
1118
38564
22031
93343
8777
21517
89843
80796
27064
42396
92310
60407
80518
51009
52475
82221
3899
32084
21881
6526
92550
63411
93292
68533
34760
23129
70101
80478
54131
37265
15136
35648
60558
50316
42156
82498
34548
50552
71208
52914
28080
39077
48460
1110
12979
61472
79700
4709
34648
76502
57320
55421
66732
49091
18930
49644
82983
90502
29094
36835
82889
93639
11856
17007
8195
82233
97547
77695
72321
48236
7584
55839
15355
67867
54040
7767
51306
53287
89636
62746
26856
14255
94986
18653
39872
31734
88585
11456
53092
8788
92379
35378
81657
87005
71993
13496
4152
7797
56194
72237
4653
29065
43828
73181
85034
75030
17786
94505
65576
75462
85515
85269
59096
56755
74009
11401
13713
29885
25704
52967
42052
70282
29328
85915
82137
40709
34827
39729
46835
62448
8924
33564
60626
84280
25870
15749
28311
17497
49895
8614
3362
89231
73308
66444
62921
99186
95375
76977
92829
85285
64030
21630
45982
68336
57216
22793
51046
50120
92906
97151
5434
55631
49850
77076
61285
12679
93093
59623
51932
43415
13059
22589
38170
27167
62051
53493
5637
32383
53052
26003
57566
19006
99637
49705
69287
64703
12009
95805
57504
40490
34616
74462
80682
42566
44573
95389
2372
48246
99601
74904
3672
45206
70847
2980
70669
32323
88344
90124
74981
97926
28672
91537
22498
22184
90431
66284
82044
93194
37733
98080
82778
166
57219
12915
20229
20539
14157
6602
5334
89588
92391
22293
35684
10604
68984
5361
66944
77434
68189
15918
34294
97171
3924
75602
12636
79519
6017
88600
75381
76043
61068
8475
90277
85300
9334
89711
52784
52978
82346
72550
67230
73219
8582
90420
90943
60962
46426
45417
18702
70476
92330
75432
27974
42689
19724
82521
66055
56162
410
4727
91630
44459
77516
80393
89118
6441
62672
77060
82764
32055
4094
55624
48389
93032
21784
34244
21402
33933
67634
12107
970
40961
94277
45653
70581
74105
35644
56279
23629
15720
86487
12048
58872
23548
83429
54813
39944
95135
11336
6284
53334
3511
10817
23517
62768
79147
27512
33095
6596
8150
79290
67013
54040
73320
81700
61325
94638
5253
7942
68972
75373
86682
24669
821
27830
57655
83616
50938
6731
90448
46091
32915
43644
79579
35778
42812
159
70973
7474
29328
44406
89872
77830
86076
71180
62441
10535
54720
33274
14935
25517
83382
41913
14202
74376
60883
25644
32400
85142
19091
66682
36775
3115
55061
45348
46021
5929
52414
33566
23435
51848
14386
69813
20065
83863
58495
32154
59638
60112
50743
10606
10591
58316
27589
9380
33208
92984
91835
79536
62132
48512
58267
21824
78369
24249
64249
39642
94418
87182
81172
21615
78291
68040
48610
53763
43016
49499
71090
98960
88548
29352
60662
37244
23120
34159
11081
25170
90976
30544
53717
34334
87593
95967
76575
85294
81894
62684
41265
84216
37000
33222
75036
93088
26049
90547
186
31674
46299
97395
66264
82277
54375
85680
91344
7338
32408
77311
75144
86148
86347
95229
33744
47042
72569
49224
25345
45065
27592
67580
73827
72431
37034
31993
21065
20584
87493
27746
45229
86201
77646
55828
94121
1355
99427
72106
89189
88124
53850
78649
99909
19895
96707
61596
73140
44527
689
37026
82584
44429
13928
69494
63930
16524
22887
57106
95002
20537
87052
93674
16120
61975
80346
57199
50239
97926
56911
79925
83726
74152
39245
63254
173
10602
21638
59156
11088
15514
99243
98383
8504
34864
22643
67337
98573
56399
30864
76891
53706
2462
52955
11722
81324
10154
43360
25122
63407
35001
2686
22454
92377
86538
21967
81818
22950
15051
73487
3998
63368
8570
41628
8719
2668
97098
13617
82139
50375
28936
5135
94904
45709
64330
86282
94921
97539
83202
56599
16065
55228
96169
47655
92037
76703
13042
98936
8653
40824
66781
29439
56009
29315
4324
64761
54162
48111
61750
63135
38149
68070
57717
10811
82821
94267
21318
54817
41958
59018
17810
48343
91238
2260
37804
88746
91479
73086
27536
61435
16846
52753
43384
54482
23946
4063
85477
10380
41888
56507
78180
57763
80979
55350
89938
97581
38325
91979
15203
66266
30633
54755
40262
74077
38872
55251
39103
44268
99969
80812
42466
18624
19355
38467
72695
81021
82821
76771
67551
82512
100
69646
55804
56753
91613
47460
83680
35392
34059
11893
56897
10108
53960
88928
36322
32688
77635
84786
60345
31070
96601
65037
67778
95448
57368
12017
16995
64161
76357
23597
81561
66759
82528
4363
19878
95038
88960
26655
9773
56707
72967
80986
59675
21275
61712
81792
5527
54647
13860
358
60645
49065
27365
74771
9685
38440
20337
20047
63647
58362
48013
80919
82565
96814
9318
38252
55421
87220
86529
40156
23747
76741
25509
38914
41589
19680
83573
54969
17029
1264
96795
53029
34382
88932
74592
91586
67627
15617
74175
55763
79989
90220
93923
1723
49611
44205
48718
83236
90864
71925
37787
37544
15361
27629
75230
36582
73649
70201
12800
6375
74175
55388
92639
98701
78160
6118
55531
95966
70026
56653
86248
76665
19786
62234
41857
66393
61944
55113
79402
98752
31212
25080
57809
83643
17775
18209
52204
89662
89702
43091
32076
52892
80125
45651
11024
58122
57814
73064
78047
15044
3156
44500
27063
63778
8241
42861
76780
72852
21098
20700
5424
4444
60596
50030
51813
67283
52276
48532
84713
72386
59615
42241
72773
43328
86651
18601
77253
61768
56300
63107
74640
92548
51886
81863
62875
90105
40760
23056
79726
84420
94987
53069
12038
60695
30046
68486
7594
46970
10678
54027
53507
8624
35039
80427
15315
11317
98486
45968
77367
79258
80073
61478
10609
8444
68704
78881
30329
65391
74652
88428
23897
84544
50434
59824
56130
4033
63561
61285
31490
3491
82373
49425
69600
11961
72954
22104
91756
51924
23415
23242
67637
86161
1676
55542
74172
13109
47145
73946
84862
31141
40194
61026
65764
51550
94268
87722
39925
31396
51073
38544
15966
31897
89415
76679
58631
66696
20264
33171
81687
74177
30737
5698
85842
25088
80083
65953
92166
16786
25534
62164
50216
86305
162
13170
60933
93107
30103
81855
96238
37293
52832
6374
22616
61938
72498
6563
49730
643
5130
17843
83798
97052
95394
35346
73183
96973
64903
55994
7957
56739
92998
58237
16094
2739
70547
1449
67295
61286
8828
31800
79417
33904
23340
95426
94967
61901
21859
9933
25779
22693
6948
42597
55444
20051
33025
50385
40694
17714
70611
50381
20672
18974
70107
98233
32491
24943
42246
76046
76570
45491
38427
48903
25141
29382
35395
86286
14488
42968
73681
95171
80935
29880
35189
49339
12157
5409
44093
41981
13988
70804
57766
76374
52931
35668
45640
33016
49045
30322
85200
91008
54616
92219
62722
48058
10963
28401
20104
69591
73293
33101
62280
24533
85484
57571
7622
22574
86859
73541
65702
16153
82815
68265
31122
37816
2682
18146
5087
93602
33391
50874
46719
99060
60456
52296
31990
96481
94529
96597
59781
97276
22206
25650
3579
16497
34217
61774
5427
15189
82157
75500
49355
2857
75952
6325
54425
77378
63138
26238
94648
67983
94795
13293
63427
92135
78855
52007
17333
43282
57511
63953
44302
48378
29130
20120
2182
66063
75822
2694
761
49809
51160
75271
51563
51161
35375
42594
66820
49146
59493
54597
45755
56756
29863
77194
15965
13870
30082
5259
47816
13161
42324
51901
85996
52227
51605
14235
48377
31259
79756
39596
21420
34359
5012
27118
99751
3048
20432
84755
58011
12091
63187
90225
11751
64997
71706
35390
64012
15413
63616
92423
99442
60619
36826
4039
8840
68055
24393
30341
65151
14985
51645
80906
48269
3598
99284
77812
92941
8642
14039
49731
92481
84208
22181
69861
24337
43139
96287
50088
61575
32520
12729
23380
56813
72647
219
70469
73944
10402
10466
77924
41003
33101
52816
47639
60364
6345
43887
6306
95296
70012
34718
57736
58520
20704
33727
31725
60859
81636
3152
24098
94982
48546
28657
83200
67176
67754
81067
37827
51346
31416
88480
60645
1173
31923
27011
96886
88246
51957
5207
58159
25832
31353
48244
79235
47365
18595
73608
70013
59554
7745
58134
80183
27939
88745
65565
72465
4250
40439
63692
86647
79419
19327
15098
27340
14967
83354
97058
4888
39169
80937
30742
45078
28905
17381
85121
94208
9066
22613
17000
8783
41932
54019
19112
42009
88934
29058
92618
84919
96954
87837
57905
16703
5754
9805
11109
79575
59550
60450
26986
4474
26031
87068
18767
89668
70849
31045
41039
74922
41358
16184
755
62815
66674
51879
6153
36011
4395
20014
3353
55870
26477
10169
40463
82233
41502
43670
68137
96659
86972
68628
35876
14795
95638
98748
19964
7985
10225
89862
47216
85840
40572
76781
12362
43566
1897
52861
33716
51823
96614
9442
89841
66679
34372
592
23023
85651
73429
25685
35908
34408
84033
4607
40185
6470
73063
4641
39990
87096
34293
62785
22633
80118
96293
65853
49321
4444
28104
62046
54276
80532
88068
45433
6411
23996
76683
50752
69251
69386
68316
92797
79280
37191
61920
17361
96254
83819
81559
63729
47605
17219
86937
58610
79690
96944
69443
25173
62794
95699
7183
66834
61501
87329
78363
67891
45661
32398
59796
40076
29442
16428
73809
92060
72769
87991
63018
95937
76393
34804
97062
12416
64036
26465
53325
82439
52631
65928
37894
72373
57885
95949
36551
49408
16077
8899
52476
31699
84099
108
19613
66120
68760
5421
1913
68612
86500
38683
56153
33495
75869
41848
80274
36458
39236
21053
73899
46167
71100
24646
73464
5451
32674
30803
80462
29980
13596
27431
91381
69386
6948
76544
29223
91502
10669
60758
47111
30160
21271
38132
20565
39661
13026
66395
36523
94200
35477
41250
7572
42664
84565
5428
21647
92565
18854
23929
67901
66156
59976
79105
41620
90879
19952
15923
7177
1882
53798
21590
19646
48831
75062
70316
41652
14014
98599
50767
42131
79274
32009
96780
38810
87733
22939
89006
6074
97494
46092
98269
24222
19450
25423
41582
13947
75114
17850
55561
44184
4549
15468
43632
79401
45457
87055
9018
15321
44006
4502
66412
26015
30474
26902
16783
32727
83900
93307
95387
30803
13859
47808
38529
58334
29699
98364
88463
55420
66639
41674
80770
10195
72663
79064
51651
90367
38370
74933
46818
51688
93663
80193
98739
76806
62604
97438
89019
11718
54522
48322
73368
27284
14103
65160
10225
57377
37640
43948
72519
26335
89990
61083
61283
8640
18928
6032
49174
47216
9250
75799
14160
72880
41336
98555
95606
79297
53105
669
63401
31456
91747
31470
16434
46484
19764
55547
82662
20681
20827
58466
66741
34068
78616
8647
23511
90763
32542
79058
97743
23997
31111
86068
53988
79590
88830
5886
12098
5878
13792
97864
70305
66084
9419
37901
83159
20200
63572
91910
65382
72860
72751
15235
38024
40189
35833
20821
28821
95054
28200
90511
8545
37157
37117
45079
92713
84671
29316
98970
56987
7147
21844
98034
90066
90736
8351
6522
78264
48806
20150
58566
34967
57821
81846
61563
65961
12758
88165
85551
3858
99438
95102
16225
50443
99106
69938
73109
56711
31761
99931
32760
71238
35624
21638
32104
87219
36475
50006
75501
71889
29665
30892
43698
3437
35857
56709
16380
19055
99247
71521
49870
86655
81393
60937
27820
64943
80468
54554
79251
81392
7725
33525
3369
46271
28348
74078
89812
76109
93474
15419
19032
60724
24242
85009
23838
25761
34903
96149
83908
17254
89999
68754
56129
67432
806
99962
61531
34299
82930
26276
18876
52485
99578
68099
47274
16177
68984
80478
26652
32238
31276
1443
28026
97087
12576
59046
36075
29615
44708
16216
75788
38235
12679
31686
62915
64157
91320
91935
54363
79050
20030
52549
985
87011
11183
82677
60677
92665
89622
24768
20363
71503
47929
45677
42336
4276
41185
67296
40654
1843
95865
83688
54156
70800
59385
11551
47323
58078
74432
91162
97264
82010
87623
33125
96230
98446
78525
89052
27669
48403
97809
14510
28026
35543
97677
74681
37584
71495
30099
6860
67046
85293
17900
9015
78047
72668
16069
63535
52556
34676
45035
38888
49021
28656
3292
63876
36727
1341
58380
65753
78980
97913
66450
5280
37442
63461
72041
98721
61381
8499
782
76185
63199
36249
35068
29027
77498
6894
48013
12792
37203
87299
54993
46939
48817
7063
36951
99582
93473
77461
21190
28702
64014
1943
61873
71995
59076
34259
74223
60035
3531
38021
2956
31116
93984
65698
31365
57753
72791
59629
68242
6190
26058
20007
37294
51354
79160
47756
14649
15768
25081
39081
36942
56410
65912
95089
30911
11708
26158
17914
90086
68462
61974
94575
7386
56833
71252
59537
17360
95582
81814
98508
38643
44011
24880
6243
55659
93625
8035
79714
9981
61941
16810
6717
24504
97211
30671
98427
83761
38965
83748
75886
36822
51843
5196
27730
48904
24381
22525
47705
54723
64799
46168
25682
75775
20468
95157
92269
9202
69050
93186
79490
39482
42768
52906
46832
43313
53970
38740
69800
61897
52499
16821
11369
27804
8908
96526
18893
15036
69604
97922
37450
87574
61295
16773
35065
7642
94591
84006
30707
65000
60974
47855
83392
55961
6244
13761
33735
25201
32509
49991
27928
85162
98780
37720
51676
24531
35575
23661
25874
69650
76826
98684
52595
11926
49280
19772
15502
53328
44015
74325
60942
2852
71796
65873
84154
95120
31717
17198
86010
99324
411
30466
23859
9010
72070
72409
88652
52772
74608
10960
82616
74080
91037
91824
49061
4294
6803
87412
12909
79054
98768
10809
68062
1773
95972
70533
47690
15361
89859
81428
74465
55530
74329
13036
81893
77051
59387
1650
89691
294
48479
42725
94810
68033
6225
61811
57275
34307
28201
81325
37250
88280
88854
54341
89818
77218
56597
41216
41809
46697
57198
62296
18665
27073
16698
38492
38972
92000
51448
49652
61595
82913
36603
46483
12705
43699
98870
16509
32087
73824
7132
27312
5888
43749
97207
83474
78163
37426
90154
48619
94463
72921
32086
82647
9636
85874
61145
94572
11305
80950
28502
73387
93999
35040
94751
51125
91871
29742
56156
26667
88095
47396
58296
39995
68568
97864
70833
5715
18169
78801
78424
90688
6644
69744
58239
53575
67043
67788
77477
14068
71677
477
19317
1072
31183
62136
94827
26112
67517
65204
40277
43986
49751
9059
86017
2570
98959
10298
61156
4939
66474
62265
4845
36548
2371
39534
33194
71731
32965
41250
58983
56788
24621
93994
44610
61343
67304
2243
80988
92117
33835
31940
4482
60385
74524
35561
44137
54043
99815
53464
79461
60104
83858
15299
2666
18755
41187
84950
74080
23846
92719
29057
30799
60007
67
24101
47841
51607
21874
81862
3498
54608
46848
58278
20571
4155
60592
24909
83077
59563
16450
73491
17766
49727
68344
79501
58445
26857
41840
53217
21387
70105
70567
55021
99288
17163
13466
28433
46082
40741
34845
77762
14746
72780
31810
28077
55749
45880
90955
69351
22887
22379
20305
95762
76739
35139
81170
63788
12735
32190
69347
39436
45711
98821
22240
72959
17522
37149
10551
73643
10595
83249
24672
24563
90061
56892
62994
41314
19706
74023
59912
64402
24953
95956
51954
92990
83641
30575
58961
62141
72582
57194
60864
89659
93389
78554
27626
17740
83887
21877
66934
30415
33132
85221
45767
42793
18289
30432
83549
54923
11602
34763
27663
83881
9191
90160
18686
5226
22044
67785
22605
70029
31824
80308
15435
2528
42083
73348
76377
81097
30023
42038
66177
99494
24635
52921
33874
87880
12042
82730
63012
5060
14952
67116
38792
38868
39073
31963
42912
74481
68025
28434
33291
63753
64521
1575
22165
90924
96776
45304
95919
47454
13799
48435
22044
25418
65906
85652
79061
44982
47682
55656
7765
10297
90013
67171
51873
59457
42878
80004
11019
28894
22689
83379
93661
67662
46890
64682
28499
53186
62571
15400
67501
78783
96230
3082
43346
30226
9524
17934
88617
39623
86855
33335
23358
81223
28875
6742
34727
55917
67871
58707
34015
20660
34655
42115
15416
31263
77959
24517
15202
23430
55288
66258
30072
51612
33143
42559
49510
19875
32092
43836
91159
30876
76079
42334
15625
61389
4514
2698
28927
15324
90942
19786
46989
84017
26296
73188
55302
80897
75044
74596
75102
62063
96221
59140
24284
59450
26133
5021
41541
62308
55974
64764
10379
77589
52023
29807
16490
25514
59494
24363
84155
7307
93599
81641
21020
93416
88226
65326
65314
46019
97670
4701
96502
10862
6405
80805
7093
50865
1077
3920
40966
5603
79108
81530
63171
60052
89156
42543
84208
17447
53462
48242
99720
61916
3158
43930
92486
99397
79202
57863
40292
83108
11250
43697
36740
21965
53329
41087
13608
52127
46053
12194
11715
68037
34926
25040
29034
27866
6752
74307
34469
2143
97467
32380
83106
51885
5713
79578
6122
99126
21849
29984
42280
47533
42140
87828
98869
33490
43293
21419
70238
97821
48512
62607
18991
40733
72138
58360
1155
9123
35982
20295
36694
14700
39662
26183
59251
35683
65464
19733
34066
79906
66043
98480
36339
4130
81094
92477
43391
47401
57804
32221
80646
94391
98533
42041
53298
17199
1361
96749
73683
14979
12330
33489
77808
4316
2889
40330
84595
22501
68320
69247
34049
76662
10186
97595
75895
11154
76362
82355
64442
9493
30194
35758
16623
37534
3137
60759
93094
32851
31218
3720
73437
71026
30210
76942
50249
43077
99224
70325
10011
56267
34435
86971
77298
76284
7873
84394
77178
71058
85133
33994
69606
96470
63152
82183
63913
23762
24136
11043
95349
70056
15030
41880
16381
89211
49026
5640
34577
94443
84188
76828
21308
8766
15043
82754
44772
47444
85757
11505
16801
71076
28616
75164
31366
714
8369
16814
20361
57084
69517
16148
35703
94561
99979
83327
70677
58450
94117
94436
2376
49827
95202
76720
74177
84362
53516
17331
65616
23800
35142
63160
79927
42077
96749
84458
43219
98288
55076
61163
29917
70399
30324
94056
72640
71830
68297
66562
79972
91101
31569
7016
86432
57650
68928
50202
43236
6920
78229
13778
6336
68326
86257
9039
29662
68056
33128
35945
66486
99848
33018
92863
26240
41724
43427
74613
20862
20523
22480
32500
5477
79366
60425
28695
78905
10925
15853
19110
39026
75054
15517
45986
21235
78691
18936
57319
94808
87785
82348
84829
57392
84434
59842
83955
37056
18700
7648
54830
8041
57064
62742
86655
10437
41869
10612
21627
83941
59810
40271
26132
32456
91324
12042
8208
7730
46336
6266
36988
40276
93219
8265
97390
71848
40913
99084
23859
97597
5423
22031
49123
934
10165
93670
37328
45274
96512
14417
3467
88914
61972
39469
38237
97569
17387
40670
83547
79704
39326
78776
2166
65283
832
46238
8694
99601
70139
5236
68636
80706
96891
81945
21359
33784
69056
80950
98439
35728
74126
38458
47449
66653
14250
7790
26517
83192
28500
83449
16287
21040
3728
7174
16922
32433
2796
86267
73895
73756
90822
24204
54791
64539
49552
39815
33739
10809
20650
20213
44129
23731
75155
36970
1325
76701
88801
56333
56099
99822
11945
50135
2569
94113
12281
2917
31559
97895
83092
28101
72572
57549
28943
55185
92957
6459
91481
22892
95091
7056
63154
95890
21114
62852
87900
24850
15647
2258
34876
31612
31662
71798
51015
61813
64768
6689
61210
73945
77684
9272
56099
79516
30196
72339
41929
18076
36239
74858
58859
86556
94225
58574
99357
67386
76411
73926
91835
59928
44549
50904
16654
26783
69857
31414
22799
91132
36504
76830
83709
79351
22582
71012
97601
40141
97561
30590
49058
39042
39221
87086
49743
31008
45387
69039
18682
10399
83513
21493
21997
29769
84772
16767
60821
53155
73863
12887
96726
30429
75436
46833
88713
35666
49785
55536
23290
48592
6730
43189
17344
71469
87107
52584
46497
19475
52666
53876
28492
41291
11676
888
8372
90583
90591
87151
24370
95454
58445
93924
63904
59548
69968
94975
45550
80434
81435
39206
31499
63552
62365
75873
42019
16232
88869
88228
12241
42890
32337
46623
61502
34268
71994
5115
12413
58415
45395
9591
61874
26682
20791
76764
70480
83985
7386
34215
64499
53369
38670
78500
4962
63779
36125
69775
96941
6765
2376
26562
68959
9639
47951
85210
31644
21796
18887
94970
62304
75936
6909
81269
24267
24610
66628
21489
62256
72676
58211
24920
12703
60525
59372
20489
65920
68026
16022
12869
21208
22153
6906
40542
80033
81194
49411
54489
91801
71653
95882
38841
15885
70524
33596
93818
34593
39413
90320
10281
60024
44589
95822
57024
44996
37721
59156
22489
50169
21429
97287
80317
41701
5318
28578
74493
40217
46368
40047
48936
90515
25339
45043
98370
76315
91275
3527
88685
76624
88173
56028
21122
31724
16740
42522
14936
21918
13990
30601
92758
67276
19105
13476
62991
60
7258
81617
73084
39276
6777
10425
90138
51625
1026
73506
30987
60005
43777
54918
25323
40229
33056
97409
65151
57390
4490
44672
83954
40688
8659
55946
32286
9151
94694
32942
62725
99299
74369
63984
60145
53215
83732
17395
22220
50102
28958
88904
48756
9720
23291
56851
91323
44813
63275
15496
65207
95827
83872
9992
28511
6821
29028
16206
70708
68163
57949
8955
97749
7546
64642
18431
35632
48362
29921
75242
23470
1517
83888
26116
68919
47578
6625
37261
16058
53669
87342
29440
24284
49673
47863
93167
12310
37980
74360
68260
84950
16276
43963
50397
56435
72814
9177
67437
86957
68133
99267
78728
23072
98259
1359
50753
43832
33883
74235
27447
68510
72798
85812
89110
68508
43700
67536
38124
77300
55242
57915
78472
56582
91915
88202
97194
8620
94868
70295
12605
59118
7277
88057
93958
61817
9742
5607
36842
93814
64432
23688
8525
97604
16203
85184
14166
23225
98887
53301
50770
61196
43646
40558
59456
26466
94787
78937
78884
85989
97525
22293
59063
60107
50360
42242
38980
64314
38742
88079
23195
21888
62187
94122
56490
5724
14404
30874
63861
30286
60305
31615
77863
1241
7871
8816
50081
90044
51265
52857
13675
4922
22780
83066
67677
53580
21140
86128
17900
97054
45896
73830
72369
30275
26438
72601
22148
14437
47140
89137
32159
7377
43341
57033
24311
9389
77240
61103
91545
66597
79708
68348
77724
64698
20809
50567
37152
90808
82562
40841
21000
14460
92690
2428
99259
65301
41256
4035
10707
58691
2730
55673
14422
84035
90548
8652
12512
26772
89995
79212
63002
83346
91024
30948
36707
26708
9568
15218
91306
22882
22490
83339
96105
68800
68668
21868
37614
84361
5917
5162
56073
82038
69776
77688
77159
68670
80288
34956
59399
22170
88445
37861
17843
43700
76211
85859
28741
56200
51067
4901
17284
6373
34284
8136
40019
53747
67403
75461
56949
1119
59847
4091
90553
99545
17558
9715
41760
36003
17059
27525
87391
66297
29110
98605
94954
19164
52
90694
51205
33823
86083
18794
34896
23645
32949
60629
64461
34952
76140
27388
73118
4667
18956
96475
61072
31538
69943
91329
14562
73191
20249
16590
61142
46473
1744
87483
76549
79773
54796
46875
12223
18548
93084
13354
48077
19063
83023
40612
16397
2297
98769
52419
87364
60483
16013
27664
70789
53682
62892
72516
95986
4900
83919
80225
5734
68010
63633
31514
98231
61190
25089
81408
27417
67589
65528
48562
8956
59246
26674
99676
83132
20679
58098
90580
97630
15713
84401
48737
15680
53206
20862
10260
84269
83024
85693
24184
98601
94327
53553
52215
61449
18086
86716
75168
71000
54129
74765
73912
65157
14684
5744
90342
99873
15681
36647
86541
73395
27630
72596
20434
23550
49325
78152
73564
58658
27398
57422
32179
70733
52342
66509
34025
87436
81997
48062
11925
20669
20501
58782
52484
24269
11075
60445
11849
2531
96971
64944
34949
99589
89213
89407
71497
23721
53364
22576
9306
65903
36416
66855
4396
23947
42519
73371
24691
9542
67495
47447
72997
90272
94060
22843
34326
36541
2731
15354
21768
11856
63802
72256
39034
51569
29291
99392
25287
8316
590
86115
21063
14200
53968
80232
44371
81704
28405
8424
18993
1562
86486
71611
48538
36742
87828
85533
43891
1608
91741
65226
96312
60006
62586
49774
9951
8593
19104
29889
80956
58024
15758
44446
50861
48754
88739
45615
39345
1541
28023
93085
59367
43765
16135
59896
66667
89715
97353
79722
3913
48862
56085
45178
97517
83775
28415
267
65808
93115
50972
83247
65073
4160
88735
2572
27041
25749
93400
45227
30062
1455
39777
1972
62671
33504
51944
52865
94579
36165
89789
23227
28438
45712
2777
80842
45591
17377
44726
97068
22651
90645
8349
71762
80044
80998
15502
97550
33300
40439
18786
62155
54559
64954
38367
90721
29423
40977
21179
46111
99730
52135
759
75300
48225
94397
68059
94780
49296
39786
65633
59894
24432
58146
7953
95528
1931
55302
32644
63044
30290
20412
27854
31993
46857
19940
38640
31731
88643
71957
80498
92164
53682
652
64363
97068
49192
7892
61180
99772
88298
34390
51034
35473
88174
56409
14397
88025
19462
58110
50402
37153
76505
62744
51001
60400
29271
90513
73957
4417
26440
35627
19277
52613
17273
79703
30808
93913
79967
8244
44648
6960
71587
172
54675
37982
98309
95446
81829
77138
91388
99711
87226
10953
20317
73092
33693
96235
62121
73952
92906
44982
23113
59460
54761
14068
45408
9237
58284
75594
53617
82135
32718
47493
63608
10505
86683
5840
638
28730
8225
46061
64773
1941
85964
30085
27894
95133
44428
50331
68731
96901
20371
62468
80829
978
91547
31363
21917
30588
74485
95494
98508
64202
20798
98179
34363
99739
8036
13046
24378
47252
62150
79708
98913
63313
91288
16466
42679
74827
78032
73332
23319
4914
29567
98839
93678
33016
25711
36002
71305
26620
46989
15669
88094
42137
28565
57109
52263
36804
10826
14765
36390
60560
37501
18803
10811
14128
44283
203
16342
32340
65556
3998
95138
9539
58108
98687
45747
83313
63959
1491
11034
14571
11707
38198
50448
7495
96558
36952
83356
95037
8541
3072
90566
31184
90268
40747
98736
44488
58813
92228
56861
15886
12561
17726
30232
93560
96184
23568
89518
20678
76445
54052
66300
12553
43549
53768
26909
39900
55428
49843
9997
24896
61081
45576
84499
59458
34498
31507
57300
79249
72740
62023
22823
65826
2625
44490
87559
10596
28364
8049
98428
19934
44841
58535
47564
53280
3934
96152
45999
34533
26726
39560
44380
27902
6992
23151
50530
35413
39522
97035
45163
74017
8773
64305
3271
63439
49833
99148
77757
12876
67068
89845
81498
14830
75861
87272
45809
93696
42366
9571
12398
45840
85077
68530
14405
65695
42485
73383
78492
19342
86464
98866
54346
6070
36995
15568
3273
76947
32657
40657
4193
77171
86196
23689
89515
26547
73036
14991
31179
94704
77829
25520
47902
59326
62640
78032
32049
95255
60134
45662
98259
86884
76057
79331
10551
61530
16975
54484
94857
84637
79513
51910
11503
61638
86908
68116
56930
58071
16303
88019
70130
32208
2996
35233
43680
39710
53172
88226
21331
10870
10699
76564
73341
33552
2878
60116
98282
88736
94332
45310
78850
31175
81623
89112
19142
9947
30381
96446
7762
97833
13282
96104
80607
30219
65914
58083
30226
3169
12259
17433
99373
70550
88934
39020
95132
54756
49649
19536
4017
78653
88826
44759
26478
44648
42461
48898
66683
94878
30464
28488
9154
29714
55680
65409
51194
58042
41479
72244
46242
74549
76880
16685
49009
88221
84747
72431
50142
2052
34844
31981
23358
72116
16679
93564
6945
87275
13033
82744
57768
72618
4905
89093
61897
39078
10143
38338
36617
87088
13167
20264
94394
63380
41735
39084
47649
52805
12362
44877
21776
2542
76661
36451
40009
42302
6624
63347
69573
27130
4451
28964
78643
11228
21751
74301
37748
29555
61075
6488
94271
12475
26273
21158
28795
28727
39371
21338
18167
98234
86706
5002
94869
33038
63195
82818
74854
4185
75416
6480
70572
81440
79359
65705
2631
71211
65876
67766
66112
98049
68302
41163
96774
77827
80758
49066
81445
47302
24379
8271
10470
71858
43356
54798
81397
70552
578
8335
56796
13760
34889
84905
30420
38728
30806
91019
8969
2717
36234
17563
92399
58206
47845
54819
85508
87987
85299
70983
32647
63226
77377
71414
61391
91008
52897
42645
96689
79576
75361
43941
23358
81727
51482
91721
94416
1274
64961
66170
59543
55467
13705
30022
35640
51931
1613
88920
87860
73748
49256
50057
7456
40490
9690
12231
78465
18056
42168
94070
62788
49224
40789
63985
87899
59932
44191
90466
74955
41212
23978
73155
46626
27667
46355
94813
30554
43238
85704
94089
80033
51675
1115
94653
43133
75202
98448
47670
67523
60454
28248
26465
89222
63898
1104
10372
35908
41665
12101
60501
86131
21847
6612
7613
82068
81695
93788
77193
15637
64110
46659
19555
64505
74232
48253
13143
50539
69936
85438
40494
40707
46710
13161
99738
44948
77940
76252
49984
33499
34377
20014
12388
73503
50589
91461
98317
53514
64579
44768
36848
14449
4754
69321
19633
69691
66662
1277
5588
98400
32249
95983
60976
31777
43977
9762
568
16947
2736
67526
5121
15487
43813
46986
17021
21876
75794
94085
81668
29813
8678
1509
45497
7717
16638
47940
66985
32917
78172
65459
18504
73227
71950
99061
19509
66499
25587
48515
74462
12273
80629
72848
21452
17081
89606
8758
70042
32590
25395
31924
61392
96029
63912
92090
9353
36968
8825
78082
24468
73508
49926
63998
44312
47582
4945
11248
19189
733
85906
27701
88442
61897
19829
88782
13892
38139
87312
61466
32693
80438
77014
71172
38728
72119
53050
74643
91317
35275
21898
56330
50478
84342
50477
64370
36025
37670
59662
5959
43426
8790
4011
88738
84093
59257
69045
82131
19137
81579
12054
51741
13172
82100
47800
35796
98481
75563
36301
19633
46970
28038
33171
45876
80592
46178
23957
87008
14469
31573
24529
78639
39065
86227
47076
32019
44815
91729
63075
50728
92877
72561
41558
88919
71746
69105
70270
45500
37130
96489
96551
37994
94716
78962
50459
24977
1422
36054
42225
17161
47468
58642
81708
53694
40917
85822
81633
34454
74509
75874
38627
91137
35900
47997
47377
20726
46376
14318
59883
36995
30124
98046
86908
30538
93416
54480
84150
22202
37517
72118
50364
37589
90781
54707
80784
713
91742
18530
7989
5603
94055
54384
74914
16052
76029
7666
61264
22544
57006
63035
19550
93697
42720
88819
43316
40053
12628
22222
26587
23144
44209
45389
30300
42343
41287
65212
74216
55507
65130
58893
59691
92381
71860
8172
66415
27299
70231
14368
66835
22360
14492
31931
47430
90838
26352
15972
18401
87083
6707
86424
20701
57671
76015
87687
23773
16630
17643
40842
83021
24900
57345
25890
52654
52908
19145
51152
3488
20617
34808
64674
48942
54501
29000
82047
28970
34938
41200
98457
87509
54763
80236
47158
37048
50229
35484
11685
17082
7950
49875
77056
73360
35028
90320
82047
10440
59657
63405
1468
38855
87388
65430
95242
86564
89024
48089
14148
69193
13656
87183
20620
76810
26560
11587
41937
61064
53443
57423
7880
86759
6276
41291
77564
26515
68954
69942
73728
14418
50549
95040
2989
35599
74338
82245
21687
24403
24141
99916
39073
37038
22139
5297
33912
8657
42332
953
21732
39817
99210
65159
14560
53889
22481
14418
79860
57397
43016
33542
33717
69392
45183
4784
57572
12511
65985
59625
67320
82750
88200
67824
8964
97029
3649
98013
4225
57666
65709
75978
43592
73733
17330
1411
49335
92029
38335
96447
79474
48254
17444
86572
84098
30087
25068
49160
16325
12566
43559
95053
97338
20548
26611
54294
53650
6421
68230
57715
52100
17746
47958
74731
55342
26479
32193
4516
93835
88960
32092
30738
42752
90084
39337
46797
92848
58610
6278
48341
12791
83299
88
52749
5974
37673
52678
84965
27651
1496
1816
70856
45673
2633
35318
6711
26280
28299
49228
67055
76573
4489
7184
98437
11561
93926
97861
88275
32250
52071
16504
18128
85966
67832
97205
71854
4349
9031
410
17786
62916
48527
33506
91926
22493
90737
28052
92859
26798
25680
97617
44480
76088
38947
94365
98558
96236
54588
54634
80833
91766
39254
64618
85030
8774
91801
57589
39490
12197
28634
93056
16654
80064
88632
65217
99575
68711
76165
39683
18000
15724
72702
53900
56645
57
5577
94554
15406
93161
43828
36142
63908
95930
1043
83136
69953
26543
57100
43758
53348
42512
27070
66709
22325
51731
28661
21773
9397
96855
52412
49194
82678
33894
37298
66540
55068
89192
78234
81439
93848
15059
89334
57748
56639
31264
6963
11657
89099
89613
46675
74061
14236
38211
35924
78505
60988
30620
78116
76552
64132
87952
83282
88319
65354
87998
26300
84401
59865
19729
48420
13133
53715
93240
4026
7719
68118
54068
93024
31321
18557
37880
71757
88892
44163
9427
35977
8804
40275
49173
12574
89765
68124
60620
26596
85111
76738
25908
58787
30246
37450
34494
18399
65825
67748
18042
99708
61572
70279
35512
10767
19523
37365
91463
18809
85634
52100
37240
80565
1705
47763
34920
69323
74632
96183
89419
20479
87751
36094
33310
26100
90840
67060
69091
90307
49937
4289
83517
72154
46647
30784
45680
19564
76998
42943
74540
41007
51561
61940
39355
58747
60252
70460
60854
22622
32520
16473
95519
55312
75208
14604
75545
44723
37012
12558
64907
76568
69848
28563
40683
41952
55477
88395
88526
15187
10425
85572
68826
76953
62331
76991
20838
60007
74199
35077
91423
37321
34626
17348
87474
16874
6121
13076
89147
84541
13863
97785
18842
89050
7288
69230
71648
43723
72716
96390
65226
51045
39877
32559
94655
98803
78064
86490
20946
8629
50272
919
42586
69449
97017
52019
74912
28582
60679
39202
73125
64963
88056
21783
60515
53629
78452
95585
8051
78531
20152
44777
76121
81987
76794
80410
48294
60166
42437
10766
81591
37959
35199
40914
24655
88784
93926
77663
84551
28728
5414
49905
60838
14721
65720
96553
74988
27173
21278
55025
64781
15851
36662
32563
25252
51259
95335
34835
31694
96578
28341
75154
13501
5361
17421
61484
89114
37798
86617
316
50525
46088
9676
15418
2677
58719
51199
42524
97413
93702
64801
92531
10593
36692
36050
34051
96495
48398
26322
67854
91504
59430
61065
93178
55963
39867
28411
59207
29603
28784
89510
42905
61146
64627
70959
67398
30898
18725
35919
2900
79399
21876
82469
82600
31419
98252
59498
78697
5035
25513
23652
12737
98042
17446
98327
15954
94824
3814
15322
29758
41524
64408
6905
98017
55152
58494
59424
88258
21825
67885
35861
76005
22403
55817
16969
32023
62125
7550
52735
277
38932
87563
97321
46698
94092
25054
84517
61253
20445
60811
57296
58760
77791
61219
20364
83025
35758
56040
31834
79109
17513
51859
70188
17018
32668
25142
92992
27240
24327
40703
20630
24686
26919
782
60281
95268
8166
62764
81807
74675
55059
42366
5529
93670
19769
24823
75777
81503
32051
76294
49875
67564
44180
31018
60492
26624
41952
68758
84985
99467
82356
74362
18122
30489
4986
26761
917
56516
63404
59958
21258
32123
78595
72882
63625
78375
91906
11883
94780
96207
22150
9057
17015
3116
16521
15245
90963
26415
56112
62843
66968
21957
2734
49734
96993
21111
23001
31577
74079
71585
31127
52080
84914
90283
81249
8069
99056
41638
62269
76708
63800
7625
75422
66936
35782
893
57213
26947
87518
11222
20736
85909
85010
95628
7227
2415
5592
5143
17286
39820
55913
28521
48982
54841
91877
64666
50466
30308
28501
23191
99225
20982
59591
43877
50072
71196
5007
85645
94143
7860
57001
74693
58508
18871
12721
17926
81619
59912
29583
36683
55830
17439
67292
65248
1308
83660
90561
57413
87248
80426
19114
63518
4109
86184
45614
82270
68503
54946
61763
13017
62394
75932
25913
66554
23759
8620
6561
59812
91527
15003
29979
37084
55413
87417
65289
3069
35865
65212
26732
23058
92057
11520
95481
90124
65533
78667
23677
30026
29671
73312
48030
44576
42604
93327
830
34195
70265
62631
60506
20097
95107
54717
77750
42794
46864
89830
14950
76412
87280
94739
14058
58613
53653
37973
31410
34031
32592
13175
96205
39348
26019
89920
5215
86977
60109
10855
41369
89334
84376
5896
72648
59655
90604
1389
89809
55109
97504
66043
96412
64627
2921
9981
24441
33233
76312
64103
21437
82949
55910
37154
68235
77135
19396
87309
7277
66873
84073
21437
76427
60587
53811
52329
37975
7727
88614
85656
65517
1048
39373
15436
17098
93380
29571
1658
66854
50276
71302
28522
64552
891
92860
14739
76157
36110
28118
42861
45862
43906
33943
62315
49714
51370
29497
23699
26261
55346
98968
42231
8911
89370
92143
82394
83663
23940
8357
42207
14517
38031
30862
75345
19655
79560
55618
15811
19658
95009
67890
55123
46731
30446
53786
43384
65374
11569
63942
39221
13106
6942
60766
31928
39722
406
19687
24281
3375
71921
72492
26135
30537
74865
98650
28333
95735
94515
3632
77164
86445
41066
26953
23220
57869
85967
67998
56113
54098
31679
46192
19336
46757
81003
56315
18835
34686
59256
63171
1847
42189
34650
68443
47239
6383
15623
3097
36366
25331
82384
75858
16476
72966
52110
76291
64966
99212
32656
17250
47089
83362
7514
74845
63744
53835
60226
4886
78243
15361
20063
2701
1574
4307
61784
3675
7337
54126
70528
96367
71164
31363
62987
47356
29403
94789
3469
39482
82591
1652
42125
69692
1006
63349
33913
51133
57356
77340
6979
57676
38551
1193
49695
93917
39197
29896
685
78030
87877
51924
35191
31178
8826
77033
46953
91342
69289
91752
20880
58174
21916
28077
94967
22739
93393
29259
26425
91846
84156
88622
72118
58287
75638
88995
8427
27630
51397
6340
97309
73099
24982
36307
61960
46756
13420
56664
7377
16899
89074
6183
9811
40738
95930
93872
34322
95264
26925
66712
61555
63925
5191
79872
18300
69587
64561
48746
72722
13051
3463
29307
47647
27545
1599
19720
2023
36625
31003
24599
6719
12664
7107
3310
62460
78436
47297
37655
98289
15509
10692
71723
15818
45776
13028
24901
84671
76227
2124
98785
66408
2492
27019
8318
50223
55911
3895
87301
1305
37193
96392
75336
209
96528
52874
2813
86471
8947
93503
62727
17370
66507
50319
3606
80876
45466
45316
52925
93816
1647
54150
65258
77463
90510
14963
14281
29430
29219
52098
30040
31199
99514
91775
80633
5516
93605
35902
15213
83028
18629
69128
8225
81381
22633
53058
34830
98759
83313
84358
98766
11540
53958
61679
82680
92824
48081
59389
32269
58918
27751
3221
42405
80007
52883
68200
17208
15078
70769
10416
6566
66204
86412
92454
64655
29949
43079
14251
3084
10323
47872
47718
64664
13993
92627
9915
19799
57813
28123
92933
42045
85862
60275
46370
27561
78640
26158
28528
23642
30738
73370
62426
23781
19629
75767
20577
39990
67410
15096
35750
17372
28720
32066
33570
76339
35993
58033
1496
47462
27691
15970
26981
88706
9085
64563
28173
50670
15974
98590
74591
55448
71366
17904
79670
70436
95033
95818
74611
88259
13857
4463
73305
46420
64655
99434
2616
12164
75636
98595
67189
70507
94902
70874
69302
94309
48743
97484
89442
97645
54053
51999
53118
65841
75783
61946
44206
22534
56234
2690
50960
77710
98558
12715
63263
15879
40501
22528
27348
98508
92073
12432
5082
27023
32162
82507
33025
25104
13624
8077
73943
55854
28325
38823
77530
50424
63969
73577
40686
48620
55407
149
57259
55373
76893
31301
61615
23774
82423
29248
76190
71293
1413
61040
46184
87271
65947
36939
14845
55412
63665
49308
89589
44230
63195
48210
29688
1
34823
73683
31217
52554
46416
97526
86400
74690
4893
66014
88741
41130
50351
84870
29505
38368
94564
37014
8824
82868
39249
36501
71690
40387
15732
29095
69075
24753
60411
38878
5021
81702
52575
39415
49085
6619
36882
40250
68270
4239
12570
91967
29762
62371
86649
74069
3404
48665
72484
31414
42607
70567
21458
31555
57040
47947
54168
61136
61460
60525
71406
47893
28902
67545
75471
21142
35173
73310
75860
8328
1636
22214
68842
17842
49496
61992
83753
77274
98591
58131
1295
9594
81101
50788
93824
60765
1226
21335
21755
47072
2165
84359
80549
50689
55671
33748
79774
4522
29549
80797
75263
52113
11590
89382
65999
35954
61930
81888
2778
19964
7920
64820
36157
96289
51759
68817
29899
95859
94840
10268
99922
80520
32084
34402
93208
56078
534
96294
61230
25757
85133
33463
39918
67223
53792
7880
49854
18602
31174
5696
48258
36922
52765
2150
30916
29225
62345
4399
66059
93104
26479
23799
90419
99406
78203
41135
49389
38121
17714
59451
52746
25959
16406
16930
7402
93442
46015
37655
98511
84183
9317
25123
15199
16152
71565
99509
70573
57284
68059
99768
94305
78796
31130
65934
9952
50616
43915
2293
52125
29383
45621
68049
38474
91266
31464
50667
56951
79288
53577
39349
55571
27167
21224
98372
85919
87319
19176
11318
39794
91693
25424
90241
85589
18882
27918
24005
78438
58580
43588
21261
67418
57176
33476
43757
21878
77178
45038
35391
60679
85213
59182
94132
49299
49725
51738
44935
18026
51937
84485
44843
49527
71818
81221
2461
24726
96679
56477
53469
57715
22983
18964
35233
17556
26318
48661
33204
85021
9270
34998
42386
20488
63037
71160
59821
29066
8590
60805
46986
42273
73762
83875
46574
12534
44522
46444
7053
36730
25267
5154
24733
53958
85402
63109
29518
53647
5050
80510
37710
12014
4530
22700
53932
36562
58139
13279
89300
32976
36481
42913
26744
31655
68376
56609
2733
7908
40800
74835
37548
36812
51412
66048
76672
88042
75963
70323
45074
3338
64932
31897
2667
37084
4988
73656
77722
85865
4996
33971
29400
3745
82193
2769
43020
90939
46924
13967
72828
39158
45244
99762
65053
1469
63743
7439
83744
62605
70548
36310
70659
61058
83365
62070
65645
28401
14443
97120
77783
57051
19873
39313
97401
32152
51832
43246
50077
38833
95335
58007
20663
73551
42049
53562
36745
6794
59123
81205
11068
22644
65648
55728
20097
95898
80103
85495
77624
23768
10988
59989
1327
53924
35262
48615
87939
55993
29297
38604
1948
7429
29288
80516
37585
15138
91210
46162
38485
87852
59540
26628
18207
74702
33474
16287
66927
78050
47559
71342
92032
61325
29551
25692
13731
81543
64597
30810
69942
99809
64912
3609
86819
1560
79444
57684
19608
12757
19649
15561
7440
99941
16167
88467
23361
75168
27654
31321
48194
6671
30784
412
57028
72464
2986
78195
54303
58958
29352
71339
15391
65400
13481
68517
38193
92432
20992
56558
74020
15371
35163
97421
25792
56815
42862
37878
73185
33395
43871
22576
79126
19352
8265
80843
13190
92076
2475
29385
48493
45974
62166
57816
97397
97304
2826
22871
19715
30018
61682
88362
89887
62826
940
54486
25147
95433
20000
92343
51483
24092
41510
1458
14854
3886
3330
88125
16942
93250
39153
96600
64256
91328
58371
85953
37249
99907
12109
32389
72262
24079
66194
96728
46860
84527
60146
11688
93168
54350
61979
46445
84761
27940
19712
65991
74192
72272
91095
36084
12544
79236
18224
16901
65867
93605
33078
31556
81530
71370
90394
44679
27635
72053
16354
52273
49146
60331
9869
65595
37293
33338
25624
29070
62191
48688
64231
14239
97773
88427
57612
40646
54123
46493
15896
75972
7922
63011
59670
27056
88886
37636
85153
7933
59538
30836
61686
30619
65290
98914
98769
66262
34963
27168
37204
35534
23330
68603
74284
60360
93647
98897
66214
34920
13856
29110
87002
97744
32608
12500
48298
99046
60912
18281
42641
50095
76857
35688
25449
22271
7075
60369
31944
51655
46112
38756
41742
44072
43917
53544
83456
98399
69082
50452
15142
8213
57602
64232
95006
381
55460
91044
45795
39717
73100
33819
68186
94142
3647
97633
66736
57162
79965
79835
20026
52756
505
47740
76823
1503
51546
14130
71943
90079
85721
88946
68162
47095
19410
36520
65383
89295
92657
5718
64155
47086
36512
63594
4620
88986
91630
9400
19209
45793
55466
14001
71734
55133
99618
86402
12134
58795
65247
702
69763
58039
37043
13037
60889
6061
39857
62480
22139
66476
82097
61127
12119
44000
15681
28675
9099
5902
97697
81522
42565
52190
79296
54343
88278
63524
16097
39241
99062
90795
98086
75338
73207
47447
69697
24643
93928
47055
75423
27854
44252
46962
61120
55342
14335
47162
52627
26582
66380
56339
1360
60147
35369
85418
35355
85100
36372
57864
19941
76163
3778
94698
67534
85316
5427
72809
76701
33530
29644
23263
41875
55652
68244
10901
86318
38915
69264
15433
69566
55679
35658
4526
6182
13574
17270
10865
25736
82109
45810
83296
84354
98740
47165
66439
23740
91265
73662
15095
8836
5454
23028
79983
10220
86905
95808
52176
86362
87290
97383
60838
1084
9740
86713
92211
44259
42957
86156
19486
40025
61232
26398
21121
68033
22858
16144
77208
65982
79600
72485
19290
94846
31751
24023
92124
81405
87953
16409
86402
69897
11808
49088
15184
54294
26598
44704
19195
72300
17205
91653
94331
23698
53215
72383
87367
48334
95069
80800
83237
98931
79196
22334
38568
91833
34539
5769
63720
76764
7810
86704
32739
23801
23470
72227
96633
9410
59635
65468
10048
54244
97199
19896
72033
25312
78287
55982
39241
10345
6529
53989
99766
29755
33432
70984
10096
78721
45030
42832
30686
89856
32599
6859
22086
71274
30573
55258
8950
62519
44696
45723
20776
93510
34046
43512
64676
73557
20390
63848
41578
15460
46569
98786
44621
68138
91976
57082
67368
99236
53539
3942
6801
52522
31059
90529
96176
42506
46026
2542
54692
44146
5802
13266
78522
20294
38152
84051
16932
97909
11207
3694
45472
93762
40920
68190
89106
83901
36160
24729
4138
48583
7625
82417
98868
68274
78051
27998
60622
3159
59463
28911
35830
98562
27540
31869
89664
16745
6685
12927
54526
9430
27565
52882
50837
33205
21983
88275
81716
28780
31172
75034
22538
73363
49837
92190
782
81611
23882
65327
58277
52325
7225
59485
80448
55416
41821
30327
43880
61817
62943
99260
34724
47124
47766
30085
41154
32285
61044
24833
52901
27519
83715
58109
2903
33388
87983
12445
39481
43812
78223
2035
53219
82424
40558
68626
92425
17026
80774
7061
6670
27822
42189
92231
98751
85180
68361
59434
72379
43702
79249
84776
77035
94561
88639
4196
76624
50118
46776
35450
7979
92389
93286
96174
71564
78543
37435
4769
20917
22998
93013
65917
39036
52928
96124
94242
76445
30889
23679
16462
16614
30706
93924
7315
472
59272
29014
66582
60429
27042
63178
54512
35689
87234
73547
83879
33915
90096
91310
53563
26929
33720
28957
29117
65125
36160
10291
40099
84433
84308
29175
9206
95467
42721
46424
34836
81337
5290
26632
48407
63347
68557
17587
85482
43117
38106
41558
29800
19014
16680
39656
68139
37223
40124
9899
68950
52524
50832
15520
87921
34518
56977
14859
4552
6846
26704
42303
11813
24360
62437
63705
3657
76087
99771
41469
4630
84327
89178
50127
66449
85446
73011
80174
25099
11603
28306
3149
86796
64324
26457
81268
15418
23106
35704
21538
49129
37603
53516
25679
42845
87928
21072
70559
14993
14213
5360
98353
39453
78013
8993
29922
90640
43376
4014
28326
92317
67412
34233
61230
29964
62326
87052
65998
27266
87594
52990
60446
36838
28973
65350
15489
35976
90708
48752
63568
89965
47032
8973
43359
72050
32556
50912
87946
17587
26128
95465
85472
67650
10106
28583
76349
90710
9528
89066
11636
56820
57493
16001
1188
42020
75569
3138
34894
21284
81267
11768
96108
26196
95794
5890
32999
25617
75933
45038
22591
21806
52026
27094
81530
35456
85166
81056
84914
22649
30804
59966
84694
55946
83433
15217
75690
50207
6991
98439
73341
28077
81151
65864
24218
34972
37086
65416
74796
50788
44952
23252
36957
42307
25539
63255
10155
45642
21548
93291
43630
82305
65099
69843
64761
83949
56786
40261
6683
38038
56546
22782
47091
67509
81705
44734
11803
3730
53879
82587
21658
4838
44626
87247
28860
33844
49796
49213
34750
48952
20273
51952
8879
62003
34246
52559
89620
32118
74084
39036
13480
70459
58100
10725
91590
60722
45750
6865
3978
37790
58706
85715
27351
39024
33108
10425
33495
76098
43652
38324
77821
53453
4282
19898
47498
62527
8278
52634
90256
48274
40801
79941
4168
13243
19494
73422
87822
82930
46139
85114
58620
88740
43327
38082
28901
47002
19022
29932
37076
62848
41231
32231
69091
50037
52464
84037
54790
31470
51768
71012
11462
35065
42284
68694
11411
54827
6248
46814
84844
5034
30772
32874
92946
89705
6177
48710
55965
76819
63291
5129
42076
2514
71571
5111
61630
27259
10324
77628
21246
84129
12698
103
29943
64007
79297
51066
98509
59177
76782
90570
83134
31197
36456
49159
84940
41553
46111
43549
62860
68949
68091
10833
40988
50059
69784
82362
85670
99222
74356
22382
83688
16358
37452
88407
40579
68036
85564
97765
7755
5402
20079
2547
83887
62513
85669
26848
35563
86177
87827
89601
67692
44791
43804
53051
37708
84188
2063
59389
98964
78730
50249
15215
42387
40937
55522
59556
44000
17817
22418
26072
57994
81432
33962
15273
24004
37513
33969
87996
42083
80858
18689
30716
6372
96579
66080
82368
62275
5504
56369
99961
62641
98960
31113
28548
58658
12638
21952
24027
56294
6690
24044
66843
80250
16483
67438
2903
82353
92391
9759
37722
81315
159
63116
99495
59286
89142
23154
3254
3537
18459
12934
43911
90129
25483
37239
69689
68781
35385
46628
1771
29455
59829
74375
37380
77656
94731
45234
59854
20100
96484
80386
76218
96151
20241
43270
32806
71535
14403
8988
22473
2382
99122
56787
6704
18179
62252
38143
52165
20261
35769
33265
85347
6305
16380
78897
14353
27621
79827
20267
33604
88127
92996
71917
45047
59369
28251
96094
40696
82748
4838
53245
84229
20097
87353
16558
74871
52807
32788
39650
81899
96508
9974
34306
38320
41558
60736
43483
9990
91926
68626
49191
98999
17106
59287
34047
90643
12809
46081
60245
30647
6370
64286
3951
65748
69790
92063
40180
91716
6048
87778
51319
95034
98426
95413
97435
66169
18831
38020
6811
47764
10140
72221
40168
56633
86541
11703
97598
8691
39106
74088
27022
38697
73911
10620
97245
86761
71011
62572
80253
34441
14497
39035
74677
66391
23985
46214
61322
66289
6162
14352
53266
11872
46741
85695
26435
58905
34112
52475
77022
30552
23744
95696
17785
49344
77483
72767
54924
64300
87372
55644
21865
62344
15078
89997
49627
67269
87624
14365
86197
16448
5176
14560
39475
74684
78398
52751
42758
82310
89565
78380
77155
76195
40282
45541
96672
10032
23649
39402
87624
52778
16891
63382
67843
81692
5379
41081
8491
70656
19856
56624
45683
55180
1437
6567
65429
18710
15467
62250
31782
16156
98486
20057
30362
85959
94447
23699
67042
5664
49044
70222
18918
73589
54396
38155
49327
16229
21775
16826
89224
78072
91098
68148
11657
2547
61360
55053
92921
34972
72074
35899
94638
67907
16659
66598
84156
58066
34751
72956
57754
73726
7746
78575
84907
10428
68465
16988
78008
345
24176
27716
86784
60895
21657
74025
70707
72871
30956
76300
10206
5925
98942
25794
66412
5807
35293
52411
66341
82277
20985
39843
13639
63820
92229
31539
24327
93421
1013
38354
46833
94460
78699
27895
69525
7793
9082
5859
74431
49494
90545
99405
59452
56270
35218
34330
51847
1601
50196
84197
94148
44747
33994
92887
85135
93989
12624
93629
17725
88592
85475
85176
76388
94165
15909
53725
53511
96358
80640
97875
294
76139
49481
31467
93200
30
45684
98950
71028
27212
10798
73934
13308
49353
24024
93513
32070
38
91807
30748
66508
43096
51773
78752
66243
46163
22349
26714
55180
68374
16888
11431
78015
62722
18891
32682
82073
14732
29877
91389
65521
83667
79104
57601
89334
10296
58003
48393
44125
98140
70956
93235
45357
84385
74604
61827
94437
57428
26278
15946
54014
64118
79094
39573
85341
54462
61608
21376
87826
41740
90529
97193
9960
63621
69198
42868
43356
45662
70188
21324
43149
37928
53866
57435
64720
2225
25499
1683
98826
51196
8292
74156
29292
50341
73617
77463
42381
82309
40685
41220
79621
40889
44059
40516
11884
67283
99291
23696
37006
44463
26234
80619
84615
70825
86456
60883
80580
81939
22608
71350
99006
71659
67971
22461
21829
88692
4732
72750
19055
97902
67307
71447
58372
3546
83622
35627
75547
52135
28177
58497
85166
55649
34027
19570
10178
4632
50957
54311
62628
2768
16617
11387
32849
3060
45622
31921
70690
15890
12277
12858
2707
53950
30927
71018
87057
75351
91224
1909
19468
81589
68841
71339
86074
63580
47965
16935
46375
17106
22017
87468
64158
9777
72983
26657
67243
50183
66212
86806
71759
24009
85948
12663
9143
92322
41307
63499
23683
87516
51251
77811
19746
49194
16595
33942
14631
73588
59128
45264
74808
62260
90355
61801
48374
67673
75739
60417
35659
43758
65006
72295
17121
22616
90714
6297
67212
5493
28417
50968
24962
11158
48676
42800
63321
5035
98702
92066
35807
21555
58582
53563
83372
37730
51161
70894
571
10793
76805
6378
89979
67100
13083
13821
71424
65303
26309
15801
71608
62008
86258
62951
66703
66838
73744
43692
44034
3244
98577
45599
18601
98593
85380
97147
95
5226
97094
47921
1577
46979
65177
49906
80367
81987
76313
16384
96120
5010
95296
2524
14901
31294
42479
88188
33839
85624
65202
56844
3346
64263
71441
67713
77264
73960
47776
55484
79392
63335
6752
92880
4206
62295
62484
15431
99989
51945
4910
6235
54037
53428
36455
85755
9058
88678
15518
11569
71181
26527
98511
71800
10287
63201
79077
84684
20049
96244
58391
25387
54980
2939
53636
27960
19090
21573
93833
71771
17557
13005
18905
15508
49260
31307
58814
29216
61823
91477
63019
51445
65367
1196
92776
43440
67638
67245
33592
93017
99047
56207
5371
4607
90815
99096
59375
39086
3497
62484
32938
45470
12289
52266
78991
25675
29197
7851
71336
22876
90448
69009
9890
22943
87641
44090
90370
67050
25991
35636
48252
70281
59185
98156
76797
95404
6114
39965
99023
13119
81457
35518
72027
49546
1665
91071
89585
93992
16200
61662
12028
90755
18616
2181
51870
86997
75102
56697
94134
64937
23998
89328
81419
77015
32041
43652
11566
63619
73294
96423
58270
93599
3782
74100
8853
10702
88068
45694
93526
16531
75436
12126
19185
88663
14607
36290
44498
98783
50782
42430
61272
21615
4958
67637
5012
57093
50639
50499
30317
21867
2071
15037
62289
558
18300
32425
83020
26084
11255
72104
27458
2370
66779
2847
22743
88931
23950
69991
21368
41154
67687
68851
17817
70928
43529
21585
25142
95543
70136
87034
12027
84113
99770
16854
11384
38705
38025
23358
47947
7342
91833
46785
66496
28288
66776
10021
11659
4439
78379
29821
59363
48631
28125
52274
60557
68026
82627
23262
2745
94447
67463
78679
66795
36967
20766
88234
99309
19688
89727
63032
60350
98759
79908
65179
36206
34325
80196
10692
444
90610
54214
84830
92546
39057
59561
24793
93677
93647
60706
85684
43331
52928
46787
67406
40445
21853
27274
24969
36023
37935
61542
28597
42503
27950
39758
21112
96239
99342
80934
6703
95447
76540
60955
77992
83232
67292
23977
91464
8352
27028
73890
75161
57895
40264
20951
55125
99525
94291
62302
6639
79071
24312
325
49307
22448
23176
67707
55815
4873
7778
62193
94163
63112
18745
65698
56151
28841
64176
54594
54824
86488
37949
10855
64639
11875
33799
89449
60974
98023
82208
65881
48863
18426
24426
39313
42486
4000
87446
8597
35690
82434
33566
19344
25542
71223
75693
20263
76829
16739
81907
53784
81957
95999
72983
37884
92093
90926
2686
81287
79007
69225
60179
44921
67347
84365
66892
26720
30455
51849
89212
90930
73522
6095
96784
90286
23955
74258
46634
46210
34713
34020
43378
27240
89230
12344
62814
2063
31892
40746
90436
60422
755
43559
51651
73128
13154
69960
65215
1437
45657
12645
82331
83895
44301
50486
87428
12816
94534
39315
85218
26918
35460
94169
78234
20718
33315
77110
73825
82091
32659
57559
2758
40485
70962
82443
60049
62387
38240
39109
49479
51827
21239
88107
96334
69381
32922
21056
90715
7372
50690
81190
84626
40916
76018
52960
54401
78768
67569
62305
38224
5738
72765
99963
54206
4448
4133
21977
12011
42225
69782
50113
26465
8716
80083
30930
74338
15978
7950
44744
97787
19168
51266
98987
281
6616
56206
62820
56866
34116
40376
70782
57035
62604
89796
72888
55975
38949
14434
96478
5540
36392
56739
30175
26881
12991
34857
61380
60111
50680
8162
16695
8324
32907
5837
8646
73393
27530
12961
49756
20465
88858
60283
66272
13564
87882
15614
7084
37348
51735
71059
23842
53647
82657
55068
28004
22835
1620
86545
67173
85269
60392
83052
1329
57795
24427
97241
41501
79108
76760
67208
56292
73365
93785
28760
43907
60010
17343
33884
4782
44782
57797
24704
77894
70051
6865
11966
70235
68930
54714
96005
14194
28223
16755
85798
10287
39939
82207
13493
99948
65160
73011
82546
75410
90285
22911
90916
58541
49601
6890
81671
2400
69427
25034
48633
5005
11720
66551
45163
90265
65482
85892
93457
40483
21198
15876
83783
29534
12611
62171
68528
17228
37258
33872
72110
15098
16543
84994
69723
53900
19408
19571
8255
93364
37071
87176
72763
22933
60024
28283
26858
58308
73
88991
74756
49068
53312
28800
38757
60321
79637
13447
70495
34719
17168
18562
6350
38278
31731
12141
33424
42141
21791
13108
71783
73193
99712
58799
8738
93602
42521
16627
18698
30799
31194
73833
60349
41877
77554
17518
71621
11971
89456
5658
72811
16684
28530
41930
81862
39957
93862
1036
66705
13064
26819
8502
50312
46530
33738
64996
57070
34103
1683
75692
92334
44695
95104
49839
39417
74899
31141
90609
96145
85475
1358
43936
5083
81178
83306
90645
76410
80677
33074
15533
58627
63349
21445
76772
75548
28463
3772
39213
14819
95474
49106
64331
52773
63855
68933
59052
3108
26719
49137
53899
67645
71238
5664
96815
53086
94203
96058
2802
99790
1996
62473
9262
55709
5901
2571
70914
27046
73200
64304
30346
24704
79578
57756
79090
98910
31044
14908
10153
82010
90416
52487
96620
72296
27081
39840
45902
1227
56673
78524
87252
65655
13153
47707
49261
14503
35866
72848
54131
53261
5750
32206
73419
59322
6873
13689
26362
93918
61728
20102
65627
48274
50427
80838
67628
58610
39359
30087
12965
66604
92184
64742
65137
97589
33933
84574
47252
83769
85070
94803
69474
22311
3755
24779
91285
7700
81825
69012
29832
83282
54227
77097
2686
64303
72966
87129
69877
54485
48864
78244
76805
94203
69427
62501
70021
90813
35768
76029
95484
81516
10676
89604
10027
17150
17296
91542
70510
18451
52087
44579
50255
78292
20119
94740
16261
60076
20548
40028
21675
47011
71328
36000
86282
18311
50336
30957
54861
3876
89724
20358
59981
83461
30817
73822
70367
26746
88698
4759
17792
56617
34407
24782
75856
54003
75830
77508
36641
36654
24962
82494
10061
67873
5233
76567
66235
56245
10547
16629
33863
39046
38840
37576
57096
2762
3359
35905
35539
18233
37070
69400
3342
90585
6330
73706
60339
73007
22089
99687
21384
57189
46827
423
20480
44923
5558
54844
28336
22150
53246
61122
17008
82591
8262
8294
68106
55325
63392
70500
95250
11953
48391
59735
89747
39657
31188
98974
69290
7933
26135
34054
21062
19303
25388
34109
49260
79438
72425
6744
70703
538
85794
34074
8572
70121
89361
75353
84421
19256
66224
81547
34127
75737
82422
44623
64361
60398
90717
66225
27556
94949
47395
93909
7508
87331
21568
88934
64752
800
82913
62883
6366
39041
54879
98989
65161
94684
95421
34764
74388
20780
94948
87141
97204
66744
54377
19576
83350
15227
75173
12346
53152
60242
83093
49
63905
61473
74093
85708
17045
111
37455
55841
59903
86592
15952
35030
81444
81442
52762
96023
38131
79990
75484
53056
15584
42256
50780
1446
97097
11380
63090
23680
3923
1003
46396
68674
44653
60903
8991
35703
50285
53797
14143
95988
51262
85122
43118
25355
28296
83554
20754
22743
35372
4098
3672
30520
60735
55476
34285
95046
8854
7505
75539
93426
17664
22115
24252
86762
28509
56708
61969
54055
709
54320
83007
17936
39403
26997
17030
5153
33789
42073
64317
34691
41744
31280
45467
67222
81422
11051
72540
98618
71759
82830
85821
10298
21042
2026
21200
28979
99301
47236
41142
98862
73870
13746
27104
54851
90874
15400
33272
4347
54036
13790
47952
39111
64574
30047
29831
30797
48024
89415
70080
86946
59844
41662
52893
41598
70668
16777
45572
7161
48152
30965
11994
38914
72330
75771
51923
67825
93292
65346
47218
48680
46485
99079
36272
89254
51482
12045
31156
7158
50521
41417
93083
63186
5082
19021
22924
40411
2885
50214
72647
75471
76091
25475
66572
48233
36793
73811
58102
26272
51604
2343
92592
59852
65339
1075
71262
44746
34720
42419
94741
62904
30575
84918
47128
17318
1520
76324
60668
83897
77076
8456
99996
30623
46213
73170
92631
4531
35990
28374
3158
41419
58978
89121
34833
10467
80942
44522
11485
41221
50007
73994
14954
67535
8799
11063
90877
21329
6083
41251
45965
34296
78685
41557
88779
73842
10152
48857
62481
31428
82906
47829
51008
63273
25131
15360
56874
8860
31660
13389
68253
43611
39475
2112
43486
41774
74512
48601
61779
74519
11293
27880
19389
6469
99339
71354
80983
32390
85801
44057
73002
64243
39589
4798
28742
74435
27140
78691
31883
57788
72305
67872
72515
24957
16101
72616
41560
24280
8282
27907
72867
59796
99273
81361
23702
55373
81475
39282
98225
54761
55472
74656
73333
49319
32777
63347
93343
54157
40267
54359
50535
48176
90468
26740
55986
34855
46540
1219
96348
57113
84175
29562
21421
34112
5490
50579
58272
68226
55896
63026
50612
95081
10009
72193
16107
77446
85024
87367
55600
46338
43053
28338
46163
83072
6693
67240
43878
85640
28872
38271
29132
14368
17617
1160
35380
4033
13887
74271
96241
31399
1976
2321
54069
46834
96141
86128
82793
45562
3867
71489
89144
60842
66419
47070
44616
87629
36044
77985
54121
9392
47701
40584
10530
28711
45029
94787
61096
74724
41991
42002
89322
58854
61941
31491
65211
15665
84799
94779
71439
38908
58711
61626
61971
62846
21435
3439
9731
25666
689
61197
8001
10560
23366
39439
1677
70570
73051
14226
39403
67843
37455
88469
46163
23252
86451
17291
24320
24416
24322
10824
43
38099
4502
8391
54994
49758
64024
90847
7929
1725
84561
29331
85082
11560
56577
58428
38395
67822
40975
14193
74037
42381
41848
70993
10722
30433
88657
57630
53169
86722
78166
17371
95737
16345
28627
21375
61909
81271
2715
46863
68992
16502
39308
6188
38269
44536
80229
23724
23766
70200
203
35854
7592
19880
74205
65601
86137
60171
39487
80944
69344
28927
8500
12917
76456
81417
72683
57389
83012
65734
91515
20640
2885
79449
97250
99196
9876
16567
31160
23991
28326
76924
28433
61343
78916
78392
64052
873
82832
86834
97562
93664
14242
28218
253
51748
97100
93866
10521
58980
29785
23761
29567
28790
9935
89465
40148
80700
49180
2104
92090
28437
58092
35971
53782
18650
98717
27894
70051
31034
98959
90315
58295
40176
95017
24127
35155
46744
84517
27664
70655
8622
66764
85292
49002
55347
35076
74903
69184
46022
65292
86763
16854
49032
20027
5121
24086
73843
23873
83038
72295
17318
85215
85025
28279
53727
85735
7675
12205
86074
41579
65352
8787
29898
47074
72717
13378
96859
87975
98714
28827
79517
52144
9847
54540
95450
90294
47608
12638
48648
5306
65885
93966
90934
30327
45054
5012
7633
7986
51737
92199
70596
68674
54549
39760
30870
27299
38544
670
30931
44655
93343
53528
64094
45155
7856
37597
577
55685
33609
44330
88371
95921
61978
91363
86929
21383
67568
92103
71500
34748
66519
15250
57458
51112
66853
29810
87281
46984
45319
98657
42680
67587
1214
89409
65477
97592
7061
97538
52204
64322
94202
88376
44762
11172
80929
52692
61889
63727
47833
48306
78968
64535
67054
66206
79430
46147
62940
6268
32641
91464
72738
73338
34787
32368
3637
96197
779
25099
69065
42632
83427
61367
79490
77348
35312
53503
87040
64617
77486
78553
27922
24520
27372
41465
59467
76562
53157
62425
2250
62745
6763
27964
68477
14217
50347
74008
71593
41748
11019
26366
60440
19681
21534
65790
64163
41044
22584
97037
17912
70556
88586
57392
99298
58452
39983
65780
92318
32480
48066
77603
52789
81015
97366
56205
77581
30074
61848
86475
61417
1636
94941
77737
37390
72396
91337
63442
1655
43097
68370
62768
74366
35821
57231
91208
94114
22007
58950
47672
26169
76156
30581
53818
86894
39256
91473
64343
26984
34175
17674
82456
15253
68199
80657
95842
87819
88953
48692
61184
98480
10310
53659
57090
90808
11658
30786
50253
1425
86946
86261
54327
99692
69074
36587
26756
83692
74833
9309
37605
33630
44726
90614
42293
21478
66985
15018
72651
84103
48536
93633
66618
16692
30569
55982
52513
1907
89055
40150
2811
45643
27820
94891
99183
30667
36642
61396
23120
74245
48043
51652
92473
88698
55897
17767
84229
77837
12974
70361
32880
52721
37149
8601
44264
77842
82106
23867
36472
93110
72159
22226
98349
18467
2863
28331
90409
52234
39970
68704
32069
15545
72299
52655
92520
24184
55573
86726
32205
92846
23845
90689
87092
65587
2829
54117
62787
35555
27175
76043
26371
58711
84052
90526
54699
84721
71532
66100
98130
76243
49560
87955
86401
97079
20376
53124
79957
51826
20969
83513
97004
29699
42749
35035
10422
2463
72284
51095
92725
94100
96985
24616
37534
67618
24174
38762
82067
18126
18872
12549
73517
63194
73673
39544
65494
16244
20406
84769
56085
52371
91089
73249
22581
29639
95840
17997
84762
16484
94647
23397
26636
44729
49402
68132
80000
52441
54173
75432
2738
96819
96395
19018
10981
53401
24495
48099
60520
84995
22321
3127
76297
11065
75236
9819
94522
12176
44202
13663
93404
78599
55875
46909
60421
48223
20727
77808
25778
77625
76310
39065
36890
17857
93829
5627
81096
9945
24404
62667
42061
74123
9257
68202
51393
52276
30453
91951
9235
22326
89070
39163
89538
50990
22942
17972
58178
80
30914
16926
46252
83938
91782
8952
3031
33920
25273
52368
55639
39635
74527
84031
27907
7242
61206
32436
87645
35910
81281
99333
98433
74899
82012
3493
19750
42131
9386
92207
55638
68542
6382
84916
96834
80460
85574
90904
47750
76943
79608
2762
53668
22187
34110
42562
51950
64325
39513
67307
78547
23338
79878
98443
943
76104
12428
9827
52721
57847
36071
97377
29367
64275
78987
82087
80799
15903
3348
68408
50879
1751
50384
9110
62315
168
72980
57592
3287
57507
30727
19498
34054
92800
76886
52378
49770
84496
69865
27307
50065
45106
15215
5193
48811
9128
8186
84457
1268
11510
71968
47611
73015
74626
33729
84446
46134
55696
134
20930
67728
69317
10507
86666
83344
2862
92599
52490
33613
67510
30931
4002
40096
72824
19542
68405
33526
98144
6996
67008
60281
10972
98910
4561
67383
78722
19477
67688
47996
11532
33983
30746
82210
52194
41301
97601
15389
43730
13267
20330
33888
18095
11002
52527
81348
92101
20586
54335
20738
8898
27948
51457
39729
26337
98029
62409
97000
91214
58770
16331
386
61972
7380
67634
42144
79980
4861
17598
81202
96943
4295
11238
72882
76708
7390
18526
1263
70371
36713
98048
93194
47578
91353
78746
52810
57781
59888
73730
76466
67216
35168
71831
37745
22593
50902
7004
29228
90658
50942
8253
56197
59617
13191
88852
90254
41762
88358
10058
58390
88491
20506
30873
41999
73601
54453
76195
10950
52403
59433
78705
63443
73294
95138
86117
17532
35769
12425
62910
35399
65151
29853
28759
43182
3571
32694
27071
8686
53934
69958
59629
80473
82412
8282
58035
61690
11376
23814
98501
12013
96452
69350
365
62974
95356
20348
70197
40216
95145
46046
52021
12328
89667
12438
41443
97547
42355
16338
41564
51889
53526
17783
79467
64074
9014
65159
36693
13025
34815
39955
17881
22631
26499
9286
72153
90126
61853
55579
70620
6050
97774
54690
27802
67418
24951
82694
95467
53120
46213
4753
89565
45849
48347
99661
93580
18178
74759
21224
60199
9879
6746
75293
68723
21715
83087
85174
32844
917
71600
80412
32157
73332
39772
9634
84308
36323
21481
7916
60369
64633
2286
54008
40642
72638
79031
46791
25124
47647
56991
13697
36724
85276
52159
44742
2631
49769
99680
2149
74881
59137
57824
88156
18437
54276
18256
4604
99946
55207
89783
14162
31946
41355
69331
77818
77991
43569
34146
43138
50082
80400
50170
29710
19453
89243
67733
66324
52596
12078
48681
77285
57670
24195
24505
28616
9528
24039
62899
76447
42368
82198
26216
96905
17853
52457
24264
89678
1829
91148
68394
54413
23093
33549
48861
97998
13434
56391
5632
8716
88597
693
21112
6213
45069
30541
95709
81652
36681
57754
29782
10603
64579
89165
7633
1441
40067
92930
48078
68466
97415
58875
87452
25991
47985
53712
63309
9571
28087
12498
4617
62732
75793
3509
59670
62570
81822
80488
74289
87887
45571
12714
16717
48111
3284
36947
28711
91352
3855
34828
18695
19716
99464
6855
64795
97989
57596
93133
3211
83622
35641
94897
22497
23911
42889
97182
36656
97911
27950
57435
99619
58663
73883
11845
26400
81587
44064
41064
53092
61497
9185
41848
77654
28792
41538
97416
40349
99267
66610
69970
44712
39011
79105
86463
46634
43094
49250
46684
59453
29703
64301
45933
31290
5353
82525
16102
30814
75100
90243
18639
20770
46945
88943
62009
72305
14120
12878
6048
48947
56495
35837
89521
97074
65236
39848
93491
78138
20613
24082
27774
7008
78034
36483
78280
45936
7974
50184
13525
79815
62838
24231
58294
85881
756
21749
5955
5190
6980
67570
20756
71774
81555
71565
52801
27707
24696
48632
38149
96760
86606
19796
41112
33097
45941
65348
35255
64054
64652
78703
18229
367
49705
8191
55945
69150
75891
45342
70063
3200
96458
8863
47113
19530
95029
80017
49158
91774
28276
96853
78113
85175
53953
7315
93146
81020
62355
35886
95535
62986
51426
46192
40488
20636
66393
60429
82918
63670
41814
14875
27836
77785
98920
67586
71065
54467
37414
59490
58107
88179
46771
57892
66612
95145
30649
53689
57055
44021
77905
17432
19622
27292
1612
71154
31593
74239
40755
81370
15553
85477
37845
84947
14242
20676
8363
80539
49628
71462
46639
41982
31302
37497
38574
10834
21802
52620
59658
49575
28619
27763
61466
53336
66933
32788
80511
29610
17108
73665
52967
74752
51841
7623
56275
96126
54252
54853
86002
45571
82665
42120
87949
35270
47296
16475
79949
8318
19344
61682
9415
99588
43949
43901
21893
62584
35047
22972
91806
61407
691
15890
90711
85305
92100
81090
25938
22531
11893
29040
17752
5906
24765
96076
65964
21923
56751
41087
23780
73235
93789
73522
62487
33659
19960
72719
17136
77496
70815
20830
10180
48686
11303
97039
32922
80309
71859
81587
47354
85158
79538
54088
72135
68446
35434
67197
44219
79892
47348
22769
77998
48285
75278
55028
62103
406
45069
78312
9730
27460
28609
27502
83754
71780
25016
48147
51721
48473
57429
1407
28733
80549
98633
2602
99016
68284
35918
38601
27768
36169
61794
58327
63346
57732
17588
29915
73905
75597
85958
90680
92701
56891
70413
13667
40265
54929
73701
88552
19588
18216
16386
86419
85242
95389
30370
59415
3197
8410
96173
86154
26314
51258
3750
87026
59973
4781
57630
48243
50829
14771
16407
82224
43206
29169
42417
59889
41673
16777
54856
74211
72035
62506
37664
97099
4798
91644
51840
39946
47991
98817
53497
5713
97679
36679
84809
32830
64421
61048
13082
11869
62969
42506
90423
22594
1129
75060
11700
98163
68652
80594
60478
72616
28994
35956
47440
18625
2559
67992
93670
81174
12015
71658
9974
65906
67678
70248
47160
99960
22554
46442
37598
60827
80371
10157
16902
45218
26558
13151
67567
79063
38296
27698
99789
51172
30387
28845
82907
45887
6991
57063
40720
31693
87328
33037
64472
78230
22447
76285
6086
82231
82741
48352
39075
86084
96221
50010
19971
3893
118
3451
46555
11253
86209
74670
80050
73129
90798
83946
13323
79102
98703
57121
74387
7094
49528
56192
24300
54368
4373
76634
14082
84902
79432
51620
94213
8771
19530
7431
49016
46998
18772
29334
88402
38790
68718
6288
53556
80826
89485
59046
60784
35516
24965
55279
68815
20514
42939
33112
55947
93708
75979
2807
51026
24595
18052
44489
42456
88970
52772
21921
36761
1938
70295
34846
6830
67212
88927
98539
55844
81916
15385
10693
28395
16481
19070
5571
33336
15196
40051
64746
78887
38191
25103
93619
29013
21523
47032
66174
47474
71643
43921
61605
40102
74032
84798
79806
39388
67580
9306
97997
83522
85297
89994
30744
35801
43750
51093
3944
42207
76160
4596
79781
47815
35804
42029
36287
97911
55990
6332
92330
40680
91905
38758
54620
39809
95550
67560
34840
4208
36674
40242
76204
62547
49549
76505
14871
17761
5685
97657
66389
34626
5619
95856
62304
25398
63262
41538
27568
40649
68006
35061
20543
24152
28376
77200
40337
81941
55909
32054
69513
25067
64510
37542
78353
39416
32303
24118
60046
76216
45663
67697
54613
64974
61756
93192
93993
26852
46131
74936
38649
48286
5305
46931
86464
57254
19151
43990
25228
58693
76579
67188
99280
30191
77894
47987
91227
30466
77845
72822
51184
58043
36220
38904
22934
77852
33653
48551
6682
55257
47262
55528
36163
88095
6605
72029
25665
48496
60710
39617
52500
52821
12769
2881
17936
17630
70335
89690
33229
29625
31096
24142
79168
29428
10850
43726
1324
95512
3389
17080
51994
11686
35360
8409
86405
7934
31004
16925
32899
18831
59582
88569
13991
45189
16087
3670
69103
59478
48118
37442
41068
58457
20549
57359
25436
3419
56940
29419
98313
46220
48806
43830
91901
85568
53762
11356
96595
70721
73872
82789
45310
66203
78188
72120
69752
67799
55870
71771
90491
65805
12932
56059
48897
24900
15804
10141
75099
99214
31295
40756
89546
79555
19402
63547
7485
36515
79903
19105
69579
20541
9427
33114
49016
70528
35469
99320
90860
17455
8948
64708
79328
82816
92756
20137
98769
12028
55451
7520
58585
81100
54119
730
46043
24682
98445
1057
77922
59806
14821
94804
30451
91599
60432
52367
82257
64541
20077
726
59304
99797
26548
57893
76429
19985
44924
61944
52070
97584
18192
48503
75858
90872
22361
9496
30007
33637
24305
93975
24368
95236
33124
28272
67021
67069
92561
62392
28631
75882
42123
20761
20073
15124
64347
24409
63615
69115
8168
99700
90508
24308
68007
93523
30720
21061
74195
25591
19100
90236
1814
78832
20086
95838
2513
67
5458
19925
78880
7734
46621
70032
67098
5040
35370
57708
22626
91836
89634
21380
58183
13998
20755
55435
64434
65823
42891
98056
88060
42873
77734
55361
87230
86015
91521
41356
8568
60684
47024
53383
69077
82487
1668
16442
16388
75988
86765
68919
74578
29376
10520
24601
44686
76745
69691
33518
9903
9884
65358
85681
75763
89445
5888
29724
5177
19138
11447
43917
6771
38433
20907
14905
58354
35392
11452
57134
90773
34705
86086
97959
51648
40822
22100
2452
54655
92468
22845
53255
95436
20900
91436
32815
14001
76034
99262
69030
57918
40425
47812
10275
92150
60690
52441
91562
61712
2601
43503
91415
89408
14347
78320
31285
82296
63732
73769
7359
97365
70261
50142
32963
73226
89235
59167
13075
17205
51927
65877
83734
30144
25219
73282
58478
19036
23231
90001
47429
37545
55095
74043
88615
1334
8603
9328
4579
86770
74297
32785
69025
24937
25686
49037
14882
67736
78759
13509
69542
10312
48155
19980
71747
32849
36670
46676
45598
27337
8280
33354
50240
10105
28155
73384
24039
77838
31900
27328
69421
61492
47546
46112
55817
74560
87047
93677
31774
39953
94243
26077
29922
27937
86528
12622
72058
46156
47912
18466
64371
5261
38592
49868
76615
7849
47731
27149
83618
21014
91352
31308
91613
32489
35471
66110
6807
44385
82847
40713
92209
15977
13237
34282
14897
89861
74227
54183
74942
32988
31549
81797
48265
34096
41536
19601
88682
11594
59064
47829
64202
81066
42946
40592
64595
86658
95132
6850
36546
84662
56472
77118
32502
75532
64753
26158
11523
29567
29193
35989
38258
11311
28134
36788
19255
1084
26747
19801
88500
56601
19597
73730
62520
25428
78379
40157
33949
8270
34040
66772
5345
20714
43151
77093
27415
54645
71053
70333
20009
67715
42118
49187
32466
38929
37017
56393
12650
46669
56136
32364
34809
99917
96964
79185
37693
7706
74158
84802
47368
27216
22699
12473
17778
8338
16211
76595
97876
33372
39279
40555
28579
33220
4998
93880
96372
99621
11451
99184
31911
75964
178
30489
75506
1306
61606
96192
96590
33845
73433
61477
46260
79237
7112
2119
98956
35278
34526
76852
48449
3783
15050
85633
21636
16854
19627
48752
49514
33348
87621
19670
27654
32696
45026
49327
48864
29477
97834
68995
50722
65694
78538
27322
47573
97141
43810
30920
70134
54186
86815
95070
66428
53888
70713
38650
66407
82502
90299
60692
73251
53363
14115
3663
60622
6026
28918
95844
87542
40646
53395
36922
87990
45259
62697
41804
1714
76196
16716
5926
84865
86806
85273
67163
59901
73690
26293
97348
97650
98190
1746
70108
75846
42034
18835
93563
47152
13551
86769
10961
45141
46484
28576
96808
30752
20446
32095
6769
25541
21516
84739
16599
55017
10740
47704
62259
70481
44340
59340
90503
27622
88073
81196
70340
16512
89151
48009
12881
13712
5645
24578
42362
64867
78266
20199
40499
70479
14370
55417
25234
30076
42096
80652
38124
77802
64028
94006
56888
55503
90424
27453
11101
25846
84792
11935
89680
93819
60036
28234
19702
24833
73675
65988
9754
87550
65090
27044
65544
2409
15857
71760
11856
24791
85062
10679
51332
28225
11652
92728
50483
28185
48092
15174
74839
55856
45592
92848
96150
39369
5226
46061
33208
74955
83977
42958
29661
23575
30612
22256
12201
84839
26401
7972
61559
24632
3837
10124
25485
71335
50496
47896
61026
95136
79751
5436
41222
38048
28055
32285
47031
69574
90942
89581
64008
63819
16106
27762
54481
10889
58508
94049
77939
77512
63318
34297
1244
16707
99244
74327
86193
19548
78983
54289
86934
83918
85158
9568
51448
78156
98945
88860
25939
48868
70585
614
9984
73314
7484
50182
34497
24267
36964
75816
57111
94970
47587
59931
42375
5778
70965
6786
96840
2188
1184
9731
51621
94178
37976
21377
9776
98506
20130
27532
60817
28319
63218
77222
92780
61628
59351
77870
98664
56133
63138
27470
75781
81177
50746
74586
26480
44613
1613
40119
45638
44917
93505
93739
48915
74276
62499
17293
89329
76186
18582
88226
83903
1780
69994
91680
30857
29683
88938
64600
7820
92941
57990
99142
8326
90518
86290
62326
49486
73225
92950
31339
59148
87951
25380
83859
79619
96028
42758
98206
61534
22372
84361
89216
71727
9852
68943
78403
1673
41657
88642
43294
12945
84109
80433
39264
77700
92371
68478
22822
57683
41474
78587
49394
26332
58920
36962
64236
10026
56441
4838
95211
88436
87664
684
42036
54597
55319
83401
7845
92903
40417
6359
12271
22619
43108
28205
98156
32206
98637
64070
90691
15328
55072
82762
60177
21883
20766
28117
38355
32501
59331
39007
79658
46034
73195
39976
22683
56215
27646
13745
36377
17739
59126
12628
27229
60143
15023
18
22764
49241
53566
38229
25697
49709
45156
564
57805
61399
69443
58509
65837
47249
65118
29163
50769
88507
35379
99875
1830
69033
14258
64952
95776
27623
20698
74252
10603
73381
10307
30051
25869
34763
19384
1952
38589
54760
28716
43726
22552
46451
27817
58935
50876
90176
43307
82418
6024
40107
43757
26216
65513
81279
25153
70089
33516
25353
80826
90845
92162
21448
3902
30470
84620
94032
5461
94405
77030
2513
76723
72683
20046
47854
68795
95052
87422
23347
86899
14527
31756
21452
81349
34927
75721
54413
32988
91679
51836
58327
32439
60404
3237
5822
98057
89013
93169
89719
42349
30487
15979
84084
60517
79365
8149
31746
48850
48239
32691
25700
74151
77535
35628
62838
22829
22287
73170
8817
97631
90446
67021
50429
72958
64136
58928
10559
58785
15821
27710
950
19765
8351
97292
40540
73002
30460
17342
64608
7608
4581
61062
93525
18873
53995
59301
18600
49467
60621
96168
13254
52274
71442
620
41187
95955
85611
92345
85667
63988
28845
18505
18137
89530
74403
10278
54718
6950
55408
33091
14185
4574
340
86360
72637
45712
10756
72634
16702
80161
58783
37048
39128
51879
41138
56496
22853
94191
7977
12049
26411
84811
85144
35120
68891
42288
16285
84564
17517
91100
48475
62196
40544
60275
65019
35082
49037
51453
65314
8590
47969
10491
40805
24201
98222
44976
71820
58663
5882
96795
62000
43338
38866
71279
11167
63261
10733
78365
44099
85473
16758
1861
64851
4497
91999
66661
44452
86945
96658
7745
62789
98882
46008
26075
11911
68166
9814
5308
25296
99553
50105
53517
3265
37726
92967
88490
40499
36776
94295
64290
86686
47628
22356
56458
89673
72958
33597
76803
25791
43766
61990
59671
28952
62632
29768
35392
40593
18444
25337
28091
45180
48517
68515
26574
44686
96175
14887
99516
42864
48047
25485
98847
59632
78563
89221
66230
89819
54108
10431
67538
3142
5152
39477
24710
1421
64327
81474
10645
47708
63785
85120
45724
39813
30479
22454
2161
90466
8637
24200
38101
13460
44223
41449
56874
23645
97858
26201
22896
54132
26921
15390
97877
92018
16416
53068
34691
90549
98446
42978
57900
25882
83551
84101
17110
95383
73949
12086
64110
72188
75373
14260
52619
36534
76872
11916
11630
23863
66705
85627
77074
53616
67685
57443
59412
96023
52027
42586
45166
34963
75098
39320
20487
54047
40265
3779
73422
98750
74475
68110
66799
29233
2917
15620
37894
3107
97730
44936
10840
51655
75251
57275
21450
71594
40226
28890
92492
44298
53444
32144
9040
58129
93317
89698
3033
93733
86813
24989
12078
53800
65791
97307
96846
48892
27406
26360
3561
19225
90238
14661
79654
21163
49476
24455
41843
99814
49410
39727
15436
2976
66327
38158
58210
48551
57246
99777
71750
32147
11492
52414
36387
79782
60633
18794
34083
27289
74173
29404
35489
78137
85080
6820
96265
66781
97687
52292
23073
46648
39691
95045
69560
99444
13423
24546
23626
16029
51354
63143
50020
4146
27283
57365
61218
42988
13420
36340
43651
17698
20874
62494
56316
49193
33972
44046
53738
93069
70184
74891
1256
65159
20155
49238
50733
99647
60879
3699
87846
98707
55508
13100
79912
56369
72720
98059
71112
69588
20817
83747
6268
59376
74643
37302
93431
41144
26790
11261
88475
87407
763
17582
43463
48089
85947
95482
14628
92917
88788
90706
58886
52373
80570
27242
47363
2595
3152
36817
38169
47311
98227
92482
54098
13481
87109
53463
41120
72847
32278
81133
31664
17442
99301
37798
81523
44376
26107
29002
20758
93140
61742
31991
48221
90863
23743
68181
14500
28524
59162
1762
34786
91167
40638
52264
36106
49321
13445
79016
76597
6896
19797
7943
88644
94750
84165
21166
63999
64234
93862
90556
42845
93463
88569
46018
4486
5611
68526
41718
7119
97250
55157
31619
45813
8786
55820
66615
50630
4115
50834
7043
79896
9538
27567
1381
68181
90815
45213
8510
17435
90237
62591
51581
69496
8357
57281
76054
48920
19201
52307
83785
29287
30085
56338
50603
44643
75719
12292
53967
87768
63035
43031
20678
40192
25150
11427
47580
59834
88260
150
35735
6342
62856
93254
50925
71676
78838
35954
40214
6497
47726
26476
43442
37481
56572
93516
69109
66328
10348
2102
82677
35917
65341
33683
83281
12115
58405
10256
88445
4524
2489
17063
17803
23153
97725
44044
4867
23111
72679
98387
893
97642
86716
28106
13583
62953
6996
38086
28408
70205
39885
32212
16123
79924
81466
4103
28932
29706
29486
67478
67649
96328
24764
90142
90706
8120
57988
88351
45639
53936
81658
12651
88154
23500
25411
59933
49395
13421
13409
76373
54852
73725
98990
15499
45262
51778
25826
14155
43004
92946
26849
21642
23175
87126
46927
10277
11508
82142
9653
38701
22792
78811
94690
63431
36383
82367
10728
79711
77274
14622
52901
34082
83074
39274
44279
31737
90930
60137
19274
32364
49206
11370
91848
18087
16065
70171
64143
99554
97186
36431
30841
15093
78738
953
50914
33204
60208
77317
97799
45152
77508
40642
66313
46055
19805
79500
53707
33541
58480
33342
25327
57986
73045
44084
91525
32309
31290
12021
49752
11463
1232
69338
30328
85991
88483
33637
83664
25265
84085
50089
57630
77517
73679
78436
31280
16335
91876
5955
51293
90758
95328
63872
39384
36192
34268
94196
23028
91281
8704
87591
37102
50668
5087
27630
13166
56924
85254
17246
99788
30306
98170
73431
45716
54731
91148
62090
20393
65221
48822
27838
27438
37627
39073
89978
11642
49152
48596
85816
75950
16921
45911
79000
79256
24981
69201
62855
56906
82519
14253
93937
54272
4065
75156
25674
81489
56286
32820
37494
27331
14370
69837
9759
57931
24469
61576
74947
53028
58040
70057
56762
19961
77213
20618
33924
80605
1453
14397
83114
18302
96346
28839
2117
18410
6426
56613
45616
29811
56961
84256
68122
50931
24455
26900
26388
38579
64899
3178
77833
89650
88067
51114
42307
69611
41416
40398
16121
72867
91028
44388
89995
80387
58986
88571
34364
9562
72191
95937
85157
64257
45514
40921
68828
49053
70307
74763
63892
11762
9027
86938
25881
86172
92057
23155
95396
50132
25303
8970
25808
76243
74473
52440
32193
30053
88616
68311
41106
96971
81497
74275
9421
54593
36637
54039
78138
93573
43566
64820
27874
33362
26077
6495
84016
53374
9547
32011
60750
43076
21900
69588
47613
79409
18649
78027
13630
29493
15325
47989
97010
38052
28292
32643
19527
95724
67856
51858
58591
41490
19954
43731
39710
23369
30807
94322
80519
90943
97252
47604
3341
76779
70649
73764
62422
29623
24444
42295
98507
96054
20971
21372
28336
20010
18658
5764
21652
28725
51123
81736
99188
45006
48982
1504
42358
27389
88002
2886
38459
54532
49591
66235
96323
83231
74800
53942
39110
86882
38153
16565
9667
10736
47907
5781
10470
48003
72778
61857
32559
80154
644
14774
65588
78440
9813
2996
25849
4335
49506
52354
67909
64691
98984
3251
22519
59457
18712
45970
40905
97355
99960
54341
85583
75924
63275
27867
13711
37608
84933
31542
76006
23405
13606
9505
96582
29486
70142
7502
51240
82752
25236
61095
11556
3225
9389
10466
12984
52211
10467
28334
29888
41678
33489
56290
43995
67773
87145
29926
47680
136
36595
1882
50205
79048
29920
59834
20222
62436
34781
22197
69144
61120
91309
15209
69344
30327
58640
91430
7763
44916
42474
89428
7688
91336
94374
58476
85096
63395
43825
79542
72203
86939
58807
67267
21741
24612
18731
82515
41177
40352
97324
22101
62043
75779
16204
29526
8713
76051
41899
93390
50007
79704
12917
21805
47818
59462
14868
24086
71297
2062
80080
47857
46616
10563
49435
86693
282
39175
61106
81586
77124
41506
54235
95232
60533
26834
89359
20843
6775
6462
92577
88582
97581
65533
40827
77623
73034
45713
29133
1993
12118
76012
17229
37160
14869
22984
34748
71117
68852
92281
89651
95858
83535
6386
21524
1933
66966
39415
43097
5247
34821
30847
6387
1752
50218
206
56519
1118
99451
32021
26661
88155
23109
72927
34121
24361
49805
84833
21890
49287
1036
18458
4780
41849
15349
51522
15131
91181
4726
27096
59122
12348
34910
5247
35221
5447
49336
23074
90286
89261
93386
1276
19828
65849
62575
55929
14974
6200
28984
20755
95223
15977
60561
32799
67333
49347
59061
70896
54447
2987
671
8827
25190
52612
5184
77227
90582
32003
82046
40350
52830
35360
48183
45504
77623
77526
89141
65228
63130
35758
31545
54046
30374
44269
97873
6943
37288
49550
59106
8003
13268
19498
24186
1324
90786
73574
11466
32600
88593
62415
8654
162
4184
50456
57560
45876
97188
27121
75363
68228
47725
89710
56607
4071
31014
16407
29879
3494
91501
33609
6923
95502
99162
32105
53304
16481
19486
68797
53378
77915
65415
5941
47080
25936
34938
56329
53471
84358
71893
34945
44384
53174
73607
1549
73261
40651
96960
37072
61254
41401
43827
22667
67183
71430
21269
53677
54332
47783
4081
73887
59111
13790
30027
82411
12517
36141
78215
69052
99406
83297
78583
20598
22314
70886
5377
25617
12968
88297
739
13937
63881
23706
56031
84854
94591
82790
60848
30273
64904
45547
23306
15850
41143
5882
17424
39187
82975
77906
30728
57986
15106
21925
34140
17057
2043
52243
98406
9985
62674
53498
33081
65550
63484
9079
23935
20022
38168
24716
74358
2091
61933
83570
80047
83098
85433
47097
90980
30236
76129
5534
4199
53570
88185
68382
54014
71327
11849
46982
60538
27795
59964
46757
14817
25033
6048
244
99796
44039
27166
44098
39738
61930
12831
65158
70468
82776
67311
91965
90490
74390
89551
30264
26369
98730
64963
32867
26930
9490
37774
39064
43512
61876
61587
24824
77148
20816
8852
51874
11399
99560
77816
14098
45579
7999
54644
65444
92296
42933
89313
61257
75922
91361
74489
96835
56612
9465
71755
4808
60503
74599
69150
18888
80452
83164
15794
34699
70145
2270
50467
6595
98399
40283
60119
69770
40621
15795
17663
19342
27206
58602
55997
21835
75257
14488
71041
65626
39966
26127
77828
4795
90697
85595
61600
33340
32571
97233
61326
44742
70319
25081
9512
11867
27830
65162
79780
5648
90023
8422
84255
76862
91426
15270
43977
30193
58446
94752
52004
77705
50699
29362
72650
22037
1882
28298
79104
15052
12832
27811
98737
68514
27646
28448
27997
27803
61954
1079
52865
36244
1445
20233
79913
42938
23967
32096
89114
4670
68634
25925
80753
19298
57180
72077
71057
2479
66702
83924
98492
96604
31601
67569
51018
794
99795
85735
28397
79762
24297
28849
51331
20261
50578
16287
40425
63340
74563
83051
82325
74448
32002
86743
84495
98033
85409
52952
81761
53161
55565
33070
56009
55868
25774
77402
43936
69502
57170
90731
57416
49659
7370
92161
10523
79921
77294
82181
32664
55730
26127
2145
5296
10480
85786
52604
82509
97212
53080
13787
99339
21227
18671
64555
21078
14314
78230
75435
57696
68250
91006
71896
29674
78452
45751
34145
27961
56019
47981
77234
36310
38319
9736
64132
37633
27504
50468
99439
85491
25272
97849
56383
12400
82953
71151
42858
88835
7967
9389
17449
61539
99404
68487
73406
31014
99087
93719
78628
61871
81154
10004
4720
68763
32492
8895
23310
97877
82227
42104
50235
81061
87950
74039
92863
64107
31226
56262
21948
28941
60625
57595
48033
90624
67472
64943
40111
77087
48880
37906
15624
27199
51796
92307
1770
37779
64908
32872
99053
41894
51662
6163
81255
6082
70272
71243
51175
42738
60431
41924
74704
30562
31019
92041
56834
1993
63717
54312
38269
89189
33847
47976
73123
10401
58623
32505
23095
25164
65353
67509
68795
50021
50435
52660
78719
5730
10238
57271
66620
52547
8300
62828
99994
10101
29072
36298
14155
60188
39703
96115
44509
50180
84873
13808
52403
72867
44147
23838
4261
1333
91190
59958
53885
69664
59264
39945
68499
11156
63421
22538
38205
13717
31585
76371
42542
43766
21412
58503
50036
8676
41660
30550
43820
21228
89556
4791
54384
74839
50167
56745
66016
48281
99300
80656
17194
13883
23130
61867
89162
58379
24603
82610
2647
55458
91260
21305
98027
48792
16779
5284
88035
85805
24894
85710
99334
87083
83586
98394
21505
32622
4540
96312
19609
59797
50975
32149
95377
73666
51292
85160
99854
78063
44452
89629
49054
81
43015
14998
87867
57669
99739
31445
5714
68598
31323
64578
31799
23449
73269
3111
5610
59719
10070
19571
59788
21875
98563
6159
4203
3659
5488
12035
49950
98857
77395
78007
73168
63559
16493
75896
95789
63000
8551
16119
98224
37490
12201
75425
19784
64886
85066
78044
5296
69060
35475
30143
55676
7485
85184
66558
94916
88574
53357
13494
23862
73049
77822
14445
65464
16758
20699
47023
64682
96203
30282
26169
10652
15225
2192
90452
77817
75164
87197
22419
46003
66242
44987
57166
87954
78270
19189
85979
30225
90723
15872
24551
7767
80393
21578
29726
4785
96871
87946
83762
12315
10506
86859
71393
27611
59332
72802
43260
67628
30230
21912
67730
94113
23682
27361
25363
62055
39831
17512
53478
78567
58697
46787
22699
11912
61240
78721
29347
99503
47373
6306
18956
78985
98686
45392
75456
32693
15859
50750
3848
21906
40650
78725
61166
30009
63499
74998
54563
52798
37722
85837
84242
77491
5262
67785
59349
32613
71383
61632
86187
58943
93248
421
59053
92511
94172
90681
49426
28458
77471
61605
78797
75728
1442
2754
37937
4920
13554
75759
24046
26999
30758
83547
39685
47541
51517
47964
35780
29865
17000
82240
86331
44943
96067
93067
4755
83402
31993
8325
87881
41617
3259
47594
61391
72898
30915
29293
2339
19462
54154
59147
66812
90916
91394
29680
87703
25806
98053
68289
23585
71605
89041
97097
63632
88403
90022
84863
29528
71639
84724
80171
14756
76752
3708
96043
16459
36038
68564
35614
98020
37463
84986
90550
61394
99973
6770
14699
86890
96485
49505
68761
32879
68893
58901
94709
21353
76595
31738
956
62277
53886
86021
51297
98096
27840
40270
25395
30941
96522
5276
88990
13260
35704
65697
46978
47829
37479
43669
84042
40178
40421
78129
40434
11264
36525
88650
5698
83532
35932
88054
28497
18961
20146
84871
90535
42602
81654
15428
49748
61824
50201
3545
33901
54680
40488
22411
8448
44100
93908
59397
74403
9330
12856
61118
73937
19119
60040
53114
24475
63879
16254
78516
42583
27370
53499
41360
14284
64044
91261
49008
82195
26341
19381
97065
4801
54223
20462
67069
545
72468
36429
11439
26861
96896
47380
15213
14268
79396
64582
52307
88690
97416
84914
93611
84275
7282
54128
49644
77494
28577
64026
55352
43974
19423
18568
21827
48800
64363
84471
96921
27696
6759
69749
62088
43064
89340
27016
52365
85137
85735
75065
73341
60694
14084
86220
8035
10093
89049
92933
38134
83868
40732
6569
50309
86741
40474
6920
91518
11755
32316
52508
12272
28548
88275
21836
96202
78205
5908
45406
66699
44294
54098
65526
67171
33371
40278
65948
65609
81267
91107
79588
88654
81536
11992
55531
69139
33464
91849
88448
20692
32576
61093
65230
52459
57047
37569
80415
20365
1777
65360
4835
65596
36157
17299
90243
54098
85746
97502
94154
23820
70850
33334
94960
76749
80269
55356
78282
24626
63209
88680
30476
7677
72309
91680
16532
45076
87927
36094
89841
81149
77748
61856
41809
81192
35985
45044
80274
9018
21178
2925
82744
48012
91016
13551
62483
70741
24531
19556
47036
26733
20794
90648
39881
67920
4306
63345
65294
876
49416
3080
27717
48875
16523
50498
72705
64766
10149
50279
46664
70024
51114
70602
38742
10310
60173
67069
80754
92904
46076
13062
67131
28062
25382
57882
85311
97296
39587
33561
36719
75949
5902
36958
39111
22307
54564
998
27306
3101
23372
89604
42944
75975
16484
97966
452
77595
59317
93156
62555
59751
73926
41733
34419
94130
85078
87950
44125
40181
24253
76469
23589
9810
86032
96565
17248
58583
6171
59466
38459
22428
32579
98354
26451
46892
11008
29975
68441
63755
3845
42935
41665
97285
51952
59985
6350
69971
31497
97588
25618
99324
85300
65505
23241
51569
58186
28059
2369
1710
75223
2130
33179
60586
28755
44622
73711
28586
90197
14653
27766
92601
21098
93932
65903
21919
34095
34989
35774
23881
17625
85214
83298
32167
68101
91471
72093
75075
6904
41020
48881
80939
92753
47895
77834
44830
58957
89152
2153
69955
44465
3471
37831
26241
12517
69139
88264
29074
73285
504
94066
97626
64816
42249
74362
39143
12530
24421
21433
53477
89307
93610
12899
18183
27367
55468
24816
91771
19799
7025
18353
43585
6748
72846
14187
5581
91481
84530
50170
78169
78685
39820
75090
54227
3952
71065
20747
38623
16211
56589
98018
32848
17243
41714
1419
61454
87482
45313
12605
56959
5667
41958
23477
77537
4687
75820
51916
37832
22190
53535
95094
56
24836
79246
5977
8329
43767
69033
41896
22618
87602
54473
45705
65555
69409
88762
7669
87300
73335
62012
51962
87193
89872
33658
34938
25119
33586
24759
85654
38165
43863
93105
76210
85908
63180
22554
38822
16411
2119
1495
1752
44100
59966
20589
76635
92996
38378
77896
6891
46466
82142
26669
36425
61486
64675
46146
41623
73845
78372
66227
73963
41713
52228
57467
48436
49598
23744
44542
17097
51516
23537
83164
26289
18331
5742
83219
35432
64463
46305
5763
27357
6828
38066
7300
55491
57406
46466
74548
77531
80571
25067
75862
23791
94999
20767
74254
4644
54758
22376
74294
96725
41143
13473
37194
81993
5661
22138
73760
36733
7419
91031
62128
86979
16867
43655
55652
98688
34223
79849
93092
41397
85250
95581
38386
88189
53575
60627
30892
97511
44538
63067
84005
57142
96002
17116
19267
70592
32133
75835
10542
18333
41920
45740
38518
63054
72760
88997
40676
33832
27326
50154
65927
59393
16958
45798
50247
29348
93805
27113
57382
5303
92681
13754
23895
23415
53539
84030
8635
10408
9163
78863
52084
71011
50749
84552
49452
50268
67989
23711
90754
47719
5029
24026
76320
7504
33606
3192
22318
74547
7006
28682
53786
91484
13321
25166
6968
50094
69548
40091
15546
82310
12264
49140
4352
55280
66732
94212
3825
17351
37594
4091
51727
37250
33877
12345
21848
85024
67269
5777
79461
42649
4915
26080
35789
64427
42743
75675
11690
20227
45329
63347
10627
78830
72574
53247
59429
85602
57444
44480
30902
60547
61723
80100
61116
56896
24550
29653
8993
97413
59245
43430
94268
98776
39103
1331
87970
6425
77136
60222
66598
27657
85549
53108
90508
42109
7373
1170
60949
43429
35332
59098
91951
27291
98072
74391
45807
923
14163
45867
29983
76637
10575
28562
87149
60271
53093
1413
38570
24220
65618
6990
13259
50298
49580
67880
80994
3762
81935
81939
31376
79250
26231
50304
5782
61793
55421
34994
12286
7065
8395
65540
36745
13248
9919
85105
97374
73798
8451
24182
58552
7358
81249
31872
85154
59862
65373
75826
43674
94748
41595
26927
7359
86692
86961
48899
98528
98234
59601
761
41931
73016
43843
12474
53294
54381
41818
83904
78148
67346
62797
85999
61925
56372
62793
92186
45800
18240
67910
20394
95266
70129
3696
53095
59471
57383
77958
47589
94859
37461
96096
22809
19299
57840
11959
4788
84192
65853
62351
27476
19615
26087
58370
84154
30917
15713
24220
85999
56910
49625
5254
37715
28240
82
32196
27420
5478
98114
42359
33915
16394
49535
94061
4067
45166
72755
90358
3489
74062
20636
92642
66046
70032
82576
3531
68784
87299
44747
76813
68314
99483
44512
62006
64822
37185
91125
92327
67539
37559
54282
47401
76352
57754
61019
51071
69412
33342
89677
90086
85572
79482
83120
92150
96740
66596
41588
71718
95246
27017
51167
89131
86428
63132
18918
23507
88310
26456
81639
64853
21078
5269
35992
84634
90332
21896
29204
54839
55986
28249
52143
68743
25247
88743
55620
73202
4182
21907
23794
1413
24303
9829
40496
73201
34686
30627
36957
34539
3315
21831
33034
41109
97488
85946
6668
49140
7226
89452
50662
49149
61258
93128
17059
40188
16073
53513
70773
81921
6878
91157
17216
56916
86809
63755
64725
31921
43845
45414
88053
6141
79236
24609
35106
26232
30215
25045
51816
4127
46365
55683
87308
24759
72912
47346
4610
96779
47913
53430
88570
14044
43576
83697
66543
94828
226
18696
29016
11783
8256
68566
20407
18031
87697
89613
31447
25802
85186
30770
26301
17942
24814
122
23462
65168
46012
56971
67775
99296
44608
89683
12036
52702
25663
66162
62351
73112
7636
80826
85531
86607
43591
7794
33464
56632
63289
57106
35759
81430
98143
46496
32661
56644
42851
61473
94443
76451
25689
11103
65895
25297
81709
24341
59513
27939
54778
83308
5809
84924
64218
16962
30786
79308
57162
59972
54709
4858
23494
47103
64531
67936
73386
39690
33257
8629
25206
79221
12033
61596
42645
22123
17640
72450
97985
74238
40161
43132
93629
54913
85651
33950
79871
24696
47488
72902
93912
62999
67805
87398
89258
51580
52534
71935
31387
39949
7780
33681
89788
33004
4799
69798
65948
59787
72851
41176
13256
42319
30118
15034
13595
66991
44936
54726
48833
43402
54747
47180
17237
16799
54536
17590
90341
2175
23615
27797
25391
86590
61442
89003
70088
1035
79509
79806
47848
84961
98218
88312
64280
3086
98744
69588
48747
72443
61670
8826
51682
4532
1868
79506
32984
57786
8060
2311
7514
69497
67760
44919
75309
13800
67906
6778
4492
67565
59011
31542
1311
43091
3623
86231
16686
27400
75977
87404
89027
90277
96943
32775
1988
38012
78552
45771
28739
29259
18683
89354
70389
95988
65075
17054
8496
78950
10724
79580
92365
83224
72779
13654
20353
75436
1964
81168
40179
15675
43358
23302
73340
29651
52527
52310
18997
33200
84744
74247
43773
6460
63183
14716
94579
59263
85012
77280
60816
70227
87680
24780
90959
60216
63399
94867
45993
24860
8466
28650
42024
68214
59280
44213
32475
50304
28415
91866
96805
64413
62923
1611
97926
13991
71223
45848
61191
21155
44788
30113
47162
47724
59554
76290
29031
69303
16626
60663
98430
95211
29875
34269
41533
62426
18072
18934
48458
5315
49093
19759
36114
31628
81513
38026
69158
49098
42817
82386
9708
88063
2715
36093
60206
23240
88746
9831
2149
83866
67972
10692
96946
44121
68189
96027
73323
45330
93612
97115
26340
24453
84813
89416
19613
32196
27465
21514
28795
28789
78403
59904
85932
4340
14770
78407
65037
84866
93425
24475
30746
89461
42873
14564
36439
10565
47766
80579
97787
68928
52683
82791
54494
62600
12866
88856
24982
63850
60488
5263
57241
32517
48518
65190
94946
83337
71504
42869
21145
26210
60391
76147
24664
79200
59194
64864
1701
93313
97936
83197
23457
38819
40064
51845
55818
2944
45257
41514
93768
29028
64745
41123
60213
24697
46794
36509
64576
20072
86718
56587
37283
85267
38061
53069
15457
4086
13814
95187
85833
31086
13671
26515
40398
99624
58481
57917
99919
67387
92160
68628
46455
94323
75247
76863
12570
87399
50337
47327
17184
50922
19684
91849
56137
8021
91462
55924
70035
6486
5115
72015
31855
38186
22976
4047
8914
40587
84931
75020
47671
13035
34056
82720
39796
7903
53947
91880
27052
41136
1742
9605
20164
81454
83938
94322
81115
83482
45844
76015
96408
86066
73467
22756
53239
1415
52183
2373
10660
15773
50924
60773
61634
36851
51448
65284
59428
68540
26311
40066
51673
94408
62115
49877
591
46867
19987
55962
62559
69834
19374
59974
1363
85108
34397
56902
25481
83271
96825
70198
37107
75330
58838
31401
64905
93929
25508
28954
33129
35963
10184
31978
63950
62424
94062
88071
26451
37591
27279
45814
80583
85139
44673
36940
81277
37235
61113
71122
21084
18658
11016
91963
15377
57541
94307
64172
43095
36744
94018
26247
28967
64519
73089
81213
28147
61188
94315
81204
3362
21093
16688
57909
83865
84924
14804
22486
61340
83247
21270
15980
62131
42486
78508
21447
55590
57068
31341
8631
67777
83079
44661
86284
2022
77968
13329
95790
23840
49801
20550
20306
54990
86504
19459
17964
17047
93739
98174
39692
86235
71678
67056
90523
17932
97478
59374
57652
32036
18763
19641
98439
25220
34177
56488
20831
33993
70769
29577
62214
93199
77963
75292
14949
94636
36942
66152
78407
90396
7538
43418
52911
47537
71748
79034
95067
85315
2054
18003
84266
74540
52455
67180
46950
34834
89960
50755
99803
83478
27649
61128
64684
18178
96744
24987
62070
39601
86214
2808
71631
5348
67758
73607
91753
51433
4902
56810
74320
72273
19049
1079
36743
12513
72724
88397
14115
74175
72341
44308
37733
48271
79084
80252
98722
10857
93892
44651
22041
16742
4164
55431
81177
61104
1088
24830
4821
24509
86437
82539
77862
31845
94401
28243
80532
32909
22016
18782
63778
33676
87108
73303
43134
25456
61599
74317
75780
30888
55946
67695
27194
73684
95131
58838
26063
98434
90369
79793
87855
47286
18589
99759
67412
14397
20796
78250
91971
7771
99696
49024
62455
86716
39931
66279
83592
55903
17619
34916
60985
93736
7663
75428
66868
9666
19777
63970
20099
6505
28397
54422
74602
6195
47840
38150
66681
73445
48996
73927
982
50969
60196
36861
67535
33247
31798
93722
58029
67763
67850
75756
93842
79246
33562
91350
637
90863
12145
78175
82374
87404
98934
61595
9849
57413
39049
14337
5901
44281
87966
8756
63272
80607
77623
38428
93792
16326
59246
99017
88411
82883
92707
46350
65364
46122
33602
41690
34728
11974
35988
87004
90622
31721
68527
59203
15774
26445
54032
80376
88769
71260
8437
17324
37728
69501
89087
87577
28481
57921
18481
57432
84691
50561
83683
63343
54637
75507
55869
10521
20239
75977
80582
5751
91043
80376
16470
21630
60081
1255
77226
17013
31388
69583
74230
43667
55510
81683
73771
63226
11611
31918
7707
66748
32931
45410
70242
74183
95685
16204
34762
82993
21333
50377
44561
9695
1207
36939
82995
35791
7517
42256
84540
93013
69075
47180
83651
19460
28548
97530
50561
74744
85809
543
21567
74637
55999
41246
37517
47093
12262
55688
99426
63742
87771
74488
28737
9019
50162
67553
59859
68666
15742
94266
77922
80148
48667
99954
22569
27796
90420
62659
67842
40020
42612
63804
42099
2471
66318
26205
87880
34426
38300
65914
57414
57579
58438
97484
16811
39410
53260
12606
65594
39796
31804
50843
43312
29488
39405
63796
33424
69555
54960
43788
69337
33915
81348
78870
53323
90537
55184
34152
86000
34012
78853
59947
2757
78422
29188
40781
40004
4137
91957
14682
50420
92618
15366
79332
59765
77052
45995
80826
60268
76237
52051
32813
36273
3382
33016
6717
67898
36995
92648
99975
99632
20670
76312
82013
17841
44106
74146
12378
90490
55775
27014
12675
52454
65790
77324
15219
66891
40817
12731
57399
91596
79561
20685
30555
77909
97983
44289
31508
35885
67126
83484
4054
61208
24536
33500
66223
72317
20401
88333
97317
8488
22939
27038
9249
57316
8329
72887
34047
94114
48132
92651
46014
75721
18701
78060
76452
9374
34359
73548
82834
88698
27653
36253
74040
54188
35557
65977
60607
11642
10081
73136
37051
52011
66604
49414
50628
132
26196
5971
97544
60096
81927
75713
42413
26628
27109
75452
51475
47412
37972
67770
9595
23231
47430
84177
54231
30887
69780
81639
50151
25383
53510
1059
67469
77481
73956
95774
86048
20703
89682
28105
14211
7887
32461
95037
62630
48310
66857
38959
52033
30421
27680
4859
86135
73997
35012
47381
2373
31641
56324
68003
60428
20879
36048
96558
37060
64070
13208
96580
93080
37439
79189
87989
84282
37279
25664
52631
7975
30395
20488
6764
1723
69717
96410
44931
38241
99006
15058
86990
27960
53071
73638
85060
54388
18015
47627
88355
18819
53742
15977
84317
30885
60589
63054
78404
84855
15141
48084
74352
75718
32170
60284
69015
2238
43621
85106
41054
42934
46585
30374
44710
69674
38468
7746
52668
44780
79654
53649
80728
23612
10662
83148
46924
87373
89876
53914
33920
82413
23010
30187
69495
11765
44487
83833
26748
401
5896
49415
18459
10162
75334
93031
99111
37744
67867
16935
47626
266
52410
24895
35920
33969
5147
22847
40752
74182
40912
38391
98923
22964
83262
17765
77058
97664
11189
10172
55010
68799
95038
59132
7618
26026
51291
72437
60045
88575
39609
72771
83379
71038
69225
89693
95927
65407
83259
8625
41809
63786
31598
72985
15054
1035
85518
94209
70989
92726
94670
63015
46802
49602
80284
78753
48244
33904
6221
72243
68879
43480
61217
78961
64515
67406
72651
59800
80956
37018
39526
76336
50747
1058
87256
33020
99463
77643
79330
4598
83905
8932
79441
37467
8716
71280
48245
15921
57680
85391
88428
82564
49057
59285
2338
7801
87739
67600
73878
32920
33265
3268
43827
31969
48422
21862
28736
321
2992
45206
97784
33798
34772
28322
9797
40849
17155
75010
97151
54946
26685
28338
28620
69967
98850
46038
81651
71193
97607
1488
55490
43764
12211
26332
1342
38678
55172
20069
2523
88793
26464
47092
32608
56870
91377
78126
94966
10947
83899
29230
69489
19806
9109
95060
26599
67353
96838
54269
61812
68751
61065
12678
80388
64256
81717
95118
77237
10150
54924
8624
4072
25009
27267
27672
56224
49535
77853
16755
6384
33315
52586
41065
94521
78493
59019
98011
23199
33250
94994
69642
74915
37014
63763
99038
16203
25811
28853
24974
4439
17889
26031
77865
29498
81978
29995
41949
42419
84553
1726
34797
76719
18111
15932
50759
86912
66527
8
28171
42443
35041
26981
51570
96936
28483
56568
58515
36937
44495
15053
77648
61286
52085
15046
26154
43084
95259
35902
9886
12722
10726
36429
21316
40398
27025
66511
89888
93670
20239
47428
21440
36639
69740
13310
23498
70827
65096
26568
54453
74928
22363
48512
85598
68584
16958
69388
52012
72826
10604
43780
27161
43068
39384
44082
91946
61627
85799
62729
56762
17774
95650
91978
22521
49804
15332
57179
59263
25873
14086
65953
47956
71205
53389
1841
14257
10144
41088
81081
47454
8753
39405
24815
82442
60863
63167
82019
23628
92059
59139
27690
86387
75586
54216
63627
69569
61138
70249
26156
84700
37737
96136
88967
52601
90895
9155
95858
12353
83448
25826
28478
61395
2583
4424
86471
90405
80916
20610
36156
45198
83451
86074
985
96264
74822
70232
47554
52675
42268
88345
79262
35879
64821
92801
75156
50449
12342
57201
23478
80910
45250
12057
83083
82706
87232
57205
93700
2774
2110
79216
64867
77054
48284
2561
30337
9711
62054
4802
92894
33440
94209
31213
68065
21262
29469
61719
82306
92238
48669
16761
7191
62019
28144
56815
3920
7543
69824
62718
7015
98808
29566
91839
35440
32810
81691
91686
12374
16574
60772
21251
2812
96104
72769
60473
82674
11854
95317
55563
43728
15544
81881
43619
12082
4565
11912
81357
38592
74464
57881
8329
56379
79585
13960
78247
303
38800
83327
258
90288
44705
78612
76311
21873
42577
36906
4337
79751
86375
29262
8191
70640
39999
37930
70888
63381
30496
65123
1519
43317
74911
93689
85565
2604
23858
87368
31474
61260
68118
41469
76274
62460
72580
99353
53973
81165
74563
79742
55836
1093
65712
83537
19090
82200
86808
96091
9206
50880
11885
4047
64545
59349
96954
21147
46648
41292
13592
81753
93284
16650
57474
16000
98362
71204
2320
29705
27993
77856
27235
9263
32901
19238
88489
84018
67530
69975
36031
45832
92972
73725
20606
14934
65026
25583
34578
81081
97771
99565
78279
2503
32060
73542
74133
63549
88554
36181
91032
72705
87404
27517
31138
13235
26045
43211
29792
84242
63682
60381
65504
68848
16795
9628
87206
27593
26883
15074
74108
66609
89922
98509
46161
51831
24844
71927
70931
221
44469
43999
87394
50351
12499
41297
1934
61727
78803
10788
20579
17466
59224
93382
69396
92853
80265
71684
28897
27370
98464
18284
9928
50105
52556
40519
32185
94157
85405
96455
14947
50633
32330
56578
81043
41055
76471
38004
12867
46356
49039
8071
24855
24651
82695
85376
54659
95615
39865
62046
66251
78891
57960
48632
91469
37959
77914
34788
36073
37204
56688
65863
92447
38487
82906
41957
71338
84230
31928
37821
99453
11999
29725
53743
1600
45788
30607
80518
98282
20160
62022
78779
44258
21378
56258
40242
56407
2418
63388
99647
25438
93139
15886
49013
79240
44669
57210
85439
80638
11287
38999
10894
22168
98794
84230
66831
51788
24112
461
56182
8097
66544
91027
93464
53512
33448
28123
75680
45874
51564
8223
36294
42493
96749
50146
19226
52388
24051
39774
71467
50560
30128
72583
9181
34606
96743
94482
4149
55887
10777
50696
21313
27647
18200
49956
39411
74558
82517
75254
2141
53239
13147
50854
86366
77400
71387
12058
5551
28496
17017
92246
82668
52916
18441
19597
10658
8817
75415
97523
73957
79157
63890
67543
4215
23038
16053
63611
51936
83976
88793
38004
68912
85873
6415
22708
39690
81014
22420
14973
51669
24690
84278
23467
18612
47969
1312
7392
69980
2741
6738
10979
25972
3246
69628
95980
8318
62514
90358
9871
75042
30732
45078
28276
74527
11023
44714
81109
579
92180
61458
21984
26497
94015
27993
10188
86498
81309
53505
73852
33270
17959
20887
49128
31423
28103
81978
64632
26336
14766
85668
96137
10461
86020
97641
69425
57966
25863
32550
26720
36133
60604
34807
53604
96238
35003
85213
67459
59364
40555
68192
46099
56701
81201
29968
72469
98142
48637
55304
56646
34768
88511
47889
14230
77853
16646
52006
61629
37073
69427
66378
5481
2034
43449
21263
87256
47911
53311
82420
95919
49794
78779
91280
10195
76649
42173
25799
95663
34250
1810
49098
76515
61095
53320
99114
64540
89372
80169
58412
16977
85649
20319
47608
35330
98443
96466
16503
23907
68479
56678
54146
28040
36230
9305
78952
90903
17922
42872
98565
6042
67076
46266
95540
46293
87706
85290
23122
64091
46151
83793
16912
87650
15276
55445
16156
19250
14523
31966
61235
81062
32357
12881
12920
73735
56706
12433
10729
73431
4085
76351
15167
75554
66945
36930
31035
33456
1781
66918
82527
17422
3428
18812
64586
80110
26776
26761
78148
51873
4911
22089
35992
78307
13409
96833
3855
38818
5757
97169
95272
97057
31137
5281
2994
33808
89304
11700
79259
87736
62581
14117
85589
73507
80871
4991
18042
31691
67445
12511
27083
94562
54454
25446
50260
64918
94081
16668
32522
57552
99377
96403
436
50215
79752
95841
38487
51666
92589
47712
5900
72997
2547
82804
44820
2456
37108
66725
62578
89266
11805
80356
11218
10986
22895
24551
36865
79041
68699
43842
89765
39129
50306
68295
91135
10900
59458
88363
20537
68226
44803
14509
69124
43392
88692
3624
67563
91736
61650
77451
17933
36180
67856
83064
22285
93758
99412
54703
18151
82698
21578
67242
74141
85274
47635
37013
76397
57008
11751
77733
14385
82369
31929
88948
75038
61186
3224
13549
20125
55559
17641
24028
99371
833
47765
33799
42842
61664
4093
73652
95292
21729
46665
36252
14009
71134
20524
87744
35962
65285
44341
82366
15093
33513
44077
56951
8169
54866
11722
62361
88975
43952
91018
98480
38335
87145
38228
76597
522
49076
89900
81019
62828
61170
1945
84847
51360
1135
79365
38290
48638
87954
13724
52278
96174
47378
33597
66663
79035
70163
49122
16650
52443
33990
35223
43159
85661
42714
55124
87610
51550
96559
66891
63506
61743
51410
77979
51086
59967
87186
4987
36453
76937
58913
64561
59808
933
73803
43460
88431
66275
28762
97761
70142
81549
70293
569
90292
54711
87148
72182
50605
28428
37621
43070
59639
17676
6884
38439
87456
50007
22100
27117
53345
99163
47683
57498
70305
18356
36164
60979
58589
83504
29143
32556
59100
63590
25460
8072
84195
33127
47904
17597
1570
14760
31160
7953
84396
62882
74922
32750
91285
48577
5836
77784
25926
45662
88721
86788
22296
4721
84011
11277
26631
93361
60865
51183
28802
87246
74356
15110
37730
7829
47753
69073
73796
44607
14096
73735
27651
92024
22921
79720
56449
9360
33372
41307
75825
66680
3384
57711
14023
61755
54215
12773
43737
70436
82420
13498
62907
34569
88890
49109
82257
32968
26211
88594
72443
55279
28093
81652
77646
26379
65266
40997
63083
93887
14111
66753
80608
24044
1407
82857
34257
44381
46847
72010
28744
62779
2839
42350
72630
85950
52411
23962
96320
11712
17305
69919
42272
3465
38657
62848
26307
67851
65542
64477
43696
18341
69410
58493
52203
49586
86836
72257
390
96252
50675
29324
95087
35668
27858
83408
64410
87465
64726
62321
41761
10737
90595
3728
86058
59897
79139
4072
55943
94612
18145
79087
57867
52704
99980
71865
94841
33148
57595
33803
54417
85020
50429
52802
49627
38728
89471
69801
52035
38299
81071
12768
51642
48939
989
22425
57148
46380
35623
90526
62912
21925
78418
21071
40261
82304
86211
18982
81597
5450
99210
39341
2339
43135
8228
43424
61901
43060
67702
76646
895
5927
96262
77255
18201
29328
97362
1695
652
74253
44620
42597
6092
88138
88025
7854
90627
45450
25018
95952
90662
17065
64542
47972
98941
64419
87307
37534
37359
91401
68978
14140
61572
83720
42421
78830
52513
97729
71329
59448
48648
18998
38689
8726
43214
70469
14559
25787
7225
39630
47164
2067
53221
98751
78883
60986
54131
58992
86973
78534
86419
73512
46894
39034
59215
91201
63908
28126
45469
66537
2919
89859
17071
83910
63509
40805
63416
45460
67686
41867
46870
14389
57581
70328
22001
65437
8965
95018
47456
20592
98728
84786
25729
36660
43171
44415
77365
80392
13382
18938
12478
82865
33417
24736
83855
99168
15188
15273
55860
62229
96864
46016
84456
73117
85566
47658
40612
49386
61886
48562
68912
33598
37602
29187
78216
9480
53842
30676
46203
76369
71913
64494
36794
17911
48602
23331
14345
28249
52205
32590
13372
30306
89097
71529
35951
28505
41661
9234
29359
64378
41841
99455
83979
13749
87208
75310
45185
93736
97533
10877
84919
31917
18259
13588
78101
32136
64611
72276
46537
61365
58799
19437
29781
76512
3015
7167
11048
39505
58286
63024
95702
80890
52479
50154
54060
13688
95411
98199
11352
93823
63002
65464
94760
21015
69151
63948
80112
89193
4853
40994
85815
22062
86777
36436
65858
75531
83812
3110
43323
23946
77056
54899
47732
38245
18828
79822
89085
14319
86983
97921
73672
76953
91310
85655
38130
98080
16531
95420
94389
92512
37474
72871
95863
47784
8340
39465
43045
98034
59444
89576
51976
3649
18134
80107
10589
4989
93419
21696
73558
78768
25849
6815
63163
52296
49011
85786
32219
80526
77542
62379
62391
5392
81313
73519
45936
11995
24876
59405
66142
56568
34674
48978
56465
72819
16033
22152
56311
57221
46877
13980
31926
9498
58295
1676
21421
68448
31641
15926
58861
75964
80827
82954
68111
68959
79782
59187
84541
42533
47850
86418
66471
13438
13636
8966
15508
30472
30221
95890
45341
33335
72521
64275
47588
18042
19158
2991
22025
71395
2140
9307
2669
53511
3795
25616
86150
87687
48919
6028
62998
11523
45302
88263
12610
19817
25059
6175
33801
6278
33182
39994
7628
54908
25073
55369
79235
4958
85269
66764
3974
72791
63955
22831
78954
55481
46805
31286
38136
61519
24935
24406
58555
54415
90015
22018
60673
50458
71236
43872
60590
1641
32829
5446
31351
16271
64212
23481
82288
79726
33019
65926
14121
95376
80279
28491
14697
55896
99688
28147
19632
27521
1634
38711
33654
61768
17844
49721
93681
62102
31359
93207
54908
41011
51943
976
78114
3934
89375
5570
41913
66144
25180
40251
29801
6625
41928
41462
93470
42095
50690
75169
26431
95129
60886
3586
7552
45225
53490
81120
75447
49983
20958
24309
29873
70987
65110
57173
47078
74749
40357
24875
37388
96411
97592
79807
64373
38279
17631
30710
19444
65764
93950
30273
43226
38912
70552
20278
24594
71332
38748
30146
43626
64315
23543
47952
41963
30634
21113
62814
75876
13630
54229
93989
36809
14012
84383
95452
50465
19029
4380
83904
90445
61538
71707
78361
45845
87795
51528
42694
3107
61557
15144
58957
46651
58060
78918
70427
14387
52768
84921
59433
82870
23983
56453
88471
37727
62355
52502
69721
32056
98258
72254
48451
4421
4875
48057
19842
55611
61834
39920
12184
34909
69525
31069
71479
66673
24906
363
90747
1767
35773
4623
37347
2349
84529
1400
35920
56517
25982
15899
74621
71848
75290
99048
52017
62546
29781
19013
93118
65970
29972
15070
12197
24026
33856
734
13708
66898
50140
52944
55597
27637
32627
55962
64592
99232
38007
70952
23800
30796
28395
30121
25734
48067
56692
99411
24652
91260
63892
68546
84970
14164
40967
8659
3164
313
39925
69124
24271
89053
55007
51772
79594
11763
13652
18355
99096
30006
32945
31345
60607
21870
15581
9815
86223
20135
83007
1881
39285
72624
87686
67661
90788
60337
37980
3771
67795
75232
5181
77549
65883
92874
24217
2818
89998
54681
13430
21478
84847
41589
8011
16179
35097
24207
42366
69489
75856
48139
89062
62422
47792
20983
13543
38821
70775
43861
58564
22596
71385
75919
54240
51133
34337
34358
48516
76997
82193
22242
30293
49791
62698
91611
37968
85554
57310
85973
57581
49715
9060
94069
49915
598
82834
9725
28399
55368
71381
79665
62246
31900
17956
24825
7271
63759
52037
9617
61196
15651
26080
32127
61776
84771
95490
55420
96561
56144
58264
95142
30834
70955
97357
34892
61203
81747
9720
1679
84942
46674
89592
95292
30449
50657
6941
40618
15634
73662
84076
58754
23654
63043
92302
42529
98223
4436
31899
35253
60823
85559
34004
47011
11032
35450
69621
47115
67777
75306
5278
5955
46134
66509
19010
20870
76643
64074
28889
33464
29902
60770
91379
65921
6013
95665
74693
94258
23247
98310
5605
19016
82332
81294
35318
99142
59332
66947
14355
48914
15883
31258
8728
62615
87248
35847
92928
12789
91330
15015
12504
95143
65904
16134
76129
77836
34973
31005
93898
22943
67994
42651
7103
96403
18856
2705
73160
56612
25610
34403
94108
65095
62003
43541
68246
27065
60011
41450
30647
94378
9313
65443
73800
47665
73075
76859
42817
1501
73560
4782
13474
22076
92528
71797
15793
48323
72258
5275
53745
13569
35324
70794
22057
48651
73286
72433
44062
94553
23288
90405
5020
50407
22111
14328
18222
30565
37378
64611
63446
76101
49296
46394
58989
57195
90970
33069
31677
72607
8093
66210
86047
21512
56816
1137
60799
6111
52496
22366
15252
49198
23446
36812
41166
12503
47495
97843
94420
47946
85457
55802
11568
93436
90681
21317
52887
97884
63725
91479
25306
65631
26451
53137
47840
22209
74401
31862
41579
98378
71177
47629
19260
98021
34812
88545
84950
54891
6915
39285
49476
93359
58475
3867
40513
72167
7495
36057
98021
61520
50586
56744
42082
36202
37197
84308
94073
59223
71926
764
79949
94271
24277
35087
57396
41431
14608
25205
65468
47127
16300
48229
41392
43468
85025
71248
32313
28557
6244
28234
25350
73644
98278
7675
64994
42990
27281
41365
6832
8198
18016
80093
69666
64809
24702
56859
83504
76051
28893
76615
41875
561
90342
98714
43936
45850
11980
46209
95726
37403
87477
20830
86971
37434
42361
35963
74026
33973
14125
18722
43871
75939
20225
54852
74187
51416
53426
27164
7976
6320
96634
37534
96852
68421
3553
81979
33269
84788
19109
28885
1676
75166
36544
43633
20447
73251
61802
40132
88204
95190
44826
24855
39395
30043
52292
39656
22759
20720
98384
51982
99707
74736
41428
83069
60564
72425
19050
64008
34067
9486
69253
33032
35533
89133
93449
18451
62304
31975
39305
10918
25354
70114
21750
61489
46415
28993
83298
67059
77724
77690
40886
4322
8485
80155
43107
45476
51486
96055
42579
71360
67043
49617
65392
8165
66944
46990
10453
16143
3916
29747
89265
14047
21401
81344
92952
7899
35634
61926
17124
57943
50754
97600
89758
4403
43581
82122
48768
41137
44170
54790
43618
14642
35347
22543
59128
28177
69419
3880
66427
23278
36010
23480
21567
50388
99050
6510
16941
81552
87055
87046
10444
59723
50552
74433
47784
24195
53437
64938
88264
36012
32851
59865
92503
56747
63731
77226
26435
57082
37486
15948
14100
10205
97860
3329
56619
12830
3192
75531
73036
24331
92866
72494
2615
75715
95099
48776
82834
82994
68188
72452
57171
45622
19150
32039
93661
48541
22825
589
51793
93624
29868
66573
66260
24519
5701
12717
3642
38501
50867
40973
89252
80971
81120
41109
6679
76008
83734
49183
10298
78830
16657
52309
1285
73230
36109
56974
2859
68848
83257
4206
83230
20911
45593
45242
71678
49747
97027
51264
14597
52835
43677
41401
99589
73818
23254
95802
47722
92325
86610
69550
30854
9560
48523
15719
28053
10434
68446
12687
98112
8899
39858
92129
39516
4987
10447
48761
94053
85117
22910
46197
50783
95915
80554
49152
76878
77069
88781
8755
62054
41984
5498
86980
92981
15710
71417
47391
68656
76448
48867
61845
32839
43194
72367
89843
8916
22746
78110
17885
84303
3049
17073
37943
6368
9360
2535
27061
30921
53374
48989
28720
64763
50382
95916
42197
99978
33394
95537
3019
38088
90759
20745
17588
2595
17611
3264
30670
87269
91286
24118
80525
56840
12427
67576
15634
76900
24754
94306
37980
5049
63262
14593
84726
62765
72924
32110
19549
15779
76550
12892
67516
26674
10757
39528
27321
65522
68380
26990
65978
10460
43588
98514
99332
19087
69326
71239
73436
65834
4784
82999
226
9832
95336
88904
89784
33692
64230
49396
29097
16182
65382
56752
3556
79869
82574
92699
64541
81358
96249
7936
10511
31433
27012
8563
14583
92206
61102
69629
48366
51205
97975
84445
83346
15737
74236
31267
24413
55934
90595
7345
64125
47014
5628
15933
44606
81150
31733
38225
48320
51280
98170
54953
5442
93887
30647
87834
44884
72714
24494
38946
90060
18327
99458
95200
2227
18248
50922
98511
71898
12637
76663
34320
29780
43708
32835
36121
8079
34445
95358
96911
6513
23014
94845
96932
9473
51586
57150
98768
2836
23251
66797
99936
3852
48635
25215
25893
93345
71600
47036
31498
13394
44863
15490
19499
93045
35172
2395
70005
27953
38121
56253
14482
50817
3757
4533
35141
45621
34750
22171
17443
73785
62386
33576
32204
77208
4827
46799
53118
57904
77737
68089
11365
23587
10341
75379
21529
10379
40020
47276
30385
59462
12018
44637
18587
57374
19527
51807
19384
8459
29128
19830
79420
72575
8879
13909
26209
83425
97879
51068
18484
589
51327
32338
60792
14858
82015
63128
96058
574
80420
98761
24213
42586
34045
89226
74824
29891
23541
313
37014
19788
26029
42087
13336
66075
56281
60417
65191
9429
2392
29585
19560
46843
30905
89566
13825
39709
20287
20034
88209
45756
80590
74194
28034
20863
14274
17041
67479
22411
59932
3213
50295
85856
84595
66098
10814
13350
49505
24575
35908
44525
41034
712
55510
66558
42561
25352
28947
59279
15206
74240
8293
77675
26043
74166
86548
95059
66924
49072
93059
63680
84592
91459
73654
44924
20699
42316
90521
47970
98597
65771
19454
52882
57976
55750
30446
5771
69871
9940
51125
40509
96596
62786
77416
3165
580
79555
35600
31424
56825
60418
81807
14311
91945
63245
16948
69589
74952
35121
78715
71643
98870
81063
74211
45982
29361
73471
78285
26728
67160
12773
21730
78630
5947
65412
57851
63349
57914
23796
489
10368
56173
52857
82509
50945
68892
22242
13303
18233
6283
24299
42895
70864
71439
43237
64137
6229
75721
65818
28447
97564
92295
87021
75329
75839
87186
5620
45550
11907
27326
9751
76043
33952
73422
15199
56651
48832
61829
80884
58642
30421
28052
14693
20984
79940
25428
55788
88949
522
71167
6491
35103
20560
73238
10384
79642
85591
79595
85949
83623
70055
89172
64279
16134
8090
71011
55083
90689
65548
7336
42392
54072
18146
41254
43490
80743
17054
98243
58880
9119
16884
41250
9661
69143
47032
10117
22940
72233
89399
77963
2872
44566
18553
13001
54409
60547
2638
27484
14870
40890
60913
14458
6680
68639
66318
98728
5961
22844
81382
75514
708
7648
56313
11091
59206
93382
90120
19491
82214
40346
72551
72182
28974
55079
81813
93195
73792
76654
11629
72409
9967
11221
48334
12253
58645
80141
87694
14351
46408
21938
93691
59252
35869
98477
80304
36188
72201
86420
79887
53995
28875
88853
69552
94938
19849
94111
51823
66003
80533
30220
31117
62698
61241
14640
35485
7087
50768
87927
64855
57316
71632
304
41418
61563
8332
41009
17845
37171
11887
76010
61671
15546
10154
30077
12447
25330
76469
6955
8743
50982
31933
94499
69551
4879
64261
68118
18201
71198
60326
26683
53744
81658
41037
33930
19941
26527
48049
38284
35485
25756
60189
92616
69991
37162
46928
25314
8786
51487
64694
52515
81615
84916
23433
95270
37965
82031
95456
17978
93691
48787
16886
77848
69586
36418
2887
82344
64966
6305
53672
60800
36675
99282
93491
26256
16506
81481
73748
85482
74981
88921
76193
85124
48289
14681
38109
89136
97737
44711
31081
11258
87276
90914
85600
88019
83557
21861
2574
47224
1837
70422
70898
18479
86063
37589
48386
56261
4465
74877
36942
71093
8717
77984
50154
46503
83626
61983
16254
56668
96233
86110
44212
28746
18787
74442
38052
32539
73409
93842
45022
47607
49047
40078
31089
7791
5772
73053
98934
8437
19750
11195
69122
49131
33916
37942
70747
50565
40948
86125
83188
31492
22484
31194
91537
50227
89873
61732
6006
74873
66311
69819
88001
64606
40263
37798
94658
80987
27995
51047
99896
95746
30210
76123
68326
50245
53979
19432
32031
99827
12935
77347
92171
62262
198
86163
12898
91791
7252
56802
3665
11970
46449
25435
68350
86736
68968
84448
8447
18927
59384
91120
53082
336
78949
63912
4047
37397
62801
16754
45666
71625
56883
18360
65567
71153
41847
49401
59679
7878
83143
62914
19599
98748
37511
50903
47212
14585
25274
26651
60440
9074
57188
42829
13624
2645
99353
60504
23145
60553
91395
34299
42010
59699
18866
45375
43069
73306
36923
81220
39632
95515
68806
24194
16654
41210
39127
72330
27274
99208
2740
48378
21509
24150
61729
43914
16269
79124
38638
63264
53472
1399
51888
98558
75722
1514
58948
90018
41813
31788
25242
73376
33640
18536
38787
53391
95229
53866
85042
70085
70543
36470
42056
63515
53117
10752
89454
18152
71857
53334
30775
29184
82657
55677
51235
12813
51897
30642
76359
23972
90739
27474
25311
32935
82696
96280
56469
60756
87947
37410
64425
91747
68226
29824
65876
59937
96911
82000
76245
5250
9114
57487
70823
63889
21777
9698
29202
64836
82282
44898
33021
80052
9827
88577
27683
30546
16614
90171
13624
83239
87985
23670
37644
86914
96393
55649
38498
26155
11089
8744
9776
31566
93682
96398
38766
52360
3388
75130
2679
40514
80762
95788
94306
87137
55005
45339
12908
37074
46047
1778
53438
79291
46185
67679
90510
42112
49372
7188
42699
83626
55408
11988
96217
46782
67027
50266
47589
36215
37353
40713
78963
56514
9054
89337
66566
66128
15747
6141
64469
47361
69894
10306
62972
30801
46632
70648
4499
17847
48174
44996
68194
99947
27207
14420
25238
87589
68626
49389
97472
24966
59998
90938
78609
47702
60668
20050
6571
77977
43890
56542
10611
33611
96350
7341
52572
99521
84869
97355
29085
13837
28989
52904
89139
26106
69343
69980
64067
619
58804
70579
18844
33617
79143
74574
45091
35619
61590
19430
3804
31203
58013
40956
7916
20416
27767
6193
87226
84083
21722
72180
8389
48256
35083
47480
23187
5357
58972
26993
70840
59461
64374
64171
2897
22
25839
94776
27728
27253
17754
84347
18201
98870
98587
64013
66252
77067
50377
19504
52756
96836
71613
77692
25412
68099
64713
81563
33098
9487
93326
15151
89826
83463
32882
74250
90638
26582
92890
32259
48873
86954
10152
17354
41079
37542
24166
73371
40873
7775
12882
94900
57158
9279
54152
38709
72042
67102
50458
78959
65203
30513
53893
88784
84423
25984
33853
77217
42571
94945
64220
83952
71588
72187
46970
82571
69866
28256
14330
5728
38236
75096
23416
24159
72339
70998
3409
7772
36588
2618
76741
71882
19309
8303
49503
54890
5251
77083
44333
56333
25008
95181
99275
47105
51280
48853
24938
3048
31028
98883
54124
86424
26517
60725
70707
95496
22231
63542
6467
64910
49188
19786
87415
55037
84723
62155
19498
75355
43467
43295
39902
36463
26726
99756
90328
10578
23135
73303
517
43622
53486
42282
31706
93363
14703
95938
29699
29293
37462
80405
95426
25209
9876
55582
33774
68653
35368
70232
13826
69171
83004
16163
1574
61634
54079
42079
54364
97447
57276
59568
62943
11590
82958
64677
3495
23982
55964
4104
99541
1248
13287
86630
67020
74180
68232
16463
64137
67107
36662
72844
27318
74943
45049
45694
78932
34430
86544
15781
64573
20290
9654
71845
64747
44967
17984
1431
21524
37809
8335
45085
72057
95718
93321
77850
68272
29068
50371
75335
73089
1489
59656
9957
19227
51755
79111
67755
89223
69002
28920
73869
95413
97246
56224
77036
27608
85138
37933
59841
57471
32356
95585
65802
66425
65793
92862
31888
1590
79954
9710
7350
20478
41349
96488
85674
42851
32883
63424
5362
9123
48689
6249
32975
53411
71367
36840
14482
25340
67431
35986
63068
68350
40983
9268
97554
17027
55804
18714
99097
47298
29319
29510
13275
78879
3195
30533
68588
18829
9260
38013
21232
59021
78351
86308
23088
1191
94996
17383
64383
68340
57055
190
25460
42929
85624
41097
92190
47476
78799
28983
38715
68611
7378
90867
65444
55963
83787
20594
9961
56277
31593
12661
24536
68098
48951
85424
50310
26581
2428
32308
39475
92186
14293
62471
27728
11410
28959
96582
90330
49993
90989
29873
53829
13684
28435
62907
54750
46809
77254
85694
40311
2999
61860
36832
20524
77477
8091
17594
70358
49486
6019
17352
85547
72210
37667
91697
30222
89343
71245
60477
20934
16202
29282
98672
65401
61502
57563
73796
26680
82741
36016
80240
77772
24568
72406
85067
14713
69052
12534
55359
19756
4089
61172
98231
90956
3911
78713
59988
9953
28578
90505
15197
13244
9304
73460
64035
65357
22503
769
65385
24554
41959
80135
98879
124
46846
82871
47477
13304
6895
88420
79067
98952
28621
2810
95242
5587
28982
48776
94471
62051
82003
86940
40775
54935
47737
11178
94558
64548
74208
74057
42397
36159
18186
19807
18118
34427
4377
82516
30868
97654
17805
26400
28135
23714
94318
93527
74959
77979
34535
56098
34422
19678
22708
35063
89959
31558
87014
7296
31676
14297
35566
58817
91409
7285
74933
17766
32831
18580
71437
79438
81380
73635
78155
99460
76857
70718
17091
87082
6712
84167
36101
52377
87624
53208
2735
21192
53989
44070
39608
45327
71931
60954
44965
23680
68038
84249
33669
87932
42579
55755
76955
69528
56889
83081
81924
57790
64701
77218
65859
31520
56101
94936
34614
91655
34849
71172
74292
20371
70264
9973
32477
64099
68473
54941
19203
1048
83292
15091
31343
60932
80470
79746
79672
17291
73030
48098
79462
11210
69390
55517
29691
22920
72417
1215
62758
24718
84389
71105
14652
16727
27623
84927
35943
98592
68828
87432
21790
19250
28801
32415
61128
53850
26443
81684
40104
56801
58739
26713
70035
1637
63219
22821
28749
74684
25848
62376
42032
99267
49162
78893
89516
43335
7970
20254
53844
97218
92521
36168
59266
14396
43328
39041
33731
49423
79849
95980
75604
13461
10624
84386
47082
95758
35565
24944
14526
98705
78686
77353
6244
78679
36441
94079
24868
4961
39804
89360
39269
89560
98560
92941
49480
75047
73804
95512
29447
76323
51414
61382
34573
22343
9593
61569
29376
46021
97430
99680
74843
35725
75755
94230
29676
23149
81529
47363
41435
14470
22458
85251
52000
11982
94430
20532
45057
95698
18990
95401
46988
57937
58899
51291
761
23569
22451
32497
65269
72418
50369
82939
51574
73567
19373
92662
52844
83122
86051
55122
95897
35892
15702
26054
45076
89986
41719
24012
75302
68581
91908
91869
12761
25083
13204
97125
91639
92556
74577
68478
88901
83665
72121
23617
60342
39483
48894
92476
53236
11403
85112
96925
38050
80324
87842
16310
63025
49424
59900
74385
59366
31718
35115
50444
74569
86670
83784
8274
29597
19616
2084
33079
18081
94775
4991
1748
69396
76057
24454
33949
47666
42826
92422
18507
87339
26260
29542
63454
66407
51141
12949
23247
58883
97340
29342
82640
37873
81227
16007
12883
7065
63478
13648
56942
79719
44141
39498
60701
31627
91900
57524
28361
51067
71407
23002
54247
57694
93816
64499
86377
54957
89325
6214
94765
24344
34806
87756
68424
95426
55036
4942
88551
48349
99313
35610
14876
35183
59820
96083
67383
84604
11427
42395
3092
46750
98860
23195
7813
75064
2523
73139
44880
43729
68155
39101
89274
26306
32711
76511
78807
25476
76415
32959
65096
92581
73898
19392
33601
64789
95910
38834
80162
54509
4205
60913
51544
47755
58208
52705
52321
57502
60060
19990
4172
84605
74572
98533
97420
54660
62063
1910
12728
24314
30085
90886
14625
62049
91505
49657
59265
48831
16854
46062
40312
72236
96764
76331
57618
93603
38184
37360
36202
60530
31283
60437
14393
84713
37434
47619
74489
3294
66103
76631
98531
42068
18021
73548
86719
99281
62442
8092
51840
26576
67513
56073
96368
72533
73621
90064
49567
79954
96038
80816
21541
62766
31323
81621
78427
8647
68773
4438
25487
2234
62179
30925
15266
95817
2374
75030
95432
92027
97470
35334
31653
90376
94844
1337
3442
97383
13102
63461
59990
94246
58422
68244
41863
23974
35924
45891
48800
17232
10433
59507
81681
38070
26121
39662
86155
77866
89484
75009
32579
2127
18450
7354
88717
38883
63654
19935
76050
5671
52016
21739
65926
62101
10197
46417
79089
96452
56006
60294
60656
95484
44544
2265
21683
16820
88057
66098
5922
61767
67749
45164
878
93914
63206
21540
79063
46989
53402
83199
14349
95368
58317
87822
26944
49613
93879
81157
96902
54937
93660
37053
21767
53929
73651
7059
62397
81300
64145
55539
29256
92113
18495
23468
86025
52514
65925
31907
45573
54313
48233
58130
70391
43860
48027
88625
19550
63342
46550
28868
73207
19994
74493
76221
32641
1583
58114
23316
92792
69069
90251
8801
68107
19950
56436
3040
15328
34774
81822
71529
30012
7788
29344
28486
21669
85497
74283
61819
31339
14268
73966
66875
54913
62191
25217
12922
16786
52470
94102
79221
35148
8331
59407
15494
29538
94873
440
51905
28283
90589
11509
19712
92336
31243
42445
80591
2627
36085
4097
34185
46447
51001
7323
67782
72508
29994
86746
54496
57577
99359
20008
4605
94401
5055
8063
38046
30815
9042
12000
87459
4639
1576
61499
23025
64150
72984
91265
88321
85139
59030
49445
23158
57433
71132
41824
78839
197
49991
7659
25092
20114
63999
89969
40854
69171
76953
43656
42121
38185
31494
31889
29437
40344
94225
77793
59886
37587
19910
75019
13618
2245
2160
25261
42613
9073
84959
41580
95094
9349
5078
94667
94708
64037
26845
99616
99915
85830
66791
57719
27382
72741
11056
13714
71928
44111
23914
44049
17883
74501
44133
71609
5817
74877
15576
49661
50514
73854
57065
48003
90874
46807
92453
38483
83076
34352
23965
12807
66783
63458
50173
41437
80524
41488
55326
98265
13001
11050
13454
3071
65534
41687
93913
30882
79769
90846
83343
90573
50388
53990
87568
64354
43348
62160
4711
57433
13493
46922
79978
4546
70514
92391
38506
42249
95888
6798
63724
376
75456
31319
44098
34670
42679
39550
79084
70606
15000
30053
33221
9669
8715
42619
66975
76779
85636
94969
53039
85967
21680
71147
42632
4714
67140
25270
81050
63914
78292
72904
12564
50668
53227
11139
84862
28219
25464
73863
97154
50399
39968
89980
60727
16036
62621
53225
77650
72971
41540
71424
52612
96737
6578
32436
28755
21828
37315
13579
76885
90221
76426
64028
32957
19814
31871
90012
94983
94825
37442
66591
63381
14947
48889
76586
99235
65410
5260
51277
87857
93737
61777
80569
80
27175
61626
37402
73095
30757
10227
94826
48677
22985
84770
79964
80108
22086
81147
58348
90663
27290
43168
8903
69921
81759
65661
61521
51643
73689
31435
19123
65926
3577
88597
11872
88151
42502
72937
19832
79235
1252
35351
38521
31032
95862
51448
3506
17338
40015
39784
3917
36459
158
59392
87494
78015
25873
34109
72785
46354
7280
10131
13454
3199
88832
25181
23267
78698
63125
50613
45978
99745
14350
94312
28201
79609
93667
95003
57201
45873
67073
82781
48346
97699
48972
27125
16263
84639
78664
6356
95399
70813
66283
61134
94748
96469
92901
91424
8949
51323
90934
16880
46568
3918
72213
27631
36562
214
35891
14283
29714
2149
32962
61518
21065
53383
55181
67861
87015
31637
44976
82489
64942
50911
99171
90059
3403
60232
15844
20090
94263
23724
42610
93799
74335
95221
8903
42135
27803
65021
17178
19094
31955
34933
60598
53778
79463
38126
74941
31622
58028
49306
6827
13059
53549
64620
9439
4510
91973
72385
39841
97761
26782
30980
74009
63640
86100
95308
62170
39472
29834
18270
14698
1018
51012
45261
64381
56969
64230
29252
34567
52771
76206
82051
39563
84652
15079
98292
27702
53834
11227
94411
31371
23206
53310
37245
73638
11020
24682
34182
54995
75270
38381
37977
11469
49371
56753
92613
33105
59812
83054
72925
65713
29510
2106
55733
84403
69876
13889
91433
17357
39587
25993
41501
15343
5934
67031
42580
48843
69671
70374
50165
82650
79868
51141
24158
21383
94798
88197
69284
21218
8934
19130
15705
6290
56640
41206
67047
2312
57405
67138
19432
65443
5911
49429
91169
27004
81
81032
88444
28056
45736
60441
89074
26761
48726
76847
79852
78529
47454
492
38274
68088
26731
98215
3647
8152
30849
34756
16031
35041
7184
13920
10356
39172
46942
16439
40420
41162
4026
9206
68184
7569
72404
46447
77776
60480
47131
19704
99749
62405
1676
63147
89026
78899
31812
38705
30561
43496
27485
43644
56301
75965
7386
62628
80669
10241
88838
6626
92984
21990
97627
98018
10102
44453
82110
90806
51850
78892
20025
77489
27154
2040
53324
33524
34645
40111
76137
11777
65965
27738
63791
67627
58948
33527
45733
23529
50910
51611
75123
55391
15775
41485
86292
82757
54412
85502
39484
3986
39878
15639
57178
30260
166
14264
23937
78586
51730
11080
33153
72846
5462
80182
56583
25798
35640
82849
15871
5756
44435
26840
48303
59960
78978
44562
5209
76726
34607
45170
53347
15766
13470
32282
34820
91613
97916
52977
9795
8265
46472
87890
27822
75280
77334
42579
47333
11307
88703
6633
95242
30818
5410
14428
68950
30538
63765
41696
99931
36232
81931
7959
94146
80366
97321
42352
80180
42828
25355
8986
97616
7173
41435
76814
17507
68625
35988
43989
1224
70442
51923
68859
29602
99549
80326
54774
80353
44377
20886
40580
66309
64171
91108
69138
90401
19979
553
47681
27704
63805
11187
61720
2876
53048
27803
80539
35379
44254
67430
90994
74787
46328
10755
99551
35069
30312
72559
35756
37876
27145
19495
6359
42110
56631
55259
74035
77007
93859
77149
73778
93693
7715
88205
91487
56061
1977
63086
73294
59851
34485
39062
86430
13277
57233
39453
78076
61995
38045
20444
16414
91064
6256
13162
91626
40857
29663
59186
33080
32481
80521
70612
40319
16585
59421
36680
46110
22137
84559
95444
26292
80979
40135
70380
29923
98866
33532
10324
80968
70004
16604
98903
18677
16315
98574
97572
2513
51552
65908
14610
27344
80839
19955
47021
2332
22575
49021
43039
28753
5194
82678
69280
70697
39128
368
92062
20424
79076
98498
93386
85242
52741
95774
10856
89728
77102
41044
38921
17143
37529
89851
28174
69381
55161
21188
80893
83225
541
24930
10604
83126
50437
50529
31967
76375
14772
95189
94638
89934
36370
98993
87290
41910
19563
88576
75050
16838
16059
4124
10588
90862
3395
14378
18427
90653
71659
68499
27425
8827
42875
18427
5925
26612
98947
53175
7618
26543
9220
29664
88300
6860
66433
69284
15904
51996
29393
31942
19548
54562
1090
80382
66787
41566
20039
87208
80360
47345
1528
20718
79229
27166
86255
75791
71503
42694
79093
67990
6644
64357
28468
80102
1379
13152
39421
63793
2328
40517
2218
60779
40642
23089
75588
73561
60689
18465
80421
2525
99189
34753
49837
3759
96859
87935
86426
89769
79374
84834
39339
16937
10532
90773
14559
81919
44259
45787
22123
81811
20812
17016
87794
19188
14424
53466
74156
75494
35625
52831
32837
32623
69522
46301
526
88237
97385
42434
5567
70909
72026
97626
49894
98676
84341
90693
77384
85924
34885
92323
29866
52966
13717
3894
20971
54651
70286
26991
87527
29635
54858
36590
2671
95885
36482
61592
82797
8714
88663
93610
33558
94180
61435
64488
68140
33303
51768
37212
40808
89302
42060
96296
98715
99931
248
95516
6708
67127
23020
86711
74165
53017
37733
19501
3237
73667
17001
58521
50075
31838
79428
83004
56110
46822
17160
98455
68748
60266
28679
16458
79596
92846
37495
14123
75455
74645
91620
3338
14371
12917
47914
64958
76088
63635
86291
2595
3780
17598
78502
46456
15048
9693
52331
12730
14935
75628
55023
78435
25337
53307
12903
78083
18069
45039
19694
33646
83771
32935
73225
94317
39560
68559
77888
93079
70104
93315
40481
86935
10304
7568
24415
97905
86557
69251
10505
41382
74591
54742
88177
49414
32818
89615
6382
26525
69774
80730
81499
93429
13483
99137
85933
15079
94454
55432
370
73213
82224
98116
35448
38838
71750
50505
26242
94207
43534
76784
11307
19730
22009
39794
30060
94270
31321
34480
68499
85056
46142
64419
472
59389
59604
93003
81281
81529
37902
74803
91989
31650
32379
81292
79419
12742
32413
13578
13019
24909
26251
30621
79205
72786
5126
9142
93509
30687
67445
75338
61568
75240
57621
15230
27420
93963
83787
23651
20943
54062
1122
20863
18951
11188
48134
28550
77132
23333
53994
31581
39899
13335
26723
81907
57178
13208
21904
38093
89952
97281
13858
61091
80485
3014
70628
27707
86065
22884
95639
54089
18770
77770
59716
49752
43255
31969
72623
62488
35541
29771
22190
89578
7075
7066
39408
59450
2849
23290
59598
75050
57190
61278
26641
63404
50750
62819
25226
92786
92172
67960
17999
2726
75406
69301
26741
31712
52736
48016
97707
98938
59730
68013
6443
29356
13527
27215
63971
1006
45773
22382
56207
42
38775
9245
8480
99713
52606
99621
22751
53195
41865
35409
86111
21511
96499
76970
77040
4476
98531
30023
9126
80062
41893
2905
40635
92682
25584
8678
65827
14711
51193
45133
87030
98635
51978
19235
8560
70491
47146
32402
482
3795
73603
52216
76685
38802
52219
53703
29062
89473
78886
80031
3536
68876
25360
68074
13124
14941
7465
82072
51786
13049
23337
33948
74435
88583
69986
65513
51559
78823
88085
57389
34616
1820
99159
5809
58236
96167
40726
97778
4627
19336
33886
67564
89819
42363
75622
25636
63414
47579
55504
3677
54180
49853
76719
86646
96100
74329
73536
35221
87903
10808
25546
77672
96251
89932
79700
91641
6293
97563
44884
94135
5157
33693
41592
42034
15537
15513
38024
22551
49630
96216
91113
89338
77826
26623
89925
42996
3772
76312
93893
24606
34095
96078
57821
36130
82527
92724
29265
94179
41026
11249
74874
29476
11972
60127
50608
45781
47462
53629
96651
53935
26249
23390
50242
2086
56270
6469
46716
72733
16958
12254
48570
88151
51591
84112
14771
61595
86934
78986
74499
53041
76000
39408
31253
92639
29564
47585
47257
93368
24638
7277
49420
18524
11047
96419
28444
30277
93883
78732
13421
44668
83739
81348
47845
68245
37720
24930
94550
80473
43022
55220
23389
80051
22634
62375
27319
12406
12461
47928
50762
67862
9896
30467
37308
38752
47934
66592
46885
35804
7404
29598
32487
5501
37802
44549
24511
15372
66309
37357
12250
11690
16017
8753
85707
20995
30348
3739
74837
1074
92066
60564
19186
75091
50338
16161
24153
27469
71867
31054
45367
95690
63108
37271
68164
74622
44554
97168
86500
52987
7408
95012
24838
18779
17943
58143
27529
61509
45828
69179
47149
54076
13072
17505
95181
55943
15046
95262
69409
69877
23175
73323
43915
41170
7556
44107
94135
91052
37941
59897
69853
39851
695
71402
50237
7072
79948
16239
10769
60961
74459
63564
23610
72796
12681
46450
54769
22919
49339
59240
93239
94915
40590
83813
95605
99692
80751
77063
95217
72156
26241
38709
82400
61533
61779
22379
3064
67430
39445
38400
24644
9673
93374
21500
86785
34547
44865
96426
8194
53688
87513
53175
28711
83288
1134
82008
50174
16898
21628
19974
43301
96430
39370
56098
24883
32424
17721
57784
24186
85871
46579
20395
95121
67296
3965
91343
89736
30765
54786
48961
93416
79560
86541
84364
26829
80928
61931
76192
94393
72723
56465
799
1589
12996
53405
51338
77383
4537
5486
43050
14795
12075
18386
67878
81367
7438
7622
48903
70278
44010
29250
19727
49401
89242
42461
99901
81663
6343
64626
21321
39841
23547
15419
85615
33999
6967
22640
11772
70581
58693
26721
49338
66502
16596
52041
77939
7851
60736
6494
15741
20107
53272
5609
50435
85715
33389
61062
15518
59112
41053
14618
87017
32564
18241
19028
71261
85091
69787
7170
25156
43477
4992
60041
32932
52901
31898
72080
14991
28851
7309
6694
82758
19318
42983
95467
3723
16959
55771
41763
38607
99775
36210
89268
73916
97562
13502
51147
15128
7626
729
24674
15906
53797
68852
39734
56306
87729
92959
1352
17214
71169
84286
20438
75899
95936
56329
78485
69055
72175
6102
2645
92429
57256
50540
96
27819
84629
4247
55578
31496
17686
99333
39400
98730
86669
81298
48913
27255
6242
28546
55782
36928
33416
22202
91071
28215
21014
37102
69419
76791
57432
11070
28027
74533
40295
80387
72402
59687
58055
7802
4091
48235
70797
76804
12147
95744
7284
20392
25510
27710
3186
49405
15410
10735
3687
69968
6636
67266
30680
39080
9850
33991
46445
1353
78768
2174
56933
51018
3777
4702
64698
5498
223
55875
85363
63600
25472
70217
20474
71676
50509
65241
73451
26303
85930
29177
82888
57300
68218
90945
9768
80360
99103
73378
24696
84181
61741
96952
90416
19453
73069
67767
95921
88732
25971
84338
45014
84503
13191
75724
57995
30512
9340
32740
58241
53227
43108
69462
78295
82824
62257
66616
59791
44025
82238
82434
95016
29285
90500
53778
64307
94768
32235
54034
42458
17671
41914
83038
77544
41272
54476
14913
90162
56442
10329
8921
12772
47418
27776
17448
52768
39355
7120
8346
37608
959
17957
12286
65048
27185
26888
72112
52527
91736
90465
7258
97179
78432
83815
26792
19882
40875
33401
87533
68042
39287
72320
19995
52740
28516
46218
84292
35746
43379
34618
13330
82741
8455
91888
13730
20487
30212
54569
1314
1892
20581
72521
48424
8376
52085
49458
89180
9097
730
43368
35718
45454
77325
84645
22538
19453
5396
17583
67754
62728
88915
78181
61200
14453
88669
23106
85274
4375
71620
96567
63321
52153
76876
59016
40745
47531
42697
38791
19390
4115
98616
68591
13309
29894
42471
12913
94187
74148
41406
62886
25917
81572
74675
82047
73091
64925
51146
4922
32846
7912
59204
6556
3697
26895
89738
52837
1611
58412
32405
78503
38280
32772
74885
26082
32961
86757
31083
92295
13663
15378
61437
77101
13650
10092
44054
123
75365
46991
29484
13959
85987
2471
28120
69192
38701
19229
40869
23072
37691
44563
14471
11156
12757
81332
83541
35764
50136
39939
63477
57951
6700
96932
87750
72292
41412
35832
41345
36612
19321
24008
70100
96024
90409
9661
65929
45903
85479
61032
74549
78394
17220
14866
24840
49894
90372
16503
18530
85769
42337
98882
56018
90020
46702
17625
63285
71818
28160
61447
92476
70772
69524
36237
27567
84965
50815
64761
87929
57981
28389
96397
45907
25238
17375
71412
31128
83776
54006
52184
55299
96042
74621
61843
79329
22606
73982
32205
41768
61478
45510
44556
29116
24257
21129
47517
5416
98947
61277
26330
83127
57536
77492
66692
62877
39006
34464
38199
78634
26681
24637
19587
59190
49951
56189
33319
21809
3472
6240
25685
89018
59424
76867
48021
59642
28816
98553
97367
78267
48818
58715
51631
2456
67741
57444
53887
70333
98484
36280
16334
78407
41061
52178
56672
410
19231
75489
45480
85947
54904
31349
7296
23654
12996
35151
85140
6124
21116
12036
29854
33865
41994
17454
62254
79982
84968
47170
46792
46296
20042
46298
3523
68013
55733
81719
71938
87636
28769
27122
46530
49113
22771
20404
15565
92971
33926
54228
90650
42964
35010
65653
15747
14142
43639
84947
36056
75492
77285
34828
31838
20623
33215
11209
25869
50527
26500
13132
19335
38774
40428
96289
48127
2433
71926
13596
8663
44916
83039
10957
65741
49368
8397
69950
81952
21126
79586
32971
77655
94478
72343
50242
77031
27632
98248
74461
21826
5060
86471
58466
56718
36497
96573
66413
76746
11021
64854
78915
17872
49642
79198
82300
90543
49047
38598
88058
49069
53670
32930
78258
21394
99295
96118
85703
37067
46760
60229
40595
65712
378
42516
98623
5989
65473
98627
26509
7039
60254
83728
17216
53518
12039
54282
75702
52894
3793
21534
5506
59401
61720
73387
76666
83462
39662
39267
3176
40000
2877
72171
17741
4646
26005
3785
70848
34678
55396
24309
99592
50956
51032
31638
71596
90331
93917
74790
92686
74955
64750
36331
27303
82406
91674
24593
347
23197
26961
14594
32282
86101
44181
24046
85619
59690
39706
66921
52790
94431
48368
54330
10811
39401
76954
21468
62981
69071
96449
10743
81802
13087
14651
88107
88928
21248
45262
42432
55560
3331
92773
30517
87632
34282
36719
87497
71751
52579
82847
39233
56782
79415
13097
89925
45134
32023
21017
12710
94184
96149
18965
80613
61194
32041
16717
15406
79567
90091
52031
24399
78842
18092
34748
58017
85411
43855
88071
23292
16822
69457
96252
2410
94158
34175
35531
52900
73901
86821
93078
79265
85787
34290
75581
25500
92267
70217
32338
8449
72760
37862
75729
26430
65197
78614
48993
15410
68454
72776
89305
2840
73516
30407
4684
80285
56946
56361
11383
25074
64284
60751
36127
45092
95767
62111
62731
20451
16551
34483
97810
15511
29815
92588
17360
93985
4518
16015
28548
17648
8065
98492
2010
73004
49244
37272
8591
97810
75465
75678
42978
92726
42071
35325
68731
86169
8453
61519
40044
74151
76686
11709
62015
41741
95095
65098
3895
67151
27512
17575
21302
21918
36186
40811
95658
80268
81810
80201
17109
76372
46451
58452
40668
2295
30549
58375
18954
10436
79051
40728
49929
33604
72008
85328
35
95051
12714
33484
45442
74527
22609
43017
79446
14360
63417
74294
67500
72848
75110
85521
2968
60068
53223
4048
94664
76509
64871
66171
15400
38932
99681
4594
88570
80208
30977
81971
92559
14172
87417
33670
33790
18971
34188
90180
48001
95276
28565
21121
19924
86922
94243
53939
15203
92216
67137
85450
64948
18649
57703
38360
87818
20915
94109
77465
81137
34785
97671
76161
33047
60285
16831
93036
97714
42842
1072
41479
18661
88557
45353
79812
36735
71843
73834
80316
63525
23784
83776
82448
17584
55540
9103
43993
87642
47338
12615
56087
25630
92957
43146
41438
83878
31395
51548
65520
65350
45641
6489
653
21185
55022
51491
61530
17660
85323
25260
33951
81461
94652
74876
81263
10283
41934
20341
9008
19337
80761
30901
59946
89478
97500
99860
54617
8480
57946
8679
61472
77597
88414
19440
9064
3401
43604
61997
5791
30849
61823
56055
88918
31200
65837
62569
41451
86111
55694
13636
42765
70801
7324
82817
87564
65965
59575
35386
39495
31012
41871
50523
66438
75819
11504
3307
69401
96409
2156
68400
9350
55098
26711
78804
91453
74274
26372
51707
89139
18429
37504
8167
88112
82003
56120
23655
58198
79303
68395
53191
55115
66645
86649
92168
6984
38671
48543
76427
3871
18158
73466
23059
43525
13792
65588
19617
17208
38727
16001
4974
34341
28792
25849
7403
77936
59224
54133
44925
14927
90076
52849
90522
69261
43984
46774
22715
91882
25992
78291
2355
30133
13996
41977
86876
74897
76573
68876
34147
63984
97076
3895
70997
49602
83414
65896
82874
28747
95094
61295
56569
83482
45393
42789
68824
80470
52379
66664
78557
32235
53439
75513
89060
32977
93895
89236
28172
92350
25045
66186
89041
55469
98967
99851
29336
74441
51804
32568
90139
26735
23580
58259
45511
13058
23693
22487
95963
87736
45036
23657
26064
76939
23084
9615
2146
52192
51576
96833
42005
18095
52633
37335
40891
90457
48805
11734
25163
87100
76512
9761
34942
33481
79466
97273
24811
37067
19365
86834
76373
11509
66854
52502
3454
21980
43261
7604
40830
92073
17026
37969
23606
79379
7243
43548
25690
18625
44859
10473
22186
57799
88021
90236
18732
61278
52005
49820
40454
51763
19624
75311
27619
72393
25074
12201
59813
64337
24188
9034
82166
30843
21525
99485
85319
87297
68594
51930
77542
71392
60931
84475
39288
51258
58240
9058
47356
29854
78542
82042
6877
92657
88444
30868
55806
22656
36817
75628
31273
24698
96847
35995
19904
39855
80644
36908
11306
79529
57967
67584
58190
86034
1481
45925
86142
80911
75087
54378
92025
36984
85653
63929
83476
43739
87984
54613
11913
80263
40139
66019
7564
36160
39588
8732
8794
11872
62018
7805
73175
18655
76394
58829
30783
52073
68158
39446
43432
75541
85798
45376
38285
17332
54116
56128
10836
34583
10357
65467
78295
62878
11832
69897
48519
9916
28899
7519
42474
27663
97084
94910
19266
58027
92568
52658
65141
13559
39096
83776
87846
89308
1370
87343
22736
17873
43157
8130
7617
97975
96700
47052
11783
21775
21176
63169
73008
37275
99726
29300
55355
80745
20409
81523
2804
34213
39461
75365
52367
87723
68714
82160
83787
21789
74020
25670
58914
42607
69586
39099
60945
79646
39060
69246
32089
59548
94480
73386
24463
38261
58766
24845
52066
9577
78775
19556
39247
52530
40537
60860
38018
32295
5767
45081
55161
44878
97027
37412
35635
73830
38962
81470
36988
35757
52239
80914
74009
8036
13114
91160
87853
86285
9161
79268
60465
34118
79806
83900
71360
51045
43850
23815
93986
62222
19933
84561
57324
35620
11455
36830
76596
55174
68571
42491
31349
69759
42766
50870
34207
14718
40983
56408
16216
92795
24244
39772
90362
38547
80609
37699
65446
6038
93013
53687
37662
30094
13167
75403
29148
91365
97991
18717
55316
61306
88219
48988
32908
64487
26622
50642
74128
1143
94824
63556
84253
26544
46567
60095
40912
58740
34534
93870
15460
47364
15363
1598
21429
42024
12116
61469
6613
31989
5201
56877
65746
68040
3007
26721
91232
15810
46018
3637
63106
63264
33324
81867
7026
83678
47237
52111
20450
97611
1846
68913
24602
86785
77
29142
74805
46953
73678
57983
39658
71613
51765
31367
97439
10282
50736
59323
16959
17751
85947
46407
3934
21598
9446
65199
97667
73412
93164
30569
29217
59821
97800
95440
79411
94871
79354
60880
10899
12755
89821
28395
5849
85301
14703
37590
26577
80130
17539
65741
9661
60844
82896
96446
20332
24278
26090
11884
49904
59031
33770
39146
39228
30063
76451
2281
76708
74371
41725
46887
16138
56081
95824
76158
24762
63762
54711
19492
9025
60427
90106
8777
81939
7131
30459
9231
32362
33439
9411
67205
97596
24291
81220
41937
37233
48444
93922
98220
13121
22015
4977
10132
75151
85346
65315
805
9085
15865
98334
39461
20603
85558
10572
14440
81319
15720
44164
54576
22398
92703
76837
28182
22322
36896
96550
38883
67746
86887
42671
4863
92891
37051
20311
12200
76983
53191
5256
4998
73758
89607
81337
88219
51169
30153
58565
21260
21333
78301
85607
46159
57959
32161
96487
29638
9600
62517
37705
5573
92178
16151
75532
14422
7356
53298
53809
71105
17011
53868
65852
5306
40773
18106
40124
15053
89716
79983
51661
4480
67869
9862
64913
84497
33483
33940
20069
78346
65932
36129
83320
89047
81918
64861
34735
29942
50040
92868
15215
46585
96764
26029
23021
874
89968
5070
56791
16609
47142
21517
81026
67113
81103
2429
76471
96677
3200
22901
7117
63874
60820
57855
73381
44139
91352
32501
82395
68810
33857
21830
17734
30812
23304
25658
1723
37183
89511
73528
95935
66983
86616
87168
66173
17413
84197
81004
65646
10313
5735
74868
78850
39111
6031
5439
22520
79623
52858
69356
77832
58258
52671
42885
678
84974
70419
89285
11707
68821
92020
43403
49385
24719
29210
59287
40615
80073
29196
31506
12045
62064
68389
21214
75968
32929
7036
92908
31204
14265
85562
91474
63914
55280
69228
44907
1337
48144
27819
41356
19008
84042
87691
85515
29779
53814
40916
37219
72131
9322
3020
83105
70776
68922
51688
73115
69437
52719
9574
18403
16775
42390
65875
12827
14954
61236
8199
9064
85893
89965
82121
86893
48751
58626
64127
97486
32633
26307
25054
2372
80752
85067
45098
94960
70593
76736
34589
56829
70294
17190
59691
59595
3293
9415
79984
19767
49258
47594
83335
51415
63325
3837
33646
70891
33839
40974
38127
31285
7462
16010
12812
51611
55500
4803
65184
49583
88207
45834
6370
3051
20814
21102
97805
5619
2243
36484
25506
56850
52146
82903
59635
77220
28814
6640
10120
85499
59480
78563
65956
98348
48336
20698
93718
18156
96835
19885
87768
91847
64852
28687
25421
11158
63143
78721
38330
64009
42492
11436
99648
72866
23930
80476
66532
16155
53425
63946
88667
48910
33484
84645
73619
32623
16382
77919
74261
63980
28285
6610
69275
41655
40207
67058
37861
53791
9114
61996
12466
76719
54359
47380
51590
83167
97192
81509
82443
91533
33497
80911
74324
68759
74093
72779
2855
99814
72067
7130
47966
85832
90514
26776
40690
1581
55019
85526
97515
70535
20756
28966
70615
38315
56531
64395
59808
62870
63856
1982
83814
77512
36416
37469
79237
43617
86894
17898
14670
44479
17392
57364
8698
239
38123
83815
273
3745
2628
82302
19698
45549
18082
53820
21405
21949
43217
31433
47640
23838
56422
90948
76257
52714
56037
55176
84124
14608
41174
67120
38760
7513
39661
63558
8513
25797
45471
546
54220
10601
30160
13321
7156
37847
32108
67343
70246
76230
14068
68943
16494
42734
25932
74961
62084
91748
74850
36652
32481
51097
66066
53595
5831
66063
88481
96409
14405
32120
73755
25101
95223
50172
51587
8094
6234
14524
21077
57082
22331
68480
69728
72406
79435
38906
90280
29415
93294
56191
27472
24630
42669
90316
37883
60843
52075
14655
67050
2220
97655
24906
84285
471
7592
68369
80029
97181
8221
7409
23108
36900
66469
36564
35334
47504
53366
35472
2695
9106
92918
45442
4143
76395
61190
36452
59305
9972
56866
71689
23143
13063
31519
12909
83954
76506
53567
73099
68019
66353
56539
66612
2488
75083
94572
99724
87931
19086
45305
95268
99405
10516
77223
51082
56697
77559
83194
3966
76460
50974
81543
25560
61294
54261
83996
63083
19021
34768
53323
44317
60551
52547
21408
87790
54406
6179
3530
2289
44405
46873
62859
2909
10870
82654
41664
1609
70149
89691
97522
81675
24483
34950
93877
44176
37005
63754
96645
33643
24824
43366
79201
29153
95783
53242
96935
53650
31445
86528
26473
91673
87761
87669
57619
91429
7447
55040
97777
37928
90167
60773
18642
18611
87563
86541
33056
7540
65653
87626
49311
88611
53969
4265
68471
56164
79758
81478
38494
56862
10791
91224
13588
20537
65694
53960
1445
41056
12909
15240
30675
48085
3171
46100
62537
6330
37401
40947
53898
14584
99648
63941
3667
47238
71032
56805
98423
51216
15955
91194
90720
80281
44792
28342
26712
54825
46270
88517
84899
42997
61666
21343
9119
93408
21285
54974
3649
22663
78372
96550
64762
31334
85485
81059
4510
66579
19304
18137
66485
58392
23072
42508
92397
36471
33113
79931
92326
65980
52164
90956
13789
12604
79925
89817
97678
18973
11093
71657
9872
14286
96007
313
11743
64718
14607
16646
79120
4574
20364
65160
50123
23486
51653
48834
18600
35872
19962
43981
25093
98313
12773
44031
74951
60147
78715
64685
62225
12306
18187
82867
38084
91240
86037
37773
35991
96430
83949
87249
46186
98785
50510
52245
74855
88165
32042
44450
75580
14926
72899
36205
6085
77728
69479
48500
85954
58753
74897
79472
61281
42107
77268
617
42008
60846
90459
5437
41366
76052
87785
4653
91904
24602
93543
42581
41779
12907
39968
60793
54846
55899
79823
16968
27662
24697
59741
67328
2629
94200
38387
36138
8406
28149
62699
89740
10917
99970
81506
45900
30423
33506
33242
7470
28729
26677
49250
7889
46643
21242
13309
25864
32062
11672
80353
1544
52765
19216
9030
59365
64630
42279
38213
86932
42207
2723
45672
49883
61014
39557
80176
85901
15394
49935
51883
84342
78046
41666
56904
23568
56618
91783
2789
73981
51164
33922
47066
76311
13583
16880
47584
96644
84225
80938
67680
97853
51466
90530
83270
36599
71453
20362
5820
32453
91509
43508
15507
56752
71630
61981
70382
47143
37498
52835
38030
26348
51185
80103
5473
22385
18617
37758
88083
9629
91685
76624
23267
45265
67694
16720
84554
96622
61444
5405
55059
12157
42187
58174
57761
14069
97745
48803
22674
1776
90196
25810
98832
53921
75256
74504
81595
47992
84711
99567
60812
79794
36442
93898
48265
26123
93897
24415
45487
12967
28955
66671
81054
57820
63697
2808
64008
13071
18328
48675
32159
11745
91714
4422
17565
43373
59013
22670
71969
20490
69248
51817
58363
61916
76335
44914
39723
46196
47387
97586
72430
35616
61627
45794
74315
27430
40179
93791
39310
88577
17894
63028
41136
30802
97149
89541
86393
74274
25461
54153
15144
22288
65842
72250
90966
38551
41551
22793
58121
2661
39972
72133
568
33453
68631
12717
55062
24328
32334
87303
49487
51614
88240
77099
69967
38008
94974
10532
41466
27246
78903
6112
9455
92060
78158
65923
15572
17411
7741
85397
56133
54552
12120
45929
61144
55850
8647
24545
82525
18645
16785
2098
73847
50524
43225
96413
78779
24120
61697
59960
8697
12209
63980
37357
50130
44784
79689
99317
32851
31051
39824
29241
62498
40399
82179
50509
54814
14114
40030
70913
16464
58000
37925
99896
53241
65008
30225
24518
62935
5868
37956
83962
44461
47577
79801
14354
72757
43963
52586
4550
27103
42199
89767
18125
8162
53998
79983
95956
12705
80224
91945
71380
9366
37859
97410
59986
61785
71932
72418
49047
18191
42584
1882
34826
35753
9323
66464
66776
17606
35136
61603
7660
83074
97565
11763
921
56562
37196
22429
39572
78678
57532
92883
19067
18676
74626
12264
21309
87659
36427
50616
21007
69560
53195
58235
45754
44470
7335
15311
90329
17813
11043
89747
31897
3218
22341
37494
48774
89974
59291
18546
80295
49262
93016
17021
24703
65902
26327
69353
41977
13429
77644
19977
53774
21060
76211
76342
47485
49627
27481
40634
55388
51602
49948
62659
13187
29303
61031
48287
65767
75040
90243
69577
18843
27597
64785
78380
92924
59840
92025
35649
65649
44909
79670
78971
47704
44479
81020
83737
8375
29453
63641
25585
86155
11209
66846
26254
90338
4961
78564
9141
80195
8159
76934
260
50421
89909
49199
24290
72602
49946
60548
43678
79434
9537
23503
13800
72721
14799
46042
9923
96760
88962
49303
99730
70589
2136
42357
68143
19917
52542
68074
60043
84741
51803
17450
39395
84727
20498
85806
84295
89022
44006
75203
81760
73359
21419
63807
16390
38124
52339
68499
61198
75539
72625
79950
96171
20698
25427
59197
99817
28962
61143
75052
87953
3875
98942
48001
74075
13320
44324
53635
96770
60209
55092
50751
47051
99835
29119
19380
53624
6498
58302
20870
25528
30094
17561
71302
69602
78198
83583
14437
61539
79284
61202
87039
4368
27938
17745
54345
67218
57290
54610
95921
17278
81341
40650
12133
39602
96198
20202
17211
99049
81607
24036
53606
3761
92416
9531
47635
2471
66910
35012
37560
93832
90753
79548
68216
80404
19511
87024
38308
83965
88153
99125
61433
10196
39364
27844
84236
18543
29063
17266
6940
3902
15791
73327
87793
17771
18001
83982
44843
78408
65557
2552
26817
37195
86264
78890
79826
23449
86318
49846
65893
73984
21048
52418
46015
87144
87269
62061
76985
75866
87320
9274
54771
94539
42715
39654
8910
80144
46967
5848
69174
42278
59889
35050
73260
80013
64484
13197
8529
23120
75753
8387
52116
52217
55474
3619
52175
36481
35333
62760
86158
94932
48600
89244
14332
53868
71645
94386
25749
90608
36282
58184
772
45468
16095
96525
76929
45165
47771
11021
90436
79406
95106
24117
63637
73685
95665
57517
38037
17379
12224
40571
31967
98543
12807
3562
31907
21510
31141
10079
86453
75683
13930
12633
26606
22838
6829
5706
2370
94537
20852
79515
30760
24939
63462
40759
49913
39066
98807
6754
35622
35589
18967
24076
1876
7852
68098
72112
95255
24520
11203
25882
78438
80269
4331
33827
2701
62368
75940
47579
53866
55892
31483
41900
79603
20506
94627
86320
51636
45119
12657
74641
36573
48450
18297
19461
64396
18091
47889
88427
73128
95456
23243
73291
90211
12777
57133
26157
60973
61666
41068
75432
36147
81311
14634
21017
77842
25325
72343
14144
76503
10783
33795
64972
64933
65876
2354
37081
12964
75054
60901
97272
28189
2173
74764
65513
80027
27792
77511
55837
78463
19982
73864
1824
74558
99984
99931
73526
46407
74861
31372
59626
78890
86511
19004
58067
43717
6914
26348
28432
17965
7915
48616
34116
64230
10530
95848
7780
83044
93812
15937
75808
88164
62596
14347
74423
3220
87316
59960
35704
65073
83484
7463
42940
26372
49450
4062
63466
69823
27752
13413
73948
86275
85452
82179
89316
72516
91430
85812
85514
28549
88452
34887
17988
73048
23402
80051
8578
43816
21763
36554
2440
96100
24404
85700
79101
14871
84432
3784
9841
26137
77704
71890
19809
69354
75350
51144
45237
83423
75679
53996
12165
70756
76377
53377
13276
26042
59513
94559
55604
40380
26790
43278
75705
9986
27101
43701
35610
96897
97400
52821
85907
15570
52803
11951
4500
4433
11462
87648
57283
70959
66449
33585
98043
87058
81878
83362
12950
48319
62251
37250
78433
31391
32808
71387
46675
37213
347
97098
89077
93404
68686
90978
95034
75145
35839
96078
25102
58425
5487
24046
51548
55689
2466
57258
99586
5243
25158
41338
2412
66820
27457
39690
46214
44741
12974
26274
11747
65477
92489
24441
90492
51457
87364
29475
74530
48878
11259
4268
68860
3771
26179
77583
24693
52490
57271
30482
23836
35863
41109
8021
81372
85474
28977
64147
31829
65132
87943
67680
76892
46180
71900
34492
17792
53456
65776
753
90707
16728
88662
8984
46452
68591
38793
64632
25217
36682
19583
62925
58143
16957
69799
10311
86567
90880
93886
85266
12602
33083
45421
70289
6234
16641
2025
67070
76864
80509
60064
35432
15368
61943
39852
23565
80792
29380
29379
94676
88113
48595
60264
40821
11163
45157
66699
36327
41292
77200
40563
97846
48532
73286
62836
81975
58307
46460
69745
59725
32190
92048
39172
75930
41621
47106
51108
88660
6751
53914
24651
8694
88135
5160
98146
3442
61943
74356
35462
32853
97911
63634
8100
76886
38555
37222
57411
11651
90023
46354
96438
64000
14835
95217
60450
25691
4696
34984
38259
69984
86788
90343
6278
2162
39731
35067
32162
52600
36106
63530
96258
5702
12501
33848
13418
27008
38408
4009
62462
21150
60121
67305
48793
7545
27114
20648
49558
57898
99952
96446
20173
44594
79417
6874
3607
478
28538
54620
22063
3898
30498
11474
13908
92054
98094
64510
92403
4996
73388
64425
18129
12769
26370
52597
20973
6883
41016
81784
66705
52289
72089
55600
13613
62325
1103
12
43713
84176
27067
84670
27640
96468
71417
38787
74232
86399
42645
7167
27318
42464
20586
7698
11369
6139
55901
63656
49961
5129
49935
74054
45585
82593
43697
46266
11911
39704
39158
63707
70352
38243
56062
44430
75802
6520
2624
33720
86597
57386
95659
62428
53636
18828
56202
72980
23556
72589
64561
2161
92603
72552
62519
77839
30863
26256
14113
41039
81125
63359
54586
28689
17436
57959
56256
88751
63987
7096
47904
71459
92519
30955
68824
89761
6273
58481
84462
2343
86547
68951
99833
57340
2219
20502
8561
26735
63188
72591
48939
65504
58418
5984
47932
42481
31484
68263
21967
75821
24978
65139
16736
10030
17981
3147
99761
20037
1681
99902
52778
63363
94421
93820
27469
33829
51199
97073
21848
22981
82881
93125
7056
72927
87719
10066
32961
49621
9699
64340
32100
20500
59921
35319
5565
72592
7825
16571
95762
50385
92085
92346
20297
3503
70726
95626
63001
66896
99918
83170
5270
70461
47488
94550
74799
98417
895
75839
27118
39535
65691
86869
81299
67811
70798
42900
8275
83660
21026
86756
28660
70924
5577
56521
82501
61662
92345
77709
7660
14728
77777
12559
11682
12802
30492
46404
73278
92189
72335
87472
5435
81103
86349
2549
18370
74637
97767
70532
42203
2681
56884
73407
80299
55428
84708
30384
91472
73611
79400
14273
88527
68424
64189
28872
54849
81878
25428
47800
85720
15417
35933
82478
67215
20958
5170
16299
89628
54252
86007
62398
25248
61615
86248
13147
39348
39787
24355
30287
5148
1258
86495
76072
96844
13203
88723
31097
73906
90940
49661
19112
22517
96711
50770
38621
48720
28556
98947
35755
82528
36175
26029
13808
33346
71625
13108
84308
68050
86753
72330
4983
42351
73361
85740
57243
38927
71800
72264
82527
90011
7913
78183
76761
43858
76114
74132
83376
95032
81641
11681
26923
98887
24986
80478
943
4188
92223
48449
17790
30746
96243
16800
15781
76604
7367
47259
38104
40861
4279
7476
26629
99373
64434
41202
95148
14212
82699
36873
63731
6768
57013
72698
86367
21182
49921
41824
41518
65724
87095
84809
22838
70351
5382
83178
94973
26037
51615
79937
78498
98255
63603
43137
85052
16725
38746
25987
63357
27728
21313
92173
65718
25597
8131
16672
55168
54096
23202
60577
79291
74189
2381
5448
59464
4015
25810
31770
57388
42940
68775
90469
27829
95183
10126
23767
23419
50037
39808
1389
65898
56849
56457
46332
13666
59102
67972
18234
65453
38033
68224
90253
93408
73494
88170
39538
48904
24426
89025
97459
97791
38065
85883
53399
26086
20708
43014
16832
16350
99784
87744
101
44904
67393
52591
37049
90920
87230
54166
39661
93654
66216
33163
72784
90709
99481
20498
50254
92689
40422
96689
43997
63395
38316
72791
10907
26826
46835
88462
17289
30722
48284
78868
37019
62402
85256
68953
96558
29503
17820
69969
26891
51104
7123
90451
7820
47204
5956
62325
43031
88943
95189
88932
38543
19415
14636
44114
83221
48637
18014
32230
35710
11553
22449
40381
67459
32159
3777
87619
49296
98940
93263
43696
60135
21103
97897
27731
99496
45996
73336
79840
62023
96462
48721
12441
49364
34264
84530
91706
2034
36213
60023
44448
57189
44344
80737
38138
37466
59600
96738
56718
30383
56098
3100
45053
94100
88509
37720
868
97426
46119
48323
93254
61371
78527
68126
69404
91793
49667
23898
84743
72357
73016
60564
78472
54781
57083
8006
62447
92125
35379
16713
79018
57920
96074
83019
35281
57838
908
97737
30141
8098
42252
50404
3011
51588
55629
56811
65127
30106
29503
10827
90886
16489
82530
14869
1558
76504
25829
17066
95013
68457
44513
14163
66958
38426
47896
46968
9995
64456
1857
69950
83336
70483
54207
9526
15965
18142
44814
46825
41111
14156
81387
61071
73916
84911
47274
7165
58214
50740
36308
2686
40221
33210
62632
85982
89365
59443
78280
64491
68555
28210
81997
27121
96767
57056
91061
52998
75309
73817
55532
93303
84167
17157
49527
17607
88602
51072
68693
27431
14680
62508
2321
52067
83356
65763
29020
89684
92242
52425
40875
33438
8737
48173
25018
89815
67151
5027
60930
88047
7288
71435
18329
18760
70529
31303
28904
93037
70393
97646
44621
84139
59939
44519
60130
38565
97478
90690
6684
32362
99152
21372
14844
80987
43603
12978
18015
89704
5691
93010
16536
13704
88459
89923
34090
21815
38358
72309
83211
85577
34750
43554
75272
72427
77564
15120
9839
27456
80053
38153
78585
73802
43001
27716
29674
92350
46691
65072
27466
16382
50535
97603
77785
82461
48566
34278
37666
73075
54755
46234
63315
45507
97630
4744
33815
54404
5306
13720
69679
86306
79427
13425
65277
31450
57479
28605
73656
36244
18332
53927
87294
59967
66202
51743
70293
2637
15254
27244
66346
25080
29493
44981
12072
93156
37962
1547
89786
74954
30629
16332
78549
99580
24858
93959
60447
11638
5762
43798
14467
25399
49473
6522
38321
36750
21795
49723
49177
60199
87014
52013
39745
77605
98835
43300
35674
72499
87685
24958
65591
38413
52533
15001
70816
62869
77750
13724
33192
82153
63594
2714
52567
81165
57897
10965
92089
4556
92805
92534
76515
15743
5782
83482
24940
78413
80540
36391
36972
58910
52833
61320
53555
85815
75914
96538
95028
36175
50641
5584
65511
85118
11165
66578
32412
77923
91785
52043
51960
21340
75556
61690
12885
7981
53438
60465
25706
43370
19090
9612
43858
52759
42421
17642
24198
6570
43173
75000
67238
83107
80303
96752
56122
71632
39077
63690
94536
9614
7256
49555
4774
78977
22403
64547
97695
89633
83624
53327
87088
47279
55173
85066
19068
5746
92300
58710
8346
16911
93282
21772
25837
66828
26977
44789
10946
29145
81928
33586
73248
81779
15528
27936
48745
26650
65519
99802
42234
17357
2429
28602
27707
78216
41321
80586
23445
92677
77075
84780
42187
54984
57225
48739
63501
82970
98735
14959
24404
26430
13101
10146
13610
88240
56300
83852
21299
35199
21507
83337
13913
96576
85506
79382
57069
10583
26658
76122
14323
52207
35322
43745
90376
66787
65436
87542
62825
283
33586
34264
43180
64726
20396
84741
98153
40604
61536
76125
29592
44276
45384
59616
95206
78978
97485
50864
29027
49488
52195
65229
64182
1331
85545
97192
14830
5338
3669
85588
7006
286
58092
17609
26073
40327
94760
21517
2037
66911
81574
95485
70175
47700
15668
70455
88886
74478
25281
75960
97189
31356
41379
47537
24001
91719
19935
48953
89370
62736
67045
83195
35453
73857
81896
28642
53724
1281
21703
86793
95386
37867
73239
41644
95445
8389
37356
46890
36167
91787
23092
44200
71076
14299
31746
74390
79225
97873
59303
59303
25952
29264
78181
89137
93661
40063
41907
69488
75308
74595
42044
66247
12890
33073
26172
92748
75744
57644
15548
42392
44372
93534
73061
98412
17315
29861
41063
26908
43124
85909
56850
32027
65965
22451
6889
99310
55478
23545
41678
53205
1304
43659
25409
59199
63639
32040
77164
2461
15558
20850
85660
67291
54252
3
53194
37670
12686
47489
54916
28010
68665
59959
36846
2781
75368
63662
2168
81498
51980
43382
42137
11441
22345
16777
89844
38112
65111
67559
81604
42824
86154
16905
67081
81230
46810
55062
44930
51112
13293
57010
43398
56992
89274
77361
19518
19197
15649
34873
15154
52021
21673
89223
73822
40221
33949
58286
31110
91512
29947
7214
15391
3837
13963
17757
19267
39138
36401
15089
27362
179
12921
46216
48192
86482
11246
93657
89216
28894
17308
38365
26802
24508
36590
99168
956
94394
26725
70550
30297
92666
93147
71274
66937
2993
90273
26234
18051
67556
10119
8763
66664
24543
34054
7554
77119
35878
22592
38461
42893
67216
3841
79070
14787
95054
32194
86806
71281
34695
23941
19793
63489
74246
60523
60134
10405
71981
21356
92996
93907
17374
98198
5983
41494
44468
68017
23525
5857
73512
95287
80578
95649
6582
88867
24568
4827
9552
83528
59404
92291
55251
55354
16413
60975
8121
13252
16718
4968
18095
39116
57098
79772
30922
50576
30979
13309
86093
21913
61161
89738
34736
72336
81204
59453
19265
86176
46789
51496
71651
93843
56296
93774
77330
46448
73604
4776
43019
64308
18057
10409
81529
84854
86893
14571
34514
27051
83745
59460
97046
25123
73549
10388
5209
96335
21502
93538
29755
397
22094
36168
88306
48360
97491
32447
92455
31000
44553
19585
11617
210
96505
19215
67649
35755
21318
97484
64447
46875
31633
64177
20085
61601
36611
61513
40162
81851
70771
59947
68241
8485
73625
48606
54516
32343
4941
54449
86676
67407
45419
73906
92642
3860
47561
85390
66260
32970
36145
36274
21526
38730
57603
27591
67272
24203
44877
56200
70358
73783
33423
10096
61856
8508
40443
99959
64407
92036
45714
50009
991
77251
7742
55421
70617
2895
43449
81071
23881
48527
85384
11546
54808
14482
58037
2770
88431
84408
75820
94664
49222
43120
9832
9275
65857
52400
47270
33102
34468
67662
48384
23795
81286
31402
32258
8415
15693
12279
53680
55810
73283
19563
82897
54581
46226
31373
32930
30661
11628
31018
84204
94608
61314
73182
25557
12556
94085
35609
79640
89972
69759
32628
51755
40719
67862
31579
41841
72298
71512
30866
12915
88284
94010
5249
37148
20360
74741
41148
40705
29351
89484
15352
96811
86402
80707
79548
66606
19704
78461
56420
85476
16261
41427
62979
30136
20026
93188
40720
46332
37099
84976
55625
57679
65683
63967
7796
54444
92419
57329
25519
27467
28112
12874
5779
65665
40821
38351
69581
56341
48328
35074
14500
37154
75815
59024
65344
17553
35929
46744
60072
25376
81153
16542
12230
56556
48965
79202
27174
88735
90388
40775
19892
82135
62739
38592
80450
64773
73266
63775
96793
31704
5101
14143
77258
42589
83722
27956
77003
20597
31029
97001
25773
97323
62612
5261
1910
22219
30110
58383
48376
85820
69326
17487
97484
10474
49587
3446
19766
15547
77529
14665
8601
42255
22187
1766
79558
96408
9835
50877
82921
68666
8722
46652
26637
9684
48697
84634
39039
50469
7078
32138
38310
65409
83010
2490
26990
69986
11210
75375
85807
29770
39418
59748
83052
16294
30354
3429
46701
90420
92289
66761
31306
13685
85982
98171
30930
51505
24541
80370
19685
21474
64143
74032
52851
28560
26436
87779
72528
80382
3284
48022
14989
73688
7465
68890
34307
33560
93268
36069
7159
93923
96858
38151
48119
39544
86130
27703
48918
51282
46933
72604
62377
30137
79265
14147
68568
84019
77270
67102
60161
14645
60979
97013
51937
77842
30397
89246
38567
76395
2683
28675
85025
49537
32739
68625
41152
86759
63443
31762
35070
7737
34278
37654
38963
55126
6362
54638
29155
38642
68996
156
68721
28910
39453
70433
57138
2708
68857
53444
21517
16939
87617
57287
53469
91665
96796
82767
20488
46318
2447
82421
98313
61467
22659
16070
61669
60583
67163
76425
1608
86464
62761
57998
99731
10357
74870
8949
96095
37423
11112
98717
55829
4398
87989
66360
39785
55905
66500
58801
82798
2977
75429
67193
20663
66327
8214
74279
18636
65780
68818
94339
45112
29110
78110
52199
83080
3002
46515
22173
12561
79847
56328
99284
77069
33007
63185
98202
81583
7
57258
96928
20712
41646
88364
87247
65517
81138
46559
53453
97155
97341
25555
9943
21937
77150
67946
77844
45673
83912
60421
46570
7743
84492
58862
20690
1641
34416
98874
18169
88778
96103
43439
46259
25260
15176
69186
70734
41056
31926
38549
56814
45304
92006
38993
89607
77315
9466
20495
58623
11551
61998
64130
76525
7861
40116
27635
98201
952
59938
7333
88916
69614
7621
68454
53342
28065
48482
91694
98981
17439
54700
70333
69413
16198
38967
71865
20943
39894
34213
99951
97353
64854
717
16158
30215
11681
45893
59396
50133
69072
94506
23230
77218
50428
93080
38256
98658
63587
55054
33731
70775
99574
31354
96202
22129
8057
59647
65550
53821
74388
32968
70763
22429
61836
59057
525
76436
66623
29996
2487
88138
25253
35069
54329
41849
62083
50936
2377
43567
35330
66558
23831
21645
56059
92510
34872
45198
51049
61948
81494
19335
61569
19501
30445
6553
8777
24278
27344
16433
59180
76268
80467
93373
45151
40928
88880
49726
2059
28446
47097
41818
85645
45302
43594
31267
6151
63623
80520
87114
6051
59732
42883
2561
34353
89674
19135
24409
32652
39177
36200
25911
86561
77589
29088
38754
86287
62143
71287
26771
79560
95823
79493
68744
69800
87669
39135
30321
47827
5070
62052
43632
87032
28449
16524
55068
52487
43500
85610
38767
21179
43473
18886
64650
20417
91353
32364
54436
22980
98222
98622
858
27229
34574
10522
32092
77377
2148
10666
66290
81675
90960
76780
77780
27234
33361
31826
94363
70967
29156
77688
40713
46628
23348
62381
67632
18637
49750
46126
25796
54762
61630
87592
60089
61960
99463
10210
94909
83417
91272
32538
28928
69450
30398
8276
45865
65213
88907
51282
28096
46230
19596
92680
44436
89054
88154
62782
83053
36982
69791
42956
73084
57115
59208
24778
95232
25310
61026
86816
23912
66432
34480
58286
72029
74118
87973
80934
21687
24984
27202
76584
54398
51281
14023
32363
15833
48381
28213
21239
54122
66654
23284
80902
61021
74422
81645
15067
32478
21899
17900
90908
19346
77972
74494
24725
91675
11580
13989
47318
5554
46093
16612
96885
22560
4689
77228
88212
48069
50175
94403
64408
40165
98081
764
4341
31920
90733
86437
913
98084
42647
5373
36097
9285
31048
15835
97781
44871
55642
96412
71834
62071
454
33422
43993
52854
763
47002
38505
5859
59800
2717
84909
12406
16474
2653
87749
79660
81598
69925
53754
98221
20895
40070
87062
98761
86331
6721
80390
33297
30806
38250
39780
92990
56932
14799
63770
28777
65035
38183
79994
21044
95205
47781
62772
55249
53599
69486
81930
99966
2301
85626
19202
46288
37823
48896
13978
94188
56676
29638
38250
73205
68552
6046
39847
17773
2268
42486
96082
97877
70204
67653
9754
87139
9613
36186
84226
66490
89443
41417
17969
64000
17958
21765
32864
62155
2873
32552
50092
69050
18678
54232
33156
17244
22155
34737
65006
3898
13778
44583
6613
88264
59209
66599
5252
52833
39537
15795
84079
17318
4735
74311
54301
29849
75405
85753
60505
74674
5742
81248
72146
86899
86699
71297
85618
46450
65848
15130
77310
92730
92664
14363
89791
33205
41985
4863
57086
27387
17525
8532
57274
3271
54950
62380
44162
48859
21346
83660
62378
72380
69053
72538
20290
76023
73450
12325
49025
15132
51686
84059
56857
67754
36111
48583
49792
48839
98495
79262
24153
37340
27459
42880
26164
88781
69542
42616
51895
69253
88612
32393
10560
16749
21865
35354
69269
38661
23308
64532
46872
80410
74553
70354
39722
65688
432
72577
23683
35203
87788
42182
58777
77142
38378
99270
84817
90518
46976
69520
74491
453
80311
85195
8499
8408
23582
36186
82345
15537
60633
53427
57402
34024
6144
62668
30436
63712
3292
65045
57358
35128
99976
33858
96879
29321
76546
82229
30632
19266
80067
16414
25473
41504
65689
93016
40426
21746
74039
4870
24693
8914
83517
41207
13659
55119
17832
88464
32270
88171
14582
30368
75752
16645
72631
94847
41806
15347
80487
48087
73629
34723
32609
84545
87342
90634
23419
17280
41646
27284
25348
93298
79669
94769
98238
62672
21878
23708
76238
88259
42981
47578
72846
20295
75599
15617
13516
97322
20206
20223
44721
3563
24047
78828
15008
21445
11608
20723
10027
17454
14531
45765
66393
15497
2347
37437
12378
76933
1421
19574
90306
4895
13059
83303
91287
30276
25881
81710
62696
1319
45097
12400
15948
3943
54316
68018
63597
32067
45412
69751
1845
7129
95699
45497
73338
79988
89677
53311
70158
28752
34070
14147
64032
33532
21944
63574
85446
47819
87101
1573
94058
33358
34821
54862
3501
78189
37749
51295
38982
85606
10052
16617
63058
95782
13766
3833
36400
87120
75599
32371
26062
72798
11268
74588
18199
45918
50639
98004
882
97767
97936
58920
76231
16090
459
57398
83118
26434
6658
69265
84779
46846
73545
44722
59054
77496
91188
37589
64585
18842
26619
88775
23655
51124
94717
20042
59384
54580
18945
57301
57435
26828
24093
46843
15348
67371
69838
59057
12101
22289
65330
73164
34285
57546
33632
74094
54752
27574
49098
50741
17482
95189
18354
60925
85332
6071
91942
71264
11607
75150
6957
43126
97443
81201
63836
8626
47610
68876
13561
23409
86804
78483
29276
11804
27653
79644
53239
36550
88621
16251
35140
50683
91560
43572
7630
87365
42808
41347
77969
302
81763
8643
58972
7583
84166
8405
7237
12392
38310
76125
85619
6051
60300
70402
2097
48907
67863
19346
89055
78204
20336
41074
31145
81849
28382
13101
43858
9783
84054
87941
11953
82404
78479
84864
79105
97171
64638
75159
19434
43951
60636
28965
79008
15044
12042
36259
29944
86099
80034
61026
4524
80919
50269
13969
15653
55684
46517
21507
26306
15743
62634
89742
96819
77301
6906
30206
63258
50886
33246
97942
91811
43097
47215
78557
36210
15482
37837
77596
51497
50713
47327
98460
36941
24122
16267
76863
80706
6885
84919
11316
97297
45472
4698
27292
95678
68794
38437
20848
32680
81821
16136
41677
50107
69107
59622
23228
53984
16368
74431
36245
65109
65919
66945
73957
7123
47377
32587
29916
87318
20491
7800
88107
71489
9405
99996
42559
89557
98507
70357
64854
31112
38972
8661
87210
44157
12475
47929
35994
12216
80819
30020
78262
43544
93981
2280
13443
50442
3858
85364
73902
80152
33266
7408
48665
51959
16382
11538
69873
48469
98138
73991
26771
44887
33294
91152
68944
26979
48180
24801
58014
58509
23788
34690
76294
63372
32894
75833
53290
28896
2039
70603
32883
83136
2982
66807
93702
26702
33396
71620
64604
37028
53483
31340
91549
31812
91976
97307
82835
98492
16308
97458
58985
15043
49891
69801
46126
959
56364
98918
12245
26053
1388
56805
22291
97013
50197
34161
38401
69154
5645
76153
7409
63624
95996
84088
29731
17770
17342
74985
39131
41948
97586
2638
3123
9127
50357
33226
61790
83001
68240
7697
99347
736
17630
90531
60095
63946
82537
20337
2940
9498
16404
37188
60246
65411
98615
59126
51773
13419
75955
34190
4967
64528
32925
25577
51056
82878
67939
38701
53939
67599
50395
66524
61267
42466
88291
80575
93298
4685
28080
16851
90815
74269
56996
7363
78654
71342
42249
39095
76271
81731
9884
69379
5512
48780
87914
87049
9096
68661
5218
68050
25556
78766
19285
32258
22847
32320
26394
48126
41071
32501
38461
32214
2615
75255
33789
24019
56745
41501
23063
65157
64086
22851
55132
73984
44050
60443
76685
40171
16088
37585
73598
74874
52017
78041
79017
10621
90372
80900
74943
30987
30349
21765
32756
79753
30144
38379
24558
81616
15176
49545
18292
89930
18883
95887
46832
35052
50562
96044
57719
37366
53872
14919
5694
97137
23842
37427
41819
48019
42134
58429
90367
84350
24001
35225
10795
59593
29331
94266
73421
2974
33572
87840
7867
32934
91632
24356
33825
66207
95082
44864
66724
23259
519
69863
6381
86835
77849
11368
17854
96430
78830
30853
13651
60693
98283
5259
69545
83042
7423
2366
87982
2630
67184
82008
91838
28845
1189
73836
1296
80003
78119
97764
34961
49863
71206
17832
9027
85250
39336
57228
90980
22604
87108
8456
25521
78964
62512
81407
40223
19361
17529
48094
58788
75149
43096
37344
76817
73742
37170
87442
28196
86718
79564
48952
44468
24087
12404
36777
47731
41166
92632
2045
54493
14006
4922
69556
99108
78016
39036
38671
22450
10731
83902
62526
70743
23420
75734
20825
8145
71252
79311
66784
60660
49055
51015
10063
57202
1799
75394
67275
34771
30132
12358
67338
87329
82779
27345
36672
69976
8565
25480
20931
43313
93321
89025
88471
54440
9326
64425
73522
89637
64867
34239
40331
8647
22842
57167
78902
6075
524
99938
95697
31438
27633
52414
10569
51689
94848
45418
31102
48626
34207
63494
13921
16162
18539
23087
37773
72227
16833
21171
57005
22231
8126
11537
2614
54240
82749
64053
50076
41337
77946
26905
84065
45401
20949
64288
76152
70665
93939
71372
31467
51425
14301
97483
7668
93437
41677
68804
82325
17720
43427
50422
98293
92871
8508
9529
94476
9469
7793
74339
18590
94254
92905
59491
58851
7627
68158
22492
94625
97963
52596
74697
8390
33561
27390
74709
47775
67020
39328
7675
68622
41126
44153
74144
34119
38121
10104
69282
7418
20357
76360
65745
81471
72773
31724
31655
41705
46325
49858
41630
99689
13042
24023
58158
10110
56940
27765
65261
26680
37054
30270
49961
2581
89180
72049
68215
40305
28916
94535
30435
84629
43593
95848
66518
89337
81886
17759
41511
71900
6613
3358
45542
44777
80995
105
716
18717
59676
31484
2608
15624
18750
89485
24335
36746
27802
73933
36928
74611
27789
15152
93688
73241
65514
33743
3768
14751
3536
19393
72252
91128
36842
80022
60470
87395
97144
35860
49903
20029
64533
50000
4051
62670
4243
96884
71862
44438
45767
23648
61194
62701
87562
78745
26958
21028
97158
18054
42191
68099
86315
68229
74437
68209
83870
22403
11211
92148
72173
50323
14144
41121
12648
25346
88791
14626
55117
30563
82317
79531
65907
56548
57477
81609
49126
27326
99656
49261
65479
83179
37162
92895
60873
15197
32198
4668
31646
83093
70324
85410
56106
64543
45027
31933
63617
97848
75217
62165
5836
13341
65823
37656
62002
14829
27453
30223
45146
10469
35692
91104
6421
64228
91098
90121
25396
54271
53256
11429
72762
23403
60141
50428
52343
30458
60538
33441
62622
55054
4216
5586
47092
6593
54542
63745
85923
10501
16047
36038
87231
9013
87873
46788
33712
54157
4999
16205
5696
97671
68527
62535
15658
92937
97484
46131
2000
6099
37035
39138
18174
30656
62011
34108
4825
37428
63160
23150
4103
27502
37557
64637
42784
55086
91114
76277
15790
41845
89784
10243
95733
98250
81413
29449
83961
8295
55075
27582
76547
40587
61170
95755
85719
88485
73627
81032
2003
40244
76496
76548
43341
1741
85451
70849
69432
68745
39463
71036
26339
58915
7073
47737
21698
22645
849
42075
19094
64741
3038
76107
36665
4717
21348
73122
98723
25870
69675
86236
45983
56248
98671
62561
41326
52694
59021
91763
58059
97014
17768
2532
12086
65269
98527
64130
42366
20174
24737
93501
4947
14504
54273
51696
42021
6063
25705
7090
18094
93414
86955
4121
18503
82706
60624
14562
77276
35774
36890
98385
59527
26961
38844
35635
3043
21277
79316
91368
38811
48423
79478
88089
21007
75393
22490
29249
52855
55284
87704
96483
52012
44473
90091
23018
11039
57787
70201
37109
91488
3397
44697
25941
4632
1373
25066
30309
20862
75320
7308
49900
83869
89344
66692
77001
32256
70726
47145
23270
27780
645
48843
79214
45521
76320
67601
26772
11646
63261
60714
85661
50480
27870
87352
71339
41841
73170
24349
53660
5994
44359
98870
46555
26745
60249
2311
52719
18891
97254
1291
18543
31220
33064
95174
81345
5268
2734
9413
50737
70951
10681
73398
57602
33947
40686
31444
2758
26222
57440
1507
99531
69254
9694
24768
63979
96142
8732
6755
9098
52673
58181
85811
11186
22678
44617
11379
8387
2843
9919
17363
13965
8985
3505
88525
91741
21268
88367
85714
43859
71905
50543
15735
1173
48168
57211
256
43006
41647
91825
61053
15883
94966
67839
80118
24475
24375
15687
61369
36264
74574
17421
13226
73344
45194
32025
2733
12117
90646
63054
51261
25025
68625
37463
1818
134
74162
86266
70759
58460
41344
56123
40219
79782
43586
19224
6316
34948
53377
38055
76927
26339
49885
45769
29942
48177
62005
38341
2581
27496
24741
22062
57660
35116
86797
10090
3744
41998
63092
64690
13988
54456
47505
25550
19136
15681
46816
83464
52848
21170
53276
15519
67031
42865
22927
44880
88148
8513
16311
93808
11275
66353
21604
77695
67172
44469
29690
6153
79524
64636
82064
45142
11674
32881
8807
3250
53639
4951
75922
1459
18170
14939
56984
34417
34282
6161
5213
48207
23814
39906
51792
73891
42882
8830
77942
4212
14032
41585
24545
65236
14384
75646
99405
74192
74367
11869
28840
29618
18669
56288
26649
94322
18782
21960
71963
53465
63185
77034
96135
27895
8895
30768
22479
22910
84025
26962
3652
39798
54006
37619
30048
17503
78011
61604
50957
46432
35380
34142
4217
43495
81560
76253
94647
65362
82991
18707
20649
43966
25692
20000
25347
7516
69355
48533
39308
94113
40455
53772
22965
16538
26730
606
82954
67087
81061
8681
47176
90920
34946
67829
59756
45168
35887
41490
71362
1706
12306
39049
4593
57596
60125
81262
18245
56601
46812
37748
72512
7073
35974
91059
147
93764
81197
80863
99039
37941
17101
40005
95599
87675
9782
28492
50613
42296
95810
17628
30220
17278
7241
63044
66546
25151
33624
97895
51927
32392
63941
7721
58745
60633
77322
37217
1182
90028
55143
79817
88818
41655
48827
24910
18466
58891
90200
87133
38215
43638
12620
4472
69512
58731
38192
84113
73794
24438
20105
1472
51672
72902
47010
79472
23463
11605
65594
33527
81461
31050
65192
74075
79796
92706
49294
72782
33504
4060
64847
96388
37483
81492
24680
95130
19036
45980
17919
47588
92689
91415
20369
95825
28098
18157
55353
65238
56649
61823
11505
23989
42230
10321
61930
7051
85881
57649
44530
16240
8175
15089
46305
94472
80046
86802
64001
22658
44169
32872
50795
25798
48097
3025
44692
69192
97372
78637
51080
91829
16918
63648
97622
584
23839
21144
14411
88477
53114
94902
73906
77839
92034
20975
77513
44559
56216
95514
12383
98841
66562
97577
49362
36469
28753
94399
37688
17728
64072
20560
10510
23851
48069
46112
14918
27029
8672
83073
62860
42485
16986
17127
70571
56142
27968
43502
26625
68098
26645
37536
49658
99063
22082
52712
61435
29552
99051
18507
78960
38466
11202
5595
69259
44802
18360
11539
29668
10843
64602
5068
25238
82404
90248
31081
88485
91155
805
96548
45121
40310
55825
55086
2607
99447
93860
72142
87015
39972
49532
29308
53638
83808
48657
92875
32188
82018
77108
61597
84799
80796
37598
92338
28020
8717
33663
41303
33088
15492
61385
3873
71166
70304
79100
1977
37257
70546
96818
91091
34277
83294
57670
98746
36950
3916
97862
17542
1381
92280
5905
61187
82717
50034
65685
98816
28772
98497
50384
77519
19968
40380
30855
84179
48625
92188
57814
93829
14004
26575
82760
71236
62814
62338
60804
95067
38937
51447
59674
93031
41789
36107
21969
1514
17877
92728
83630
88984
89681
41120
45387
38710
65585
73452
98267
45392
80941
28673
88444
17533
60582
91363
40951
33437
17692
8434
9332
73718
21148
14257
1731
61872
41647
10837
76128
89544
67234
7876
3478
74719
11462
10903
74469
93037
54289
17475
85641
27037
43679
89774
11005
31150
40277
90475
62444
59526
58852
1144
56673
51413
61995
51996
33824
42326
96296
22253
36205
57760
94583
46532
32755
43252
82156
80164
28266
64868
38064
5956
41739
40996
71642
53005
95841
3674
2451
84060
9309
17435
92083
21230
61799
2136
77958
23838
68372
24569
84385
88864
65273
48915
56713
75392
76051
64190
78889
81058
16500
59267
53846
23508
71626
52401
50666
53741
15047
66882
77346
3724
82430
96694
32930
4062
66086
29273
48189
56845
16719
50900
18488
22463
93916
94908
29341
98413
66563
88489
95783
76839
97963
60930
64688
95467
54336
17602
36295
78242
32378
31967
79184
83194
63728
44252
28067
11473
36802
59138
1478
37179
23493
45052
38141
4685
44637
67415
31514
99595
21702
50207
5562
17741
14756
13200
74484
93076
7561
29332
37451
8743
38140
77537
90583
3386
81047
61304
66094
50903
90003
39714
1851
66952
56442
45935
53565
53577
25013
31013
50957
10505
75724
8221
65757
89577
36346
50992
27801
32816
23325
25222
71610
5419
54187
79132
572
6942
57615
47973
23862
52862
17675
75510
36630
54181
30153
7995
93461
47486
69299
88136
95187
90148
7917
640
36330
56801
90220
77306
10235
28933
33225
11500
57824
11949
72669
46734
9037
44407
42296
99457
4902
34842
8708
62556
38482
92541
93076
29799
82314
40078
95132
77449
30368
79917
73918
99102
53362
91350
79966
99075
8393
78423
7628
44084
33900
88792
28121
4003
63249
45793
93379
49742
37613
75332
73791
27072
37892
46128
33645
62370
43394
11650
8866
6473
88022
18817
50728
96218
80604
59754
25621
93949
97655
23638
29149
16702
14862
84486
61519
72188
55352
821
29544
10220
85997
75070
10086
41824
46371
84278
6106
51054
50536
6014
28596
4292
21909
81243
6120
66398
45779
13735
28737
32378
40547
34016
40627
40
5531
90554
43055
74062
39208
52149
61434
69721
87109
7892
5203
2866
12166
16243
55165
26476
74607
6405
89365
99953
34593
14301
71985
80743
92843
29391
3494
4384
75497
81136
49395
80413
50965
73012
87437
2675
67821
98186
82810
48449
50212
34353
54123
91774
31303
57642
83667
65553
25791
48735
93927
19035
57020
57411
17817
70360
65655
1920
77447
20394
92918
19190
50444
37802
63236
44643
38419
42654
85487
34796
22142
12138
21485
3812
24052
60028
40027
19654
57745
18543
31698
17844
45130
67330
82274
29439
46940
82880
53597
90571
49729
59855
41275
18856
1079
86136
31878
80580
11073
21485
6778
69731
38639
49226
61276
74638
18903
70274
11387
28430
87743
10080
24015
73675
62472
37000
66328
36740
47365
21003
36421
20811
51824
51417
64458
29070
72204
50172
9788
57956
74795
54515
26693
31028
93198
368
38441
8291
36216
1115
10478
78335
4578
24588
14501
63208
1701
74671
67537
33809
67377
67206
65404
7020
13518
76961
87333
86844
88390
42011
43241
35599
6815
44295
93177
41236
60106
30319
55421
15369
91078
96028
57239
92167
76228
87745
68022
63680
26311
7036
69443
1131
51184
81645
24285
92086
63169
6111
89693
52390
79552
5046
61461
62168
66334
56768
99475
39081
32442
95384
24817
11463
92085
31358
69657
73924
82446
12689
49540
15183
25221
5847
69765
34022
17364
10944
59284
58060
90630
99139
78212
38647
23006
99450
88959
31828
75289
43506
93121
86424
36194
34526
10333
75036
67376
38809
32187
43447
29042
94523
30726
36009
16451
18566
32194
11968
20708
13159
14302
71885
84023
38171
90160
6142
82044
13202
73992
54535
2748
71691
3186
52284
77067
20932
46154
31989
62698
93825
68271
71717
65109
44486
55172
82616
93008
98881
2968
78242
99850
71531
81565
59736
93385
91628
27496
28841
6351
83877
5111
71702
59295
79487
80038
29662
72453
71390
64595
13909
45396
97968
64761
73240
57980
38490
8340
17956
7294
39383
14299
1635
26182
69642
71157
43477
72813
78977
58424
2153
57493
69895
23577
64480
14165
50556
45427
3892
24149
33125
48478
91068
14523
89245
28308
18131
90158
32424
56956
58421
4294
47532
34435
11007
48207
25299
63448
84169
73286
46196
27926
20037
19303
68189
28628
71003
61799
30469
68144
97287
6193
20709
87207
67884
23499
17926
82727
52472
49244
21685
21867
45795
22319
66471
30653
51297
22630
39162
22747
61512
61976
53885
7225
87802
42794
83801
38859
12160
32562
87929
59534
59744
71406
2447
59943
50842
75600
5358
17739
90555
90627
59040
70290
74160
43511
63885
67393
77238
14335
9256
55362
52728
24332
25992
62487
34582
8251
16832
71500
2098
4335
53751
24562
48336
28886
44480
92483
7891
60321
23945
22913
11095
74551
57218
24279
90981
60116
62585
88105
59425
10744
75590
63774
48395
86394
40690
18422
505
91685
88461
92373
53316
68058
92065
50302
26121
84242
25346
4059
33855
12869
8466
61895
20766
58593
46533
49299
4354
14351
97986
63303
51850
39876
67240
77375
18373
94407
54447
35028
96409
81037
17294
83597
44439
29913
88987
96692
372
77046
7939
57968
40460
50110
71642
14031
30132
45373
36428
84084
4650
51404
48400
32448
19364
91712
52474
75130
55118
713
59771
69226
24585
26547
14661
15403
54146
60927
2000
96153
74640
75894
32036
54657
4319
52439
66952
5636
74868
9017
31712
51514
75604
3966
66779
45593
47224
21322
56372
6307
67399
93729
10683
96993
34463
16900
5578
1093
36245
76552
47352
4008
41358
16160
88970
85889
29849
49367
18154
4616
90368
86850
1771
29097
60890
64550
84066
65151
17915
39523
22384
29597
75320
86186
27448
55173
24738
75958
20064
97613
78078
16062
65724
31704
74445
6252
68675
67571
81735
9903
54007
35380
29316
18003
71185
69518
45790
42408
74930
71204
55543
51690
66329
85453
99261
83880
46787
25800
29898
46171
51035
81549
96369
50676
67630
68649
44778
19718
57146
40690
28321
69248
57985
93609
56704
45174
71283
82139
59585
55606
46921
44010
52991
21199
42873
99139
62932
21194
34984
45747
24657
51047
56598
84836
93911
90110
39370
45426
21342
44644
67186
49494
53423
99676
4317
25153
25487
75427
24231
88228
97890
53747
35741
14750
37077
12564
26923
14198
15275
50312
13927
49482
74011
45983
59163
5185
94125
79344
74894
9037
39771
70673
95013
54368
2735
50907
51497
91680
94586
18997
91513
27397
10900
98314
50926
90881
45717
33102
28185
12609
63823
44443
17203
40881
2395
87722
56446
30918
96142
46355
64297
81058
47404
11724
49494
10079
81336
68603
26348
1444
52760
44907
2408
60625
34260
18244
56232
2637
4813
27761
30474
13298
481
25130
81203
98774
52894
5288
88387
80417
15764
8757
80295
47570
74345
88435
2903
7063
43385
71391
39754
97821
25349
14745
48289
50998
79115
37070
35221
87409
71172
92903
13554
18633
99047
53982
27818
83354
39616
61427
2185
91029
56233
21311
80375
16579
11392
3117
48635
16365
69624
74283
61090
16593
40769
61424
14480
21525
4304
76447
17358
1081
58817
39609
32281
87691
47654
53941
51756
87675
93055
59385
35116
36044
64817
76089
81447
15409
51717
19017
89221
20392
42875
98685
13553
13098
5984
9365
51364
9401
26377
15143
14550
15580
84011
84038
54116
783
24812
47659
14722
8124
66599
97522
97703
28167
82615
56554
77765
99092
66293
47340
322
17452
73081
90253
43622
39711
3004
25182
73070
55129
36713
69792
48578
44148
80756
18431
75719
19672
40944
27760
71748
59265
12103
68289
92074
24967
56306
29262
14455
43601
39931
28012
63390
64723
17207
38653
45850
53133
33303
29167
73748
35900
36635
93460
78271
37970
95972
2448
28152
86655
36238
60270
44519
84324
85761
51149
94393
98816
97862
92143
47562
71549
97953
33828
43501
96634
49062
33236
63393
29354
26014
13832
88716
49365
47491
60506
25322
59991
44449
20825
59869
60985
7708
14836
39708
15045
54461
94456
15252
71062
20943
8530
49353
14522
91196
81107
58278
14694
61815
96132
29985
81662
96221
38308
9554
26497
38180
74965
21600
10936
79034
84402
21921
20152
24327
8058
87099
70865
77148
60762
85905
33186
53450
74255
108
95588
31484
35124
11518
49144
46866
35871
63163
55317
4725
57348
57569
96199
67734
26678
25438
16395
55331
59116
46279
47582
27519
63416
4540
517
2576
75004
52928
48881
67367
86037
88780
14505
69365
32007
7624
13908
99145
72696
69062
60037
6725
63083
37808
31266
52310
15674
5659
72768
84569
44773
9491
53371
43736
66262
62797
45506
48985
55836
33659
59269
68401
45555
69630
74879
55716
74451
53791
85616
35032
12996
91291
11008
7138
60405
19811
22381
10689
146
37973
71020
46383
99004
1298
41897
41501
78507
17238
26257
10967
77122
62310
94564
47723
83657
14150
28347
17088
97750
68627
99376
58016
22794
91498
17269
80334
43663
94368
20574
27455
46232
17511
26966
462
31293
61759
63532
5172
6540
50751
85090
1721
9393
18945
85675
52643
58814
37380
14489
54528
54745
44207
56884
85459
37286
82908
76091
46130
95417
62064
64720
90344
58676
82316
39081
80968
71239
14290
48743
57558
58786
17284
81292
94294
6995
25712
70180
46565
87418
38394
28024
17403
75076
51689
62865
1618
8754
44126
43029
39502
72731
11704
62316
95318
95059
75870
34813
34364
62118
4338
8803
74547
32887
20046
95793
84573
83680
84052
73996
54493
96602
14169
48984
90182
82425
45521
17139
74314
42781
938
17637
28642
63401
28307
19507
86518
71092
62534
3617
37570
48013
42104
51035
23518
11231
72323
31468
47326
17431
74084
67942
82784
65416
22527
99242
58165
21850
52306
23772
97347
83391
31539
80994
45991
34404
10661
44380
24110
13738
30486
4477
23910
88640
4045
58511
64186
78037
65577
50345
82458
78205
58263
69694
81244
61341
1316
16137
76679
13712
17209
83283
31107
44912
49726
94837
89859
44377
73638
60995
41716
99650
4478
5791
24726
9076
77447
54577
38342
18471
80299
33525
91525
92784
69374
42091
51229
12892
69978
31704
13443
2349
98623
97729
47999
35788
15452
61072
38703
20945
2984
86230
9877
44419
6739
16640
62643
123
55939
34446
67736
66372
40246
32409
65131
88415
46543
98550
45076
85182
18298
62184
43444
17894
25745
92142
50173
56772
88649
36011
44461
32033
26243
48262
94392
25524
79007
96272
21307
9165
55218
92226
77911
37960
79223
69943
9022
22161
4739
39399
56835
75906
39951
61901
87233
75339
83816
83711
24431
67026
25684
62136
84244
6806
10781
57305
4609
33130
27705
95106
53791
6668
98280
25069
70790
12856
83960
28343
82243
52524
5028
37474
31040
40097
13273
97831
21746
15248
8980
62862
80351
52159
32639
33751
2309
99090
19893
31150
89749
13274
27986
60146
89053
8171
40909
74616
5554
70158
85056
41510
72806
70557
23140
92914
71398
2013
60853
48158
12843
8224
82536
23598
2452
54782
62306
84851
25676
25196
26405
70446
82929
34850
34187
1387
7715
57774
90104
37277
77956
11906
11587
13102
68937
86064
63478
63336
24616
86376
46405
60358
95241
99875
52461
73235
47852
55573
57020
50223
20282
32046
46930
83914
16521
52150
14426
434
29764
355
50385
19014
21191
51180
87039
42548
64676
92626
88667
11887
67386
2155
42651
18140
43059
5902
36043
54547
40870
44748
39897
29032
27954
33706
95300
94651
3185
30802
2204
1658
13874
26873
83860
26372
17204
79339
6809
42714
5969
9380
14466
49734
44867
71226
5690
76593
83889
75011
79291
4357
72776
90793
89429
47883
44265
60059
98727
33206
41525
56689
71205
81863
18632
47551
76955
79077
55932
1150
92113
2836
67736
23282
40378
89635
52907
46133
26354
88830
69521
9535
34156
56003
16742
13764
53062
97990
90497
66969
38500
51554
36385
47138
10909
51591
45931
66879
52518
28825
34524
14622
13471
42798
60373
62186
95765
49563
90405
27637
46976
18550
58465
30381
97048
43346
45305
97515
62956
70277
73062
42426
36882
22641
10015
61209
58235
33929
99608
39747
57141
49176
31938
59466
72829
37717
220
3823
87685
21488
46140
9129
47478
10204
51318
23048
95992
52121
96550
3381
46200
20836
31236
88910
83430
61475
15029
58117
28467
57422
45861
39351
10042
51974
4478
46811
87653
74603
41526
76053
9429
66696
1771
85506
38968
51708
54393
5393
10122
68680
62000
74077
7007
51304
20440
98208
79479
80120
82558
63527
91548
28919
31651
44959
10730
33895
3910
24249
9765
27746
68148
38518
70306
35130
16729
89217
2327
26687
46400
34555
18406
50059
35384
14995
77438
70240
25047
33006
65053
93080
91118
86583
10939
72218
23654
16855
75482
18756
44537
26733
53078
99672
42879
97268
84631
20470
17890
58328
77863
98890
90133
16227
89367
75450
62351
70941
71123
79215
59995
23046
23751
75497
76045
51294
15663
21235
49699
95461
5843
34521
41013
64348
21251
96471
66068
76960
13459
68630
45372
11623
94092
18848
91425
98818
66537
21063
48976
83375
5750
98039
50894
99575
74165
26870
68551
1473
26626
70621
55111
65248
76464
8073
61117
97075
54014
6907
69497
31460
45168
65463
8788
97468
62428
85681
19738
80979
74249
25414
12235
10068
96140
12394
73034
6414
63248
66826
95876
43754
90492
41620
18262
12142
43516
19806
99161
73415
60686
86357
46022
16640
71183
69766
8640
92586
44348
97230
49656
44878
83657
43586
94080
58105
64150
79764
43316
98020
48633
14731
33160
16640
41010
1876
88671
4915
45173
90003
21211
64923
50073
47929
14113
35644
85772
60332
99602
28652
12828
50229
64249
3497
43731
67895
41399
61731
91240
63186
91859
73935
19751
33140
95284
56130
59047
50632
32214
70726
94234
38266
58170
53270
39737
4824
19146
75860
23182
24874
76681
38904
91578
29756
16061
77683
48115
95624
27737
66369
88320
97428
194
48181
83272
73562
3213
54315
23806
75531
30100
49588
51820
97302
1527
91435
42229
62438
65768
9959
43581
76354
23088
46108
27486
59747
5794
31858
20434
25261
31665
92572
77308
44254
97527
27231
45969
22715
22685
50246
99831
79356
40349
82356
50915
44831
66553
79022
23919
62617
4138
83532
20314
13624
15446
85390
63374
71548
33853
44440
93497
12225
28137
93903
18229
81976
79438
50741
69103
28001
50993
25947
28366
8200
13281
98558
94993
18963
86993
25658
67462
87108
46647
69937
25653
76439
82730
45883
82327
5698
21119
12699
57682
98038
99523
49681
25
81137
49224
18621
60559
37453
47
81477
41171
7185
65768
30892
96497
998
53899
22250
16370
18795
5361
91529
72064
30068
5140
40792
79949
83919
12777
11694
51711
74019
5940
28684
82604
44679
98788
21091
1694
14208
46552
48804
3002
57146
83823
27532
85577
81824
30446
47306
46998
88634
98619
27476
40952
6492
22157
66785
64928
53575
73892
14227
10489
10710
71085
46387
64395
46093
61422
31436
88709
43430
66530
27315
70490
34374
62509
37565
41491
80234
92300
9685
35255
39402
19680
14722
41034
63973
62768
59515
66508
9639
72088
66347
52825
30124
24131
7063
3752
37349
43207
79443
49651
29853
61974
22030
26421
11361
71867
62939
84537
79863
21587
75114
12232
90689
36768
33714
31215
47358
30298
61681
79089
83637
83403
14906
34752
45363
46021
91611
34590
26390
17458
76459
643
16573
56887
29559
21009
47813
10099
51939
28707
39982
18104
57566
73522
81477
70190
51270
95961
57066
47038
64162
35720
988
18293
24686
76797
72202
52904
66301
78465
43961
20912
11902
58097
2468
38802
48888
39039
26888
15922
37595
16757
93112
15765
64571
69261
7599
74935
62757
21437
44549
13908
2501
32931
63656
56063
77421
43387
6759
50989
75455
30052
94481
42542
8151
68630
5364
32852
27929
88105
80492
58322
46730
15969
76409
75912
20873
2602
11449
81061
16571
89940
16322
41444
5862
33990
61128
26581
49967
99876
25578
47744
38661
62406
57996
19521
16957
13389
81829
6586
5282
3515
94653
72620
78212
38315
78448
98347
16321
27233
59777
23326
6104
56735
36786
43801
39366
36241
45572
93434
62710
89313
57547
90509
47673
89729
27449
60822
5861
10234
86562
34619
66663
79411
10905
76568
47819
57286
67908
68204
31329
90643
67415
78381
25064
69633
15279
11103
93168
80174
86804
90098
61523
81471
45019
32478
47461
68860
84233
64520
72672
14239
25285
97674
17442
56378
42838
77595
7740
38430
87218
38722
77280
2133
75766
20859
25017
25729
82249
95032
84492
82053
64956
86739
83890
21908
21184
16604
92020
81028
40852
76348
94604
53544
51248
53084
18255
37543
19375
82318
59071
27045
21740
98010
17043
85366
62233
9991
17062
85060
56463
50942
57307
77388
2745
19720
41839
91495
40702
55660
28264
88153
69169
33969
19419
51480
35766
12477
76001
70284
91819
43493
48054
18237
80888
40342
8292
62936
25297
61332
26305
48805
71005
73303
25191
71160
49169
58732
69458
30877
64614
63127
62905
86745
30386
31498
46792
82592
43337
48797
38543
95855
26584
33928
98515
59963
55384
5407
78267
31417
58462
4147
93864
66624
12124
83406
57464
46283
66708
8369
41503
79471
61997
14954
58740
86123
67380
37997
19810
42445
54801
22387
49095
7169
78400
27532
59623
1064
67153
62108
59437
14385
85651
87442
33320
37092
16963
62155
93634
18790
98488
55682
78014
27068
98880
67660
37541
94431
39725
50709
51163
75012
54158
24895
38566
60858
32747
27106
82474
62273
57137
74281
82346
21839
75334
77027
94685
8015
18612
56816
80426
73866
73025
96617
70583
99154
55920
60920
1125
90345
16076
39201
71889
16777
44545
29659
43239
40649
94243
87326
30711
19200
28848
30187
66442
53499
8028
85088
83736
2638
90188
62021
49514
37961
88103
39451
2415
16139
72036
68421
27768
40691
59499
15025
29569
94003
81761
1817
7522
9967
51994
48431
50205
36962
33800
40205
10953
150
60441
69847
1310
48245
5037
23155
24631
57033
85913
86944
5527
36194
97940
39525
53178
10143
24957
8566
61359
29947
4429
65550
31293
93113
47569
1038
53610
72550
62606
64423
93094
30665
54234
44412
84536
47887
50535
66755
88584
47828
78243
22229
5764
13469
7137
49436
94468
95176
5103
38264
53305
81282
36838
41226
12784
29678
34535
95920
72647
42350
34812
44860
60598
49359
54343
52027
52713
47249
72149
5428
67487
59813
31629
14753
36460
43281
64712
95540
13508
40026
60665
86130
42264
30979
43284
26196
83490
65051
78167
12392
49845
51816
61211
20735
44314
51311
40135
14412
89780
12084
44917
55961
71045
50104
69109
48454
26535
29083
57918
1483
5624
86136
14493
3567
91447
396
48743
22267
86020
14259
44628
3196
48648
80244
33245
73309
83229
53161
81604
55293
50609
40997
53157
50405
80156
57110
44410
18700
37581
79856
67956
88748
50754
1172
24271
44667
40723
16288
9820
49056
53479
80564
44958
28747
11796
5566
46924
78957
54806
5302
15984
52859
89238
85611
85590
31588
63851
796
23653
58289
20515
55648
44710
79090
52412
82526
33777
86431
26892
38332
55127
99842
44263
2444
70765
34813
79833
43508
62033
94881
56113
93751
33687
68399
31581
72926
92733
52272
42403
40668
85430
95124
85376
55824
92023
61263
70478
60216
65782
70506
66681
38868
55771
11049
74497
11185
92483
14644
49560
35643
66233
13455
74971
45174
57153
99274
83494
21557
61491
13229
79846
10296
24616
3179
749
40854
12998
63118
25043
7559
4163
74919
25329
73717
56214
96065
39707
31664
38827
31270
38065
43590
86541
24598
48852
94403
19539
68059
51704
95182
6869
6370
51020
97892
66316
77520
50159
14560
69278
73078
34324
89132
75650
38310
51596
79488
15489
69378
41864
59885
28144
41936
33630
25257
75473
83672
87220
99311
94475
93195
15293
22186
10537
68913
776
357
18963
21439
55999
36971
88158
59549
71481
2471
81643
63170
40454
30714
35056
42753
40688
81966
62707
46084
33144
86050
27751
33336
89075
23307
9792
76556
84978
76856
70703
16659
56961
96684
78246
27773
78158
69290
68874
2997
96591
73832
25505
87148
18543
26389
67680
59581
7821
12539
49087
73875
13492
39162
14786
68075
79514
85626
98713
79465
15101
45445
32917
87731
44328
236
97638
9068
72990
79710
6421
44933
37975
49904
7229
5029
24341
68571
69444
73869
85823
47595
69679
79287
96126
17732
16743
79335
30766
91912
97961
64602
80594
55526
16835
18431
42946
74348
32053
34985
28793
66631
65701
15209
42019
74714
85137
78679
28614
24264
60918
9406
58885
61357
32781
70421
65100
97346
48887
64337
75021
21265
88919
83968
54600
51232
60684
83053
47269
53506
97689
33407
1610
32635
21690
10497
1483
92599
25248
18318
25979
59825
91727
46746
31385
47617
39489
91254
89444
58808
66174
86227
71527
21634
73082
16367
32394
35041
56109
26833
34500
5631
2214
50846
10447
4937
96828
58299
93294
70574
35185
8151
47127
41667
43865
52677
59613
25761
32598
81905
66324
88506
88257
73030
91942
16468
31833
22595
95600
33596
15735
2608
87291
78091
47784
51749
97251
23833
52491
95095
79605
29672
71640
19460
23338
3075
40489
79433
45056
6346
51100
61327
68842
6872
50073
98119
45921
45048
49397
46829
85989
3797
88230
33257
46240
48768
8745
20756
26590
3326
27683
87740
5908
56936
22103
10020
63240
66613
56232
71822
94303
64667
82879
24228
33798
72951
86564
58789
34660
31859
44210
28744
43534
49797
94019
86609
40292
8466
19170
62155
98751
50788
66776
41765
17007
30496
11147
93830
48421
77905
76028
57551
18693
1879
50735
9896
26352
54346
31496
8620
85865
4476
28820
72016
17683
25272
47745
9251
31086
74758
85061
34500
3587
93979
44166
40027
40100
58283
67574
12462
3894
44313
23726
71943
79176
37563
7402
38023
79538
13190
91753
77316
99318
7907
94059
42944
69500
62562
63137
17907
44272
81420
88235
59711
83120
92872
84581
21436
6146
52561
56532
76124
54900
52026
17203
51281
37946
17846
76701
73507
5596
13885
65285
92345
94909
81226
27321
44844
49773
74017
29481
48170
85883
82112
21749
74349
82168
12267
97921
26768
49455
96504
28105
98615
80181
38477
90767
77491
17762
9025
26469
38772
40245
26554
93019
45756
32284
48890
34339
78496
3750
6176
35594
86502
19996
80866
66641
93512
24699
8902
37068
37506
96997
29669
64739
99724
25258
61781
51544
66252
10117
86956
94101
65196
8267
13400
20412
7996
37551
56736
11697
97790
9607
7702
7986
78015
48973
55136
92960
10926
36450
46757
38819
68136
79312
92188
47082
3497
35184
61849
42847
89813
72210
65827
26146
30677
61052
5004
96574
64860
82312
40541
59434
58486
72731
89932
90360
60192
88815
77129
45551
51588
28305
87844
67301
59286
34527
56518
20363
91338
66800
41762
92877
8332
40498
74994
15023
84856
39361
24046
47260
9179
29221
27411
24734
68528
98557
79025
99866
2149
89432
47123
77072
21324
68362
89115
74518
93268
55747
87927
57943
16889
18678
42953
76221
25170
95832
83423
31718
8001
25914
84685
79941
53016
80594
13564
39546
46245
30473
73694
39229
71880
61198
49618
45956
39377
22507
39779
22968
36336
57782
55731
10313
85595
19880
56915
38545
26576
30209
7947
37998
83317
55017
41001
53710
74114
50230
72225
44826
31645
7732
48575
50175
87016
89217
57589
87045
61155
36259
21818
46685
91730
90090
4192
4788
6177
13699
23492
91841
45595
69789
53644
89770
13236
98848
1339
48467
54347
93953
79141
38407
97402
12978
57558
17665
16586
61089
86709
70906
95697
44446
31144
43838
84739
83252
56093
93126
32699
85589
19709
50994
86909
99558
21644
20268
90601
57348
83171
51078
94475
77430
21536
12325
93842
74482
89815
88870
37868
36536
20841
57760
94082
60821
80372
27316
87331
26459
17124
74040
53981
30493
90122
94284
14094
66793
18222
15246
46064
8130
59848
29404
12473
98782
27919
36155
75683
53350
49764
80995
53850
61447
57785
63452
77209
9155
30929
33519
86984
91733
65142
74064
45393
82801
27996
60813
56556
33359
89064
74952
42501
91672
73562
44721
98419
90873
32395
95943
36403
54773
73850
5827
80169
82414
50512
66892
19997
81662
88216
35344
67694
95963
62459
6872
11170
86151
34173
57411
94174
26586
46246
57076
52498
61372
21660
9642
41531
32570
97055
20317
3024
41609
36398
16243
90586
52093
72584
80920
19552
21984
4575
76724
31071
30306
69950
85784
72892
90137
7745
93829
64686
11105
7989
38222
26314
96621
50880
75820
54594
31120
10155
81338
58538
97008
38366
84592
27897
60839
523
73431
31273
99766
22665
79518
65398
84401
13388
97064
95731
8638
80924
91985
64242
99733
58424
19028
91052
54752
63463
95597
17470
38942
61943
62253
5991
63175
94661
65132
84150
24375
64867
97329
56394
2616
24250
46798
80292
31388
62633
45431
28130
63310
72145
6916
24982
10696
34815
73313
16185
77547
7381
93594
39383
51119
30848
81005
28073
61028
25456
49607
9573
35459
23583
21611
6168
37753
87681
80012
39466
93078
83558
8550
2382
44746
89393
15975
19436
14306
20393
76067
55699
75584
44532
2282
77399
65462
49040
80237
64055
49048
68985
93111
14301
95047
24994
41200
87785
35037
72757
65327
45423
75501
39962
27252
39695
12156
13294
30933
27174
55693
89086
98418
78238
86033
43224
8605
51782
58137
99073
4765
38298
25076
17472
17791
40093
54752
81474
28426
83742
38009
51817
86565
34008
53864
91814
70821
37071
90603
35452
18226
98354
26654
63917
35468
2898
1329
34709
22280
46666
31104
44168
38059
95304
21291
33214
66019
6810
78102
18503
34317
59237
58251
4354
39104
40642
16838
86473
40712
42073
1882
14010
44060
83856
56774
27125
7288
73094
57321
29920
74837
53738
60515
29936
37187
9066
66961
21706
55886
80948
86802
17323
9490
65107
25005
86009
2976
46050
40280
18768
58703
66505
82298
52557
28142
94855
23388
36402
75625
56555
11809
65624
77706
29717
8676
30171
11903
82327
21709
94831
86688
88744
67135
12043
78780
85880
32994
25383
72153
85381
99275
46786
40648
5937
36815
96190
14331
17320
47850
39725
14461
71978
42556
65384
57567
35430
47044
31873
97776
29469
72470
73959
43867
67081
7241
56416
59238
51138
79364
4515
1132
11923
48952
43807
93343
58813
42092
87166
74164
18763
17491
24888
18310
33182
14520
14207
29754
40340
31656
61475
89353
78822
31297
99118
86224
47581
32903
93944
67580
73141
16313
10077
55706
2231
35897
6833
69158
49117
69841
49589
9608
23336
49294
78195
42561
14951
41416
52968
48000
26319
89741
65018
64751
23539
12378
23217
60507
63129
85673
52165
29847
38488
23446
85890
1080
74447
57493
17307
37183
27057
38746
59542
43198
91195
3863
1712
2323
92018
7344
50858
74320
17869
29580
71204
19411
70522
822
66271
5458
29343
59649
78645
36787
6723
37812
80654
7089
23946
11843
95363
42954
87430
35035
85700
10560
78604
17999
29143
70215
32918
88838
8008
59545
87458
81226
71733
3984
84995
24055
98230
96372
16615
1006
50099
28440
4909
40697
1002
77459
18664
81243
89453
5368
65918
10973
85190
31919
49045
25018
91202
83735
13002
62746
97390
22589
42599
1179
90299
448
5855
92747
99667
30040
35884
91367
43600
57629
8895
23555
19185
58927
80878
42965
22770
49508
44587
49692
47764
71116
40729
46264
68929
97034
81451
7238
40988
75650
81753
239
96280
58789
77385
78784
52987
6469
40141
33850
3345
79887
64369
80031
41997
93932
43554
25220
75326
60438
63173
82614
46771
9024
92347
10913
97667
70483
60036
93907
47384
40554
6204
64286
62382
75308
79729
25632
61845
75868
75698
51038
38978
72341
28683
93925
26862
43896
36326
3076
21813
59046
71161
87755
51780
63881
3743
53872
13468
88738
16505
89681
26919
78025
38017
91435
6544
57856
17133
36062
78959
40611
69101
47898
69216
80015
25107
28413
53327
62131
56572
81003
82014
69402
22122
14548
24513
46466
75692
22517
41113
71159
48719
24051
94129
57993
36641
57675
78950
89412
12148
20699
29101
46315
84041
7029
81312
24355
98798
27071
25019
67770
63674
99181
30675
1297
59096
96440
52289
55293
73795
83701
22876
45604
12444
45512
5417
81814
28614
19834
42894
2769
18804
31005
55558
93395
730
10965
20883
11438
55917
29738
32113
36662
1360
32659
8843
3280
30882
74310
21428
86214
31441
93275
19096
91750
31908
84357
1466
22349
43719
76563
87343
83018
44904
74452
32254
3400
93813
95671
2717
25336
82325
46355
52772
80208
38455
89117
67754
86044
78550
37843
46015
73801
21104
43457
85167
82806
40834
83305
16393
53246
29325
44187
3143
11291
86578
69053
69980
36318
91251
56334
5171
42976
10841
73048
38860
42511
79615
64426
60881
82415
16805
30643
9077
54817
17185
318
69572
12244
34668
36183
32588
96153
24653
98768
18964
20693
87988
76166
8650
50632
75497
64691
30747
20939
25804
97589
23352
4600
77539
41380
83715
8584
92010
67610
33161
97101
94109
24051
83357
51464
35343
92668
41773
89605
95969
53105
82020
20282
19220
85242
4338
56065
49860
48406
41711
19616
68796
87748
66961
92888
52224
89939
36715
40396
31435
59416
10945
76405
99119
59514
26138
47690
64425
40498
49249
51494
36527
35924
49645
85602
25015
76124
74917
41104
25717
67536
85088
17064
70721
45030
41315
17632
89655
49157
52476
90971
91351
96905
73605
57052
27885
31522
32746
13542
3833
14783
91983
96681
49834
63803
75830
61213
87869
6792
80853
748
24610
67475
44377
73222
47827
50067
83729
96887
74238
75384
51329
69967
40137
73701
53434
98282
33529
7835
743
6655
70479
53355
37104
15270
54872
54189
72334
30858
6780
48956
59299
56446
72267
15603
49324
20435
14920
78116
93330
69449
24399
24731
9983
59806
38454
48649
73767
13180
93656
8155
93401
93461
73719
94343
81973
41792
76376
98427
31051
66855
27621
59932
35868
36145
73131
30701
50050
57705
55528
63710
26211
43144
54423
28665
586
28315
93533
90280
32192
38664
58924
59383
55237
47737
42073
27664
63084
29686
63541
29574
62969
95495
7691
83620
78517
57388
83189
27846
87401
53528
5940
26091
62045
22209
21523
7400
5907
10373
62620
8568
3745
39409
30559
6860
31900
42457
15533
64590
99564
65621
37264
13546
32024
57209
96084
36621
90648
61825
33497
96757
28805
91628
94015
27338
94577
6244
64007
99498
8096
59962
52837
85255
30045
11577
59690
23186
87972
18889
85949
35575
36726
67053
82842
27938
77582
30290
33261
37470
47257
31579
37770
71929
39070
46327
51256
96833
99171
24717
90728
62301
25791
94029
38985
10590
2819
47776
99858
64661
85961
76993
11980
29916
76077
27033
14266
39301
68291
96322
70424
36360
82372
85067
80938
84874
19123
81849
5545
31476
24934
8171
37628
94430
41148
31741
7158
27213
30394
52539
3475
31823
5724
98266
44801
48578
25860
19957
63269
5011
41587
81897
20788
84782
9858
92856
24530
30723
16110
30265
11684
82358
22213
13641
76389
60845
32827
11113
65040
62645
30152
69691
27373
78449
46317
24883
80017
17016
48180
94774
73350
23219
5187
92637
7621
49619
57827
92028
1495
36056
35439
89660
11715
41426
77378
75479
7479
39484
17216
83718
65924
19705
98785
48138
59208
25453
66714
84623
11185
79801
20845
56757
22036
43287
96129
49956
52734
13476
76528
12476
81761
98759
39377
48045
75675
98702
85979
69625
52511
15077
40662
50789
3805
31316
76820
61672
90997
52834
10799
9280
91541
56185
47816
4598
50536
29206
86816
77082
11360
63828
29427
86329
60478
34967
91180
41302
80300
93587
1904
64084
49872
9486
99563
59371
45330
85599
6077
58363
91123
67446
29321
45040
49229
50461
56348
41603
57402
64566
6208
55623
20356
98649
72089
1441
83577
37690
27594
30750
9443
98330
66438
2470
70019
17173
62342
97066
49141
62256
80438
4606
48500
87916
81684
21670
1001
77239
53444
85746
66115
93333
4710
4382
95880
42094
48029
59542
62210
30258
99505
93472
3896
20884
32936
34012
14361
77245
82762
66400
57330
31906
83369
26505
84947
85728
91160
16548
21740
92974
14522
57505
99356
58827
97277
14531
42120
15867
91220
41756
66321
53022
66503
55765
98754
43220
42938
91556
80853
4643
7505
68140
47322
95299
39252
93090
87511
71860
22678
2601
75985
54084
664
59224
92508
5330
54954
74988
12229
22619
26219
97240
99290
83192
41779
30300
34191
63152
84554
28930
59552
49772
15280
87488
33705
20621
30044
87866
25921
14640
27481
36051
31129
9276
14689
26082
16947
53237
88002
69890
94522
36576
62712
20155
48125
96083
85804
96958
84635
49375
56870
64565
69505
35509
98825
18138
5409
8162
65429
7587
60676
19650
12528
98537
60442
98528
96278
81355
69394
53298
12918
78818
70598
94771
26450
57327
29516
72955
69569
49499
48496
1082
92918
29259
4970
86872
4329
83128
58732
18169
45935
33075
4219
39445
29566
74195
99716
6140
2048
95470
50577
70822
91923
79029
24260
50570
27419
42041
27505
63268
72259
23895
85474
3393
86116
95808
1097
16141
20794
23977
46017
10652
28732
25195
87448
37855
48288
80006
7249
47453
69882
92287
89326
68763
52226
47014
11726
66917
12648
45259
9115
9196
6172
28020
21593
44241
22032
53338
39305
69439
19849
14731
12716
7541
54612
65298
91566
20330
8300
26121
52553
28374
49910
74282
12503
2107
38331
12011
816
5152
71590
75580
23591
49853
69563
73354
65986
74892
28434
91462
51589
72561
4729
82815
73950
86659
8343
71516
44427
49920
98993
62548
94615
36175
7166
11587
36450
69604
59164
339
16601
14096
88110
44561
28247
60325
29131
13275
74649
7416
66821
57309
58781
75252
93915
33220
74272
9420
23098
36499
46058
93227
24890
76776
67951
30078
46884
27342
38109
16701
74794
57127
72083
49610
35357
82520
80778
43139
38780
17210
64568
61825
92238
22666
1714
52242
17606
29006
87698
21336
84698
9192
39769
80996
54353
82490
16478
24995
88042
9185
75942
29607
10132
11058
14772
18678
40406
40940
65600
6931
45573
29270
75795
85953
24292
37609
62478
10108
82442
42274
72248
95224
4149
14953
37166
16127
28058
95360
73440
67707
81771
30068
97378
7472
88190
79953
80409
7072
28438
45514
66078
66107
19794
5459
86979
69758
23871
12660
73496
12795
77112
48211
90847
7618
73954
4044
63747
46317
73727
45426
57440
72666
95470
39157
76330
12143
73322
81053
89266
75660
12422
77582
99742
66510
70366
60484
53702
7505
59822
70834
95991
58944
32248
25494
94331
29122
63171
77222
84135
90706
19415
65808
86085
45968
3630
31954
58761
58702
89266
20817
41892
65789
10340
13750
57278
20541
30599
65264
55326
22607
310
93345
92363
52259
52470
33561
24498
59134
45827
59174
21341
1487
38981
45983
81362
85272
4448
79139
42710
3509
48615
45966
56418
98954
67487
54527
83432
6312
30308
56525
61834
16864
1457
8702
34377
85643
95498
97634
42636
66095
43672
92579
23019
63928
35507
75511
34593
71715
76439
8549
59193
91437
66769
84939
85755
39066
769
70296
74358
73358
2587
25855
86291
21219
39442
29987
53966
53339
55632
37224
36014
81659
29160
2446
23231
5795
66470
15718
61003
67084
69165
42220
8730
5081
51553
81034
71620
1992
64594
83403
24770
16039
73879
55724
81164
68027
50232
44976
70598
93067
83830
85613
22510
39142
20732
19960
5170
36229
68975
23318
984
57625
84507
77775
90092
21643
28487
98672
49981
6588
55012
26148
39763
65378
85502
44151
99557
82430
16560
14240
45486
37964
93252
68536
45584
78797
14284
24136
29833
9463
31444
88406
8291
37820
91806
98446
75720
55754
62682
75241
72826
33901
30496
56465
35405
68528
35187
47025
14430
64753
81558
12308
58847
12786
97921
38774
71831
48142
20384
14510
83514
60798
43467
81252
41078
38829
45706
86627
61673
81419
41607
76664
47593
37620
15874
24014
98775
26937
60737
90530
76487
18048
3313
58565
66036
15861
50375
55064
64155
75449
86362
49999
77854
59916
20542
73612
99491
63348
70666
77155
69797
81565
99534
56405
92892
58943
53929
96599
59723
39331
97325
2671
33857
80665
30781
89666
8575
86642
15117
919
40856
35649
5182
88452
82699
26948
16028
69200
44808
1689
80834
44137
33646
23482
86000
1183
69600
29625
77836
48634
62117
36580
58797
74435
70669
76719
49671
81255
69576
96092
98807
20769
40808
24220
26235
44063
48198
65285
42611
39686
58498
51987
42398
77406
26403
8526
50597
40430
43009
96461
71660
70582
93999
70328
78909
48375
64984
68873
43803
44880
13012
36268
81853
53874
52316
97357
87393
16902
2736
64715
14447
1759
99628
32161
90044
29024
47229
27165
55868
35999
12789
15894
54150
98283
23259
17423
26760
90916
57798
60302
55484
28146
81622
62367
67488
64256
62600
27578
88363
90444
79472
91548
94689
38228
48507
52382
78369
4344
34461
37592
83175
44514
47072
53140
92978
13743
66458
47372
6817
11389
81106
42436
60842
13789
76128
56965
10119
33134
23540
82442
7925
84468
21607
28878
89206
5710
68109
45470
42608
41265
9669
26894
45350
76554
89487
23110
71764
72363
70619
61191
99740
22618
15717
64687
38964
31082
29917
55753
41527
25866
68312
91587
12461
92838
46385
64932
23193
84171
72635
52765
51714
47240
62189
76664
24000
35921
96969
88710
77682
34573
28189
19849
19183
29370
14785
60631
47484
80545
47689
53107
84300
32142
40018
79715
3716
16868
71704
44585
72001
78420
80561
67553
77688
9994
62621
31556
84900
18816
29663
61733
3749
91343
60643
36284
41326
5362
38659
89692
15643
53019
58014
88605
46275
6753
77872
37095
45411
50041
48862
41239
56160
39922
18137
86674
24347
65877
70990
16458
13456
61778
51786
18724
6450
9960
99362
86819
45919
29439
24341
61917
41129
58959
58187
81134
86259
90209
26996
75035
79922
32159
7685
33715
60189
68628
80913
27349
83799
25545
96216
39853
71407
54411
90368
96879
70056
3864
47398
10768
65079
69679
83472
37642
25363
28764
25947
29059
41064
17124
18168
27801
65483
80528
4226
60879
17649
74938
35807
70205
49075
17983
6014
85883
14594
34627
77746
72324
53232
16071
97799
93882
66030
5097
14474
29981
20615
81749
86435
61666
18483
67505
89691
74379
31552
6854
53285
54255
5144
35510
30353
72688
52485
18144
8132
90550
82201
82021
16615
18939
57441
31174
40408
32584
98567
81401
19991
3469
8608
15307
50308
82
6643
59036
7932
3336
47207
88595
1046
91377
12393
86036
64214
16747
44014
18766
45676
82133
32285
96121
65307
36169
90054
53742
24673
90965
32528
54554
55231
97571
95006
76627
60112
50810
89984
98422
4062
91514
79907
34652
65021
46097
64961
80573
64630
35660
72956
76071
41606
62902
31514
30796
60514
93573
38119
64226
39301
45427
36149
55922
2693
24019
69010
9088
60580
7341
88172
70110
31831
85656
86926
48520
16403
34736
53965
45419
23272
10562
3385
39640
5674
56518
14271
33061
77281
73789
44601
80667
68126
16123
20513
85341
62616
36205
39921
92962
1958
83182
16103
36173
14367
25885
81758
97956
11511
61589
75013
32428
56191
70508
24540
89995
83460
79013
85968
57610
10499
87005
5318
1129
79258
54760
14655
95071
72087
87313
74200
90657
85245
12387
91852
21987
19103
69343
57993
49254
43253
12413
65143
27922
94270
53830
7325
48130
25283
56155
53558
69919
50039
28394
1962
28656
20279
3745
39301
32457
93881
90427
59057
55556
16200
10764
34431
48110
86936
12041
62396
18577
24741
32369
27071
2451
31037
26804
39825
13234
84799
45289
99697
74300
93157
51538
84444
91885
20385
3007
92778
91110
53600
52689
97013
66960
52102
14402
58234
32219
78583
45030
81630
55373
26528
55849
63745
5846
37114
3458
59942
19215
2474
99200
4842
80648
89786
97340
85270
3122
81812
21255
91447
76099
4188
11742
43718
38556
54766
10826
23037
6860
60659
29659
3437
36387
45887
68242
972
54307
59616
73053
74156
11060
72516
19035
53074
76412
44786
3805
52692
80305
87723
21088
84895
86560
53705
66669
74561
46917
28244
11954
73548
42941
6631
55530
80434
41034
88743
17928
32299
67550
16346
3250
86008
54090
45144
69679
27868
57126
40988
32414
10963
45756
15662
87153
57614
27488
32294
18559
21394
90278
33086
93791
78561
45046
40897
69451
26066
48368
42919
86021
45211
64022
72270
25735
86231
22576
42348
99242
65459
50556
36094
32559
46576
76163
73971
59774
3349
77274
58561
530
42141
22946
89733
47496
43896
16666
16061
5967
37842
88231
60510
35522
15849
89889
48097
46528
46889
89927
57714
81015
12336
23067
24646
23664
5709
45501
75895
55518
81997
37986
14236
44857
90600
95302
36916
13198
24464
99342
85231
6989
71642
79227
34409
84243
33714
59480
44729
82589
90366
82879
91429
73183
41416
14911
87115
22142
93135
94411
55378
77924
91306
55724
64112
79054
74358
6988
71988
13389
84887
18628
97702
52611
27382
89257
60248
91088
94063
207
74226
90971
77918
60085
77225
54370
67340
36902
56297
31208
54133
46679
88642
44180
8836
24968
21307
34280
86087
16628
86278
12931
26518
45072
74874
24062
42703
81886
28213
448
35988
70830
92405
45848
62752
10584
26709
33006
83872
28149
16572
50924
97455
95517
51599
25854
35194
51561
39606
68985
76383
62950
64976
37364
85816
4883
30274
64195
11650
19863
40608
92064
54793
79518
7263
34810
5925
8127
36226
90810
79715
17332
93874
33408
4478
31893
79226
75133
10529
44963
31793
92224
32972
53996
83463
7222
21022
11257
87449
18457
3817
86164
50713
35846
33327
18084
85133
35095
82042
23822
48475
16216
62577
58721
90552
83812
15140
42767
6332
87047
51158
52199
68328
5238
83026
5620
93094
40098
20994
45073
25528
29531
10119
67769
94463
89518
49382
73580
22433
13822
9286
45957
5588
20274
84192
79293
77301
24673
49308
41965
90446
50126
79525
48925
71093
87947
41748
8259
84670
19786
26004
49039
91197
40606
24456
15774
28520
48735
17360
97542
50214
13466
7108
90876
75607
72973
57165
3449
33088
57607
25912
26596
38065
73842
59483
57688
1079
83177
64727
35310
40017
22147
72149
50362
27172
91158
11985
64274
13234
94306
62373
68761
84482
92545
91065
21078
84969
63577
25634
87047
67240
67543
77287
95806
22471
93785
59713
81149
73795
34158
52577
68103
25314
25026
92179
75407
44067
54004
15876
3
98639
25923
27360
60225
88669
57182
53651
81541
53534
83188
68355
89342
74394
10626
76298
82349
28664
66402
86676
62663
19377
26121
85562
71970
31333
88932
20251
83304
73454
83459
85556
84116
86019
10949
7113
95814
59528
35503
36225
60444
45620
64998
54686
35573
31588
68444
70362
71717
53155
40581
43281
41942
21217
88074
55057
30786
4753
34209
3031
66676
57258
12728
78834
58199
42383
90970
12265
79459
60851
75921
24587
64394
34948
67394
11108
41839
96807
99057
7887
71184
25412
85167
43515
99504
16032
44853
59805
14421
56101
48245
4591
69146
97619
48565
56362
30725
80076
31676
12654
89315
7950
80914
79965
51672
27050
39904
26587
77787
96324
51107
56507
86046
58935
58111
61569
68584
46736
58572
83668
57389
33983
96886
78367
92981
46167
83495
68924
17542
68723
75689
85176
39962
43456
87798
53055
36982
43093
79421
70626
41463
64061
63581
29270
61539
77997
75466
39880
46710
66912
13192
62850
45120
1917
22029
5838
55352
28637
76903
81708
73948
58623
6883
51776
69791
45652
25219
99901
57433
29810
71373
10445
53534
59872
29021
64978
26639
26804
77606
33777
23620
31384
78616
65859
85547
99240
30132
2445
83761
70802
15767
22527
21748
42522
68193
89103
36642
12956
57345
89931
17869
54701
79508
64070
78255
97793
65467
20196
85515
88157
33700
6347
16561
36375
51997
30128
70220
75273
78403
90032
86027
71707
3796
59021
80520
62358
54426
89376
50461
41555
47259
85023
95365
93055
20243
82541
1912
95380
70214
36103
1794
17898
93659
4029
20907
14101
24390
77086
72609
58186
49921
95827
9698
77846
76800
87923
95275
55507
38004
92647
72077
7773
2792
38089
46638
34240
91079
39745
57615
91027
45908
11665
46822
86042
44738
30720
30592
56856
88214
18158
86192
89899
8514
81627
99135
37081
28978
36815
97853
48873
50367
49483
76962
69278
45328
26673
32305
65846
88872
38564
78682
39361
34543
37503
49718
43032
60562
81287
20150
66856
77405
99809
45391
12708
17591
54022
27986
49054
66711
41135
55166
3007
31541
94296
3691
46315
89033
69685
37572
60250
51544
26880
49071
26448
4842
3920
3811
28178
58078
53204
86700
98119
74398
38189
15753
50602
66983
22865
51223
15893
79308
5455
65285
92683
30908
91795
36908
69391
8319
15588
304
30174
90896
45835
53098
10460
86856
48371
94050
93363
91959
44853
52017
83667
69223
72360
2260
36430
33310
84065
66301
76160
62630
35834
21988
53920
23175
63391
70949
59572
33202
47021
74574
22055
17654
18428
57455
77656
55190
48083
2939
30124
92510
85214
42604
89136
74451
91784
17818
89416
75264
84902
35841
92698
72240
93944
13209
12312
50880
65721
47215
95204
59590
75473
45794
2324
52248
94770
95941
53622
19508
23206
25264
54101
86714
68936
46485
78936
81040
396
61896
59473
58203
57636
72464
51312
50989
64755
94938
35860
30967
74342
26723
12901
15725
28346
67869
70932
34574
10510
95836
30594
5611
11450
78653
46438
85130
95097
30663
82492
46743
99922
89382
78431
65976
78673
90202
11068
56648
95167
3137
15834
6179
55961
76610
69920
24473
88473
345
39196
35187
42093
6241
32740
25487
83948
44702
7881
11850
74490
36245
20105
72630
76780
70314
27763
56795
1284
92567
25608
58714
38716
55388
93705
23203
70685
95670
20357
66536
87752
31282
91764
1996
2475
57537
81651
89998
41723
32342
22972
98002
35438
69381
73620
60334
18749
67294
67698
73091
44525
17762
84423
88645
9744
99954
54341
91167
4002
25141
64123
49382
18345
62438
71110
38324
49237
56834
87874
36544
72100
87955
70490
18062
9810
96948
65956
14344
55832
3467
20197
32678
57177
71399
3394
83095
9735
36408
28163
29570
90093
11429
36882
93818
50757
1713
82731
28114
64165
52692
24458
23856
87436
6827
27624
15533
32125
41099
63930
47862
25416
38576
76905
91545
49357
44252
30130
38007
56519
70301
31982
33366
22577
17827
92347
12625
14339
25425
9942
87171
5764
85832
12797
12383
84698
32184
52034
35079
19139
7959
95798
42496
51996
87795
49701
25294
59945
4728
19837
17392
68544
13699
66769
40699
20898
65829
94875
77094
46582
12265
95967
75066
40974
38009
9243
20803
3873
69389
37837
45111
49615
25694
67772
34892
28086
87887
71544
53552
55522
31884
41203
41997
38825
23898
33552
36679
50584
39937
74265
66297
54180
8797
1820
96025
898
40377
97111
67985
22319
90642
20611
63605
82236
19548
33354
65978
76358
52589
16735
99002
32025
83440
80512
85853
69956
44661
91711
92599
80799
35946
77198
17122
19044
23976
65263
48575
5291
54065
38812
83133
46388
36751
70136
30329
20277
38845
65694
82719
73670
9013
67086
41658
12478
67194
59856
70163
60759
14713
19867
92571
42382
60256
74902
19604
31314
18579
51608
38253
55603
13269
13729
85143
8931
34786
41690
12662
87044
78099
43123
44773
46320
59773
6329
9340
50341
15133
9571
75882
27451
15680
37964
57822
44783
56597
94665
58432
29615
43154
31444
36711
19796
5816
90334
94748
91002
95268
75938
37608
58280
58028
58239
80612
16842
65639
61147
5131
15337
28331
40731
42154
72045
16822
32710
81825
51309
5815
28326
83100
86189
93471
76477
97660
54993
26720
1397
8753
99809
41911
53569
26420
50164
33313
98068
24263
93686
93123
49736
82616
40571
30467
45848
37077
17058
71627
10209
73226
95840
51190
92918
75317
72248
58126
82630
85084
63970
52690
8491
17633
63851
42728
87168
2355
19777
78690
57133
6132
97328
96370
77219
33122
49968
35513
77735
93783
4417
78859
76601
71110
94405
43807
37593
23060
74463
98798
36391
9961
38065
91061
5130
84858
68670
64791
12512
5793
51803
84153
70140
79436
75707
74892
48413
42013
97818
12272
20016
57250
4390
50591
35269
24382
1428
23886
44574
63258
38759
36400
38544
60555
49836
48805
61988
70228
18307
74029
71222
98729
71991
17362
43202
43784
93118
13121
71941
23433
36913
45792
48215
61386
42318
38544
41839
10565
91821
44910
98214
35113
96053
71946
78069
66079
63479
37397
92562
98360
11172
98605
68293
24091
12558
31058
94394
99100
57490
76530
58789
87054
52064
36913
22521
34914
8697
39723
57858
37469
78803
32256
96692
39259
14295
46288
21987
14273
10352
83530
14200
85241
85024
8592
73752
14431
25031
77580
56188
42880
8773
50958
93112
46475
92970
96451
16777
81218
82014
16974
42510
7001
79506
5992
95323
43573
51978
94908
60174
80334
62098
34852
55618
88646
60368
14888
57491
41396
99756
68090
88505
83483
37949
19774
31321
53317
46548
33961
45243
62825
48844
97989
10497
1970
94519
54465
33957
11522
4882
25164
70364
72198
72756
98487
79314
33629
44482
88425
41641
43998
72348
37902
88739
82416
1926
37100
34807
98107
74301
85813
98841
42545
22421
35754
12354
42882
98768
67548
38152
58760
39996
10067
17607
42305
75500
43431
880
21314
90187
54666
45693
42716
9056
51218
92567
25097
59533
35211
37463
30301
67539
3733
10794
87448
3085
96154
44665
41793
2235
99127
77367
61647
79197
71986
498
54161
73034
64981
82498
41452
5720
42094
7388
68020
50446
91877
46576
15713
27395
2830
50710
10429
66177
48281
27118
64204
19856
54556
48395
37233
11976
50812
52591
61198
64411
63073
38488
38567
58109
70059
20288
92268
12963
74579
54544
2463
24727
3612
71290
80483
27930
86733
44854
90627
44826
47219
1385
29301
76533
83102
7242
59351
41350
67722
31382
61338
56433
94417
3968
76244
7469
58643
46956
94528
70661
82839
24446
13593
81268
1045
68603
87431
37629
22273
82164
77634
65489
93182
32631
8867
60121
85449
88938
68561
49017
23072
78128
8583
60734
35534
62486
9613
68296
5927
4631
57898
77479
55423
84538
71123
79527
47706
38524
33854
39931
7130
19169
79728
59906
35662
24357
45735
19052
77670
57418
40440
32622
7561
27387
56670
23202
25379
41918
9121
39270
26156
47899
81408
67882
5699
79566
15322
67431
78932
73971
94018
33986
47300
27433
4977
81330
40194
22030
83390
10641
72965
52947
25471
91486
20081
52612
50609
58339
74405
73007
66667
63052
5352
22667
13531
43879
85517
73418
61199
41680
53655
10907
9020
37031
3186
37047
78658
64657
7954
46549
94201
92470
97105
16185
12195
40394
22581
91351
17302
43278
89873
21704
75028
25939
38589
20421
50358
58537
97062
50299
98412
98325
62106
67561
33901
67369
20930
73034
28131
16998
1890
62310
97674
18298
26627
25435
49689
49627
14771
77914
27797
98257
55162
39769
6761
35012
40764
70438
89923
8033
91409
47616
980
62859
21071
78141
49705
10665
58346
55138
1887
6991
98789
18709
97277
56486
40421
6487
17979
25789
93764
17067
81014
63410
29716
75612
7905
9675
21713
72606
84460
78798
81011
46719
28675
97249
34206
11038
477
29855
51223
93362
24333
78905
33354
54934
78879
31655
52037
28088
85588
97827
92462
1929
69203
94893
27075
89827
61638
45051
37609
27847
46340
93711
78714
93117
42829
25209
83611
73126
58069
98947
76576
37400
75144
67041
67804
14872
16335
44002
48665
12391
83341
62714
70456
11144
21836
31610
57748
77476
97879
39085
41850
53936
62426
37420
94698
96443
12161
2469
86351
27589
57666
80376
27528
52522
44278
24449
58507
72893
44222
25757
88514
39385
32515
1903
3435
32988
95564
36651
46438
1668
45138
75246
68827
99614
7477
41315
63141
35317
59726
39319
67943
79414
82515
1046
56484
41671
61471
94491
78606
50802
10117
98155
28463
13276
68570
23477
13701
38473
127
18300
88176
73766
93295
68085
53582
68850
15064
79754
51212
76502
92719
94206
2755
47049
55098
38815
92829
93401
66226
38805
41121
7317
40776
56210
89569
95386
8694
41749
89699
71647
87353
88269
47346
78682
60343
90592
95399
62405
67403
99106
31052
26418
3080
4640
59181
57264
84662
35355
18973
54273
1576
5625
94310
75269
79098
88665
83927
65037
65653
40106
39983
91084
74277
57198
36598
6736
16688
78984
53248
8721
94222
36096
36050
87167
73169
4365
66637
64783
69743
75368
15861
89977
48668
63581
20913
88861
42425
78643
4481
90493
9675
69725
25415
85555
26594
42194
79665
76059
70875
95244
49339
82402
16682
58009
41032
75717
14642
54242
31858
41967
3063
99972
1393
77795
58315
49936
38262
44306
46109
7038
21587
21532
83093
49972
95490
46512
47352
50076
64839
35693
51017
86312
59805
36231
36799
96737
3697
67545
666
14032
94252
23658
80980
98913
11114
82576
40560
12586
81778
65331
86476
44514
12821
17781
66835
22792
63877
79982
84441
72977
32619
3365
52496
84353
33757
18043
19660
96154
21089
14305
41453
28486
97896
41740
12377
3551
40310
10250
47328
28851
43364
29950
46487
98091
95615
41520
62658
12276
45809
93250
84437
93996
23529
62331
78714
66789
55150
21962
42827
85550
29166
15480
69261
34845
8327
28382
69919
34964
10397
91172
29376
3927
70144
36746
34794
36756
87995
74269
47127
50457
41312
16402
69967
68894
56090
58667
67929
85154
59839
36609
33016
86860
59949
65068
14646
39942
30075
94187
15474
29658
37265
55662
25080
34214
19898
7587
75669
686
37223
38762
34747
68587
81179
74739
56569
46543
33394
22678
71942
71961
87931
12102
40700
99554
24396
94447
65295
49086
41379
41177
54180
60667
85871
15912
60971
28286
45704
64235
50292
22635
62181
80655
82236
5412
85176
75063
45048
53463
94909
32222
69692
34998
6828
55812
17919
83322
7916
73370
83258
5085
15235
55719
22945
82824
67202
61762
3316
39500
92984
81497
80314
56495
70387
47387
88756
7637
41366
93285
83113
22759
26070
90560
35525
64996
97646
16485
59612
64102
57378
58128
62445
5471
81122
2111
22437
16173
81833
74659
22740
86514
56072
52187
89419
60055
44095
23218
10360
29269
20094
1987
30381
52167
99242
62041
25923
9829
44706
7451
1818
34501
82591
52268
18734
61843
95530
92040
22025
9140
18793
24402
62291
27126
98287
48318
66932
3317
99516
27258
51010
26960
48399
39411
41863
99937
76010
88765
65356
82988
46486
16270
72642
77733
17898
81179
81399
92683
42312
50232
77413
57801
87389
7605
46994
95726
85390
43128
56176
93822
39615
16740
19019
32090
68019
22895
96317
2167
83424
49373
82721
58935
6816
82372
30284
74980
29185
19919
46027
68852
46288
60110
56693
46305
7840
51364
25152
22962
5602
22703
80694
54702
52954
67217
31042
42724
55709
6496
40290
38652
57236
55185
72951
27269
66777
6294
77682
310
35488
89818
16788
33338
49501
84273
25258
23050
69504
41764
19521
78848
60905
15049
40059
54670
3081
22201
37660
41500
32357
92885
3404
42745
81248
41213
93619
52109
39139
84454
85914
69301
92894
94874
22571
44538
62699
2309
37799
47272
12335
76513
25296
8310
52664
97041
62819
78214
85273
78781
83315
79115
99781
37199
39611
40893
25192
5805
91390
92353
90225
19651
36681
34026
19970
84026
95867
18853
14984
83397
9249
8914
72806
9549
76889
68609
81778
36338
65999
94958
78067
42689
43102
34796
11634
22075
12515
81452
28699
86513
69303
21762
80855
3410
24989
28825
86972
44370
48734
47978
12959
51416
20473
74889
40761
99517
32177
20390
48134
69622
32897
95256
63779
21675
58114
26136
3769
72372
18596
49659
69899
60632
71626
79438
81372
25955
64282
73589
20893
28610
747
11807
13600
99450
2942
27630
59530
61676
66770
27157
59742
47523
43423
31897
40169
19343
67059
45522
12557
70382
8884
35163
76019
91637
73841
9884
61279
98141
61849
34700
33528
54081
86544
92852
3407
79356
49453
33003
58440
11596
53973
40900
70598
47836
74538
71854
67201
32346
94808
10836
58373
72286
21158
83320
69820
23881
11614
35031
24827
42240
90918
60460
34440
91405
90260
63025
76366
67812
97711
44601
42008
56469
11343
83931
6548
64366
38699
69954
58197
81287
37068
62527
54617
40545
13591
2487
16003
23598
83608
97770
82586
64904
50036
1225
68572
65767
6904
73043
36388
64966
85180
63910
80938
51775
34712
47443
49960
95851
66541
49639
13358
56371
37661
90202
87829
44877
1139
81650
59710
36579
61915
5829
33198
92749
87876
61061
11311
4187
90160
32206
21763
40081
43611
81961
34569
7286
97497
6627
8027
69975
12372
80867
54805
63358
78038
44366
98188
79583
96828
844
77336
49776
24520
65568
2023
49840
28242
67750
10107
44083
65441
85276
17773
81351
135
46270
10780
18726
32370
53493
15698
56156
95871
15909
15052
91047
87908
8563
36331
17928
38138
22846
85600
40993
72417
20519
6436
84637
90644
54764
83668
35841
77661
84813
28647
27187
11098
16428
44371
58576
24042
45420
94006
52912
32665
62330
50924
67284
10886
50073
716
38925
3647
45418
96085
76924
35946
4767
87416
79776
25245
51824
54618
79805
92216
5355
97633
79405
29426
75246
13822
68365
29517
10469
30100
86976
17408
79354
50181
76586
74230
47870
49941
13002
42852
37637
14143
43890
77251
30254
78669
83554
42051
33964
42419
52469
75931
8194
5285
93570
68856
64490
83555
90545
13262
99297
49392
5584
92875
81028
7508
79672
68428
13235
40956
89489
55128
86494
4064
54514
10307
22849
86134
16553
13312
71213
37522
52093
164
20833
98442
55150
11936
43294
9805
44150
39904
74296
24193
21471
9400
48103
39878
2947
10599
23751
74287
80909
6139
41967
68303
32883
56823
14123
42726
49531
44937
57888
65415
14297
85071
29387
47525
77165
44611
51247
77309
88060
15467
85362
95004
51401
84275
37884
35937
86207
56978
62354
69725
22416
10103
75709
43944
32900
18745
99905
18884
45332
37960
15468
20401
13910
71374
48963
85186
1931
66817
22216
33524
37837
4150
7780
56278
4043
82825
68776
49439
73883
85081
73632
76253
96045
41677
26692
86259
12624
47118
30854
46094
58587
26434
44608
67473
87674
78992
40670
98251
2992
56326
90941
5873
77661
84700
62920
46937
21591
22814
26312
89992
7737
26488
45909
60062
79062
58437
78722
45569
83843
95701
81379
98870
64774
26804
13785
56867
28194
62703
65710
77935
99232
85236
20037
92539
41857
66907
46303
55668
48439
70022
52623
93997
36542
98901
63822
23959
74388
48583
88112
47843
19604
92851
36014
9184
89763
88400
94460
578
39545
59250
80894
28161
37742
47424
83074
74106
92984
75486
91815
84749
82052
81770
3740
66953
45297
76063
53807
73965
59896
3616
82831
53274
40022
37496
11592
36148
41271
35502
19192
81509
96809
14236
13441
43342
391
58502
96811
5903
5751
17409
53584
59018
93305
92235
35646
64382
17226
62037
4480
52392
57043
45467
9458
46026
75255
8787
48796
31788
48265
29964
38147
65514
98202
57785
32211
40956
39227
35776
23124
3292
15115
38789
53566
2233
81573
74771
89791
36894
72704
5494
44929
97865
6550
13418
86598
80681
36445
50718
24693
53989
4419
19054
62496
97215
26122
56993
19870
62161
1814
70844
95593
90401
96500
26240
32791
78898
39581
7667
71258
47212
31324
4695
19884
79690
76971
59627
56357
35669
31409
13985
88307
85157
61887
33409
16302
47557
23860
71038
14749
66431
58992
16684
30873
92570
27146
44538
69333
56789
15492
13469
96331
12729
79033
30850
14050
49304
88355
20218
55970
80854
73789
30927
48999
2563
79688
76638
47647
59157
25786
57234
45319
76077
9620
22780
59584
82174
23798
92657
66276
5462
19884
49964
14701
25001
24905
21318
1389
87662
7908
46444
23418
30271
16362
80231
39893
3938
96011
41975
43231
86113
51925
29536
53169
40122
34811
42720
36339
65194
76745
45922
33987
80619
73926
48629
98907
19288
97514
53958
72576
12924
76327
89608
25756
39059
45918
27908
42361
15117
93356
26942
98064
52289
34275
89037
22983
29312
1165
25813
34903
638
75054
97214
35340
94023
22031
23491
57583
34467
76459
60892
17565
64246
60965
1478
62442
84153
41455
50734
16894
25527
50731
38799
88360
893
11515
27556
9265
92065
229
70711
22731
53354
70276
41401
26110
1037
6515
1795
82839
22284
42838
33617
75240
32772
22464
80693
97856
87070
46083
85209
81314
33377
5356
22292
19296
13803
6618
72126
50526
69687
13870
83830
91234
61369
55230
16179
93673
52819
28952
18002
45
42974
63581
78721
81483
85647
59351
16542
6767
80050
55358
64514
85454
74921
41518
22266
46647
57972
11233
20951
41920
99195
8684
47399
96891
7297
11748
62974
25613
4242
26181
60203
85235
78352
5506
3864
23376
9671
27476
49392
26731
10995
37311
24265
44881
21200
54158
44927
38027
54862
37615
85230
81315
53109
67766
28508
64768
70881
41438
60117
21606
86184
90844
46993
43625
89392
32753
58358
88115
57688
58698
3068
79262
44205
23439
52399
1496
33401
59708
9575
35978
4573
11832
19047
19918
86702
89825
18831
82188
93265
6634
7983
49228
3276
53681
65437
94824
78468
21378
11181
12669
58021
49676
38714
51564
37201
7832
40214
53651
12106
28128
50
81187
42838
48002
53409
15222
5459
21954
83320
17573
99164
67000
7296
38465
46029
71375
58287
10179
67576
21863
82934
23487
94741
91343
42966
81002
48011
77021
3771
33092
34040
10826
56720
37144
48866
74627
44902
17972
72510
51865
72612
73344
27557
70059
5266
94842
68072
35768
34850
86574
44859
3137
36311
67025
85829
49086
24887
32375
39163
97166
57030
47551
67419
34102
10415
78143
30057
81398
81125
9811
91393
92315
8914
42272
32023
52329
17830
73531
97261
5013
78393
80471
80843
5220
35855
61927
65294
76889
10154
17155
51152
87822
14483
6436
19715
85277
10152
3894
78528
26605
60555
56041
29354
58723
23029
7737
92423
85396
97721
41217
42252
10821
28891
25085
17148
27929
22126
77038
24977
29382
34373
90167
75363
21379
27269
31495
9303
48208
43839
12241
89542
35437
85221
7713
63857
30563
10657
80755
25036
40911
30688
1510
62725
34580
44840
59108
94525
55764
12925
63080
13754
54882
80786
98157
99352
79468
2485
27925
4478
94104
91876
36318
86364
54954
92572
27919
63534
51543
92445
81124
78910
64162
22012
83158
28299
81128
62483
87241
46558
26884
96390
92741
4850
20978
88692
57512
68028
99378
23232
26871
80740
47445
76352
5077
33198
4748
20610
95109
89472
63337
22606
74455
53231
37533
92373
99061
64424
23288
65292
49921
90265
52343
90538
86369
74907
18113
74865
48071
14569
82055
21474
77914
96282
23723
30882
69942
27655
85708
6294
57789
80810
30221
77427
59512
86800
95158
85617
63625
21932
22082
45446
15756
4266
76910
58981
94131
33260
53200
9181
95431
48539
8189
51899
71749
64120
55385
80887
18305
50663
44052
46640
70988
68600
46625
88880
19462
53812
15311
80243
47261
68553
99290
46737
46827
31857
89805
50358
40672
37958
3069
90442
55810
67731
91647
67734
79511
26143
95108
91173
21074
57824
60821
98206
97907
3892
63378
86545
2557
47785
78256
18903
38508
70331
40493
3550
60767
62411
99964
14122
92925
35138
89284
61359
38204
70013
19446
43270
99363
84955
69165
62610
89193
57796
37106
88439
12256
38546
86447
20224
26030
48485
7525
81093
77216
32527
52909
31779
47090
7620
71800
28622
24171
41661
25657
77544
45201
78558
17875
4789
5298
38065
64752
16864
93144
25287
26919
26227
19486
31897
72430
58824
69082
29882
56086
9508
39637
60336
86195
52426
71617
80150
83241
6367
23853
7194
45550
25882
26580
7911
9316
22953
38014
15382
12267
86783
77141
13940
72795
25507
57119
4283
62885
55772
42173
92480
67457
11105
20787
70200
9818
34853
46482
99867
67212
60990
32652
77606
91039
2712
57371
38363
79394
52531
53723
85142
1178
98713
42915
5063
86359
1386
71285
50120
30603
74889
81969
17319
80529
51496
43501
12910
40786
18947
24318
72602
44171
66048
37204
16863
33566
18102
97716
14777
73788
84218
61375
472
31430
72379
72768
74572
50021
85383
87217
58133
54720
53893
9369
352
48385
85702
39836
15108
35822
28757
55668
82648
28599
54904
63611
8118
86814
75983
7421
23302
16814
82123
12513
496
61903
12033
27948
9385
50960
92810
36972
4421
60102
61685
86200
64231
12441
66626
8687
49775
47747
12712
70748
15524
5606
64202
24264
70116
55525
19116
66443
91952
69678
22345
86814
5909
27118
94885
53752
96262
93145
56792
58968
58638
94799
68186
45114
6658
91342
40556
97552
31625
37548
26443
4924
62390
87271
18827
45992
14360
33760
83621
15037
2085
48832
8371
15664
39292
44475
99739
36200
68085
41090
46421
56662
68433
65508
90296
41110
71412
51490
93646
56116
49654
9880
52311
12165
79888
22262
34836
94748
45086
3416
82771
91762
47860
65859
44451
35875
65376
80080
45856
65187
5395
19292
31322
12811
36929
71429
52611
12198
20170
90935
18977
6308
72129
19288
38594
9813
91999
17590
27956
52522
10168
90803
76532
85194
80249
90046
86178
88591
57534
24875
70943
54596
64277
670
33
60685
19952
77495
16246
10532
92366
39347
54243
62979
7352
38912
31191
64577
36624
6320
28447
58490
31939
31365
67842
74019
61458
26597
28123
44576
3649
83
28951
81484
21809
61974
10299
24026
38192
11297
15272
5715
86358
44604
99874
5451
60718
66707
8635
33296
2107
98377
88147
61943
78553
24646
98059
27812
60440
62933
58528
96945
19259
48086
50143
95202
28748
14463
59018
43826
80127
9177
2569
38124
54325
36195
81857
4109
14087
84254
12759
6214
76723
4147
43387
99579
74571
85273
23186
62890
96526
93129
96941
79155
72667
2472
74594
55246
39202
42994
21604
67993
10607
35144
57232
73233
26223
13389
44287
61341
57439
47163
54432
45776
11007
49542
43488
36992
28405
78756
40276
3985
30774
53140
85761
48842
16071
13504
83432
41129
97229
70616
26868
44189
33530
83807
35405
48613
88438
21014
52462
7727
10397
9009
89699
34533
12996
9170
61515
18821
15740
14623
87980
75596
50895
976
18441
32206
26839
87738
34146
1044
54655
46636
87846
98729
91370
72011
16372
89725
93664
35323
64414
65559
52728
11971
23495
42399
9987
77683
94951
67032
69999
35192
95749
59317
54213
5450
49742
49308
26016
53062
86666
98306
79186
97322
35226
41127
58265
72497
65310
75744
37601
33487
99943
6928
31624
44266
87051
38907
87795
5129
81454
39391
60715
98799
94081
57272
18353
86538
37577
95653
32997
38769
79285
69550
46364
86138
67813
55298
33242
58760
64456
39443
80687
56637
40362
65683
22935
34932
80445
40084
57307
23988
92558
62832
16161
95681
72102
67833
68445
21025
77279
66686
56602
97897
82713
2895
37749
19950
23289
86828
48201
81388
33852
68359
76302
13318
16957
56050
82267
8686
74505
5863
48046
70242
38390
49187
3058
58708
57386
56645
70238
92474
865
71014
68004
24373
5128
37958
28025
69826
23472
48974
39162
16658
55584
8493
95233
51000
39367
2634
76910
62173
39827
79780
71619
33063
71308
65609
332
91933
39341
59313
63918
74915
54388
56572
48059
70423
75713
84823
79447
29116
82710
56289
81661
52880
31113
42243
61562
7726
68327
61304
17838
77642
86525
47454
35516
31410
48127
66942
22359
98828
53960
81698
99745
30650
85796
39299
48963
58376
64739
6039
50070
73429
23352
57276
43197
76823
49713
30981
75010
21675
41767
25208
99477
22102
63986
6857
15382
78764
13008
86355
26052
28731
65878
99450
89951
71018
68471
59351
50148
5128
26679
4119
98790
38957
19078
82870
30750
38813
19253
66338
10861
25519
80776
64912
17334
67530
53919
56011
80620
4112
49036
52191
46645
49293
12610
14045
72823
69771
27865
27114
75056
47154
19366
42225
49570
2244
36892
99931
64967
88019
20672
2733
3308
29183
80565
60496
84778
22390
98665
55708
90879
30665
60676
89843
80072
88020
84585
39718
70757
91493
53610
78869
82619
75359
64601
66837
38365
16478
49185
13434
77823
86896
5509
36920
19225
37107
77647
74188
84804
85294
26546
76857
46666
77517
13162
66376
40177
49711
50892
8796
57903
75986
96703
55708
29903
71012
34722
7036
13044
51672
60199
72937
83113
25720
77529
70139
88845
93177
52685
50046
53294
3778
30370
54071
69993
59555
86657
56716
15293
33003
98705
18169
26306
45256
85658
38032
92011
82188
46161
19607
24462
64457
98360
90463
61191
91295
98847
77062
64309
94962
32970
60590
56627
39773
85418
42812
60898
78290
30310
22946
20435
27995
38586
75167
38040
421
90409
86461
57151
22159
93750
31970
33398
3478
43240
36313
97987
86728
90207
76472
14086
68181
60152
21133
90417
47925
11809
53921
34475
20471
40305
19902
47267
92081
16583
95550
69083
73031
9419
29438
29254
47999
51276
84609
30158
37587
34851
83159
39213
58722
75422
40845
95348
81097
49735
75353
62706
97568
57020
24216
98411
3724
92177
10012
31535
62183
98899
39243
54186
38473
93053
75811
6060
37617
70229
10505
17819
77188
80282
16139
65185
39649
36697
25277
94797
99012
15061
58996
68802
72696
77291
95055
77237
74288
2157
59055
28770
31364
67447
9385
70012
25400
71933
9707
48705
82007
71999
11562
73649
55902
93110
26749
56489
37389
95520
89447
24222
38555
61331
44378
34996
46773
84774
32521
7620
24268
59078
64724
73852
97517
71913
78105
95298
13664
78204
4015
26381
16842
78212
96015
19913
19010
63292
42411
66840
36263
93531
49730
51394
6687
65424
73804
87082
86201
65026
10991
73605
30570
13547
792
73129
15430
66415
36665
40079
18063
5578
25003
25944
39803
97028
46179
86725
53908
83349
20689
89199
8842
32673
41181
23953
20103
94068
12942
80009
21188
40722
38211
69006
94781
34246
87264
37078
30061
55608
14433
16880
63729
2738
52455
88714
13920
27023
5164
77040
92107
11622
30628
67674
76590
4675
10270
84551
13552
62794
72684
69894
79477
79040
14089
60196
92778
23270
30970
21368
11882
47546
79652
2624
71556
52106
51135
64985
53353
77473
30903
48425
43433
81889
26030
71128
57180
15232
21492
68368
4525
96561
52485
53068
93826
90317
88673
9068
66559
3757
61868
23423
32416
63591
85679
24222
77324
79675
91547
67815
81157
85267
47921
1819
95922
48078
71967
79511
58100
35309
90038
64291
48452
1187
96598
25962
76384
37543
24073
30294
29017
29104
15122
42819
61827
80335
25497
72139
36882
92799
98989
64691
93643
26555
30833
79022
73230
71583
72093
31618
93892
21340
51764
22247
56207
53077
42011
9982
3763
71749
16692
81358
95257
80626
57790
63578
52968
64397
6404
41264
47107
93998
58840
11945
34142
34727
22851
42063
75873
69247
67646
29645
87165
39278
91240
63098
24866
79484
86419
45314
64940
99135
50340
13379
94224
10321
26586
57823
45988
26049
2025
95045
4576
72884
21485
24987
55582
27034
77670
24908
11171
45602
7760
97662
77403
19578
81481
51098
75488
19417
54129
93935
48052
27268
84918
68411
23144
92466
21067
63402
55155
10933
63465
82335
96371
41542
12447
47140
98193
56410
79464
52025
93194
80918
38881
3576
25489
98837
86300
6423
70476
48428
10194
76194
92275
79243
52531
20099
57600
87946
57874
69467
70070
47299
9470
52126
58938
60966
8714
91216
7132
49086
3685
26767
47248
95214
44443
17360
20645
88550
3224
90586
36282
32272
82844
41116
53357
12184
70339
53902
40630
89517
27729
79161
24703
27945
82891
83330
64877
71465
86563
42618
61317
41160
21803
52452
46153
37397
14773
23201
33044
46581
9705
42214
80172
99286
61698
18369
56290
59824
57681
7115
52839
59022
45805
65214
45368
99058
41439
35281
41704
20377
18783
55021
73763
57604
74139
14323
59700
75791
96222
15714
474
59975
87413
67827
18782
40165
76724
54389
91687
5611
17069
26763
62899
23647
98572
69674
95688
36271
2356
36539
74500
21454
16907
11048
60586
12415
32359
35530
80259
76728
79241
85564
40053
84894
63643
47184
73270
42488
91390
8614
71486
6856
42211
11710
50982
24883
85979
6767
81210
48229
1298
27767
4891
64370
28299
14487
37160
2455
66728
89626
80208
28026
33424
40389
61808
36878
13064
61799
52180
62428
43972
23803
21934
85158
13772
89206
14749
92974
83845
94137
39042
70191
17944
15609
20950
59221
4822
38051
83351
10818
25715
47625
69649
1265
25701
7907
11283
27813
40884
83486
2363
89400
32879
22491
11434
86565
69528
19845
49138
88121
76631
64156
93447
8685
3604
92920
69619
7235
65278
63610
90471
65682
42673
51150
29712
29549
16867
9649
87917
58996
60861
37048
11571
77595
31874
28219
89343
16455
25797
17666
61670
80005
50414
60815
71012
80353
99080
11044
90283
83316
64405
4345
66245
14709
62100
39361
5666
72765
66200
10964
14928
31263
93076
68147
36720
61820
94760
71197
3864
65500
78286
17835
12494
39370
69895
40704
81984
7979
64814
37115
20075
80285
26173
74420
57053
92200
81340
18010
39060
20608
43703
84091
16424
49179
88698
70302
78883
13634
60161
38381
78167
33162
65083
50981
68216
9368
95679
96952
8548
26123
65222
10081
9907
43130
41435
28854
79923
39681
80042
85323
25344
309
549
78749
5223
69074
69026
92449
20680
87703
46838
90783
67329
82753
22568
19404
5564
21336
19382
59085
77980
40660
93602
87696
85151
75712
64700
88002
87121
25359
19842
50872
73790
56409
63221
50563
67514
63323
6486
2347
74033
52625
76894
43708
96035
16596
60106
25835
43911
85943
13530
84399
38557
47153
80590
86126
40241
57557
65005
76128
70587
35900
58906
74107
20254
85758
81958
21227
90711
97055
41353
42420
97092
90962
24621
35185
12701
53150
47614
87017
98686
91633
44253
58766
85201
34705
85815
34812
93326
96076
99851
70013
82794
26507
49936
79379
69413
4214
78339
41243
37241
66790
29385
81947
86588
87861
60797
24316
60054
3402
29346
40947
48347
75440
90815
68551
68820
48009
68655
72856
57160
71461
4976
96993
37123
37374
94161
24551
41313
48205
9490
40383
18058
88644
24404
40772
9260
28880
34592
6700
88613
8735
34394
94851
2880
42342
19515
91320
63792
44496
58821
41011
78934
83113
84980
26593
74528
13132
6644
368
4166
75669
89028
65490
219
99764
3130
65578
69271
84358
42898
83243
63004
88472
65053
63377
65806
3106
41554
33519
68025
53041
12493
6138
11538
9633
45216
19214
51862
11903
97086
70824
23462
29628
21234
27841
99764
80093
44341
79567
67542
31811
12777
67202
42446
12758
49968
62264
67471
52041
51858
75066
3313
53643
22985
90755
93681
76410
22345
82052
72255
59968
32998
34023
45909
97057
2868
53919
91266
76689
7219
8945
88451
84942
26341
30718
49833
68955
5199
91204
20377
60192
52865
77404
37448
81611
48949
35132
14570
99060
2293
55828
44698
7743
95062
7570
64351
80079
81733
77872
40279
57079
68371
7778
63186
3033
46517
68276
76314
64416
47930
20092
68319
12081
72350
5295
14092
4042
40648
66897
16296
19451
74189
97391
67747
83034
71241
17014
36353
82434
64550
26864
29272
22349
34373
68060
90050
13801
89700
86414
99944
45738
34841
11513
92076
91384
88111
87793
68505
38437
93607
72934
34439
6761
17692
32132
55364
88755
39486
45255
2526
89103
24786
70315
3576
93279
28091
64096
85185
60769
51554
86449
55645
92753
75645
71774
31483
65508
52463
28790
50016
61373
80748
36287
16190
94060
49067
60866
94333
73591
35290
64505
35728
17285
26735
408
94381
33525
96425
9318
44029
88574
66663
3839
81728
27727
11274
4475
79298
72232
55314
35045
74939
48051
10881
80752
39442
15779
82125
3731
35772
45286
68806
26190
22933
22590
81382
3097
13810
80729
63915
83886
61487
7327
38431
13145
88452
44210
66724
65437
341
15115
9239
11504
21199
24800
74121
12140
69975
75037
91848
50025
27241
17631
67869
20702
65055
68269
59951
57652
16887
76055
89829
31976
84673
45198
66534
82343
46066
32546
65267
60061
27410
16127
47394
43766
67191
85950
24611
23893
44991
54366
80886
42323
91457
5082
5786
24316
29016
75958
40635
72933
34757
90260
42978
65668
36503
36194
91749
2055
65850
17101
17524
54216
49333
47558
65397
38473
45401
32737
83239
50382
5719
6160
76396
88325
25846
38034
18677
40504
49898
76221
52630
15424
52891
83958
29851
70634
75360
89689
44675
60314
88225
72786
47066
64499
1268
54794
78851
68054
27080
15382
51726
3383
90929
25015
10942
7176
21863
42004
28580
52117
67829
27203
93785
75379
35862
97787
86649
37726
889
98283
30628
18143
67808
35083
27011
82240
65672
36061
4898
37917
90671
76139
10965
79660
71423
97328
18926
71289
39171
95860
51340
95225
94298
60298
31550
66464
55524
97223
47755
3532
94884
54138
26274
2774
84319
35884
46492
75469
17345
22995
27447
96407
63379
95952
93135
22680
21844
6772
56976
66519
78818
73565
41940
50836
88995
64079
88225
21579
63972
72998
82969
8168
42750
54885
21425
96971
37693
77713
24510
91669
68158
58906
26339
9606
92326
20201
75897
72414
32421
27356
25721
66855
65175
264
4771
67869
1695
55589
70844
37369
10021
40997
8648
63088
7396
83260
19072
69817
16939
64784
7548
49626
25404
99675
61300
10448
13838
47501
69878
12796
56857
31724
66377
86030
4009
21425
59167
53080
53658
5282
85291
80470
40270
6480
31433
74468
31137
89296
41543
90993
54653
59819
30292
5463
34918
12070
30214
36284
23273
90182
26923
56177
78235
11106
81094
91918
84210
1161
75839
18165
92681
21827
6840
67788
66290
28719
83772
6424
52283
44233
77732
59026
76535
95004
78828
75054
37836
67992
50288
47303
93545
14936
80765
93981
99594
59932
99926
55889
3626
49198
99586
97448
83309
58363
91056
85178
75980
56704
77747
36591
93432
75988
30201
27190
44630
42195
42376
50876
87247
78548
15887
72967
97867
99405
22712
47229
47001
95579
89488
16692
5893
10688
24623
61905
7664
78921
79788
28063
67955
57974
51183
5819
44628
43414
60585
64288
38748
44122
63181
20005
39537
60835
19330
17006
14472
31438
14182
19239
80494
15694
65541
7255
39097
53241
26861
52987
97468
28338
9168
18704
21203
79807
8746
87470
88366
19988
25975
12784
88619
36688
60441
96799
51924
96614
50282
53769
61409
57811
1934
63871
57817
59382
38537
59796
32928
53890
49650
40634
16435
44461
50714
25490
28251
1432
13367
12225
95477
94212
88052
26923
72095
2652
76395
56467
13308
49720
39125
76389
84526
69506
91515
95433
6302
97269
61271
31329
86588
33800
39631
59751
8284
71526
16489
15588
81904
17577
69706
88800
23235
95918
24594
52179
17126
1952
25604
85334
57118
47876
93104
36594
40821
72580
86358
27538
49597
57322
11876
45009
9841
66574
95330
91337
3036
64155
92893
30335
91990
13747
33362
40607
23114
40010
91900
29775
79227
12118
281
91988
53594
36343
29465
13868
72868
17830
76040
67018
26400
31784
98963
84165
43584
44327
69203
3934
31564
57509
2211
55700
21282
86222
25460
3676
68363
96530
87013
28372
36478
89384
97327
97327
23822
90166
98723
86919
48366
80807
33008
27633
10201
7980
49524
46293
84506
78081
10251
94328
87554
18449
72877
8179
4447
14547
38222
78464
93591
36840
34636
72801
97992
51850
2123
69542
58582
20665
63276
9071
79427
3273
19741
34918
75625
67500
2074
12612
7305
56318
29274
44542
86363
7275
50065
25834
6881
86380
68730
81825
75782
78820
7820
34985
95933
7908
33613
93562
96578
69951
64112
12018
6968
85255
42214
87702
44144
52626
78391
84007
72600
94048
47555
79134
99410
44416
82352
21290
65424
83202
82019
91875
13108
9691
81268
45754
55781
84866
22496
224
16098
43229
84159
89768
46611
25863
7389
33141
59203
69653
6614
42089
32127
28770
866
61401
97535
92919
47167
39144
478
57831
96608
12280
52180
14562
45750
52933
52459
60162
71136
75843
71761
25661
86818
87480
47717
34979
83231
53915
18202
9902
98638
48965
41949
68118
59143
79220
42572
47667
28388
39410
21148
37353
98995
2547
22123
86381
51901
45690
1465
95664
65290
43360
54681
84457
21730
95968
54041
46226
68185
65774
95402
81037
36361
9686
81226
98249
24587
84521
19756
2464
22024
6246
96288
21949
84829
91957
19175
70355
42920
60228
30944
30902
28253
65518
21912
83689
27989
89567
59391
84734
60776
92410
24761
1310
26178
21853
26720
69912
70674
7343
52850
38381
47399
43968
11362
76670
88790
51623
73136
12644
88331
63166
55953
40535
94884
35632
55265
35097
64417
52751
81007
83017
211
39395
87045
65886
6162
81888
32219
59872
95714
87427
51944
30069
41376
85760
86796
3415
46964
56653
19141
57938
21753
83533
29586
92261
72554
38184
16979
69307
8843
16793
41824
92281
26262
99132
37732
6216
72128
56271
26391
84666
60867
79378
72055
59309
42867
57724
64173
66028
42553
34593
72286
17416
31173
56755
91598
70853
27813
89447
33076
87487
10363
47297
33871
28450
24343
26796
50913
21143
30224
6292
84714
59678
33786
98168
88190
37184
2354
94004
31838
73757
42554
84468
69090
70872
34855
42399
47975
85847
488
62093
86315
54165
39121
46647
3823
8147
51826
65696
13339
24975
7631
93397
5218
4728
90791
58759
55982
18025
57825
9778
10476
76171
15889
50390
13588
18090
61486
33223
41303
55337
89870
76765
73478
54325
90328
74385
60210
11219
93680
26116
27340
12618
48975
41334
22679
48150
91278
32220
92873
64642
35547
42210
62987
80888
11306
6462
57445
61698
84137
28523
84226
92415
29725
69348
2465
58726
51783
62849
11059
45494
41644
39537
30899
62160
53080
23824
42824
91264
57852
16855
7150
97350
23065
9715
53187
41311
94963
74046
40790
48251
90070
29975
57903
29370
28201
94139
14880
23438
22776
80408
50331
65110
41851
72474
30558
98516
39143
6507
82177
25358
80610
53561
51413
72290
57177
45092
38332
1697
10791
86395
90560
34716
50607
6496
34469
64952
31958
28138
37769
47510
98242
49400
99813
29378
98008
62878
96669
73952
28161
78759
25262
15495
59085
1652
81608
74588
90164
44494
18960
67027
83616
38085
76891
37705
33410
7786
72104
66786
26650
58939
21115
16391
93879
56472
36235
38267
26776
65072
66532
35324
31001
24370
32871
2013
43994
90418
57901
34162
35245
75562
74047
58679
33187
11297
95687
42999
37463
21142
62948
36788
76532
78638
12264
50894
81788
22635
91210
4880
2560
58456
20071
66088
12242
84748
89290
16224
17539
61811
38336
41022
20081
11813
63355
81849
18264
5366
7128
23917
33574
6114
7049
43708
37573
16251
14783
29074
42368
66430
13837
79885
66663
63125
93476
78969
54962
23817
86818
92184
72594
95822
31558
15694
69191
29360
626
79216
5676
85419
43807
80869
307
7001
25402
65191
56058
53500
63927
59100
98520
14786
39977
23655
51493
15105
33188
43927
97305
13182
5393
89118
2460
82668
28003
36427
35542
69254
40301
70107
41028
24931
35856
29710
86724
85719
87704
25633
45849
64035
69151
30386
31865
3238
96432
38099
91936
73616
86868
62429
80019
70138
31416
71683
459
85937
4210
59934
6852
54323
35634
69684
98124
30252
31960
82267
90072
62898
13484
77402
49177
35212
61698
28143
97927
7330
15453
23949
21313
82606
4868
19879
10295
4494
45650
60369
90080
16209
69990
6410
98051
31397
54533
76829
24079
68467
30756
50687
49682
33202
38413
84585
37912
89424
1669
11351
30211
15501
87633
1622
86286
20808
52452
83471
48206
19489
29762
80082
67942
89901
22338
6340
70414
16694
93917
74386
73947
3194
72104
80739
41742
89970
7384
66002
38578
8920
14219
73044
94334
19612
66001
46590
59463
48025
11757
52728
34770
70703
55619
17705
96538
18304
43763
65652
91893
4705
27374
98275
10237
49398
37700
66372
63944
37475
51247
25178
38579
76998
6618
73712
27638
8653
64431
99957
34570
4168
2811
32354
54023
64024
4895
9687
66551
80980
15033
23020
49381
7374
77457
36164
17321
63710
70316
99267
28495
83308
5487
91942
44269
57025
42961
4725
9128
60773
389
26526
31841
19081
68532
66627
79301
32479
16426
25017
69089
93414
82803
75060
2361
25590
9687
90894
67664
1534
26115
10450
6139
79784
63007
21325
63971
78369
57056
58184
51868
89489
65226
62224
57815
59423
24115
41488
32740
46567
96806
23128
34869
82447
29022
95034
72423
89591
35504
19863
76912
81392
58201
84336
74732
75151
82454
62200
94078
9668
30091
92011
35837
3564
81344
45281
47523
15360
31210
64911
71928
6453
16824
38299
38245
84808
99315
2107
90493
31685
7236
25493
72303
38369
42451
2679
11589
88741
91893
32218
96604
4993
34160
81237
28358
21488
69665
57259
87745
51128
35209
56101
87163
53955
78556
70412
8299
5250
16178
65248
73654
97937
11204
16225
79536
25020
16089
3961
11771
11650
61387
19936
16690
71524
68889
49467
66684
54972
56876
60712
79862
65239
76663
89280
24633
80767
3035
78236
29744
86378
44137
32566
31552
81165
57811
40728
44972
54047
26544
81229
82459
61068
96619
85436
55623
20334
93610
30671
82686
97911
70603
4203
76225
55636
87338
36594
77344
97367
78657
53172
85459
90573
22557
95982
79644
10847
82487
52796
58031
76019
52348
35882
23416
9505
89229
79559
73939
22324
40435
85053
30905
37189
60567
9274
37031
8628
7472
8856
88476
70739
54595
90910
44579
91101
59554
17934
48721
16002
44526
79891
60053
26831
30176
49226
66377
17182
68720
92903
16505
14456
47609
68550
25567
47930
49650
39602
57071
59470
99322
59495
26892
85506
98381
68248
81305
83055
75283
43471
52907
21187
87655
96051
61496
67395
50877
92617
46491
54982
25638
64572
24915
63270
94659
87601
20582
75877
96835
39680
4408
38205
7960
50881
4122
91021
59965
21858
29245
14402
48003
622
96688
91840
66207
23244
42672
68483
88383
92296
32919
54043
60368
19803
79430
24585
25369
25940
18032
60000
92478
48085
96192
71507
51962
70078
67337
28287
8877
85636
54777
896
48351
35483
66161
28503
38013
14113
96930
9042
83096
17803
21276
30437
97228
70196
38931
29849
3951
27719
11009
69835
29100
14747
5814
19276
67451
17071
89862
86363
95466
48666
826
79286
46265
64914
58408
36945
24811
53917
89305
43895
35166
9771
76689
27311
96247
46406
42255
98797
34489
77052
25241
53577
58291
84010
35010
11720
73968
55712
27140
70584
19329
3934
2325
3757
17665
65615
12528
63099
26264
16977
27006
56267
85427
7035
48259
85864
56078
81769
22485
46254
48357
79604
54656
14280
20009
97397
76708
78303
39563
74821
20129
16352
87547
81648
44418
15744
37758
56878
1270
58727
82523
17401
76434
78418
47996
31464
72636
48504
14646
9288
3405
63808
33980
53125
65982
43787
95341
85150
62906
88622
24991
76649
6509
44727
74516
54986
93838
74479
70473
75451
72599
12139
10971
6928
84230
74849
79511
21152
10999
15027
15294
38955
38636
65992
64511
78087
12772
78867
15882
16076
61848
93300
90065
22450
77687
56444
2821
25545
54944
10628
50295
53930
61546
65463
47224
68825
34477
19052
31133
45277
87035
24289
18512
78913
65127
79549
2710
68178
13993
91774
68203
53280
46661
82837
87037
5717
13320
24393
25684
39417
35699
90567
62066
22035
92337
75642
80680
30372
229
13825
89499
94430
78495
21040
18593
46551
33719
95801
47581
68419
69828
20554
34733
86553
45709
87396
93705
80581
46297
71541
43452
77601
47329
3344
98613
97006
51565
17892
87829
7824
36560
24965
33324
48258
36290
80116
70377
25758
33294
96552
44802
44925
78430
23991
29316
50663
60756
42241
74133
85039
13373
87249
88508
7538
26969
33415
77678
76732
75194
43861
88401
32885
60053
7928
98056
47888
91716
89808
94785
47870
67665
22710
8465
6648
11007
1652
2844
22401
88078
3836
98850
15039
77377
11108
77779
20600
43108
84565
58093
52263
18047
4509
10730
34724
91634
37408
8538
12279
35076
83737
93839
96671
54225
19126
87404
14093
7566
60707
46847
74500
49184
18325
70453
15681
69693
23662
98885
86465
33258
88996
66732
58767
2190
54905
69186
9133
13377
79769
4283
32334
66454
84667
18609
70638
92917
56572
14507
73281
54025
95261
88080
1597
63080
62144
27046
76741
39669
78176
35864
8003
47905
92762
99285
13013
35165
90631
41924
18405
23710
56556
77586
65563
31289
8431
95431
70122
18938
93510
54429
14039
79725
13466
38767
2150
17217
50508
15815
11874
45141
99443
36662
85235
73134
89904
57402
70941
42551
27927
50056
76845
91427
30476
50270
74425
84152
97050
77454
52464
3113
37718
50112
40958
16290
39480
30152
2881
74959
58881
87280
759
72555
57237
50205
86640
36944
82750
64287
75549
88756
50057
1404
67315
85910
26591
69852
96251
38738
44647
64848
76380
16026
26779
67935
95288
76334
69596
43471
82933
17567
7329
92273
82733
3810
17989
70864
36115
47153
59140
92311
95433
5252
84318
40337
79554
51115
3547
73604
28511
42688
62471
34191
61694
15045
8443
21502
76381
36126
42862
70779
24448
59024
18972
12240
43750
87972
43293
23071
78448
40126
50622
48938
73533
35183
97528
47542
88870
63704
31714
1613
26024
44554
66750
55504
7595
69024
9849
83943
79466
24432
62281
47097
58813
2396
20246
12310
37597
52659
28825
85785
45649
81046
32150
49982
37853
27337
47461
54284
71979
5141
5292
81678
90790
25329
73907
39739
20525
23693
39341
91674
20051
96826
7332
52291
41109
98114
22748
37333
65417
51773
92928
13622
2774
60955
3896
96104
13745
73910
59691
78512
90672
53740
8383
82010
32538
20473
28538
61155
28749
76383
5246
11499
41816
98038
60475
40394
94725
79676
16326
53326
97069
7019
30740
88829
61685
29702
57520
87174
46521
35259
19227
12233
66856
20637
27043
38518
72396
91720
21373
77532
24247
62011
66172
35164
92882
69725
90034
63939
87166
16647
34661
35624
89631
49650
13030
18751
69958
40243
97694
68896
69407
71418
38649
26423
79132
12021
21331
69636
54812
10604
86372
44935
45885
38291
92424
75599
33513
75530
24985
53283
89084
96153
85474
16953
9727
14990
79703
58726
73718
99900
40208
97470
50979
99112
40538
81974
90018
88941
81043
57457
64453
81897
44920
21121
44077
41785
81281
57818
37386
84933
97596
47162
59302
5337
56443
89525
51053
93452
70325
66125
73997
6362
83917
34033
92459
82490
19685
12516
99588
8380
6394
59623
54270
25497
55547
20914
16069
78239
12820
59625
76377
93057
67801
20509
12141
19848
97883
24464
8764
89431
75384
60634
25334
55498
71772
55394
37911
39333
3717
23711
78803
1556
56453
57567
91024
78129
97512
30867
52865
79802
34232
38034
44100
89066
47200
75370
66655
8682
81895
2453
33871
932
81406
63205
96486
91793
85978
54746
82216
99988
87225
21559
28236
96378
15953
35362
13465
89053
23739
12963
2028
55257
6985
69465
27896
69102
45907
8534
68350
3248
26953
80812
12704
39530
37189
47128
74989
87952
84247
25368
73269
23629
56700
88946
29957
17896
85163
2177
24430
98346
1854
42247
72004
79449
70186
11297
73658
878
96748
12765
2712
81747
70532
13109
40406
75829
35176
60306
65364
27326
3955
77135
65443
54437
55810
59135
52652
47959
72334
67807
30471
73911
77318
87278
96150
44448
12188
28211
26151
85967
1022
30806
90351
32405
97853
74880
65797
55338
80446
65048
82757
92955
48871
10585
30590
29594
39099
46905
7139
12528
11034
54163
55816
46289
49067
37212
48703
66427
66460
91170
68168
15349
27262
82817
23353
60103
75881
99115
21979
89810
40614
58068
71940
9213
68290
25967
3377
49984
51547
92636
61337
56775
53759
1741
11726
16585
44053
13128
47851
49380
22766
25715
44525
53741
62292
31450
45389
81988
40366
63379
74041
42770
24805
47689
87894
40872
8233
18569
90593
90025
91504
15008
66570
95006
93473
53465
11109
68973
60344
89290
6903
13641
71885
39923
53581
96605
20111
77006
31988
76465
94937
90652
61216
14475
73509
33640
61571
22108
96745
4849
50957
29196
57928
24253
45141
93887
82820
82575
67943
18144
77989
1960
36807
53261
89714
403
73706
46030
87053
70315
18037
66915
15159
21239
53408
60148
42990
39671
56911
57683
28642
19741
61452
68125
97739
17191
20064
65479
16638
19647
47243
76881
23251
13502
36427
16995
69503
86671
33055
7033
97819
33240
59983
11185
48031
75854
32420
49967
57028
2618
86993
52913
71804
81262
39698
26072
64729
70564
77241
97011
53975
23231
16757
75916
1045
40921
21469
2919
11086
20289
13117
94468
69784
76485
57009
97621
55926
69337
73892
79295
72689
42580
40817
59463
14365
15580
65169
36586
93971
3367
25757
98278
3375
10438
21131
92899
59135
80180
79724
75984
96297
71733
17438
70025
69554
78232
5820
75566
11309
95807
54622
99734
63834
1266
19890
50252
71502
73023
4287
88766
696
88428
43530
12359
6741
5412
23205
36011
16160
87258
36772
14510
98659
97366
91821
75889
20519
96023
83463
24326
28069
85013
68857
78177
64257
16612
77382
30897
42907
3726
3411
87973
64902
99518
55942
46060
88556
20952
35411
89498
28270
70742
73707
47621
13729
95071
6438
6
39123
45498
67309
94349
69438
36718
93964
9462
75381
10263
7313
68450
28866
62971
34270
8527
81424
95482
46864
63385
5061
8792
344
36638
9210
49779
26055
74315
64298
52251
64940
749
55536
82437
39432
90957
11184
97999
14368
54184
72394
66308
90730
72920
58731
59666
47023
19128
35229
17440
59326
99051
12821
11135
90762
37224
3269
76113
15248
15845
67905
71484
56685
25501
16601
65864
79678
83682
26737
92964
75605
81972
19
85089
52136
54187
95896
13739
17771
83236
52239
30688
96576
40530
9923
38349
11880
12677
89792
15542
74687
43021
93217
39410
32886
20932
73205
85250
90319
6965
36092
97207
33533
36715
36778
46918
82609
7521
65883
71786
72526
62256
64547
6376
75219
93239
74866
64564
15539
15534
72125
54667
92560
88502
23071
18321
4709
69180
74197
10689
69411
61275
67086
44231
11718
13682
59531
95432
8094
37106
85937
45903
5083
62476
61594
2125
47352
65690
89220
81522
14436
22196
13877
99765
56910
30681
16529
60983
50711
49181
66266
30514
62883
2737
26536
17742
49613
4492
19681
19194
67327
62767
5426
44240
97408
15777
80793
92405
23543
90571
43058
3144
90668
60421
3159
41065
3755
20076
10869
61701
72397
40900
86578
52796
99789
92841
28675
12187
67556
85132
85059
45937
38083
28830
35884
78802
12588
34357
87896
42958
34993
466
62536
6840
22900
69619
64988
79347
72771
52628
60703
46971
16899
30875
17413
63190
63560
40510
7198
93751
62501
64840
46975
25881
11622
53092
39880
97091
24445
86740
91376
36183
87627
88481
50924
46271
52640
60478
47089
76167
53338
18592
70048
90865
67120
81746
74355
39629
52442
98613
96262
30404
56670
64057
9001
84960
68476
28427
29805
69726
28553
55163
3942
35289
12340
26754
49596
91601
51070
24941
34425
79923
39051
36343
64605
61609
29533
66784
37811
99045
41390
87555
46622
86437
73344
32605
4684
6001
18839
29629
6885
35740
42454
19850
76756
46314
67614
79050
83895
79178
81958
1167
61492
16018
74349
52180
68505
72094
81542
64319
34370
48034
88270
69127
57868
64599
86981
42955
30133
1649
71346
78489
25900
14929
73843
2391
90775
90735
61207
36720
70421
72936
32010
24387
20883
3008
45170
35109
76838
94828
24333
45276
96439
62793
59034
34012
44901
57888
56020
95404
41261
95909
27505
28076
9537
2604
51963
25831
95267
21938
47006
1033
29974
16992
52367
10546
31217
985
23112
61467
14733
25404
64280
41074
63869
95238
20808
94381
24158
31632
42325
43209
2299
9316
47386
86896
95816
50783
67233
89119
69979
23903
30970
10782
1160
16227
90093
26182
30848
62216
46298
16150
30323
23472
55045
30839
36039
21051
48637
37748
46307
20051
15455
60212
28865
87107
4369
22130
99794
27137
81319
93526
22817
80884
66150
30072
78706
15590
49007
65035
16766
54992
75419
77219
20340
63286
59414
32110
18543
29672
21846
96184
46913
13926
55339
62621
70401
59989
43076
47674
38818
4002
58123
48845
17357
34359
28970
3890
26364
20405
45242
24975
65084
78399
87687
18479
56253
13073
22675
10503
48166
82002
10898
84807
8911
29295
31739
67455
77559
75947
88065
94321
4249
8181
16185
5262
70194
63149
78631
20627
88576
21913
71390
83324
80891
49483
93277
1718
89979
99553
35190
45717
72942
88305
53097
85019
2084
14596
28645
93153
30621
93471
92897
78831
36051
46870
81148
17700
92146
44794
41569
32812
72046
80496
49833
87520
68571
15673
62735
25019
19363
98217
73958
35575
65247
80726
50600
23046
65079
85307
45428
11993
50227
15246
31993
31763
46238
49399
69102
74726
25142
86984
80361
32673
61152
19475
45631
36287
41235
25194
55785
95563
89402
92483
87293
10664
94551
56830
36398
56492
69218
40370
62258
31108
58367
6652
4968
64285
56322
82304
66153
20134
50026
20788
84180
60588
78526
80262
30061
50777
87021
16876
57270
30537
11912
23481
46401
53571
90413
72084
36340
74575
36539
73037
93293
81713
82050
27521
61848
1988
41710
72514
3439
96714
8700
856
47806
97103
70956
13901
72677
15000
59717
88168
15069
38094
56468
86230
23334
2217
94794
322
26536
11463
75665
79021
68428
15531
54520
76047
2614
99075
13156
34881
17902
50542
8532
41122
27657
56672
13033
68207
9912
83903
41121
39530
16268
91581
91469
22993
38828
56974
23725
30380
5115
59906
56821
24033
97276
5311
87438
33426
55835
82252
61284
65924
94226
79916
30375
62095
26325
82814
1953
28857
10322
52132
26462
5001
26951
26706
61515
27040
55323
68404
34416
64813
85172
94933
95374
12487
15867
80199
21587
64701
42312
19694
65911
80236
92811
96429
877
1111
9329
5138
46259
34253
94456
9098
13751
57981
14309
29996
20915
76499
83573
42443
43596
50539
96629
34793
94619
72522
25779
66995
97866
59518
23273
18133
43075
31349
26826
54412
32933
68885
74206
14692
90927
85833
34065
31088
87903
84779
87657
97868
5330
40400
49579
81924
10645
20201
92117
98377
35046
53993
39246
10357
71991
13960
22065
87430
56848
11755
43930
31819
55039
75078
53709
95044
89498
20195
24706
51021
91798
23887
35888
32146
35610
14208
48806
61759
18776
26612
50570
84206
59603
91214
40704
32231
24773
38807
23844
44494
42487
4190
7478
82763
80641
69681
83276
14444
64095
16334
59102
27291
10888
48746
41702
54669
16362
40075
83845
83067
27524
47412
46202
91263
26184
43327
84047
84689
68728
18249
73849
48549
37081
10350
76136
52032
23702
61391
34794
35263
18772
87413
3821
72716
33742
81601
33090
38040
42072
15553
55017
15420
49007
85057
34278
34818
98749
81161
97476
97375
61812
96953
85298
19701
33297
68937
42001
58661
65346
42440
52834
47685
82521
4991
98487
17641
46965
80645
23242
7052
23288
28307
57098
25263
78606
47340
32519
32345
57926
74429
70851
25423
72067
50527
21142
19170
27321
82193
59395
8085
18191
58860
74460
58273
45915
85385
46155
93264
13031
51465
36118
45709
7758
39531
1924
61471
29380
56255
49716
35779
61293
94593
71313
25253
55652
75122
80685
18434
16476
53745
56156
80266
74244
52423
61735
69703
29710
37002
52687
59629
96313
87502
93202
83296
99488
72619
71679
70490
44423
83836
72402
49354
54935
43393
19390
47794
18364
77469
26589
186
78109
31110
84568
5218
17662
95730
93704
81373
45801
17931
17057
75274
86671
70724
63206
11671
62046
34208
42317
84811
13227
54052
36065
90843
44974
46888
39302
71604
96315
31603
81630
52454
68377
53798
50355
60818
22359
90217
38413
68384
26245
42884
37646
83197
89751
68949
87009
50738
83007
59272
48598
70306
17704
16714
28520
81420
48444
83020
99469
67550
27355
95043
23981
72216
51887
5743
58143
10916
23256
58716
57908
32973
61295
51781
64468
66988
47657
36619
99725
22021
61936
273
80803
9195
28954
93680
23287
40918
34728
51106
43431
91479
14049
97362
35638
97625
75493
37382
91114
13334
13654
95397
56567
42849
7363
99673
24928
29368
78356
71922
21998
72621
9959
60925
49232
16721
42972
57261
48451
74237
8882
84425
546
61853
42043
35206
4140
40172
41137
19875
1673
85677
65059
55218
15580
74690
99196
28030
14041
54490
68897
6822
12832
35026
99050
50784
20691
43975
19320
5800
84133
47951
52857
69509
18198
51859
52105
28524
72799
64551
40322
17127
71497
96659
80781
36101
82767
52548
59186
58575
88757
87148
73929
14376
23862
89769
45327
25504
41204
39576
90746
97059
49585
65219
17330
72305
3179
37533
71427
83355
56688
30092
49499
14882
39215
2897
9130
22052
58871
73754
28012
72174
13780
77279
22054
59876
62807
77497
61077
69818
47585
222
61465
22392
5870
81981
11831
17152
32648
31379
5046
57680
88234
59561
77957
77385
15389
84333
31257
84698
85916
81461
79593
8156
35473
22974
31729
68519
58809
6783
96997
3482
89759
30003
33688
64928
91960
71511
32573
74578
16789
65831
95302
1723
42454
70114
85664
29847
13574
86660
72091
22520
43084
43786
14217
86591
3076
52334
52163
14354
51359
29538
47730
52464
38843
29965
85842
49399
20881
15176
34494
57274
38259
31738
74910
40768
28206
67811
96917
30047
1150
68611
74969
96069
64378
99930
29821
23843
52644
65010
38166
68260
43472
71521
31056
16294
30278
86678
60224
22113
35726
84545
60894
16379
82787
75057
97404
44368
17292
84033
36934
9883
67852
9452
3203
64606
52166
12245
79977
69583
87661
93361
90207
54246
74892
93520
27146
76027
15539
60645
24273
14251
88294
7033
2661
9991
75190
20095
52819
2691
72814
14983
72737
59188
38280
10203
2557
22532
52466
86158
97724
69277
88238
99846
91989
42369
14034
52442
2060
93510
11059
88197
30416
41869
64779
4611
81786
3556
72030
76788
63292
44225
26509
65143
82735
15240
39043
53411
45981
13541
90388
20898
54209
66780
94284
88417
39248
33350
21601
48139
54253
11881
11001
49494
63105
5142
22533
69711
60564
95856
46146
68606
72768
36844
65774
35859
49248
5265
64369
86493
51611
20223
50114
88654
33750
87673
4843
75066
23326
37751
91209
35812
3589
48256
25951
74050
82080
82970
6444
57141
77622
33358
48782
47965
45172
24233
31478
25029
29485
38366
44514
97975
37140
49571
40543
95484
23004
61674
50351
70081
50960
80298
32494
81321
91280
21364
21770
44423
35419
27416
50111
41037
35012
26080
63623
83113
35069
87862
1281
78129
92283
59230
84915
2453
59091
60510
63914
86910
7351
78060
94850
93345
85035
12009
15690
61874
67123
98580
10701
45636
28091
60719
17375
15488
43148
74434
72232
87371
3367
11879
15319
95790
3880
50176
49458
54901
46626
43703
99410
3364
13001
22538
82940
78772
38537
87253
9413
21541
70063
89101
96677
50865
58764
6152
16243
80121
10628
33788
43788
31702
22946
31143
39237
6895
32345
26802
86712
12842
10645
60278
16285
98279
32995
35117
47548
11849
74620
59935
12274
40835
18967
32255
82962
58592
57575
39366
8354
5487
49460
82712
2281
68482
65828
69799
89667
41601
57581
6710
26771
32904
409
47652
42534
75771
47803
31569
55766
86228
81212
98321
51660
98169
64368
43442
65437
48963
71959
13821
22092
80918
6214
69161
90878
86671
85244
18124
83226
1455
20422
73735
4880
63164
5846
19897
53589
21734
96997
38070
33903
55693
17253
56642
9228
81518
94149
15947
17452
28676
55632
77844
3396
66810
8877
19312
31839
85712
74948
93283
15715
81108
59561
49366
46754
61440
11689
61611
39488
87972
72056
55701
2122
35854
77574
71727
39627
16643
37708
26137
47854
49307
54453
27862
62808
35065
42274
896
54287
81974
73099
74588
62381
81520
44338
5540
6108
40113
26500
14200
65959
15680
92485
56809
73467
76945
57232
68597
51227
8333
8017
42543
74343
52398
5552
62897
9397
40699
40129
50415
23047
63604
70805
40306
11104
4901
22849
80746
97771
62867
66311
26783
95510
64072
79784
73898
75708
89037
20932
63155
56055
61803
48176
13529
60128
67610
56275
67264
12614
66227
96462
56016
80448
71205
3795
33341
23931
7827
82888
14396
73143
91088
90352
26578
50314
46646
76403
12088
33696
83377
53788
73216
20875
70307
87267
94548
13288
62232
36771
44965
30638
148
80114
56323
95336
25133
58009
26033
67499
26262
63002
51606
17295
30666
28473
48605
90521
91319
10481
71419
4459
53065
17737
65269
30486
67658
20128
88795
63166
14897
11639
19911
9241
21914
89590
60640
92187
67931
45540
37235
69410
75091
87944
21205
74409
70440
86535
69467
83613
30661
92771
59515
7471
86688
74860
57062
38271
53795
29926
31530
67388
94670
57761
20912
35041
73923
79534
280
98826
67446
75126
23219
29322
49021
15745
729
90384
39206
81182
39203
19446
2337
55251
73517
43343
65865
13253
63822
535
36532
59114
27787
54060
23601
10601
67189
53019
2402
97036
69311
23586
45491
61257
18501
29771
17372
34266
82306
7303
26972
8262
997
38836
21491
33336
34287
49209
49055
44043
37178
74342
84969
32677
97863
90793
45867
13072
12204
45861
57484
87379
74171
69638
4983
22725
73318
86134
10791
52118
17546
49763
74270
99993
38739
50488
69254
57414
86879
12139
83046
81374
50189
98636
59568
6162
19422
80899
25593
32306
63420
54550
49900
87453
87889
36717
16380
82415
74674
53768
21531
32102
50406
27362
66906
53515
51446
24091
78627
7450
52184
98614
42941
47168
28979
75831
83973
36246
76302
20206
16974
7902
49822
73862
89535
24009
54414
47371
52234
52978
28875
25279
6215
71859
68659
89526
73612
86945
25221
61327
72393
35909
370
26083
18412
99338
53093
46671
38981
79851
5120
70899
89942
5780
8003
12610
869
8836
79774
69350
21515
9673
80665
10688
59890
5089
25197
47714
33747
79126
79410
82312
14717
33706
9258
52730
13376
90224
7792
69657
34657
98137
64842
43459
94553
24348
74196
92850
15216
25132
97672
15322
70538
53683
65809
99111
11137
15132
54058
67454
24949
4963
46471
47280
68225
29685
84199
47769
68747
26680
89599
76001
16885
31826
74860
95385
39014
70519
28699
72216
74801
94955
25795
90887
28917
59615
41622
30887
25243
85070
38673
9078
63607
54156
8482
33715
22479
67934
52514
41595
31643
68229
94611
16379
37630
66461
48105
65884
17083
37615
48254
70615
39311
79128
35860
43635
25561
14234
2086
31801
31254
7445
33634
31570
82769
53552
90390
49915
95966
39154
19539
3313
59180
92904
81422
77784
81458
49609
98590
58952
17771
26345
64655
46736
23454
61523
12448
21183
1883
69979
8600
30358
18014
32511
90351
19906
79981
82033
46626
56083
19950
92756
18986
53358
26642
25878
28535
8988
48916
70798
87346
85356
52093
20671
59856
58202
58956
53001
23115
83252
59357
10675
71554
5679
96526
61590
51818
63138
91762
76282
24434
91092
29455
48552
60742
27150
99262
78379
31545
76816
80205
48824
33259
38606
81190
34539
42528
93066
20870
55976
99550
49370
12514
97198
9304
74306
18930
51264
94538
15648
40415
80483
80976
1130
35889
13428
48363
70970
92479
95818
65860
93382
71852
47901
76246
71749
80133
60112
1650
53706
19129
25803
83315
27817
88569
40961
70352
94068
83479
34210
27698
76318
25735
41414
93068
86677
68269
40252
85250
81082
12218
21495
33525
16814
11322
56093
32453
21375
91716
53705
81959
31823
49193
14690
12987
18819
95740
17409
25592
24732
44494
86166
69303
42489
12088
23509
76902
7950
23848
38179
39643
42845
78726
54378
57165
5696
94180
68268
76820
21387
5512
73676
57116
73370
3891
20458
29500
85327
92736
62053
75478
61548
58533
79150
69014
57969
95697
35014
37742
88460
93974
47718
69518
38057
41281
55067
47524
63917
1663
54607
40353
57253
76674
57178
61909
16815
46316
10322
10064
50614
50909
52412
25080
49317
95154
58448
29267
31126
20637
89853
36731
14176
16587
10742
90571
32593
62490
72804
89366
47198
72152
4312
45006
84047
82275
7529
93730
27608
28773
10115
84171
7527
69187
30185
71922
36670
29264
84391
90514
14579
43266
59330
53760
8296
34618
20967
37671
64049
33565
35425
15577
9917
60259
48825
36859
36517
75833
69926
28896
13711
58861
80600
45147
64437
95982
85635
88153
37797
58974
94643
81706
65946
57676
94180
1723
79642
57646
88476
66441
55201
84354
79955
68853
811
31778
28281
42511
91821
19797
92466
53581
21725
49084
74739
43407
84404
3819
77288
96816
82670
11407
60868
98621
30448
62774
11422
95187
74883
9486
7957
3864
93963
32852
73426
29485
58468
77567
16914
90361
24597
30552
75150
41662
2091
93009
82411
14832
41760
46309
70642
91730
16896
60461
95292
46985
9690
97849
97924
41311
16098
71038
25166
10444
6832
25548
12203
18455
80371
1891
78501
51364
79718
82053
62831
71239
30079
21899
81306
7487
38506
72431
13412
98461
83210
88928
37977
34526
68572
19180
32400
85891
32558
80434
50277
26636
49035
80150
42154
55622
56212
78283
32976
96464
38738
33139
71437
48959
41454
90337
10571
72624
19321
13572
13881
69911
12442
41578
14176
30566
15930
2134
78681
44342
28907
7854
68220
64445
1765
48926
63605
68913
53892
13535
29853
90036
68961
33447
22560
80082
43918
71607
72319
45320
65087
27846
26933
31312
79930
57422
17383
44225
87946
78299
7723
55386
29077
32774
56150
86128
35357
74180
29641
33489
33892
46872
8774
3791
85749
66647
20088
96760
45277
62097
67930
50807
48716
76465
79191
33418
30226
21377
31800
46271
75974
29189
40883
1645
33062
87922
43296
16215
43614
30265
84516
34262
59375
22496
86165
18587
82688
8835
4093
49875
11193
11535
13012
82015
83023
83830
79348
34472
31538
10351
48281
38649
15659
77817
39898
82503
87803
7078
55635
40784
84674
98561
41639
10222
99646
5947
7672
41937
73826
38737
10714
84136
91411
8760
19946
18041
56272
41813
86847
95248
45681
87570
28998
88819
1266
66900
56513
97259
37524
56448
67014
6178
85030
15809
53972
26085
72435
17936
22769
14388
93384
3358
32943
42326
29378
39306
48411
47815
37224
43473
71802
78102
35295
32744
80938
67651
84883
51216
49870
51373
717
89931
96818
56176
42058
30789
38701
41668
35427
71216
78053
89542
46358
90325
79334
15284
56588
87857
45167
41658
12730
42453
32771
84069
59114
8140
24922
2914
6612
93845
59621
6963
98027
25450
65030
99694
59564
80651
80906
49049
61492
7367
27113
69679
31198
26455
99379
27556
13007
40377
51088
56796
43466
55055
93710
40279
98500
95199
99697
15898
92717
27501
41954
31045
48897
74204
40207
83172
35666
54792
53051
42796
96471
24454
53792
95514
18947
70043
57237
68902
86712
87302
5360
54818
10325
43682
88277
82543
81593
77185
41682
71725
84366
79683
55715
92904
68383
27500
77938
40209
33235
96906
47838
15156
15524
35326
48848
43206
9141
61443
50149
55456
2767
74873
46248
56695
51121
76242
52798
50758
59780
65322
99280
19528
61000
95766
89577
11235
13865
32971
4318
18410
57937
92772
10130
60195
6940
52202
87372
25807
8405
88441
80478
15741
57748
46699
69095
45978
63812
78554
11292
37231
28361
62211
62324
92914
5004
1125
18763
27363
13022
88547
86772
83520
72344
43711
9707
25004
58496
41785
85275
47245
67133
60171
76727
18345
78489
2981
93422
4450
86548
29079
66873
96702
45118
9417
30798
90151
75471
41862
84070
88861
95384
30359
68461
74720
81709
57292
54941
85778
12957
11348
81188
37604
8980
17888
74760
1580
47681
23843
83763
36097
39043
25489
76555
87505
28893
68800
78635
91880
69951
4970
50854
70671
59805
71245
63644
33132
12697
18727
79634
1948
27233
15713
66886
76585
75358
18933
74833
26299
58467
68695
48873
5069
47657
91742
86232
84416
88431
18019
74387
35424
16606
42160
94306
9582
8767
35108
97422
81400
22166
12871
69475
15180
7730
74476
93530
82992
43195
10176
43945
21439
57123
76425
77982
13710
40011
10692
57642
61254
677
64164
28559
96493
46331
35410
73450
91683
84893
33792
7544
71009
13223
625
92687
93283
6780
75383
99475
6934
62404
92466
15818
93552
20221
13207
20895
18794
75672
84792
84324
17793
16388
63079
38880
30770
69128
44
51962
12463
74449
38998
90084
19879
79169
72157
25723
69787
24711
82414
12387
68503
24535
60002
33120
82984
21549
947
35107
5677
13542
80829
1551
83495
40918
95103
44028
83859
76206
34434
28630
84838
65685
97933
74563
73621
7743
70796
57986
71766
67679
9342
46386
5430
9779
6107
62547
59680
34686
38245
41073
1068
4967
40295
29008
73890
63696
99426
1833
97306
86712
57795
68345
89168
58226
82246
70956
70275
82698
72307
46686
98619
70715
12961
67908
81543
9359
8010
29108
5138
63741
75703
43095
38561
33947
98412
85529
99424
94460
14818
28026
17990
11459
99240
77876
149
33936
20427
99348
21490
48097
65351
86304
69754
46398
91192
72209
75992
38998
30034
42537
23081
94041
78798
57422
47442
72711
5531
68785
32039
35809
94227
36880
30822
89815
25818
52935
99686
60350
70730
97766
37343
4963
59777
72248
15033
68042
40341
69351
32929
41923
51627
9910
98941
92095
79863
34309
16064
67658
58397
2960
69253
50014
45767
15313
57588
58639
19277
90903
94648
80859
55072
67082
9512
831
20485
38743
54632
44
20015
37041
65806
71486
28803
10488
61783
10700
87819
16567
87753
48448
81024
18563
24570
82699
42485
94233
17736
36652
41731
43714
99947
28914
7521
67425
2788
13896
905
2714
1347
40013
89349
46285
2654
727
95783
25628
66380
41388
90160
70008
94127
22551
22737
86040
24028
41587
92936
71769
91380
62752
26780
15637
30272
27683
62642
20756
94507
28277
10097
92884
45250
36414
74463
58056
48850
9548
31827
87018
97227
6615
73275
11362
17549
35579
77465
39980
9765
23792
28816
99297
61536
32764
94280
13241
44449
81248
8605
57585
95762
89004
17630
10583
96340
47603
39967
65041
32904
25402
75955
20935
61715
4590
7584
48380
68323
89413
97256
58498
10543
36957
73141
2659
54817
83596
33104
67527
89214
13139
18103
66396
63222
81338
76543
5415
80025
308
6892
7542
36636
4823
87484
5295
92626
6198
18470
68420
17409
2363
79821
86453
30280
33436
78070
83757
14761
52710
15712
49818
42116
72223
92658
90068
34594
70469
42808
25308
86997
82842
40961
65275
53173
30993
21277
84602
50084
99255
36411
17985
98705
193
26197
62647
49798
38483
14678
31879
6500
85645
2017
95739
12629
63422
83816
76257
81632
26279
30972
34196
81815
3467
43115
54732
45214
79618
34559
93608
82584
57452
55474
94828
90300
46288
30489
77744
15363
16947
5638
17779
44576
78631
23948
37814
91026
42158
37903
95154
65002
88139
79160
43978
53301
58839
1110
85807
87631
60255
10184
76457
42704
36123
20781
63732
59549
46238
33691
33990
53210
50146
74900
4728
47392
78572
16283
23078
48743
58185
94815
35146
37143
73640
78273
55475
84942
38878
61393
30803
74947
98604
21057
41552
83666
36825
90213
87782
40194
13920
42404
84988
32947
7565
49117
29431
51823
46429
38404
13806
36532
37372
86615
97645
80964
98894
56260
26462
68424
86532
88917
65472
43235
33525
37228
76216
53390
80807
78286
75032
75786
5461
45764
72630
3017
39466
65315
7772
50388
94352
88423
26121
22222
85179
20712
60886
63022
54774
74031
57102
51038
68314
88988
2073
6386
70028
63191
54423
93408
54656
76430
51222
77902
9574
31093
48785
80620
81003
51783
15432
11374
57558
60119
23631
53026
94434
59330
36774
19990
84269
65796
12654
7649
71074
87008
98828
10015
42946
31149
69767
20503
91973
74956
64616
87651
26404
27577
83887
43081
55577
74276
8408
42882
91770
89708
57894
69023
57349
85153
43273
28755
48624
15830
17510
85229
92517
44007
60312
85517
3732
72514
75718
29255
72194
23548
17943
1596
72338
52839
18296
99583
32629
38408
85754
35542
5221
37001
20016
9724
31140
11976
68993
31578
49571
2589
6843
27149
34058
14006
97467
93647
46199
14907
89056
50369
84701
552
70667
62995
70725
2856
27672
22343
66672
91244
56296
6278
19259
33182
37720
4996
47964
84377
39761
6784
1846
1542
97378
6805
42708
6474
17743
82196
79203
97
34674
35640
88052
41892
76190
98737
90979
81276
98869
63404
94272
90583
8560
78927
97716
43962
24966
58431
11498
38724
23101
39055
19844
84423
80946
32786
60316
25111
58299
97584
186
84325
9432
1406
76486
70228
29508
69661
66453
91517
2822
41463
93789
65703
39910
52525
54835
17332
11141
9857
41595
64485
13222
24186
57802
66079
68734
42175
74716
43163
4572
615
84416
97370
74585
34596
96654
19555
90557
32960
85353
19957
79803
54819
97649
61772
39776
4291
22273
40757
34759
65597
19975
7965
78144
94013
87316
35894
67107
20586
79162
66422
7907
68371
67250
28666
72062
83947
32749
91622
50818
15688
44515
53982
82425
47866
39615
90071
61989
69569
65455
49224
74828
6336
22012
10093
45209
11249
89132
5590
10350
75886
76064
2194
77047
28581
64685
80513
27091
5204
85895
42773
39611
85819
23458
81646
46382
80544
74133
24667
65738
38163
84374
61687
78890
36908
68859
87675
62918
21072
51625
55011
12665
11112
68869
35444
64789
15681
35612
74305
99567
81255
93654
26349
52302
61765
23309
93175
314
15913
56722
48538
42194
15749
3330
39531
52706
41060
50524
76474
66550
4587
34618
83329
16593
57518
30307
10108
18280
3278
22157
75013
53784
3254
5443
35610
58778
98739
51393
98502
90664
1472
63208
4897
57279
73793
5257
84071
2189
95345
8081
85410
81696
97667
93766
22540
50089
75406
66635
3217
67755
7387
27453
20499
50180
84875
74556
12792
84381
35706
39818
8352
87842
92461
22307
16719
84478
41261
89253
7354
41014
16393
98310
63160
9293
87269
14096
51238
93816
29757
47299
48052
25772
59787
25606
65248
62866
33917
9545
53293
74988
51228
57773
97545
59161
20363
9504
18225
72492
69022
30324
39933
74594
73872
34709
37198
40291
20701
68142
78575
97742
2371
41182
40362
14669
12630
80383
35365
71352
93937
33679
65792
26319
34326
27262
70193
25352
9698
26087
6923
83548
1523
6760
79969
19419
64389
11350
49313
90212
91692
82148
21503
68409
19918
68366
81307
43821
31212
93465
43815
13725
70924
49212
3755
81858
71503
91919
50591
51918
44780
77736
86131
12024
34073
14667
91142
8636
83805
3551
36190
28443
37858
66920
97738
10945
98019
30364
36311
90639
2446
67634
11894
80352
32899
90210
37171
47058
54029
52732
255
94882
64725
81431
55193
65520
64996
36847
33846
29336
23753
20393
16117
90890
82842
44591
38760
18948
8767
27309
14879
63705
23115
94230
48660
85557
35862
21607
4437
46228
16179
4582
51543
62223
74146
4538
84452
32344
60253
95851
43791
68609
48546
99927
18457
60252
93954
97189
58429
33551
70695
88301
47154
56262
62841
87462
33179
76693
667
94840
6753
89870
63000
68727
38821
15684
47091
60222
42764
72095
66821
15941
40993
23906
59688
48030
50773
28935
29557
5383
63506
75446
36716
65713
96934
51110
11877
93253
47643
48348
15560
82976
29703
43851
97688
64178
23311
21010
37974
2829
3020
86078
66973
17139
65454
65536
73873
75312
53554
78740
86570
97230
83336
50081
22031
74188
34382
20079
58027
28611
96811
72441
99235
8749
90019
53838
29623
90106
65734
64373
60422
76434
64310
40042
33604
25734
84550
75148
34580
36608
45665
20438
75186
38612
5920
50172
74541
14048
63361
47108
30410
57502
63503
54327
31390
67133
3145
72963
84396
40580
56734
70904
73229
59368
65282
18447
22785
86131
16165
22456
97555
94347
50836
25662
20464
30798
37518
52760
50179
75379
14129
23750
45440
73501
34194
42636
70516
77371
90831
14121
59763
15157
83830
89632
77234
85690
53933
85962
11614
29979
28206
27945
38842
74315
69006
22402
91477
4454
7441
7055
77679
75617
22583
45107
48952
76782
34851
40867
99726
32481
11435
23262
67698
29214
38332
99703
55047
2072
25559
49424
96782
99662
78047
68892
49238
85443
61031
79053
88902
49136
42764
98330
92395
76671
97536
65251
2475
6987
36950
49308
45008
31659
9954
65061
98594
68443
98343
67245
51770
27417
71883
89559
68856
32821
58059
53052
18950
18502
2219
60430
83696
15669
70022
28196
88490
66841
46533
30622
54724
52426
36247
72371
66106
87367
40551
80805
60666
28730
11241
54426
17407
25720
89384
9492
38809
87526
39014
32481
28125
45599
20834
85266
21636
52115
89196
7708
67142
66717
93925
6581
2728
83313
41412
55909
28827
58275
62771
75948
73485
60531
82808
38231
19347
7540
34972
94051
33415
5625
3581
68290
18231
67394
34805
66008
80290
91270
45936
70433
33168
91491
33158
4069
86158
620
57466
88920
94501
73597
21026
29213
3196
7104
28159
93301
46993
73479
27504
5917
10613
71851
47828
92323
1273
6574
69863
66380
92613
87882
65206
87286
85075
47494
25911
1848
8849
13914
46778
10704
85315
51520
51601
95440
37646
22467
53595
87633
65933
17531
63371
77123
8069
74909
40840
15382
54081
37102
11305
16734
35569
82622
75726
97584
63023
50642
16406
19353
3419
9361
17926
60692
60708
41105
97629
68832
69748
76075
61013
89069
35092
85738
76601
40626
1625
99931
17684
99875
89287
68421
52863
64759
53541
93457
15916
33119
79748
41301
11250
92992
35543
70536
32328
34714
23508
9729
83748
86646
56756
94268
44222
11399
76224
63479
47134
82715
72436
18713
24593
28010
51330
54677
14066
49625
21672
13939
66404
15822
29766
63309
43143
79057
79794
72157
51912
18474
43517
58799
19500
5590
64170
68063
65471
51514
19277
6173
4905
3435
56524
15646
91366
30041
74638
67486
86907
6952
50253
24576
98924
26120
22834
77050
70213
73544
36508
3793
246
37772
41170
89116
84577
70234
97074
89840
94536
90035
52939
95225
30534
13098
11047
3429
75138
98089
82275
10174
98221
67227
33848
50615
44767
82095
26048
6711
42362
75165
90864
25007
6147
34355
45477
1877
55500
61379
84037
15740
5344
53153
37842
43392
19770
41703
68692
95594
79762
21765
94796
35153
13881
53182
89626
41818
46674
72965
77326
95850
24443
49773
33320
21111
47283
45474
96094
43483
98044
27683
51688
66518
23681
34004
90127
19029
86065
69578
86468
44301
79844
73756
37075
76275
49390
29859
23909
5406
94795
62724
83865
26527
80847
51280
71206
95435
41746
2620
26151
76886
15364
31121
46991
16293
79314
26136
40006
62187
99335
76935
30048
94930
49857
20200
28132
10221
91602
70668
50862
63999
98472
48445
87547
26389
178
80375
79666
39155
75432
87959
16685
99920
9406
67400
67904
73222
81465
80354
59965
59543
82692
39725
44511
4637
35655
50534
52419
93613
71032
17571
53550
97548
69127
1032
67414
76925
27500
68061
97160
25771
28239
57280
63086
45339
79903
7910
2803
10582
99730
58296
73695
13056
83672
25574
82484
52776
64013
80997
7179
48570
76994
17547
64430
37903
1658
4201
86306
14010
83908
55843
52919
28021
19500
69435
25510
33178
31972
59772
16000
70040
92945
49435
96247
43512
31232
26888
20960
21941
65778
6470
64547
90203
12654
23435
27866
53589
83928
39886
19683
92675
62069
58113
8747
3246
59267
76967
41700
43080
2247
26248
4949
69793
39568
21168
97998
88665
54374
27337
63267
34266
78355
96430
6945
4543
43026
4327
70141
89241
86388
13693
37703
7220
16709
41942
57534
78143
84306
94719
29704
5799
52977
79800
23315
97930
63233
1491
51590
83667
11166
11475
95413
9766
74943
79237
46438
65348
10334
29182
54780
42408
46099
26565
88541
18842
24532
25886
99798
12672
83309
77047
7379
69985
87673
368
41817
90442
60144
75484
25947
11691
12793
34248
72548
56305
56440
48280
6759
33376
64737
11016
24858
96521
6112
48163
68579
1145
94534
88121
30013
4668
22451
80506
14715
23413
86872
39635
24801
29961
34264
23595
66714
65004
74411
67968
43605
4563
34644
4854
20341
36470
33851
84193
11977
50393
3446
68476
99546
21966
68409
95777
47826
42610
45528
62409
80886
11390
21053
63122
26152
83153
68782
34231
8597
35156
5506
61822
68877
55727
98131
75583
94532
42588
13792
91389
31015
97597
20377
49720
64932
90338
49098
79976
59657
99647
59161
45558
35379
39498
29572
27704
58311
83551
41059
66889
71657
68419
6571
82978
73774
6723
66133
48631
25105
44085
29816
89749
12154
86819
58633
47631
32278
189
28679
64766
14839
97233
73048
32616
18016
75455
61370
88828
51516
62353
34245
55714
73054
23135
28290
90771
38557
78744
66916
50448
73146
10736
71393
65555
28050
62806
57367
92740
48624
12199
52811
1539
78408
29641
28925
84411
9456
38198
58383
10613
26539
42761
95731
38190
10850
20870
23727
65124
23255
36771
89953
29599
28642
70768
85605
64656
23510
72481
23309
16670
37548
75075
80467
30446
88977
52311
71723
51863
34415
53757
2799
33535
23266
75189
6519
49477
44810
65368
41819
34706
62409
39105
94269
70389
95462
32406
29957
45052
63069
38250
31836
37226
2462
97842
14013
15118
21392
17754
35402
93408
53412
11241
76836
78487
21714
37622
42375
82417
74853
20560
28541
21491
6441
37071
61982
54358
17987
48204
31661
52395
2977
33651
9724
51146
80040
82081
19715
90892
13171
1320
66580
95002
95102
2202
46965
72327
13550
56258
13590
85120
25555
38843
64736
9511
46167
52783
61697
83969
44936
22708
49218
87026
83707
29173
37001
27302
55680
8428
13951
18563
37028
88363
96945
91963
63479
80518
70520
49172
83216
35595
64387
97777
43472
98541
43319
7101
61203
32979
55342
70650
87916
79392
48535
4865
55338
44704
72005
86843
70797
16225
78125
50834
30292
75458
63063
14327
60825
23311
52786
34241
46820
90782
65997
40026
21612
15305
27094
76249
32913
8304
68917
9159
77890
10610
15957
16557
97970
74999
68291
10607
9236
94931
17250
13532
86328
99212
76289
11250
42934
31349
76780
55524
64616
99375
39162
44603
90992
56531
6357
3212
73955
71528
44487
70788
3764
81790
93654
26473
34950
63892
75788
27626
75168
41538
5369
36042
14661
15536
34106
58372
18258
75128
33775
33439
70362
32494
86495
17121
53968
21009
15237
52035
374
75664
42758
22392
1706
64765
66251
45147
31154
82547
19793
25979
29301
86830
80457
63829
22962
72324
84373
69819
53294
93245
58781
93965
24167
61725
49835
76166
9369
62445
75921
7967
60772
70249
60946
55493
25074
76565
60194
99901
7982
18732
72265
99875
75618
57092
90429
21823
44293
54730
70415
52421
18450
97474
31733
25998
26584
53730
11550
85760
14337
5427
31353
15197
43275
55479
21518
60185
31985
46629
76851
7757
3520
70410
25198
72551
33726
39570
32351
28317
91478
43667
2319
7998
18845
69524
91380
35838
29386
99387
88349
58079
60939
16028
83635
71778
12103
77819
54539
90017
99377
30176
99326
36280
69115
31736
11985
48003
1057
45364
47885
26809
66257
68600
38902
5097
99828
12794
94584
81047
58628
64258
80146
69430
96659
61914
62004
53599
19674
55709
95955
2514
4984
98715
17658
88001
6636
1989
142
75841
90038
25664
679
69294
13133
4882
84757
93241
11865
44456
12646
11568
39786
56979
98258
85883
36563
19415
88733
18286
18028
35364
25176
35527
45776
47412
682
70819
51834
36197
12653
94877
83541
19055
33865
36956
96348
20606
34618
53628
55946
76353
28151
11220
70861
91088
4264
68570
66092
4683
58770
67724
21865
7960
24939
50644
93994
32735
86098
38685
34252
80341
15034
94286
93255
17934
48037
82108
60305
36007
24533
52057
74935
57054
38111
30927
87591
48043
47788
51625
33745
66439
89635
16821
85423
74850
66529
85662
13118
19853
43108
31168
28652
42008
63794
44558
32037
90741
68475
88244
22182
47636
31962
70930
54560
18775
7597
90029
65571
24154
14173
92297
68815
63121
86022
45411
64221
27572
89920
24444
91914
72254
48181
11812
38779
14880
35057
56030
25930
16150
16255
89911
56997
46197
14927
50728
39806
28900
35770
6596
78381
28042
83003
61317
32893
21876
97113
94881
41993
26677
16253
18213
22332
61155
28468
2822
38480
5233
48346
66966
81273
84490
9559
77905
60087
64464
29889
84196
85421
42277
16348
2933
79946
23050
86459
2932
34548
65320
41621
24934
25338
36064
91048
79298
64532
45341
83171
60707
58096
76662
60812
57126
27522
25767
38493
58491
33375
15821
21778
27899
35762
69968
97407
42370
96790
35272
81858
81794
89051
18115
77696
86106
16647
10480
31850
10062
46151
20914
67931
52359
17420
42174
56512
71383
93642
36647
36622
99903
46334
57878
44887
56637
94901
75178
12926
49522
57766
40192
47084
17277
26358
44576
97909
27818
37490
38623
77162
21910
16829
80817
98047
54983
18181
44048
14077
42854
71913
65800
83789
71742
96104
5954
61144
15963
29272
54309
43569
90710
88501
72303
17439
16573
20700
84881
38820
16010
11458
87623
86800
96050
77035
41762
63175
43318
70776
29096
64441
9027
42814
48121
57631
35192
75218
88689
32954
67077
76688
76785
31186
93650
97814
73882
35876
93749
25094
61663
55041
39255
51574
15414
20136
6396
23759
10129
49767
89312
21157
53251
32030
23522
35111
21464
82322
63749
32469
56400
82128
58322
86415
36229
58179
40087
42826
35068
17616
67752
33253
35394
13735
83894
52961
44741
45328
71298
15474
13923
38731
20331
45578
12724
31558
68943
41063
27762
87137
9401
27707
25170
66113
59490
13640
93535
66961
432
32192
20235
81547
49274
63019
29259
18269
95543
56423
71881
9116
18348
67067
65491
47748
86247
40291
96205
35082
90906
49749
97038
40827
32628
49316
19524
17047
20987
82689
31210
39811
12685
23025
72969
17910
96101
53020
5140
57666
18618
72356
68336
65011
99939
55276
6304
74532
33199
17201
38814
864
59849
51879
14421
52163
9347
30866
26053
50928
17074
21728
49816
21374
22174
24336
5498
85739
70943
76451
16594
19140
22897
62778
29576
76001
73293
98485
48220
98887
61570
33824
39794
10859
3178
23965
23174
70668
5053
86671
60435
90205
12902
3894
18282
65758
63847
36223
83916
81634
26312
61678
37167
50271
64150
1697
23276
25820
79495
99748
21642
14676
32006
42488
92553
88478
44238
74402
50030
55793
5481
94219
94838
61500
82535
72184
36395
87688
53170
81010
2186
98825
41058
61683
15752
39476
9204
29370
94925
51995
55425
37198
55446
53778
33314
97757
71272
63593
28128
93443
45738
95848
42077
13009
14104
86626
72912
54592
916
30916
40322
32389
21678
34627
4275
96264
64960
88238
90408
1334
26198
74819
7156
63951
63645
96815
12800
35776
33690
76290
80103
44910
68643
45504
65113
96676
32930
53794
56097
9452
82815
68590
8439
3037
3291
2115
60376
97294
91026
83625
95656
7910
10367
45413
88680
36788
96971
27539
56336
29945
1173
34053
8782
91583
42565
57539
84893
22442
56357
1457
94701
23844
49392
12259
82069
56686
87628
66552
42298
97281
98599
18897
59390
38491
71297
55828
43477
68388
72300
2082
68829
62709
23258
35183
49078
27117
24431
36048
82370
45984
73342
46619
15496
97790
60617
7976
28127
62095
25754
44285
96489
50532
34574
20486
60489
79443
71451
16642
71861
25226
28195
40948
98101
9463
91378
75711
30533
40751
73872
68229
23466
77421
6468
78236
60371
64983
31211
19880
8960
83351
25463
65915
67165
2758
57623
10132
74
5460
7721
81771
74452
40858
81387
26077
91076
33235
14382
50155
93203
71155
55999
20437
60795
791
41089
88889
31249
30202
7145
31739
76613
94803
39642
14120
78109
74678
15729
47227
28225
93616
90382
8453
828
22132
52685
70878
71267
22192
58803
16073
73864
91635
46828
41552
89430
13980
19836
98298
94769
59791
41296
57550
21890
33544
31119
829
69077
97299
31130
62878
65761
40550
17269
62946
22827
6164
65785
49674
72470
54329
45251
14916
87715
18847
56835
98380
31531
84126
82091
42541
47464
77125
38305
13586
7197
42830
90673
3176
58329
44397
47608
11380
11828
5349
50405
38987
65159
33594
80924
21672
28852
96067
90245
52761
23890
76358
65997
41995
29901
11323
17423
42646
22519
87603
19562
28900
99635
52394
54198
55661
78247
64590
22324
44399
30669
82593
20564
64357
42875
60903
63431
41119
19499
60634
36447
57045
84005
85848
88572
49711
67178
74253
40172
60063
81672
19369
51791
53090
6691
81646
4407
74852
27646
68893
21783
79851
17013
50895
52222
81918
83455
70015
27198
89951
92727
50774
91412
10555
44704
56101
16426
96401
59900
85013
17400
23305
19736
65634
22705
15473
99048
12354
93354
72353
81759
14386
35942
95851
66409
11265
26087
56264
22953
43064
50914
94922
52645
48797
7506
26252
62722
16248
83087
61936
72917
67212
35312
22965
21073
75956
50360
61877
31237
7821
73692
19481
72770
19013
79491
92620
55923
94071
23647
98756
75671
35248
41678
33450
2443
96307
97560
44599
26319
82924
44834
27213
30489
47847
14863
49799
97608
23716
15656
188
28168
5099
57633
82257
42621
18628
26751
97453
79813
43702
2941
12500
86906
26213
16511
26472
87303
80527
20831
24996
88208
7479
43507
81752
61571
11559
75542
83066
96454
71220
92969
5901
44222
16647
6281
92658
48096
22683
43935
43785
40267
16172
75321
39934
94972
89746
78169
7877
92304
58194
70033
15060
91822
99599
57783
21349
60648
48934
35759
78507
77084
81380
4033
60421
55697
63535
77761
77633
73286
50363
96310
35512
91157
65973
46410
20610
16998
78273
16358
15116
60543
25944
78544
72523
59012
89390
1046
86202
10259
24664
58514
37434
23423
83588
47578
43763
23794
29828
40850
42237
21451
79881
61654
19294
69257
71923
22507
71793
23784
28645
29837
80119
23453
59049
97728
26980
52328
35398
66955
29705
98787
17355
69707
11145
88601
41173
83916
24045
47282
24808
27800
39859
29994
81540
48810
75536
96586
3535
73212
90192
21931
77455
40488
76869
48590
99060
65785
64797
24128
37461
46632
47380
76658
15174
91381
31733
20254
57526
93577
86462
67000
60075
58520
28246
37828
63068
27172
88408
57351
78799
22541
29121
89311
7943
52664
44820
64155
35313
16678
67510
33482
34825
70297
91291
19599
19152
23156
55053
51774
83166
74640
8505
51022
5347
81143
27200
1999
82896
34364
26091
81834
8847
70445
64881
38958
93840
76457
91172
40909
35707
27297
689
20687
98467
44036
38738
87337
10879
4785
87734
47713
8176
43179
35751
49777
55528
7922
75572
17839
37908
47104
35378
31817
68683
72639
11666
82062
2251
50107
73115
42505
69320
70298
20696
69123
19758
51277
63694
52825
14299
79986
40537
46282
58393
31882
52552
66975
53823
62048
15259
82780
2613
78220
57045
52652
71403
66822
35502
56436
69177
73105
39239
60379
95888
38129
87333
44471
47076
18586
75386
66683
31871
93759
70992
29421
47927
7587
29318
94682
98599
6033
82865
91553
91252
78954
55250
2739
23101
93719
9113
72709
31800
91316
99941
82564
70252
58153
21869
23094
83871
65265
41222
27787
64500
12236
81812
41871
9510
13190
14645
5456
70346
75807
80430
57525
37614
42927
19400
41941
56362
19611
33087
33124
36232
76628
28434
69301
725
66144
38713
62065
94345
58358
45502
2376
96501
30116
84193
90507
17665
72349
64878
60366
70469
52945
10521
10374
69208
69679
7073
35556
95923
38162
5342
47139
23985
42310
94462
91855
10994
10745
31706
31150
37358
42195
49806
28104
44599
46907
31892
48495
40261
51723
80572
56284
34730
53755
60746
61433
75787
51906
51748
73616
6562
58060
37216
65789
80842
30830
65539
82624
65346
1898
36363
91372
39359
57383
34793
64931
20202
5076
48315
31918
2303
61804
70065
78791
43035
99568
73008
39379
36806
40315
90901
44788
78878
3837
5842
60879
63419
12538
71572
63864
15348
99554
57566
25824
23387
45417
53568
93842
86819
25858
11834
91953
26344
67885
72578
98950
54091
73982
38872
32400
34457
94563
44311
13605
80424
37095
50953
76366
89193
96244
36904
71207
16799
35382
33280
1310
56600
91633
12830
86202
99797
89506
46050
74191
94358
58986
62526
46606
52939
28956
26348
68561
25033
43950
57731
74826
96835
93649
92370
54968
19149
1102
14820
68588
4005
51856
41487
13432
90769
19379
3910
92371
15240
62366
65582
8432
94725
47434
40695
32379
62049
24009
31815
77259
68630
84863
77065
71117
29068
23915
25005
97861
13983
87294
54800
56613
4099
62531
38278
8081
99787
45152
11140
49457
49097
5106
74131
39229
52969
30029
64932
24586
52007
48953
99177
7380
31695
68187
88351
45529
95966
118
25434
31223
16544
28599
2494
64653
42548
1198
52742
48039
35356
98059
71155
30288
24086
28039
36448
66261
86777
98082
71740
74917
69056
78527
89200
59695
18026
25390
63677
52315
73590
67076
60553
96879
86235
43072
20527
48027
77685
61829
97786
94329
97904
38652
77804
61170
77003
83549
70505
27803
53136
62739
77407
78799
33148
97562
69025
48939
62731
22839
87650
12015
85656
36692
92841
75458
99607
74985
7556
95642
70657
42981
1716
81352
20409
55244
28548
56759
81738
7047
43289
39370
10138
61439
59954
19100
10985
86747
16017
17050
32863
7120
68752
29513
64214
40229
40450
93124
82250
34777
45712
26486
25630
74873
55204
64724
28577
57778
89234
97909
20028
77118
79918
79016
67386
66529
91676
40978
78335
17591
11191
14732
42033
10753
97313
95372
95355
56685
73562
32481
98901
41603
24961
10893
66548
52575
53028
76517
55500
1281
90263
69973
66416
27940
64375
93617
27758
71832
54458
44489
33377
89075
17499
79053
85471
57516
70711
98930
57957
26565
99787
1639
96226
40812
28602
73308
56384
71148
2446
25871
37168
16093
3294
24346
45617
42774
65620
8155
23546
17088
17446
58886
11510
98643
99427
81742
10016
39473
15451
97442
7630
35394
37489
36592
51843
62842
7376
26600
51098
23310
84881
18521
31351
99638
86047
19188
38027
4181
28640
6673
95026
12917
39492
49126
4100
74305
81185
77682
57921
92814
96488
38774
30531
17037
69573
12264
71797
59300
62916
80481
52795
85481
16179
76280
95995
11503
62127
25136
47705
70537
49443
81172
46168
37557
58492
4359
58050
88350
93377
442
57242
35301
26939
85149
81253
89275
89920
20638
13939
36241
89153
91006
4412
92607
47807
91323
11985
62554
85190
38205
87404
73898
49018
86819
70606
66864
66621
39932
97000
36402
73121
48529
54280
83424
40259
29982
31606
11162
90885
11728
19885
60988
65238
59685
4528
9702
28816
57658
6112
97337
77419
4288
90924
81770
11578
99407
8247
49404
71571
33915
43305
93608
76786
54364
52357
70969
51602
73794
31305
4070
76665
73558
46816
89314
34038
66975
12718
55210
10166
44566
30229
49377
22936
29681
84103
97259
17492
52960
77058
99203
42933
85852
94200
22598
42344
31592
13532
84684
80664
62198
11971
19538
60073
33311
24589
67294
77876
65080
56516
13019
86507
60158
76535
44271
21771
91134
54049
88487
89701
17036
12936
9527
31022
7706
79997
53848
65385
18354
52332
74432
81693
29987
24148
79475
38496
11356
86926
72391
73969
98820
28677
30183
26452
75167
59300
24874
58025
93678
52241
97270
56772
44468
31122
31905
47236
66587
14062
19508
22097
5464
44084
16135
17529
38867
7166
93065
71928
54249
49406
23309
4652
77492
72961
71267
6217
41901
11365
33037
73850
16909
58714
79072
98588
93544
81455
45941
23738
801
76323
99319
45398
41907
54175
13278
93821
50711
96724
47286
72889
22106
32059
88483
81609
33852
74780
28642
56143
32481
46930
1575
35997
47131
4045
26085
81038
83958
15169
11331
95465
30622
43318
2136
22896
51666
2780
25410
2225
68633
86
89409
82053
81693
67633
8601
49409
35178
32730
31613
12529
36882
18185
27052
1594
17544
83726
52141
57211
67532
71125
61650
74463
81625
65736
66925
70077
84092
37222
37100
76781
37848
40315
24414
49589
31658
99196
47513
98913
18704
77896
87882
4420
5362
42410
21808
78256
66618
60407
86974
46052
41464
60908
35863
71549
93742
52698
18342
75336
10692
32281
91823
32673
45090
19261
71247
88287
84380
63118
5145
19473
29938
90794
39959
6305
37971
60606
81425
68311
50004
77070
97598
3920
44987
1110
39891
97405
23475
7832
54685
69281
85473
85890
82973
74265
64329
12429
89416
950
56846
38917
84205
46697
19959
56384
26871
63732
97500
87406
5197
59598
80701
94876
23694
37841
26650
71427
50246
73142
74658
27508
34059
89538
60769
5868
3944
34188
46766
4002
87365
73307
96793
35116
30183
27482
79884
54605
37005
22380
7996
19889
84782
73743
19626
11337
86310
37930
63162
9389
93594
35399
3169
53066
11231
87588
25489
17170
57317
63224
17575
53902
87096
73801
80930
60392
9202
91767
42733
56033
77962
68779
36472
49508
85412
50553
31593
64952
70766
71006
16346
1448
70659
72818
73626
71858
760
46778
78687
77225
97683
39220
43080
85778
73074
5196
40727
70614
13153
134
51243
52853
35159
34026
85182
96566
61516
64737
98296
26189
45371
48691
86306
9639
22128
87021
26453
84105
42123
32049
31622
3790
16034
67439
26100
28354
75904
42982
37411
6419
6355
36342
58921
87439
52914
34285
73415
3650
82133
95888
13376
55449
72595
4058
57625
99218
6038
58702
75022
58529
70746
32778
9654
87208
45658
26776
54231
10197
30470
79599
76915
364
52175
70437
42829
31798
81566
10746
13683
97688
49190
54583
67501
14659
98569
85700
65540
30226
87130
90393
55151
91218
16618
28720
33200
92067
31490
74335
56774
11134
4619
64858
68828
37686
95820
42010
28524
66161
11182
45014
22101
68615
69549
23507
86652
48038
37980
72316
63584
47881
84908
44934
67719
77103
63605
8844
84645
27706
84628
34656
4564
48103
45624
9714
36271
67420
6682
302
68807
90655
72142
25869
65973
72220
84901
69434
22068
57104
129
42378
23458
21289
66952
53871
32814
86271
68779
33104
80843
50688
66747
43046
73464
88186
98159
66140
55803
19493
56796
60513
97739
39469
26852
47014
60779
48652
14858
18558
64409
45279
81128
84306
37104
6419
27986
85117
82451
53467
27606
55180
98694
41345
86351
33533
94400
5940
90385
10058
34980
40686
36241
14818
65822
29690
25185
99528
18845
1138
36874
68567
13049
77831
96954
4263
2252
79520
891
13855
62898
93081
87935
46774
98400
57172
3478
5656
13821
9351
58169
53202
20722
64909
42451
84514
16727
28214
66930
60425
6384
87991
77556
37372
88548
18439
53393
66601
75232
58822
33332
47262
36485
49685
21775
64832
17589
89939
16073
38520
32935
58043
67072
18166
96480
85611
13239
46970
78028
95300
43684
7781
67095
71054
675
70045
17617
30692
84801
37162
38925
974
29788
21425
57922
12181
42648
75651
84354
56324
93566
86267
244
79714
54158
54544
37036
41028
71344
93768
33450
97440
26303
27482
25584
23132
23998
4322
37645
64507
76014
35679
70246
68102
24762
43025
32743
86007
73613
55996
87858
281
64652
76533
45234
18501
31273
13902
77567
89048
18495
94784
14613
87455
89037
20345
46812
52487
90122
15380
11433
7955
57501
24750
17552
35030
35049
49109
14415
25814
77616
3530
88996
65847
78668
67260
72040
50054
11274
50396
57433
61786
71364
3569
86317
50930
98721
46476
71137
98457
21416
68300
43953
60631
53940
80989
73349
54199
90706
24680
53951
84705
16241
78389
21337
21612
58670
82882
20874
96064
94026
4772
17988
11234
46933
41560
63105
62852
10954
9568
67140
9672
70201
26563
85843
76303
12253
8219
81853
42606
23565
12257
22648
80872
47084
6234
70898
73896
93611
41005
81666
49115
84970
60029
1761
10714
41224
80154
5926
44482
99482
69561
74447
59711
86999
63968
31812
9239
13638
54691
82479
9922
11491
65052
58890
36890
49517
54353
74191
9506
59743
41981
63146
99925
79178
36483
50069
80378
90375
93548
53367
59012
29459
28169
38188
16057
69644
90966
30585
79593
70167
78144
35168
95280
58647
55028
26696
99671
10613
27093
27102
75740
36171
92762
90571
89166
56954
75758
78632
74873
53485
1667
65091
82246
55507
80554
37042
34304
86636
98870
334
67593
19722
70748
66694
70036
75042
88403
47763
39017
36716
19382
69247
68046
15679
65597
38020
6081
4715
95634
42937
9843
39372
85681
74714
50769
54552
25926
86517
99036
23745
6365
45131
94182
99310
81080
89680
54935
95557
37268
40060
11418
78485
4925
64997
90809
49084
79822
80711
52114
22921
37978
19018
84566
48582
23711
36927
7667
91625
84870
91980
85191
53386
38792
76567
35830
40097
21899
94329
69689
88703
50244
55646
39220
9161
3364
53081
58121
58544
27804
26618
59323
1102
51640
78755
45686
23025
8248
97809
729
12779
43136
15787
57374
67612
85386
72780
73572
43772
60053
37515
46515
7040
66742
14212
25364
58822
29485
8638
76707
6577
22540
30649
80993
89703
68759
74464
47089
53678
38979
744
32956
69984
76887
15503
32301
99423
85550
59357
687
3181
74740
82217
91394
27622
30687
49267
61941
15417
91685
5337
71909
76129
24197
10856
99469
8632
19020
99630
2920
35267
74481
29659
39378
22771
82951
42686
28505
93881
66157
55872
38285
59949
41326
6148
55366
45262
87646
21740
50193
16316
62182
61052
82885
10192
92480
36860
96420
60502
39591
40950
51900
19899
96558
49666
73970
77779
78581
51844
92687
47205
2495
94325
66232
30428
20150
50669
71335
69089
18999
92289
77271
81643
83150
446
19620
92851
20752
62333
79928
40404
28108
41061
69428
64387
72532
77669
82589
64181
45970
23410
42880
48193
1650
14583
90551
10055
14447
11880
56033
69616
66220
54647
79929
73861
65605
98317
11227
50972
49274
20583
75687
6073
41004
93316
66430
9072
87211
46192
69544
88176
30745
31143
22221
23132
24415
52698
13092
76204
22151
50764
23714
89785
36161
6323
97448
46441
48692
6134
69961
3084
81625
59076
45056
65569
20850
57198
67917
99148
19632
32462
77154
79760
39062
35224
17322
47230
48634
83683
50037
30276
97715
84458
53778
12429
34785
58427
47371
99089
85064
24320
44001
79930
38687
54962
34022
31610
86649
88908
72772
3293
55319
72139
45435
39030
66432
11457
85446
87595
99986
69783
51622
95211
66620
92874
2188
11547
361
13647
63945
91467
70668
64171
39378
37154
52933
27054
31703
78308
53814
59385
13001
25802
15555
73842
70266
90690
25135
36834
63214
82414
46843
35571
86384
73386
47226
98138
97529
48583
64968
31927
73917
3847
8
91476
55834
40658
7619
81437
77128
89789
57768
13295
27739
61871
92662
56948
22723
87472
25238
30575
72092
16627
7078
92640
11976
95027
50641
38219
33018
39369
45206
77890
27260
50062
77134
21557
63515
49375
28084
53427
36782
4727
72885
31715
73080
33473
59595
70091
50485
75946
14530
3108
98286
24005
46696
62737
59938
11014
37810
79069
76293
4808
63708
11039
67017
41290
36968
92236
43134
8669
54639
93334
11827
98998
43524
64648
24939
6686
34990
38460
39884
30384
95961
90748
51191
19530
88164
57718
18456
35016
57868
65780
74736
34556
97902
29549
54881
98546
64056
52370
12741
39255
4192
79484
75606
65723
17916
13739
28995
81580
81097
57145
88100
15244
39537
83369
77772
39907
91470
47050
13114
75046
32039
27661
32284
89722
9958
32786
84081
93575
31136
8645
52799
48185
45219
69627
62911
69503
99063
45758
54404
21717
85714
12495
79146
97783
20085
79753
52771
94100
24799
75016
62809
85592
84851
60763
13749
53809
42548
47627
69627
21761
88551
2164
99764
63621
74332
41061
36740
13046
51735
25436
31238
63488
13904
47411
38482
5336
7720
8236
29967
92063
23583
3195
48176
73890
59297
44016
97168
97448
57320
17833
54898
49430
34431
27023
20938
97173
94369
68517
86894
67222
13665
14419
85721
63305
83763
65736
65577
694
98487
37243
73203
49801
60001
7503
98125
52438
94834
20118
18138
70894
56158
42989
55627
61416
67293
12786
97398
82344
94497
12005
66982
37137
77937
16081
65578
16235
66991
57165
57554
74945
78387
66010
31424
82141
56421
47439
26655
26494
39192
56890
88876
98736
47874
50485
50130
20991
85802
57342
42236
11919
51283
80779
50886
26956
66181
10349
90644
9070
20916
77447
82799
57258
13634
59641
24418
42239
40299
27191
97559
38215
59639
4777
94425
80000
69697
52550
42009
12894
21686
66572
86623
57210
68761
66153
53352
48810
53638
19247
90075
58835
49619
42228
90850
7180
15755
34967
39309
67532
7337
7373
92095
6841
61486
78796
56853
58720
161
93815
45421
80494
44503
93285
97657
91022
90215
32948
14789
71475
186
24153
89358
91493
42427
15920
28275
16349
31955
4387
66273
89835
11633
88046
57528
99921
89251
16127
34823
67458
56663
15490
19716
73813
16269
62975
10127
62294
62754
92835
82622
97920
92232
53875
38795
24393
22774
45263
60167
81446
45575
18693
26749
4751
17752
49056
9644
28924
67551
57443
11043
10974
24768
95473
98848
18189
33957
41108
95541
58855
93291
90150
58614
96154
34820
47208
42943
8547
57339
97075
78505
43410
58564
36806
4278
74874
21542
69548
6303
79412
64739
59213
74085
24065
58927
97993
54625
23671
11978
91048
35000
4513
97883
29887
7203
34052
96459
31611
93847
80787
27603
44946
93439
796
76358
65631
58635
34441
20303
90801
3620
40993
20837
14611
95081
33008
59762
75508
54107
96315
44658
59268
60483
38333
83677
20863
53588
11218
51879
98136
26494
83071
49881
74988
53725
87937
91952
25393
76244
99606
35268
99038
8172
37470
99940
5639
17709
31604
60405
1019
45680
62429
22857
80267
15412
43596
63658
74146
98785
52157
42100
78252
26920
94353
4860
4901
66938
56447
13859
9752
66702
70890
60151
86880
15449
49561
84042
56005
78545
57203
55503
17595
51754
97682
16220
60523
39273
49722
90606
19127
2271
9628
75063
24754
7679
8103
68297
10550
24920
66870
35696
19180
32806
12580
31271
86111
66745
60040
2517
35901
6524
20607
1905
20630
34185
1251
63078
68568
54679
5757
14395
77236
1608
17178
26371
42771
98860
63937
6049
64192
45143
55098
90102
38043
41880
30830
8899
1348
2404
61542
25084
68662
45689
32751
38797
58848
6378
92040
60443
43034
54423
81067
61024
9844
36481
62816
11294
14003
89005
80666
53191
63205
89834
54207
89292
16543
23771
20778
94523
11271
5325
81741
84001
90189
35597
57570
10713
69297
12447
19110
12518
53587
19795
48422
46133
71303
66219
40714
58613
80164
50386
66138
88260
81600
33324
34204
59974
61042
70006
61136
40895
84748
7656
224
90557
37308
11096
30906
83240
11943
52945
58165
2501
95888
32534
69543
44985
10107
78926
20566
50755
9329
1570
41220
42386
50110
92521
13116
93314
43845
74962
18993
5682
48872
5285
52928
82202
38692
46735
87850
89506
55702
18106
54488
29273
98184
2356
49916
56861
68500
30491
84062
75418
70024
11315
92150
67897
21761
4350
85702
12355
91898
62798
86921
93817
25705
59735
56472
79159
45185
59161
80146
19937
55902
18820
38940
52354
97733
41642
88083
1909
70578
90795
12729
82008
47305
86810
85261
36220
71681
26730
17603
82434
48712
70079
56341
46493
24139
17070
21305
12586
4115
6225
35840
73326
31637
42238
13482
21364
1370
67919
9601
21646
27995
29919
34011
37298
5204
38157
96135
53507
57472
76518
89310
948
77772
27324
31614
35129
39025
42019
79340
86729
11005
92997
84374
57346
34946
18998
25823
5697
52403
8407
90475
15086
90199
5691
88927
79818
26828
32037
99239
10442
65594
26114
52336
53521
50049
12214
60311
78392
68377
61232
9101
5250
93545
28666
28945
44689
76808
31347
28092
89373
47794
29232
69575
23139
26400
96572
3793
3943
91437
536
4777
46017
25137
53456
77892
87723
77230
54383
79505
67246
46513
95453
39494
2945
96307
27599
43071
21922
12369
73078
59462
80576
39293
52049
41574
49074
9357
40035
90487
58874
58832
61855
90728
70410
66928
73812
63635
78981
20536
91982
659
51732
67006
21985
26025
60844
77548
53385
10294
10766
9575
55170
97167
95609
6597
79652
31373
43595
26862
78343
52015
77725
42811
81964
91455
56480
65760
37887
69102
81308
41304
15506
22194
46434
12855
63258
86614
61306
66468
5636
27254
89903
77204
62826
66905
84100
93850
37752
89107
57836
9147
6691
50188
45045
36097
66885
71911
20932
2669
76680
71376
22676
43485
79017
85030
30938
8590
76792
38769
13283
45979
67370
84207
64681
32460
71024
89456
80052
66220
64527
81113
41440
74938
96021
5710
46975
67982
54944
54617
56784
16482
63135
38358
13403
11893
2612
55540
24772
16990
3753
74328
7495
5309
63157
2483
75921
94845
19912
97591
98593
13498
34558
97545
83620
52645
92178
78959
17540
11675
58394
45204
69791
26408
9770
83060
83914
379
88841
17180
67142
70484
75081
99279
79501
85128
53698
43927
76721
72316
19387
95080
10025
8169
2295
45568
11051
52046
70233
61041
45224
39790
34528
98633
53003
28902
45118
83906
31887
20475
897
84799
75118
45738
65338
20815
15708
7184
92230
33741
48745
96582
4159
16800
42828
51220
78765
74783
79535
46332
83635
62231
96557
77153
68933
6807
6352
51053
49873
31260
17913
29869
63599
41200
31339
47394
76121
48659
81600
78897
7882
7508
10855
3980
9003
66610
45926
69
60925
82919
27445
32087
43316
45523
18068
38851
82186
8395
547
39349
30303
92672
29220
73653
43783
86245
50111
39112
15899
54246
11892
1648
76247
77189
57921
31458
40410
41943
28264
53775
5166
78847
24304
29668
64391
21614
92086
87691
29018
69638
10723
19085
8518
65664
41930
33718
99854
76461
15483
84674
29257
93298
96718
22041
43144
24046
25564
53135
90317
20963
5931
60306
38351
35346
77468
74195
21167
37967
85022
84864
70981
62438
10573
66457
67459
3829
38319
48784
35335
64634
75920
7632
80685
45508
36069
19578
2835
58937
80557
25110
88544
39015
75990
61800
1736
14593
17679
80826
85252
32587
40573
72782
32013
74808
1858
37530
92786
80051
33818
39849
36698
25800
58934
86244
60738
8326
2879
38056
68249
14496
20862
76653
22064
2426
15536
77889
77752
22382
11409
63798
83011
93184
48777
28588
90513
64083
59640
71113
72400
83188
17754
99149
6743
51853
96106
94739
28168
4280
44572
17368
14891
30246
96710
42191
96308
12700
68490
13425
91166
42584
13739
50267
1676
47277
3980
89426
45457
90516
8790
21278
43241
97227
98348
7770
16059
42514
9356
68488
72941
57229
77637
51674
87988
20385
16577
39204
35990
49639
79033
7162
34632
44673
53798
25455
27442
70911
28238
76137
7652
93284
39115
68271
98265
6720
65683
75211
91257
40825
12924
51207
6886
82315
3516
907
31137
49878
82077
79757
20345
34041
25935
54865
36380
78331
68567
42260
11207
12942
81458
71188
5019
83784
49351
30340
36251
34420
53963
47511
9686
17071
23024
81739
89586
7112
75156
53074
17929
4978
31116
32651
77073
18099
7277
97947
34989
65481
92426
95080
48217
57578
52034
80870
50884
87955
13407
14903
22996
64714
62453
541
54263
73481
61231
93363
32419
7963
38661
15992
9747
82313
55507
50770
28031
85641
81665
23559
51139
86636
96735
46498
87131
96423
9659
47988
2855
80254
59952
99787
37024
6168
68992
23523
31988
93750
29808
36426
19238
24033
19872
72531
27022
73434
98903
78348
89941
33790
83060
52808
34177
77796
71365
63429
4878
72451
69018
92780
30497
21496
16168
94832
11520
2336
88799
10192
81283
31503
23721
43452
74039
63840
57598
99224
13520
5014
34736
18312
46044
85193
9237
84941
5466
33796
65283
14771
86587
19364
97574
51889
25380
87464
99634
73707
63266
53331
52030
55516
79888
35297
15822
67082
24890
14128
99281
62465
73746
51985
14553
87466
21511
36773
46474
16581
89914
37643
83709
52269
58061
16308
29020
70125
35050
71409
78447
42768
44737
1498
78833
23734
37442
81337
19700
71451
16824
31620
5867
8414
39435
69777
53919
53804
53332
48663
52973
33938
38426
87667
72752
28731
2107
9024
10531
27898
28808
83408
50122
98829
10911
98449
33887
97897
83128
71572
92599
98021
78110
84223
93109
97012
29010
97119
20693
60237
67160
9739
77828
39916
99809
92867
77103
98165
80792
54043
92414
80894
18485
28673
97764
90981
61589
15344
15782
91885
7910
31013
11263
11111
2977
81380
61049
67510
78507
69485
16993
29885
65706
10373
36100
31721
21699
87583
82289
11021
38376
5713
24007
67497
4784
75338
50878
2026
74807
56608
10601
84304
48554
74781
64435
43576
51415
51613
93019
85300
61089
22757
26237
31907
92168
69043
38163
79720
98239
30402
41347
87045
75364
48407
431
51814
35672
56692
25872
91658
62114
57408
78211
32572
16888
9597
41082
69946
94204
11392
43969
2865
79588
3054
37038
39334
61092
8099
86814
62257
26016
71614
58750
46351
414
14441
57158
23747
2500
7345
55525
97482
27951
76578
39634
42667
90634
63451
40904
42534
73211
10764
3088
94018
99318
98997
42111
28753
9293
274
56861
74953
66208
51485
83564
33054
19827
92556
87314
99631
36021
84430
85356
88485
45666
11578
90189
28522
37238
86114
36338
19469
13836
4185
86964
86174
75362
56001
68308
36587
86188
90072
45308
56048
3150
95014
28594
28132
32599
35422
88516
32634
93185
96637
15091
4783
95684
2101
98916
66665
19212
32050
73727
78356
27647
45570
45623
54180
52271
77541
49936
76993
39883
77229
7499
82804
65803
64868
4202
2422
51423
39566
99995
34499
62023
22609
56912
91648
49353
93769
89066
63779
21092
48523
60683
71667
52659
50031
9041
71860
81459
76440
2670
84727
63760
88290
84819
81451
42115
45318
64329
63590
61977
35915
43305
72414
83397
32160
81788
64329
29915
78208
81474
22811
99728
94209
80424
49663
19367
18260
83232
27012
98158
59055
41137
12606
46750
50174
3643
34375
84233
92425
8774
67456
68166
72046
24422
10223
68732
55318
65012
15732
32356
43834
96849
9359
84829
69616
22427
61408
95004
32336
96562
41533
17060
85680
12657
39322
4814
87595
64520
30059
44252
58254
45638
79974
38536
58360
59565
85775
21353
27145
57741
20775
32050
22091
52705
92250
44448
97814
19339
38153
28312
15791
92521
98299
19232
86463
99975
59954
83286
6178
44346
18325
48509
28669
24042
98768
7967
83462
95302
32352
57416
85457
18996
67345
57850
89678
82363
53918
26716
33232
29087
17317
34327
27288
1351
63483
80917
97638
55436
37598
28738
32774
99132
3758
77272
66601
94381
34347
70086
43308
300
36486
1954
63972
49230
44475
42808
990
74332
38336
91674
48753
24492
35564
72630
96275
63855
35469
15012
62362
33722
34149
23190
62228
96305
22351
50525
4494
40456
56874
93420
49413
8807
75128
20867
52285
99820
35108
74184
73919
4435
4239
61985
2247
90934
59566
72
95486
43397
27051
26822
63223
77349
33719
44301
16216
70917
4775
74870
67006
94229
52218
2072
16320
35198
66096
55532
67411
52121
28229
44005
50597
6407
32742
63251
61605
36208
59457
95360
38745
76045
1547
20475
38688
15822
38973
18269
30619
93944
35736
26958
44297
53030
34615
94767
97489
97934
53716
9788
75765
96579
52731
30068
99526
99816
99775
3507
82353
5776
51868
51088
23631
52078
18426
67301
66837
21839
13551
36100
77626
59669
78599
5193
3661
54323
97376
15482
57839
23971
88015
62063
63270
75247
36770
35517
46525
32654
61683
63052
89816
59489
87704
9946
57613
98648
20171
74180
44225
67592
5236
23684
52647
6559
80693
93105
937
14229
51051
10020
3243
33152
6445
56651
13417
61610
43449
57617
80934
14517
28636
46296
98757
97679
70828
31387
39851
87770
71838
23247
21467
74191
79635
30024
12206
37035
8924
84292
13464
52370
94263
76583
51935
65199
11142
38146
16417
4120
54559
6178
21925
36113
59156
49815
91301
12932
80196
25222
57400
81335
93672
45823
8513
27098
84423
85984
39141
71569
90926
89942
1699
47676
51371
52000
85987
79870
97995
56064
55810
80100
36254
9978
29362
95026
17920
52932
6675
61731
33257
79887
35071
60651
6979
34463
12223
91221
78398
82235
66019
37119
1529
25711
4999
29865
20155
67071
23414
60377
26493
90508
79618
80688
3627
63715
26402
68423
68339
85120
57362
65400
29273
40449
76458
71618
90382
43778
50691
1231
55307
72781
56680
481
66388
86834
32543
43385
70109
48071
75097
47335
66958
3285
49362
57055
8090
38960
28280
55202
25846
96701
95731
88915
67289
81201
8806
17273
54682
74129
403
90832
59143
41097
37531
10958
81270
46182
46427
91417
76723
89038
19443
99796
23804
18551
41630
96821
25785
6806
20171
54155
10898
28368
16395
39407
98718
71977
13987
84517
14338
53121
27089
49980
66675
6303
74545
31892
34994
66284
26772
52098
16284
33776
84776
23016
71490
20342
51155
223
12039
72652
13326
5922
6041
8598
72461
25257
46212
75778
97734
82971
3454
16086
55593
40704
65204
23348
29348
32792
79195
76451
77349
18878
83192
35551
27213
27363
15585
39440
96527
48150
64205
32933
95576
6228
73279
36892
95200
90138
42393
24473
77468
98040
56695
21477
3614
57202
87497
87834
32876
95653
27667
18151
22570
27370
95872
6233
2911
79449
88523
49522
66586
13194
76733
70548
14902
4529
13477
8573
40416
92702
17878
60340
68887
12732
4460
88290
44491
25036
46359
67758
82172
87920
64336
43767
9636
388
83900
62717
64657
41843
24904
25155
62791
11488
75430
84609
76534
12737
59165
11081
1459
28930
96232
66075
86154
6060
29702
3272
72823
51215
7785
52691
92489
74628
2368
99037
63908
17799
93370
59125
85614
3795
86536
88732
55202
13904
10615
44077
91827
45323
19737
16283
34477
29332
44614
79059
16077
6275
3521
87247
70674
20280
53648
929
72777
93477
26352
8922
59156
36792
3126
6314
47672
88467
25411
5038
18350
76024
87396
15350
6677
77117
89651
38843
10601
3516
35013
10887
36673
43391
41943
61278
5131
93358
85683
77193
24494
13179
43595
82640
8248
93195
94146
23926
18035
5088
21476
13004
43734
69343
66082
46961
76002
96526
11157
83783
34296
80701
39329
91926
57186
82652
76710
49918
24690
69420
12973
33483
68942
5001
57580
33718
62735
40311
94703
75243
82510
61157
65073
6256
21372
39468
96840
69587
86254
45644
58384
79042
52513
15982
10198
92282
2460
49666
42879
48554
5968
2634
73241
13256
14970
6419
30079
59779
51676
73358
45043
38089
89947
73354
53570
79341
55275
61579
89941
40709
9393
69872
66791
43362
9264
13552
83960
8388
37003
21908
36181
64464
63992
8170
35893
38400
8759
92857
85875
58273
37283
93934
8127
25771
72297
19291
27449
90332
6976
88127
69248
33397
12928
12973
85294
41107
24027
37342
32874
10698
56212
11483
94567
42765
49848
46869
25513
94006
61302
31333
93745
993
94383
73924
38432
67268
43869
81222
36948
97815
48613
16596
28289
68950
27813
54577
24734
98378
52022
82922
92149
92041
9659
51337
44797
96946
80496
59788
63939
73375
58405
50142
72970
70932
984
2724
43828
56602
37862
4605
79498
39828
51056
64771
45186
69562
7848
71326
95804
82169
58940
24356
3465
79410
20939
68119
38926
93423
7689
39585
45268
54527
75382
37180
86429
22192
43524
90705
25086
9438
60593
50999
94591
47589
13953
57106
51814
55489
16529
69034
30008
54238
42981
76039
71900
17320
52597
13257
51667
23769
29681
26058
19207
54434
60338
72059
63367
37380
22836
29842
31923
55336
92027
85624
22312
68325
95913
38250
13648
61121
67533
77283
14484
77489
53559
80103
45872
96886
85604
71203
71464
23763
93514
22676
59589
11964
46286
79850
63248
35158
2916
16778
8345
60043
22542
82441
16299
48373
89452
35164
73164
47021
89414
84289
3558
76047
20681
69982
77515
25784
74138
72159
77316
51475
92242
91677
69450
69099
87500
34577
60428
44269
31926
96735
90185
8851
11010
26547
33247
82519
23012
15317
91344
84127
29410
54792
28808
6733
69422
16179
45130
22884
6493
55000
68245
61403
8979
56279
83429
88580
4200
66862
44150
61709
56677
20010
52219
22629
75035
68392
54505
25363
68131
80748
73291
6966
87961
49566
88124
97135
30155
34418
60043
78500
82949
85462
6379
48215
93791
44375
69929
85445
46398
13084
28255
27986
4751
46017
76093
38862
19231
16437
80605
55042
44621
18589
97541
87722
45544
834
78476
19478
32854
75583
93246
89034
2062
68898
45144
94137
91568
33324
75531
53997
49435
81715
95148
70128
94150
4725
51946
17214
45118
34138
76713
25303
90801
32372
99223
82091
42163
13858
61936
20682
40456
82710
57565
97864
57978
92942
71235
95148
4258
9871
44780
14887
57141
5401
89080
58300
40861
40480
71435
30464
42451
63448
33100
45131
60933
14545
88934
73892
19444
33397
48659
40630
40771
79886
58552
38713
19054
58504
2802
32171
73470
61128
63367
32979
42027
4672
84005
42259
5448
43433
68740
87916
13449
73618
26975
37709
49907
70073
85627
68505
27603
13745
70329
62855
84963
64778
77509
18235
22951
75501
97154
24339
52001
46096
64159
87356
74487
36058
50452
50049
34541
6325
38258
23854
78435
71421
97619
53301
31049
60638
19724
4716
48445
53330
90618
34874
46894
60991
7507
38417
20058
82079
73462
86535
87839
90558
44364
47552
39879
60743
86534
85699
66811
61759
32667
16309
41832
26668
93161
20880
23855
20544
42589
39758
454
4121
18096
21721
32560
64897
20310
12899
57510
36507
74969
17598
76748
57518
37061
22774
66255
71915
26425
81065
19884
71658
92228
84506
2974
47680
82565
36559
9534
14204
53467
66699
97856
91366
39933
16882
45794
82558
75162
45026
92912
93944
30990
33904
90448
92344
7002
43504
81763
95497
45941
51165
26621
6292
42006
562
58686
67940
11845
39113
75638
44587
75050
7642
59813
15377
30098
80924
28615
66029
47962
38449
24940
7445
24400
91721
7383
9990
28571
6524
10049
44077
82515
76081
76669
62279
13076
70086
68414
91130
74161
26328
31364
53389
13636
97138
48910
60434
69574
75259
43507
58138
61062
75466
33660
39246
33
92651
48195
17071
9923
13216
20708
56507
35150
95116
3746
49099
84912
14506
76223
64630
83408
34761
98822
3210
71209
47238
99420
9309
79104
20158
90791
71572
42629
37344
68773
67964
24848
18259
93996
99285
26923
22426
42687
65932
37357
91361
26505
91001
86576
5737
30152
54471
90711
83730
76546
45384
61676
37498
3736
13843
99945
40891
15795
130
15939
96176
43425
18275
79978
28864
59471
40231
87649
29468
1231
14352
79264
20445
41480
83543
12348
80374
99534
1110
92007
6703
43982
77204
99867
10862
98257
97185
51186
71525
55495
8697
24486
30028
28422
18260
74277
3187
81801
87578
52430
11683
9037
10967
22130
71626
84206
25976
92246
39192
26783
71683
68295
66301
13944
67469
12101
67461
6944
92120
92800
92848
75939
11688
35465
37186
4309
81093
89880
91780
97849
52507
93889
72431
31186
48719
72299
1314
77767
55206
7082
32667
55951
24012
47867
80325
68264
95806
84202
23451
43341
44159
84098
39435
42131
93014
74347
41221
72250
67397
60128
34906
50770
67107
45273
80988
41088
18535
37879
24388
77687
22961
5389
17145
1328
24730
164
49064
28902
30818
47939
36339
66611
84619
19830
9885
50920
53444
54932
36694
77313
2584
370
77463
67501
21155
8006
75574
42204
81666
38216
92184
51240
88720
324
75402
96201
51437
89856
27490
52529
96733
18404
88765
57777
11856
37177
82876
3156
4896
23555
68936
89224
36935
90146
69709
44493
51562
74771
98278
61283
92520
53196
72311
92704
41902
87661
16853
17148
5361
16451
16820
98280
2631
60264
4140
10953
28636
9520
86758
65432
65116
47630
71613
54981
29327
51554
12523
35217
19264
49271
58885
57165
21879
76760
73239
36254
79295
30769
29045
43936
98643
8885
55859
30121
33543
1905
74841
43355
89929
20622
43248
52315
53880
26403
37340
98866
1223
17516
26835
68882
16365
53688
21762
82237
6349
73007
97884
74665
8062
83420
71056
99040
54227
47067
7399
86228
41818
29996
70810
94028
80308
10749
41565
56524
47
24438
57853
20918
46532
48356
31339
99122
71802
33456
24854
80066
26454
97628
22184
91308
59213
59914
22343
5074
93788
9034
42784
94383
19174
11778
38932
93607
50988
39266
90364
97365
13372
78159
43450
66310
39080
16512
18817
50212
70823
16028
94352
41539
70217
3641
49541
44113
25310
2081
88169
62217
74532
38662
3655
2228
72954
85237
85830
41212
77948
46923
14863
42963
56875
44454
14342
3044
82163
43810
77738
6648
82226
86741
80715
76674
85502
11903
32553
47490
78315
1524
86873
89613
13790
76350
48093
49495
24950
65768
97716
85638
71782
91418
58584
24583
6851
103
63938
5980
31006
2071
11931
14170
31574
57991
9971
70158
63456
83436
88165
15520
64845
66360
25264
65813
65257
38187
86354
80
53581
98972
45253
805
39784
85504
41988
24106
35106
16316
76548
59558
75830
99247
68083
34068
97844
5179
99233
81411
77175
18362
27097
86587
27840
78672
38685
11449
14101
37195
16509
63406
25172
96461
93991
92687
7464
26757
34641
71027
88657
59918
75926
4544
7591
46975
38628
25050
15230
72317
43077
75355
16399
61783
43753
75303
97359
63594
95626
44253
15683
34298
68977
10574
50495
64837
74170
96753
33501
74723
58953
54773
30331
25404
81518
85053
68356
89261
44582
39578
86354
46068
29555
91192
57984
10533
56560
28048
14776
81193
13244
32464
53401
56965
67728
18042
55988
22646
20612
21346
2391
10721
40729
64901
78838
7014
3362
4896
38504
7725
17828
50887
24804
62999
22770
21717
54285
21683
98997
46049
53205
33212
51912
32578
26741
89722
867
61689
26921
41216
39260
13947
45092
76768
69074
39196
93981
98439
38846
55933
16903
4771
26050
7669
6685
60454
14673
39489
14026
20964
79830
51193
46936
43818
73725
4189
78723
69635
25651
64888
40064
96382
26131
50081
5811
66947
95322
99246
37626
5440
61373
65934
20728
46848
54556
81983
39503
64208
83818
4786
58794
12403
82527
34376
34466
33564
58181
55524
90779
63511
31217
20973
10756
41983
68043
30118
23366
69041
87717
12036
516
17862
91142
70788
7546
65647
5042
75773
79578
49433
18051
45887
22673
64330
33563
99613
99825
35768
41808
74930
28993
84446
50856
71412
12999
62927
53628
60173
49014
94272
46389
27849
13154
68409
41049
88303
89230
24247
92621
9539
35516
85886
54259
73174
55958
98533
30914
19254
39704
5959
5032
56774
97432
97378
27397
29668
76950
45919
28287
21425
21688
10421
77858
79808
92349
1574
28135
30912
43703
45789
28793
56171
64450
91211
21298
784
53709
85037
42816
51278
47978
989
83090
96543
40174
56894
98686
89677
85684
63067
97256
54755
72317
57084
21398
42213
99321
63145
76553
74356
50047
66999
78570
82614
85200
59740
72387
38942
29981
27280
42123
21559
46635
83310
89445
2715
19352
91765
46829
56360
33889
72729
87100
85915
43956
81100
77540
76720
48771
75923
91201
86980
52591
33560
74127
96652
8789
14369
94629
51655
27057
2447
83494
30269
34330
91229
15525
82533
4744
83790
383
9731
88578
73812
38665
3250
78064
99107
36449
76638
95977
71250
3080
90933
83548
40374
64606
28808
81699
88105
87281
72226
87140
88845
48303
42295
94945
28763
23100
39132
41819
70401
11272
38053
20902
79718
84146
2027
18666
64088
51033
75517
17466
33564
15439
35437
15436
92711
8749
78245
44811
70863
93726
94109
11447
34298
24384
68883
6976
93536
39646
53632
53006
54995
33836
19774
14911
83913
94807
5607
66793
34184
34749
78965
41312
31035
28636
99838
40361
70771
35540
70006
68493
13560
33450
79962
26044
23761
96775
43774
72367
81079
76611
66744
23349
57994
2471
43306
81812
17269
3755
76826
56510
94138
38023
1167
36469
11333
42801
9587
74066
91989
19705
44661
77348
98681
3590
66650
8902
84196
51538
9541
91687
48490
34981
15838
23438
52576
36444
39324
81739
30660
63565
8752
97008
42681
89339
30974
39335
51256
45051
16543
41539
68016
31634
36522
86861
49161
33145
24085
43266
20200
20776
90918
22187
84870
28774
52275
1699
4320
12312
65815
73497
16799
84029
69428
92447
32085
45348
29706
66470
914
72973
56237
89703
21810
72788
1039
20270
62953
42140
79720
25342
87408
60342
83727
87933
525
54044
61883
64558
51474
38810
23781
97065
42611
24335
65653
16064
69611
23648
11357
89968
461
19590
45011
47203
32027
67699
94425
93711
39981
37308
91588
68659
96039
67165
35430
74188
83288
1501
38017
26834
95948
70880
69055
4721
88895
68363
64070
1863
31960
23217
84399
63942
53963
49707
74988
57242
70073
59923
24277
89264
68358
60840
46634
11995
21864
85482
3442
37763
26460
6515
70995
91129
58423
39017
60000
76209
12962
35911
33997
78119
63340
7911
25657
59105
51461
5669
51103
93697
2095
33139
23305
11229
94573
13831
3257
73179
28344
63936
69018
36672
25448
88041
85761
57383
6639
99403
3307
77413
10471
37165
87056
27217
24935
27833
4759
93533
99916
26242
75025
12911
41644
54331
9845
9838
62134
75181
60315
62405
52018
98541
24927
92838
35985
23380
5311
50582
22681
59503
98815
20985
44795
41975
82779
77224
58362
73307
40916
10115
99830
57298
8412
50169
67631
84187
53699
1956
83885
4459
88294
34739
57224
62925
99608
15177
660
64172
45300
58768
52997
80170
6121
6635
18155
79881
46243
61903
20732
34943
67821
20250
25492
63801
14335
22848
9799
8940
35184
96716
69207
90796
80798
46242
59937
21241
92121
91361
74325
76803
75976
48132
63401
32567
2110
97377
24256
4513
18309
96306
25465
94309
69137
52784
24417
3502
17694
38885
73021
51648
84079
17505
27497
86251
58563
75071
85962
80528
20768
36314
19614
49195
19376
43342
86810
42424
88438
51386
80573
68931
18076
38664
77530
32692
30650
69024
8153
19405
48929
5657
73502
9290
19112
7287
79882
60361
58723
11993
33116
53456
36326
30931
21234
94211
80243
10068
79653
7063
68885
47484
60295
68746
7147
50535
97244
60397
60234
13944
27319
54679
4521
77335
32058
81189
79784
60436
38358
77912
99829
98786
30457
49842
12900
99814
11667
75533
29707
14614
28736
54247
55242
78839
83020
54232
45613
37402
52618
57575
42405
43010
86702
59270
13663
41078
40450
88791
78876
97981
78518
87977
88932
75615
56065
73240
59146
14783
9294
63609
26899
19644
53223
61915
9644
81873
41108
36052
64661
245
63694
70784
5230
74285
67605
13678
31483
57689
75975
18480
50108
22288
44467
2593
54323
12857
65209
87649
32843
30076
60651
96297
73556
66711
40212
88151
19663
29878
12503
46305
83804
21397
13680
38793
93044
57922
3437
91836
57697
23608
31395
58337
68385
78741
31440
22178
15505
95562
1639
30575
97206
83654
53331
10132
16526
64239
57308
45693
28222
61880
8527
27400
69219
83462
18800
13996
7707
34977
71534
51167
34925
9440
91306
55529
85164
41772
44746
86405
93615
12146
55422
59216
73596
57608
98717
17785
40890
3735
96731
69766
48080
99795
84620
7762
9272
65369
89192
95935
88486
39136
1143
84899
10168
84354
36892
27365
4019
81068
62509
48257
27973
59928
7999
92460
23745
95763
15806
21536
38299
30593
72521
21021
65319
74962
47608
7221
28752
8472
96086
79724
25233
24226
72700
81963
21036
16569
29583
60979
53691
83414
13318
49382
79909
15686
68276
56234
42188
45971
60806
34551
7403
79947
78277
88452
42448
91622
67841
37450
194
79036
54318
68854
70352
76200
18598
68746
34046
93253
31030
34029
8271
18851
99500
88536
96100
397
78573
5412
98101
60108
4218
57911
10164
99450
86831
80538
32142
38178
77000
35773
22102
30756
87282
181
2410
42987
91154
52712
74424
31764
27781
89684
18981
89918
55479
15377
18186
22589
48951
22229
30664
619
15679
61082
46004
97953
2229
65378
42960
67281
47595
98828
893
60617
10214
24139
23751
98170
38732
90243
17298
49443
60917
50515
78911
85113
58305
91971
42081
44512
53224
68289
97650
68923
99326
21853
85563
42579
5577
63449
29898
47038
80285
26227
77977
42824
75893
75132
46291
11983
53258
29504
18741
11637
51510
27223
91459
61916
34255
18835
61819
12269
47194
47862
46362
70214
43073
12481
55855
16433
99698
58624
93653
85797
25540
85578
75804
49330
71537
5290
13683
52687
58200
28114
63897
63522
6278
67602
96378
36049
6143
13704
27391
66482
2432
63983
74518
33780
76003
50295
98488
77049
43446
44086
69883
70363
90834
49904
83984
24281
99609
17355
68205
78795
63873
85273
65678
19664
68517
5696
11521
78922
77805
71084
98352
1143
58794
10590
57626
3191
16612
68414
94272
40156
46190
99530
23041
12636
9984
397
34886
33967
67500
22126
99204
76207
56901
77140
50227
55177
58958
97040
91120
84298
10300
51418
50906
51418
65162
70566
7835
53320
10461
61167
73518
15466
52963
79413
15177
6533
45595
75807
37365
44765
49068
21266
34425
6796
14521
16625
19695
38050
87170
61744
99431
32337
3296
91834
47569
86896
78001
5264
68303
3422
50326
38992
93525
69986
42923
18390
42772
57495
14346
42368
27019
22081
61314
348
16827
39298
74450
18108
6756
81437
38216
43915
72486
3301
29259
29539
27151
66108
18581
70000
54671
27105
43726
88438
2183
74661
33582
56607
82894
73375
92170
24060
19994
58960
41740
34825
4133
28093
58667
82966
99715
3569
56984
47027
1780
49100
27465
20561
50202
60426
71093
54154
35551
50253
43450
20634
73528
37177
55953
43540
25762
37338
46557
88544
29119
86277
31982
7383
11955
22151
21793
47337
2522
87129
38089
58659
31371
32770
15884
13741
64056
44074
72726
47358
64637
7871
34040
66274
9467
98202
59007
66174
91619
46643
8847
61500
70703
70761
52039
20391
50905
58397
2101
82183
7058
14005
32057
51026
4047
4633
52333
49814
61546
75440
8075
31399
79755
26311
20923
99574
91010
81859
42575
23270
27680
43073
86833
98697
90343
26393
81636
11404
30056
44059
49953
49445
70887
37472
16194
98438
17956
97833
15410
69536
2989
91305
37112
50623
4708
17104
62555
77734
38752
55872
13008
19869
40813
60841
39907
95279
13154
11602
58462
42571
34499
20029
7748
28685
37657
11090
15397
96911
32627
67380
42634
93206
54378
28138
8648
44436
11224
8448
66156
24411
81709
64493
84549
62091
57707
10901
1178
87968
95794
53633
88480
47291
77978
23221
97581
64246
39798
20265
49546
29036
98289
31599
23513
42046
612
31705
33782
36323
60410
2379
78084
11380
42099
15637
36156
62606
37052
21357
95237
38231
67102
7536
5562
22349
8133
18630
39417
28175
34225
77641
26595
53586
7680
26613
75173
20611
11035
18913
32926
22444
71833
79932
3178
57877
57770
70730
4015
37158
79899
73710
21864
73521
45355
61088
17650
89743
16648
8075
53490
99095
68167
29937
53451
28588
1413
47792
98957
87596
18240
91894
25761
16841
29918
86213
39400
64772
12976
10587
22809
18506
6763
51476
34509
76894
8663
36713
27227
91922
90289
54614
31153
20940
2639
78450
10715
78147
14514
67403
30290
39555
11154
20316
35226
34601
44021
8332
93661
54973
54117
80605
86631
49253
38154
53935
13850
30466
1189
92953
26958
94762
67888
24030
77082
53105
58646
44366
86376
22154
57078
39379
90474
83109
32457
65928
72768
97735
22339
67861
30756
75013
3683
35279
93246
67483
51799
35513
62834
81767
14382
51400
99348
95056
67570
10032
48510
71929
74153
42470
66546
59802
33651
57824
51607
70681
75146
5742
97515
89330
51686
77353
38900
12431
10273
71173
7749
68813
60913
78814
90163
86937
57851
45052
56640
95595
51341
48335
4993
24217
28353
47120
48792
7111
62016
76040
89954
95914
49409
44221
84934
82016
54263
66033
30420
99024
27454
27454
39455
84486
42363
17277
21592
96177
2591
90245
42997
18178
42562
79284
59891
36643
56227
12321
53768
69811
3470
89951
16308
84130
56816
22019
60635
22769
64315
92350
24495
65721
2589
20934
59699
12193
96519
73294
24533
33455
70169
78974
15085
49796
48798
5891
88054
84263
13701
13607
96463
36804
10038
42622
86460
82773
7241
64733
28030
39499
31178
98557
85975
57291
15536
86013
34427
14821
40130
28535
91409
95464
63730
1298
52062
85978
56022
35431
42729
90670
60368
3361
59999
70303
52204
20366
59520
52014
18864
17122
98482
26071
8431
88428
11054
49994
51788
76763
35930
6398
68409
17685
84820
33359
11344
17556
79111
48226
85159
65587
24995
33257
7789
70609
58137
83051
24025
29370
71113
2119
70374
56760
20277
89522
86694
11212
1557
43391
69212
58619
38079
21582
90329
76147
47969
17579
44952
33478
17565
91329
57069
74236
74073
89495
21922
11837
23922
28812
83407
94350
29122
51378
80914
7728
33791
10523
75941
71424
85227
34302
86288
15978
80157
21077
99635
60327
88341
46785
69422
48543
28009
5732
52883
21081
39697
1701
29008
59526
23105
67605
26783
59463
27904
23028
51410
61576
65770
58604
37227
79885
40143
97571
5430
14279
57800
24811
22648
84565
67784
69474
31473
74176
30055
77740
30810
43781
62523
31723
94413
30729
63849
92730
41823
91931
8187
9637
56526
30641
48027
56859
86493
27507
21234
27092
35476
78506
66678
53187
87031
33395
98484
81061
53977
65985
84531
40746
96790
20096
10523
75837
45768
77397
60684
20519
73277
48132
46984
60562
44568
67785
71823
42609
20885
31430
48611
1336
35546
2360
65910
20171
39297
56146
63624
77033
66849
38206
20950
42281
22487
82977
66997
65926
5945
42512
26512
21473
95036
49861
21690
42899
10530
74998
60383
88919
62539
33600
27707
13620
58284
1218
8892
94426
53134
69574
61510
74273
79826
75176
18894
20963
81109
78744
77011
3899
10166
24256
77662
4825
42430
23494
45937
98501
12985
21923
98064
23383
7096
47954
29479
45605
10302
94620
92901
55104
70734
53438
59594
60479
5871
92787
98123
30220
40720
12127
17645
78480
83251
61100
94312
99123
35450
98867
74490
92556
138
80264
65167
85999
56187
50532
26734
78606
83179
78560
50234
70371
34358
34862
70147
8397
40991
53066
595
86845
58546
1585
87629
9345
98402
63758
18426
44597
35220
33047
53138
78746
87912
46255
32967
49784
38215
39955
61948
73120
65083
86677
39516
21574
99825
10228
23442
88184
98104
56009
59011
34947
31492
64993
27578
41490
55992
21781
27960
64434
86037
47238
99020
84797
91115
50027
12287
88519
77061
29903
90715
59202
24136
57586
40387
22753
88847
63321
61255
30208
16189
72413
78578
63491
86643
65564
12286
67646
81568
9783
82090
7700
70977
96194
28022
86118
66809
25900
777
19034
14082
9760
71182
38325
82044
8681
33037
62709
10299
60722
28753
78804
86369
85197
39312
90214
30138
36174
2653
65056
62626
3722
30969
66670
76878
39154
28121
34201
30408
34847
1317
58768
24311
61110
89234
94322
39444
81099
85074
76872
82525
58632
98343
38494
92772
83035
65512
17340
26912
38523
63707
47186
32763
35540
76656
44682
56060
2554
16163
14699
61353
77726
394
9060
41197
93906
53136
81070
74430
95365
61638
72045
79413
22095
13918
3493
75306
1959
35015
63501
40958
11367
79190
84867
60962
91387
32657
28696
66455
3996
67618
26671
15546
62357
85979
47945
10068
55318
94511
59612
45526
64499
98090
50264
73039
70407
46142
5161
15138
74897
27101
14710
38017
79844
49214
74334
9578
72123
9504
87337
45201
59937
37201
66441
97925
83237
95031
9629
95931
28599
99854
15953
66672
78148
28415
50379
80940
90921
37585
51111
84834
84030
84907
59924
87830
38689
4507
87969
40244
44520
57214
88867
21680
90783
807
90143
95813
20983
14333
46723
24042
19991
1696
63046
90464
25146
4811
4926
28604
50564
13540
62686
91823
3663
54829
95841
26913
83092
86177
70182
52191
43512
66746
51561
70954
42375
10237
43881
48580
90416
50158
75989
3700
8452
68699
75400
76747
55283
93598
67436
70472
67729
44077
77836
21647
34713
81106
82836
79155
11069
50290
20887
97880
72181
924
74642
13332
45512
1764
97888
40439
68070
40374
28357
52124
30849
48637
8872
65459
93388
12798
88367
33802
93668
86248
62042
34122
89531
15502
20215
70536
80499
89014
89703
456
79286
66974
54570
28927
4526
22513
63658
82645
10665
70909
59772
39755
31563
87458
7019
82426
41336
46480
81961
62248
29848
78500
67229
12282
24066
94923
6932
22952
60044
130
51819
2058
80673
98960
73301
75956
45068
22334
31791
91560
14076
85968
95118
98160
26376
21297
38600
9741
23760
26438
92401
50465
82627
78600
2426
10254
792
88194
12986
20772
58731
16694
92094
35672
9744
64343
83247
61206
67677
70396
27262
3142
65828
74341
95851
71310
68103
68630
18950
94297
37769
66068
71891
98261
46988
94571
96857
83112
27602
6169
1990
62432
83736
17569
10303
12770
73451
17321
11644
37490
75715
94896
97894
31102
52650
17986
37997
48157
97270
93588
81365
96493
42876
99000
20444
95530
73314
762
99650
50100
11244
19189
75415
52881
78061
89687
33411
79116
39876
22087
71365
74689
19744
31441
55859
45898
93216
98178
53772
62207
20374
61823
2516
37605
40696
71600
19159
26599
29552
19023
39483
31309
95090
66617
37772
61902
22351
3218
43548
72585
470
24708
74610
38237
4039
34206
31020
93511
84871
40712
59784
38137
79458
75503
26656
38962
83714
59417
49424
78322
48030
82346
15496
97857
59273
26870
6877
88472
70617
27191
7703
79946
51613
95764
58800
41155
39112
30978
11702
38436
31055
72652
71233
25510
19805
31062
58808
32910
58073
9294
16574
29039
79036
71487
73564
22501
97270
80279
64499
53858
12054
23109
8459
69282
19570
12107
95092
97113
41961
71481
24953
81986
38505
51540
97769
22088
55518
88445
53091
90026
15437
4488
93551
79539
5607
49697
721
98690
99321
19831
80160
90356
64219
91016
24963
75251
91805
56650
51468
45081
93150
1415
49842
72835
66022
47784
18102
63078
72963
14403
85140
67036
76592
98009
46268
1025
37332
14807
6763
25715
30600
17133
51876
40898
83750
24580
25657
66734
57014
75892
98538
96283
35163
86588
70880
27832
38575
93693
9302
45648
21774
21483
33484
7446
47934
22365
95671
18104
1198
18256
2898
25735
54036
38689
32249
58952
14987
74672
71733
65452
44837
78706
63092
20926
12790
83727
66966
9957
91230
98999
43642
43645
81605
2
5099
19568
49152
57729
92339
45088
76621
86539
91404
49207
77378
20495
60346
8113
78413
35599
91247
92981
77947
78286
91877
13516
50110
21400
2818
78556
31232
54107
10469
44179
77119
42809
93708
4398
9087
83459
74690
57607
97893
20665
59575
45930
90105
60847
50646
49430
27990
22024
53446
11426
48978
64879
7467
10376
67046
36878
36484
34926
33158
74422
17634
59985
84124
13801
45208
59068
26703
89566
52898
24451
84095
95199
66081
37427
92523
44271
16283
22029
4458
28485
13429
23506
43187
44915
71024
94586
69971
76979
593
18839
26360
94323
69604
40084
25432
77207
37290
28622
86102
46856
81228
24563
10752
54271
62644
44737
64776
4042
67865
38131
12334
25722
35640
46457
72785
54930
55556
20321
28910
47759
36566
28558
74584
64181
21076
45273
45671
2989
28559
92951
79447
76773
29116
51915
66608
6690
40669
78822
2762
78836
25027
97016
44463
22319
91721
7821
72578
18466
26172
27017
68467
62437
20265
13053
58517
10785
25048
56734
42925
68780
84856
70015
92424
37134
481
12001
39053
23394
19127
68506
15790
35712
53695
88808
80149
77228
42589
85398
91743
7916
76672
91830
81169
85131
45010
18642
84242
45916
61060
32626
27543
84678
61953
20323
28206
44381
72517
77708
51565
13042
86337
38247
12007
59782
62936
724
37766
14586
6320
31256
33545
14670
66764
11780
60897
9250
63286
38360
38657
13432
26144
54292
17559
43518
5943
41124
30061
58834
16093
46151
84014
31753
95008
1949
73715
85051
70378
20709
83775
22757
52565
48249
94686
30473
32641
3625
35778
32725
28855
12992
38227
4630
11805
37953
46807
43167
53651
55573
78389
80657
14318
61293
82996
60343
86304
97589
12485
36320
12474
43495
40750
78685
43612
8509
3239
3467
86561
7623
68107
21453
8235
62434
17815
15134
98836
10125
39049
39250
60794
38104
25810
45402
39515
74360
45903
40628
74388
82076
66354
29641
29461
48957
84501
80358
48405
23669
74498
8569
87087
5383
87842
71416
53960
22501
46107
58734
63516
6790
54887
28373
30864
78275
64467
11606
4072
80541
82088
80994
84499
18404
33503
16922
24398
23488
81735
79687
7481
37138
31465
91068
15189
63083
66824
25482
15840
67027
56452
60544
34125
87683
97434
57268
17173
92341
55971
77659
83111
39103
20086
54617
95690
16958
40310
31180
72520
34622
1892
271
28194
70859
97003
27616
23063
70476
37489
58941
68081
81892
40028
7160
10794
42636
51929
96236
24961
68255
1852
23091
40934
52553
8408
23836
38979
37894
78677
33317
30493
76219
65864
17030
79069
30466
29377
71439
43352
26596
67994
68423
79535
13004
81824
57586
21565
71300
61533
76545
60117
34381
21502
89429
62107
66192
86487
67585
61146
62906
70413
33567
83884
8979
94999
1759
24667
51475
27019
73473
74210
29424
93960
9441
17808
51659
40935
26493
44509
48194
82205
95310
90595
89804
26716
71142
84439
14701
29338
44764
82469
75167
6340
32547
67853
37364
25392
30587
49927
50103
45933
75681
32280
56079
43245
90351
71621
77555
62748
65602
75751
90484
9462
72346
43203
50122
62
80593
90443
53366
46542
19495
52926
29042
58172
78659
86279
9027
18652
90622
52704
13811
80014
22476
73100
436
45158
45924
39390
81382
49126
49980
75337
88434
88597
5340
6875
31672
83687
46409
11981
9731
43997
57403
97623
16810
36054
39748
64752
47030
6112
83116
64073
81990
80437
81960
45404
9562
43859
95455
39608
77072
12996
43679
40229
81111
33415
76237
48777
71667
37691
94217
20035
24689
25816
33449
22758
866
59631
7473
38955
13641
7805
83194
88791
4835
81073
38511
19619
24829
11916
97000
74726
7440
54501
75430
27493
40729
34695
3087
25051
30903
97634
72291
16921
9704
10483
1500
86781
99044
42714
83002
47807
95245
10477
75891
99104
32816
80879
51895
54634
58364
72521
31782
52010
65097
74594
44978
30653
23422
78867
50854
38817
15192
69246
93418
89129
62662
11375
24666
89997
25894
98429
37717
23471
93006
78808
88224
64303
30757
62873
69966
64976
36957
65934
29880
85266
27531
75854
42284
34480
55765
10926
1474
54128
16847
10035
76838
26477
58218
10625
76753
55295
12925
3889
86925
40618
88657
32237
94305
93152
47739
98656
20625
3386
87904
21755
25829
21091
33927
31801
9232
9499
81151
48
24929
68316
3567
8654
79441
22993
3703
80701
57827
4829
42127
55470
71302
18880
4113
48418
98199
55450
58323
58692
72973
96221
65746
67999
37279
9373
8793
89185
34327
56865
68310
29887
73362
66614
99477
86788
57069
41527
97502
44988
73798
81416
44779
91347
47370
80419
96738
77230
18598
87933
467
15268
28112
78862
40768
85095
4435
89666
92315
79055
52917
75700
28330
47284
22606
18650
21304
21850
81677
75571
3562
51645
32952
11652
34739
43859
54634
59646
53859
28354
87391
61441
79376
11428
57186
42734
89031
14303
88481
74936
84386
95662
32628
22706
99874
54188
84070
92876
8739
25120
1296
60008
29889
93269
80459
98410
96889
47366
56216
61502
77819
23033
89784
77320
46361
22092
28922
8150
24996
66191
66648
54708
5644
87260
37993
25866
14072
16561
4189
96015
97668
62113
4065
86040
93044
40004
25223
11362
80161
50593
92142
63630
90426
42127
88414
19298
16183
37750
83683
44066
16916
35842
78260
51656
69565
55015
70133
84589
38526
46262
6179
77764
49086
37256
82239
30825
22305
30408
4189
41210
37023
69479
31630
89877
18585
76484
56960
94174
63278
70637
67412
59025
40509
56485
26748
5122
36957
6560
81984
78544
75066
2724
37899
91717
84140
6332
84909
91595
83774
10152
58404
35667
69015
90628
98960
57007
49920
10341
28197
96641
62521
87045
56085
53568
62747
25174
94725
36233
34310
54591
71864
53608
47835
95001
19931
20578
60703
44956
13597
8714
55843
67802
84554
28513
64903
5221
61742
21672
41189
89655
11408
20153
49822
91363
92809
78673
7473
58941
85942
21577
86540
30560
55092
11220
86925
91687
15812
74884
25015
98792
51852
28761
4864
90789
10889
74385
18232
21981
1907
54331
92427
45027
88364
18698
31175
36712
80645
48529
64260
20576
35812
56652
459
70390
43377
71699
93178
67786
97484
43727
55295
6911
16875
53588
57597
12619
20202
98835
4337
36552
48943
86651
22068
87275
25515
14839
10120
80376
21729
18462
30033
55691
45698
31919
66682
9732
35685
62756
27858
22028
80085
74687
13377
27828
49403
34462
46818
55813
92808
63571
49581
46084
71947
83452
48057
23568
85493
21801
23208
72719
28910
42654
54696
51060
89954
86531
1520
51514
3526
48935
66488
49642
698
41038
7379
15040
1648
25674
89974
54793
88224
94617
34063
76865
61392
60429
24010
34857
22270
53500
77853
6137
80232
12368
17270
43968
41682
12849
11461
85335
74814
99183
54659
8116
76960
99231
59176
48476
22111
7873
9945
88340
81868
10637
12539
98031
43885
11613
16387
83569
57151
87639
37968
66369
36216
24331
5697
44688
5555
13585
31895
52675
77999
66010
84259
34235
97275
19011
69754
86915
83216
43986
43728
89152
37009
97913
64499
89265
51962
56269
66711
43514
25847
8929
45174
50681
3665
99582
6109
3383
98772
45291
90450
42152
69758
47089
32639
86191
60893
22256
58931
79288
43467
85459
20627
15061
80742
57554
64968
84321
99616
38932
54618
13549
41035
66605
14660
37735
63211
98840
56318
33062
96562
89154
54300
68618
51602
17903
1119
81454
72945
45703
72805
8203
3079
26221
72322
34362
7176
28764
93663
31259
29698
69112
38656
91418
55120
1333
51694
10650
73019
78527
54931
40074
72098
63886
25445
48645
35523
55374
90282
87903
54990
64245
6811
92427
84827
73015
46093
45526
99172
42176
17677
12254
12668
71791
32518
21039
23911
19843
52199
28965
80299
98047
1991
34510
15764
88278
15460
42713
90618
77498
16632
7503
62182
75397
9832
27621
85240
925
5023
98893
61101
35139
43323
3593
29660
21462
37969
57614
85553
13599
69344
48786
16970
15454
15625
69336
91536
35001
69465
11932
77891
7942
63237
88654
11006
89939
7519
15471
94175
45722
3046
47560
80414
25087
13122
57265
46205
42917
45309
84341
74729
26702
29090
64701
92082
24530
40049
66172
15882
96105
88365
69934
17433
3393
40017
82635
16225
28715
31756
92097
91121
62976
66880
66789
79351
35756
5607
69989
59918
56106
82891
30026
97026
4327
99799
53603
542
81134
92258
66940
94697
19639
1345
47366
19218
58164
99118
52784
83479
87618
52609
57712
16053
42027
18990
24560
85599
20250
73558
41499
98209
76606
84481
68120
55929
71298
9984
9959
7564
16794
85302
821
98877
64144
34408
9151
91691
8468
36996
31560
32142
41153
19869
82294
46037
8832
71477
88924
25238
77511
26142
85574
9666
88536
57026
50922
59156
62112
7859
14640
87506
66454
57567
3350
89672
79768
26523
36561
30064
8852
689
40451
98365
50191
93716
34835
15475
12856
53710
46081
69767
38540
81447
49152
77912
7073
79425
53493
95218
71386
56009
19314
99503
59538
32572
64838
35049
76948
87204
5943
2710
96778
61251
63230
89867
65953
64823
88741
62940
62571
5037
31016
40354
49478
20324
68272
45597
5357
31479
74546
76436
82862
17417
25203
77367
49903
74398
1693
13612
54666
1591
94068
82094
81621
2303
18276
10771
71336
51130
91327
82613
79975
7779
43652
96003
14428
52486
2663
27491
95844
84631
36116
3163
16207
14730
94039
90159
2926
23879
16134
95162
53092
43728
13869
38250
75852
44492
53508
72024
43799
3013
50267
20521
45514
37607
25459
85245
62405
85796
21876
46740
93393
88170
22109
41257
96290
34524
61800
15377
90553
59144
33827
60236
61086
12379
68056
21061
66434
34701
62255
35967
85347
6712
37144
92506
21198
23302
58787
242
58467
28725
79921
1833
99519
82678
39581
62680
36860
74515
18533
73351
6221
31248
59167
66307
69654
45493
26230
13645
80048
29679
83655
1445
20642
52054
84277
38956
68926
55566
98322
46431
18068
82377
6717
79561
45159
25943
35095
20096
65294
20006
82180
32583
14044
558
82621
80036
16842
28804
67713
59392
32320
21863
23183
19670
42900
20788
52992
68747
41940
75719
38556
86369
4877
78181
659
37198
8032
91074
86306
71768
84206
58105
14630
28561
80871
75529
12793
8550
9114
51547
21264
54480
3721
13928
27023
34650
96788
84660
94008
23234
34068
53257
56567
87137
52554
25286
86815
98725
77630
44434
98340
5690
44959
91197
34633
34391
40638
59590
82084
61911
2380
68792
90972
93771
46753
89588
4569
76841
60337
51987
81475
55812
87302
97218
79554
6200
39985
93777
61930
3780
7147
60482
37505
45706
39439
47180
72435
90946
6132
39778
51191
20815
59045
12099
61490
80562
45812
56113
4217
47426
43002
23148
39893
49399
76380
38921
57984
91777
25170
12521
6517
26529
27808
562
28181
53686
52790
59657
73306
904
31212
36154
3428
21027
22289
20286
96808
53233
21028
94274
12014
44241
42225
28596
98644
34796
27744
86148
15564
60787
99114
13069
52946
59079
39854
85252
40425
1651
65688
28834
8762
67431
53331
84007
34829
77811
49536
40278
47408
58230
394
90451
19886
63937
21708
79933
7732
47094
43937
42655
14990
507
14652
53901
98880
97476
20250
86735
94243
19737
21493
26257
48217
98288
60186
94055
80894
48999
72487
94684
52112
87322
21871
43631
55171
49799
70276
22080
56851
5076
41784
594
1471
25338
8098
47275
40170
63104
42183
15519
14262
2300
75451
23467
8200
59801
38964
13617
61850
9674
14951
35053
58935
69532
9672
8851
17070
63358
13968
48994
59232
47473
5685
24855
80397
81444
81893
53012
95087
61000
33921
87744
16266
4832
25740
74922
56250
3785
99346
32978
10505
82976
27734
68817
90857
42737
84793
34700
97067
74154
70091
24898
32969
86879
29716
74962
90633
7077
49209
72683
81875
65745
91588
45838
1606
63632
73638
34064
9604
42049
37399
58039
63010
45985
57786
27968
69493
29359
90593
10608
6403
72530
59715
86916
15359
38644
71545
49429
13508
50678
34539
72498
82932
48814
35740
20298
68218
75035
18930
53647
96418
36179
91810
67449
25877
11040
64162
11562
26252
35717
9040
16620
14454
21221
46222
10737
82935
27606
98587
17701
72144
11040
73451
89851
23973
29516
82486
84203
56784
25607
41493
23817
33055
35536
58596
52672
32557
59196
83494
41437
93709
17107
4019
48502
94743
42467
86188
77102
41619
59177
45115
61938
7291
38618
18623
54072
90752
91321
78326
37154
78765
89694
35955
36135
72437
97251
41766
90618
8430
80116
20674
55562
6905
24724
77080
73925
70061
11938
959
32880
26009
21788
1573
73935
18269
68004
69330
78675
59345
95891
88761
54276
55150
26766
20180
69290
60986
39474
87392
85831
90317
41927
17001
28672
54617
27081
58544
90346
60337
73689
61033
93952
75080
96307
70387
79420
94983
82246
54728
4137
1030
19850
69319
12637
34011
85108
17228
17700
30603
25817
13762
50444
22074
54408
82183
3231
17078
77551
74009
52690
16799
25760
14741
95127
68863
60858
52773
2271
66560
17642
48272
24931
20716
33645
55555
3463
15909
89199
96766
47877
4221
98388
81385
6103
96637
11676
27072
99474
44392
21831
93884
37715
35412
34197
12974
39817
67222
96720
35865
15206
11274
60252
89592
42930
14055
5112
47027
10030
95783
59937
6107
60478
32530
37014
58657
44411
84304
67962
68699
77780
60996
69702
4358
55519
86520
90215
640
61073
36190
44058
8803
88272
44123
25397
75403
94656
38752
39424
20885
93105
17028
10579
4338
6582
47380
88740
9324
21584
48866
44403
80765
40458
98344
46940
1018
70441
76832
55571
61546
61511
85926
56578
42430
54936
98556
5204
85907
46600
41320
87730
21987
1178
27500
19282
59652
70839
44602
89176
55074
6414
24932
12106
79291
86337
4980
27759
93381
91247
59562
9720
82733
54759
25528
17007
53229
68308
39574
94014
65743
2568
94383
63429
44537
73820
75754
75490
18812
20842
40571
6248
21888
8056
58780
47258
83506
78309
95142
90018
59809
98529
13319
54586
10050
67682
675
70455
70001
95565
12422
61287
59053
46509
31510
64788
61349
55653
7098
88608
64369
34794
95764
56772
3139
19706
47535
574
25621
18954
93441
85395
39431
66669
42442
71864
79231
97407
12790
12954
48394
57957
80252
38481
82836
48769
88350
58149
30745
3248
67884
29209
2012
1817
95219
93745
28062
37816
6746
19144
1869
78061
92918
43022
81668
73629
96017
4456
93606
76439
71185
49524
58369
1227
50339
38731
89709
35690
97469
64355
32460
68895
49713
24549
75928
83820
50964
49610
48297
86173
30756
93718
96054
61810
90756
61799
18131
45137
55334
29581
599
70407
41206
63113
51554
89180
78612
1815
77638
64224
72146
5481
73430
74451
4059
57744
82994
63332
56864
19784
99460
20800
57153
27536
26958
26395
40245
32445
37241
67514
19684
77381
33773
99611
61243
96440
76993
20673
44557
24363
98541
16339
76406
95682
5566
31017
1011
92102
35696
21797
69968
21955
26292
62013
54951
79885
16425
78862
53084
12883
19919
46273
49768
84106
55574
53467
10321
52960
95188
32337
83846
69867
55597
71615
4619
7444
32149
64855
27104
78927
94749
19065
90363
16499
49950
2637
66073
6705
15283
51948
11196
43632
76998
25905
77587
74506
76457
73444
22293
64573
21631
42273
72686
12391
42577
41063
43846
48971
57552
47734
5661
59162
7981
27074
65806
78632
11142
97786
61982
75698
47257
80639
75950
60509
49809
34540
94877
75933
11521
31073
69581
94013
59745
81756
54470
23192
91665
28634
42888
3069
91241
53641
40277
28756
51856
16317
91692
96453
42193
32077
81810
58036
26421
17024
82425
78455
61899
8592
81756
1427
44778
20678
67701
2093
96147
31223
29073
69596
68453
71745
58240
22426
84115
5788
21876
53932
10451
43611
5541
97457
24518
16543
36332
43787
34914
70229
61435
84705
12875
47380
96332
88863
13052
56655
23387
14579
33989
32104
76993
99952
23584
32693
31719
21007
32161
19326
6205
36723
90272
56334
34418
17756
44019
54795
97385
28051
15303
92830
94285
62014
92580
78310
82381
74464
75355
61986
75049
70892
12482
94259
33442
53047
65480
4934
11990
77165
40947
95054
61905
40713
9162
37938
40807
85952
98626
27842
5471
88548
19075
85589
28536
25068
85529
64388
27455
69629
22972
64788
65885
43280
8046
97654
95594
33969
62245
38365
85821
43416
95370
76551
21491
70415
38675
23019
46488
564
44728
12167
37897
2915
56402
36650
41945
98110
79158
31502
70281
62737
23195
20556
6938
44809
64212
5902
49514
93365
50387
82368
51546
90532
40954
41474
37278
94611
35030
18486
71203
19771
41548
63894
6182
41647
45149
53304
96393
27101
49210
15794
50587
29234
86348
54841
19536
9234
79857
97907
62544
4746
61938
7357
63917
23574
99649
80120
53293
25440
41329
70564
51284
79485
12982
4409
80177
21040
20086
46887
58056
95192
99814
5924
63358
47357
17965
43477
57346
51199
62664
42424
8258
85220
69315
8092
92563
28519
68596
20189
61539
47795
45284
77670
1746
48678
25468
27979
17444
61420
2098
24167
37299
8429
18125
11897
93965
36309
87083
2717
43768
11625
81957
50873
34794
69370
88004
78449
55941
48678
89096
60360
6538
24843
72072
31640
55610
99963
97743
77048
5467
47266
92339
85847
56892
30630
35019
6605
88020
68714
95369
98163
17310
55327
79538
90386
29192
98229
80623
26371
87265
74643
63031
7716
27322
12992
59063
85759
33445
20768
76855
24063
33777
33780
20813
81162
51739
917
11509
97959
21442
7269
16098
76293
68720
40675
37603
42207
72310
11550
96286
27791
20595
42922
51637
91355
16198
32558
95897
25633
55783
2689
24306
25157
6599
32432
24970
52502
39716
44169
28445
25791
81209
36923
88586
85501
59135
61619
84013
30184
64434
67293
68528
54082
36775
38193
89102
71240
52940
66150
54094
40677
54564
38070
94591
91950
43974
22108
21079
55822
29423
19130
6709
99445
99410
50056
31706
31761
54412
38520
66609
31034
45361
5469
97901
20328
53834
70581
49077
7902
27512
50812
4085
38814
79635
90396
31553
50358
50659
49064
437
29126
21624
8206
79357
3652
43476
91703
11567
97353
4644
37431
30037
82614
55554
7381
54779
8337
86198
7250
93302
15354
41102
7483
14324
26214
67125
57093
40986
13052
56797
68515
48010
40962
21464
13086
2739
81365
14171
32219
489
42810
58550
20084
42619
44896
3899
18349
83741
24809
2046
22134
76682
77918
62847
7073
73979
34222
18884
56386
32814
6508
91720
67241
98718
72092
21291
96420
73675
29947
17058
14235
41638
21447
9282
77669
32306
89955
85986
34725
2912
27802
22617
97262
10584
51539
47647
14649
95536
33920
84332
71370
19400
73025
37628
36757
50168
32829
33701
84058
17448
97026
26527
77226
74152
21581
10494
84583
20979
21868
98840
19021
73155
98456
13391
62838
40888
92240
34019
28608
48064
15665
50506
18299
28085
46643
86956
83577
4345
19478
91295
12922
45736
45698
93985
77089
18867
76601
41261
81326
35774
14125
67360
25548
46113
89323
50589
4585
15518
77895
30884
30530
3320
46571
34614
60638
88894
79710
89785
50380
21350
30039
10279
21553
96394
34536
81126
11968
56851
44999
15588
16270
1746
36236
11692
5582
56653
97925
43769
28840
66382
8030
15899
89391
71953
63898
87702
18233
28952
41390
61494
3916
49271
5618
18558
59701
64944
4514
20287
36053
63420
93878
59191
71014
34814
11223
7646
37467
52135
42931
99791
24562
79154
60610
57106
29649
29727
12059
52658
19979
9052
72961
998
34563
23826
51715
19244
43715
34036
70088
90694
58873
18316
95659
70497
42733
92829
71043
65120
64778
96258
39396
96484
70599
29580
93571
26598
11246
35954
31346
43435
31016
10841
78305
37194
18263
55667
52495
32437
24324
31994
84769
47391
15317
18044
73945
62769
29501
11085
17280
16790
34485
78760
20492
98025
1466
96084
44161
43228
2414
30351
14941
34130
58006
16156
87037
61666
52927
7704
52519
53771
61668
60790
78388
1747
14842
2105
92106
29962
63541
63439
23111
47072
91809
42160
65327
15518
31574
36110
87957
80028
89376
3533
84502
22503
72439
32920
49592
68768
13740
15549
45998
91081
61524
30587
11704
19655
69956
43664
44508
81798
28658
56362
44487
37262
3751
55165
38825
71210
41387
74480
74048
75640
15797
90328
97594
10409
85648
49224
51727
16294
88057
91609
6055
90184
74886
72289
6501
16745
76739
97149
69651
58076
87542
82261
64334
80679
15290
61559
78767
36034
5111
44799
20637
30913
27750
86470
53088
50321
62934
6412
41658
44648
98370
72879
79138
54106
55126
90510
10696
39855
97539
9361
36093
89071
88637
71595
77080
15731
36374
92568
23886
51936
9585
32652
28382
77097
82391
25956
52958
18714
96995
86498
99096
487
33349
92324
77755
4278
94939
12280
14664
42941
59272
76475
43908
48866
81893
32028
85563
73100
2945
61961
41209
86906
10624
42487
36932
40256
60824
36409
53181
34235
58200
99077
70016
82916
67263
75009
29485
8290
20633
12385
27705
21446
18097
58877
34085
24828
49849
82863
91755
39618
73805
83114
70176
28720
41452
98736
29229
48393
18427
87901
629
37657
54880
18349
47426
47766
13665
41056
42431
55302
94035
7817
54041
23837
68591
5448
19087
42811
767
28714
66092
87055
6449
70611
89652
5163
76127
84747
60329
90093
50632
17732
12598
49402
77581
30728
56927
13253
36691
80385
36589
47771
72587
729
84130
39937
88962
1238
66890
61224
27039
34910
58198
76521
69001
85058
77839
56886
18653
3794
2871
72056
5703
75446
64162
96779
38971
66454
10944
49705
86183
64854
47209
91317
88383
90324
75695
29631
87461
69629
10472
18038
32710
6449
20085
561
61829
18540
4026
52188
71707
56738
31728
4185
63766
12946
78344
31200
61490
31732
44417
12288
3125
56412
61420
16251
57910
311
64889
29873
59465
13506
19216
67442
63617
2579
56232
69135
90235
11817
48748
93780
77793
59929
69054
89006
95954
24550
61394
38020
9533
71271
74265
31496
53626
50522
23868
45346
3573
54273
35880
81688
19410
71789
13979
58113
86010
28910
73477
30119
79221
81326
19585
9769
55295
35094
84411
77982
7
20970
52207
18026
8380
61238
63451
99443
26358
80167
51884
69249
16969
93607
97997
82474
67161
18805
10473
92644
63857
81653
20741
93634
50149
75170
15591
57765
29498
28045
13987
40687
88045
97867
42089
65895
44313
26879
38330
92563
79797
81148
56010
79999
6067
62895
1247
37148
21738
1072
30036
34880
86281
2448
95248
28653
40143
78986
26556
76016
70881
10287
93813
25549
48885
44403
73944
40696
4111
57086
16353
718
41390
52910
88188
57035
17282
77360
24805
546
70481
95971
49057
68610
88499
53008
62901
41817
95530
23115
99027
14230
84522
22721
29154
47275
33157
75413
83047
4025
23096
21987
23490
77003
52915
68525
3683
5924
66354
1817
9138
37401
16738
92294
90137
93869
11809
49666
6561
63995
41454
65172
54397
19995
84688
33046
74491
55188
93773
1206
85178
40424
39497
85724
25208
33581
26228
12003
20243
43133
80300
15207
58439
71835
51436
41762
57501
1656
65758
89271
23962
16804
11216
33115
72689
18595
40581
42813
95533
46559
58247
93683
14498
21372
26273
4100
36715
67103
54566
99167
55247
62081
70313
33022
75571
78371
49419
15495
85057
51897
51743
96452
38017
6826
52029
98545
50516
67830
65111
5031
54130
92800
43548
35157
8939
3573
48716
31625
83327
86452
92009
83737
89473
38940
24858
1288
31027
25019
35694
14107
82726
949
75748
62228
17733
13074
29007
27205
88606
37689
44732
85931
99093
56595
4266
56252
59558
6552
34536
2723
25219
5564
39493
98723
7911
27782
53558
19549
16918
89716
52410
94572
45187
57971
4573
64824
90468
36338
82232
83955
29873
81106
42031
28708
69059
9586
62727
78658
34568
45996
53629
62930
624
38389
15791
45780
11543
15463
1983
9263
87950
87582
31624
37969
10700
32053
57264
61587
98333
17167
91250
13092
85378
47721
82673
98099
3205
51807
9563
32965
38876
48533
86220
3219
75169
47312
77772
2524
66095
49357
97933
20934
60292
61382
52657
15103
45767
65546
18464
94721
85741
56729
63464
2896
17276
54169
65552
8293
73172
16193
21739
97354
79033
58460
15360
22204
94695
38282
28259
67266
30370
28621
42024
16558
54337
60301
18030
91519
46087
16788
51147
50624
90381
21800
64153
22249
37951
72296
44615
60221
88958
70522
568
94335
87570
66919
60862
30566
89722
29292
52423
90466
94288
61591
53220
17162
26370
63265
47790
98919
87276
75944
50161
73492
76478
18852
18780
972
97686
31764
96418
46569
79992
80325
23524
9215
29272
27896
66225
71981
65883
22450
98677
30803
91705
19451
84787
63153
10577
65977
48336
4349
69106
70703
63126
66585
92693
4984
95600
69333
6453
42276
9994
59581
78866
10785
28655
40768
77044
67463
18638
69872
20609
46723
24338
98237
46541
4069
47565
4490
7516
7537
4060
78973
18071
44664
77033
36707
39246
21728
85489
15187
78758
32127
58681
93651
34643
73456
51468
95386
46253
36589
40783
64786
9503
70054
11003
87176
73890
36012
96653
69073
32561
84034
87200
53756
89296
37860
63482
13961
28726
62205
69253
57794
74325
9913
5733
97472
59871
34748
70033
16954
8063
82456
81947
24787
74821
57348
13556
91562
95716
11000
15398
13905
67958
55746
57772
31760
85281
21223
86303
67974
20151
93459
76530
70872
68688
41614
83594
13060
28279
6005
20716
5377
94489
96164
14593
24426
17976
73192
17230
98495
26024
98204
67659
64687
13497
40196
43783
54925
40280
35058
35464
22847
10611
56071
78256
85645
35093
7240
82476
68572
58184
67038
60998
83133
1140
76493
40663
1508
49198
77067
68055
59109
8179
74643
39913
11912
50845
63926
18117
41373
78387
7371
70600
6316
35611
606
19124
40323
35480
77365
30826
42315
202
36703
63945
80646
75035
5181
65460
17346
16185
82231
26136
7220
6475
91060
17664
28207
57250
83787
79458
94715
36803
88925
74898
82779
24843
76365
31702
99045
4970
38987
71376
46480
59961
49312
86137
52983
84239
72675
51842
33619
18858
99525
72272
54095
65376
7037
20138
33956
4186
11163
6668
32122
10827
55432
92124
1509
9074
54854
75520
53269
13781
62918
44030
55552
25154
87275
93689
33079
35338
98111
88752
9623
220
55580
38405
10812
91230
32127
28646
46164
92230
12757
14405
21865
85254
57749
2912
82597
11797
29320
15996
78015
80324
69097
22581
34500
79414
74749
40200
32865
62565
28358
5073
96309
10821
50182
33074
15330
10325
11867
79486
46237
59324
18555
78700
21824
23696
61568
16389
35815
66613
10845
60061
57015
8821
96977
50606
17455
76675
11260
30560
87261
19414
96962
25329
67426
76538
22381
77039
14022
33166
15686
56311
78379
63637
68091
5823
38386
93746
99110
24926
23473
75691
93818
30019
69334
64679
9965
28882
56494
47521
21450
81687
28573
71714
91612
78454
78001
20583
71840
47651
90419
93014
48088
55307
24287
14454
92710
83945
89531
56237
65240
72570
97782
38707
95926
26327
20196
41383
39442
7520
49458
75104
3575
24904
46594
54764
12260
74605
39265
1650
94829
28997
467
91985
67041
50465
16926
28090
63154
98333
6429
31908
78696
11513
42835
22388
56365
72964
9102
85980
63573
29232
99636
71541
61076
39883
7013
4304
50796
70336
92468
95951
50975
5538
60791
26981
39129
80891
3418
20425
83369
35707
71421
72102
3405
92792
81491
53310
42960
43997
2139
17365
52380
11345
6819
31199
66418
53610
87632
41812
23027
22644
6591
37480
88087
10646
70071
27165
74597
70855
66546
81763
82807
63398
84547
33313
55626
34019
15117
46649
16202
41105
72673
76864
2104
49948
90955
77189
642
45581
13472
13776
70347
58530
67338
16755
94759
28828
61020
30240
10701
45249
33670
36997
25404
78659
86558
2392
74070
20218
28746
33237
38238
22200
36614
20444
97982
79985
21452
65943
23168
41985
88770
21991
12769
2395
18474
97316
2259
72399
15869
89229
95131
24635
95991
49848
16289
74999
71773
84963
97583
474
58798
68341
71478
43128
53479
17646
84140
71440
42755
28843
5088
12732
32960
16689
1764
56716
20122
16992
81339
2108
9479
98392
62108
15613
8080
75246
2702
93807
99674
91500
84566
65605
80705
56688
22902
39792
26118
42337
58711
78471
50280
30775
88565
68986
30702
90159
55411
13020
84866
88601
20596
90134
7053
32874
37786
42221
1089
8639
65921
8599
27824
28678
77384
30734
32814
77065
45462
84134
23845
69679
11264
83942
63098
66584
2449
81587
67229
49920
92434
71403
41671
78361
38594
67877
78719
87419
58707
31263
56563
90648
36125
70119
69462
67696
46121
15055
50928
63891
88987
29395
57404
52701
30192
72127
96826
57030
43234
56591
77752
76996
61220
25130
31505
92353
87164
35684
86713
28871
61556
91478
84950
84179
13681
33420
49296
19777
86460
26292
32784
68733
42495
56350
28680
24329
26143
37295
71048
52047
70869
93893
67683
30809
61917
30622
15235
65618
40153
18819
70533
37156
96969
681
43642
43932
79918
53640
35503
30160
13807
40866
19691
66650
68066
7625
14437
40840
85406
21814
70077
46465
38181
28989
29669
26846
71496
41233
35759
72617
8750
46295
41172
78711
94683
58956
12285
60174
49998
52004
62689
32388
7763
97870
59978
70430
40447
76742
71538
99591
15069
33602
97048
44334
61887
37264
80273
22892
3378
27564
14485
50733
16866
15416
71483
70691
79899
7622
95360
21041
56980
37706
17048
85783
54012
56633
21892
72457
15804
64055
83866
63464
46107
5912
85144
22780
96427
6434
24715
50146
74106
68484
15617
7398
88743
1302
79420
41606
9871
79141
66537
47020
7865
14114
76167
77117
74792
1698
94267
78593
16361
534
36574
26923
28860
99726
7139
81965
36330
55242
13628
40416
44893
83487
75860
41419
52837
29820
71335
18242
6378
29342
1758
56475
11411
91343
84227
42040
38706
48310
25250
26141
48177
20361
1990
39223
98397
55743
84007
34717
72681
8039
83821
17796
56533
52736
28668
49463
84402
26184
48892
44887
31220
98229
91482
21715
13941
65479
25908
47382
87031
55093
81097
69562
87450
26653
34676
93864
77038
54173
55270
1054
56340
91837
7309
1156
32484
32677
43224
75421
93861
71583
16313
763
85590
6832
31787
74912
25711
22194
47083
13627
51763
50612
33961
11038
45706
50467
65959
61716
89967
72153
87512
61674
54778
51532
98767
21957
41759
7806
44115
48191
86867
522
60522
84942
20570
73989
26213
71197
82192
4494
2921
77721
74911
45081
71013
21920
73016
51038
54734
19266
13403
89396
79953
46578
25549
31033
48971
319
18614
74054
56868
83447
69843
76156
96365
50947
74859
5177
81707
56772
97997
99315
71308
55944
33911
69765
60677
40319
42932
47186
47899
67436
47916
264
49553
40043
68409
42029
92933
99189
17533
95439
1957
97898
2459
82284
64349
39886
32730
17236
72585
66105
84288
12123
93944
54790
28820
72206
88805
52479
77158
21548
45235
50958
66
64152
20546
18635
36093
67124
6245
7868
12817
97127
51183
5225
34843
29442
45424
5958
19167
17285
56025
5110
63878
67248
22939
92945
61315
51798
49354
35704
95866
80972
21666
4299
99967
4648
47265
52324
82142
34729
84746
19877
15670
50683
60721
24450
7579
46712
86587
21301
72208
57265
59568
53854
22392
47606
90891
31972
98885
77622
88915
27430
99559
91639
46092
67634
66645
29192
47256
8877
99573
86900
89465
71357
9031
97412
30418
98199
33331
93865
97684
17933
92860
51139
28670
58872
65732
81735
25187
21217
69974
30192
86117
41433
61700
17098
29523
94388
61247
27455
6943
91078
99630
56298
19173
63324
67248
29993
42896
72617
79839
88051
89107
1745
36027
67754
67731
60511
91708
91365
16000
90513
16726
84616
77901
35749
58567
79134
49409
52792
87422
3985
65011
11074
8432
21169
81157
73634
39507
89273
10869
78028
86140
22137
71149
17923
74148
3060
21505
40820
11727
71623
78131
44733
30123
26836
67027
31666
68303
77719
42001
48333
26491
73152
98411
61484
26121
17843
15334
95671
47084
94087
41413
18018
67103
61796
20200
68846
58409
81378
53670
13575
61393
75516
53440
42759
72224
81634
74135
80829
65532
32808
28515
58403
48939
99997
85826
33086
70338
50942
5144
14995
49930
93747
84487
78869
27767
55381
72314
10648
7120
16733
53628
46983
81237
87733
10086
83950
77594
8565
64918
30863
87969
33865
33544
14909
9625
3271
80536
21702
95277
42902
34467
98586
86025
32794
53933
38732
99138
48156
33299
87508
57739
20013
99677
48856
92592
68265
40535
24069
67719
42694
9298
87125
97855
97772
29164
21325
35321
67122
16740
47372
78265
27779
75355
45158
38960
73582
11878
96286
2626
82879
42430
686
96266
85506
22157
54467
19288
43977
98868
60789
38587
78130
83303
56783
4898
34186
85755
21243
34837
96006
86592
55803
4542
30998
41387
60099
40721
19732
58551
53911
86517
4341
43301
73807
41812
49998
96304
40687
53409
10064
585
44735
44512
78175
20230
26508
21032
85127
95369
55918
83288
37140
51776
60665
75291
71992
23321
65316
87440
26314
43626
61232
63072
32557
73874
6668
79826
41594
46106
75321
3675
81757
34873
86502
55020
86841
97415
6845
60217
58297
61459
28624
87244
67742
39574
84663
49725
42384
84407
47191
41641
25701
10007
42830
59154
67443
25044
7578
89359
38979
67098
5593
5075
40021
38151
68984
65428
81107
69211
26048
57418
58358
44216
49130
3856
39581
2779
48131
68727
26814
47700
97587
27709
92397
36133
14690
34041
32100
76667
75440
61337
35284
52287
58679
57406
40594
4754
8129
39619
65153
29797
63900
79430
21392
66074
31833
91638
23532
55010
32781
18646
29912
82918
90920
41445
23132
15848
40524
52261
1191
72278
36057
63579
20389
93681
37476
84630
46735
51039
8269
61657
42449
4762
3336
64496
15476
40031
4988
10458
97961
13204
66644
25274
56066
10549
44765
33524
3509
25154
88517
50508
78355
67838
66970
68249
91110
22893
1613
66939
5511
65660
22050
95102
17245
79809
4145
23936
47007
49427
18267
68005
55021
71247
31451
28770
68133
18096
25034
66775
52727
44018
17152
12699
38358
17117
22977
8994
26023
15191
45370
9699
67377
58923
62145
4035
15460
74915
95326
53282
16495
8823
10701
60814
40261
54150
42885
48254
19527
17991
91732
26799
84700
27558
82488
88595
90171
20333
10723
92769
78685
76585
34825
26482
10577
67831
48077
60641
52308
14491
99799
59132
47841
14453
25162
22198
39940
962
22807
53729
46237
37045
71405
75585
78988
71275
92938
57326
51951
75726
83365
93344
80957
62628
59558
17858
15953
4163
80184
50473
3063
1946
93916
14984
19074
72325
32579
25196
88237
68814
74778
1703
23861
73628
90180
5970
30929
42452
2020
61310
28288
89210
90793
87555
61048
9288
21654
65707
14858
24253
93455
83005
91046
15600
45956
53375
20701
78851
21882
64221
40800
71366
68227
58383
45429
39886
36708
46706
85433
8875
77465
9290
67842
33074
16313
82326
69809
13019
94115
41617
86705
23523
98086
69183
80031
65647
91964
67901
73880
93892
67952
88489
52735
19847
37224
48488
39447
50166
85261
90880
59937
18461
64635
13076
29745
13900
67713
54574
21493
33164
67781
25244
73690
57744
12220
5464
39076
84472
74161
68258
92824
1645
18088
31129
62259
61417
57279
15014
63211
62210
22477
76544
174
92253
25473
74250
74366
78841
6542
75965
53956
90188
64694
94130
99943
69268
73404
51515
31976
58813
54683
51120
7293
86953
52386
62421
59789
13164
4763
85720
66540
99046
2660
31713
36917
97612
27613
66479
47546
76726
61195
48178
63620
44691
10567
47963
58128
11538
78523
53237
75319
85984
45868
13760
45455
48455
35685
5269
21938
34384
81694
22601
77843
22566
7352
32063
57504
33832
33259
76875
9883
46340
19302
79155
69639
21789
28748
95577
59509
54739
66802
99002
17931
32798
73352
36550
4470
10948
61607
98504
97336
33018
50007
89230
56430
95149
14549
91894
11907
38158
58464
55549
68088
64686
84476
85845
65078
18257
55584
638
70191
30973
56720
46133
3493
19478
44538
27102
3262
80761
24063
19790
2752
65468
80364
85511
89990
22404
66382
39235
87172
60959
86813
14927
99480
17440
59007
26952
33547
64066
95309
35611
82025
30376
19819
90677
39631
24969
41472
25439
58314
91501
18010
20209
45263
6638
65300
67617
28900
45537
68528
64483
76153
41575
94001
58771
10863
17044
78791
83683
6240
63741
53097
57419
68544
77785
96623
28043
58188
54507
93025
52197
71818
78482
88024
35671
63123
93645
46824
3284
51091
39836
20104
81082
97637
51848
11884
51041
88860
36447
27073
79842
65468
5065
24664
16623
99415
52985
71410
86039
80293
30135
92436
55040
94656
46751
38000
13048
78359
82693
4272
71785
52629
90859
89612
17319
76520
72916
68670
97182
8018
90581
84751
18313
35545
31193
51756
79677
79413
74728
32507
46420
61533
58822
5125
23667
54998
82609
90376
76348
31992
47309
46447
45285
22838
17077
48711
94867
64708
21540
39254
40306
75130
41088
872
30453
70450
91588
41333
60601
12765
40580
18292
79215
73662
71492
57209
12164
47314
93964
54445
89633
46165
47562
45042
87399
42439
6362
72719
30331
80868
46824
58380
49534
68389
88119
81723
55745
56286
8303
77346
56866
92115
90948
71306
86969
91213
84351
11261
47753
99249
676
62073
88177
667
22942
92994
47680
67862
44147
6996
59293
5721
74400
32947
27554
50700
77487
63801
32610
8623
20504
64287
92073
21633
25746
83044
68385
70489
93389
77282
52098
19102
27098
7108
12758
38032
12476
13783
83575
8212
8268
82862
1823
73929
90664
16403
50327
26494
60324
10505
3474
95925
35280
93747
80031
86089
626
46236
18588
6208
65562
22334
27627
29418
91229
79649
95010
48684
79676
3551
91837
27649
87526
80415
43867
61469
88975
24079
11418
61575
98095
50132
2210
42941
28665
82957
62428
82136
90281
9623
71520
78352
31994
21571
14671
56581
98823
55707
40432
46457
19798
20644
21152
94277
49823
41894
95232
42998
98626
14341
83943
2992
80279
61106
52133
26954
60843
23377
77222
83145
58653
46057
1949
36220
59720
75509
3914
69671
26679
14017
61603
2425
78309
6535
36126
34267
70805
84002
57141
86876
25998
3749
6587
58832
57925
28978
14765
90882
41836
27239
4633
93195
40174
19763
59051
45949
60506
6482
50755
99164
45426
93480
64113
2117
58398
79677
40224
2510
20180
858
58450
49474
542
69365
2293
91708
76365
26673
69004
7387
28374
83519
8093
80827
51535
51249
6968
77483
38373
37078
44939
48584
42833
95780
36063
60978
87257
9182
16655
78157
85531
10821
98261
65331
33490
76318
60018
80515
98712
45969
80209
24917
62892
53716
54683
87401
89359
51887
54769
20122
48759
15292
37460
53359
32825
15656
48303
53565
93907
17355
11743
70371
52327
5728
89753
99762
58137
61750
74346
28862
20096
76071
2022
52411
40721
94513
27577
87336
48206
42564
68401
74445
16735
7867
66741
30530
53852
13814
83782
37652
38005
52810
70410
7657
46675
41542
68790
77518
75804
33457
48182
36790
65028
18146
41834
62641
93545
6938
38470
33486
97310
98715
26151
66265
23891
54128
40696
42606
69142
32636
42641
2371
13733
69836
19749
36436
68490
45772
32520
70226
58105
9756
39322
28331
70171
43919
24786
21307
32211
49174
84692
59668
25905
82107
38954
21727
39048
38715
50415
67864
66723
82274
40361
12477
47314
9626
62562
30981
68194
34740
16646
91771
70608
66320
51138
67229
13225
5194
71572
78522
30015
74907
76904
65046
79147
8201
20467
22639
19041
20629
93361
8935
77630
43405
45264
9417
44033
980
97804
5506
63528
96559
26327
55371
68060
56777
68305
26437
99649
79121
90829
7875
96228
89682
80183
75274
9482
2878
1176
64930
43612
62733
38688
57718
41071
99932
40385
11136
44784
15511
1360
5071
75830
64022
71805
2908
79323
10304
59269
97749
38171
15564
95562
84865
58076
18995
64091
13549
11939
18323
37633
28352
60051
77758
50652
21620
8020
62754
3878
1727
24947
44509
42112
27419
26767
69451
97309
66012
79295
93938
62740
41239
79719
20959
33031
32072
44286
85209
55119
77769
15288
38137
51872
50776
41450
77261
99235
94355
73600
1026
91885
76041
86348
53906
70347
85184
30053
77424
26283
50844
23122
79200
92985
76232
39399
88478
63741
47497
15092
423
59190
44207
7459
13092
80665
42558
32511
33254
85440
4010
27068
521
71933
56675
38863
92204
73309
75419
61128
38501
2357
24287
65729
7738
82699
39974
1055
28810
74095
82449
66604
82909
90297
2997
55211
24171
60475
69959
59180
54145
9696
28073
73411
46164
96961
51429
66163
97324
84944
86855
1884
68357
92484
32762
1354
86469
29778
58993
20234
62505
30822
89014
37102
83842
10023
34162
89328
59666
47726
93206
64302
45940
46087
99235
39072
24484
33668
48937
39936
97815
68981
86642
15015
92166
33720
9642
70405
55987
80777
16139
69003
56489
56182
7105
3385
28709
34089
63547
79099
18122
52262
78169
70282
13149
80675
4685
29755
9395
28275
27274
49
58224
56436
15563
7904
76643
31672
79275
64899
47925
49966
94358
1972
71400
19379
13162
16487
42569
1813
51867
64463
2372
2450
81345
48073
28444
6182
55684
70044
64933
37879
85484
98591
6633
48541
25496
79062
48112
23833
87405
40281
70923
1946
34609
73000
18155
88909
54545
73764
92740
44231
76154
45256
42074
63716
36197
91938
78970
73837
71746
25138
46597
51048
23398
72455
54824
91462
78709
81352
96104
39957
75134
82177
65753
71561
40413
15356
8311
87621
96807
40195
40663
68413
65181
65415
79559
94597
90418
53560
15818
4466
18679
17114
14048
86283
16288
57865
23343
95793
42523
37409
60228
12710
83844
80132
96966
47760
67905
36796
62844
50048
97954
15879
98993
67235
74187
74224
12077
38538
80148
12395
77563
6351
26207
9836
89076
19734
67019
59473
21053
45642
83771
81844
9607
73931
78093
77610
94560
39737
42006
43640
7276
6962
86597
49943
38398
96317
22709
68826
26206
4377
36512
12030
13928
29986
73348
91957
14286
82587
61117
38157
10096
97543
5392
64738
20898
75
28144
81531
61995
72247
61917
66865
25202
3807
25949
87052
99991
57899
55161
11194
95355
17791
65273
37385
91079
64232
45398
80032
88916
31552
55688
57178
82534
54758
39329
91822
91016
85963
48351
58995
71923
75086
84729
45357
44388
78743
23212
88923
56071
12391
51893
99581
43441
38237
71878
73801
41114
98018
98267
93953
44066
6594
51925
59819
18468
17512
89622
38981
93080
43857
48169
66826
29317
64367
93961
81149
26160
7075
10253
49057
14388
45469
38033
52131
59632
43388
29871
65563
63435
93031
63860
74060
62147
75722
11144
90070
59215
25658
59926
49309
70375
16714
91356
12032
64181
1944
14148
36810
21246
53686
82236
99342
23750
13429
70527
94765
96438
26417
40708
61698
81459
81678
89615
25865
33375
21039
33667
4848
1662
99510
49251
30198
88044
52592
41971
85534
40324
26033
73502
81413
92702
91121
62307
59364
58128
65733
31626
35419
34028
82525
33449
37057
73330
73309
55093
68974
43672
14159
18004
16439
5221
98603
45381
69183
21625
32347
49147
10345
45386
32686
37457
64754
43260
19705
56370
3889
45463
51272
33338
30963
90872
46664
14550
63095
86200
13668
99994
69885
19834
16062
61936
88233
97212
46510
25780
34068
1341
62133
86110
33157
3089
82039
77184
7245
75534
17092
97659
52161
86251
92800
31004
3961
8928
81878
41166
21608
50772
59673
62552
77091
52618
71824
34051
77596
54227
84966
15679
95772
69188
52259
74304
8679
24606
50460
68051
46740
78612
85968
98796
9936
23511
88271
31822
40870
83699
67830
16959
40645
53664
39354
45431
9150
51334
48621
53030
60881
12481
58636
58947
12717
93842
90173
86771
91285
79948
76657
62499
6634
82632
58161
30371
77719
5585
72697
72719
17193
19381
80761
10984
61615
88396
17197
52538
48462
15758
5606
32163
33640
67605
85824
18788
38585
67880
35543
66672
19694
65535
92475
40861
15699
51566
4025
62192
81582
13337
86222
8565
70236
11711
62983
93597
30743
86534
6793
36318
95710
104
7902
27465
77183
12877
60726
33750
77653
73339
33330
21603
57196
57781
28054
19318
31551
34459
8377
94011
78563
45148
1333
393
6393
52471
71492
44369
57355
9025
60224
22925
49251
54636
68853
94230
77486
63761
98735
22307
52698
76669
41634
73300
34697
19956
45157
21596
68581
88617
43841
20960
51997
1399
46388
64655
43596
27214
81856
10805
65870
70140
55402
18850
94430
71063
10538
4859
4182
31652
29400
74557
68855
19601
97922
99230
28222
53473
37190
70494
21078
75577
62123
46272
61095
83415
65071
93957
76531
3444
6373
42724
36272
45182
20528
18359
29900
22401
41326
63636
16645
62608
45808
10197
10290
57307
20459
90904
64955
94922
89895
10363
70348
53289
11838
99066
20970
66652
35617
87876
14994
50417
2767
24273
31490
29585
33051
29419
135
61355
41690
98797
58992
64123
52013
66875
38496
8464
32883
39557
13838
79617
54734
12675
32251
86658
70559
83275
88263
15590
34820
96699
41926
50364
90118
77337
82712
62030
54672
45453
48236
93275
36925
7095
68796
89244
31489
93823
44967
94914
89619
38579
34488
27935
14263
49413
94412
55827
62731
65354
86230
11255
91306
29307
59416
41234
29960
45212
2842
225
71044
37364
31413
91164
86626
85621
8
61069
39099
88639
34519
82805
94401
24737
42326
75735
50601
29679
65934
83741
64531
24832
81157
53327
26308
58754
80327
88338
99956
83311
27424
33803
74874
44402
54856
11343
10764
76093
78231
54663
96959
31395
76980
51524
57200
19571
90777
47730
31956
25798
84464
44491
37408
20150
257
26501
56359
61162
50596
58698
83033
13806
68131
88117
33476
81540
38628
19458
301
33576
11881
28195
6090
29417
11669
18225
4041
90934
38773
53390
31089
33292
91074
84997
46637
58149
89428
43701
26105
56061
63314
5995
69668
6301
4975
44538
55926
45713
69211
39563
72041
5391
3080
36903
77498
58899
90147
73204
6345
65604
32303
5891
43560
65327
42089
47204
44329
4849
55700
77122
20970
81367
72652
22473
75558
24008
45132
44816
8768
81734
40995
53385
18687
3174
90996
47334
38857
44625
1056
8252
36931
86683
87099
7129
25979
71018
2735
58748
96961
72908
12623
20374
10953
91583
32658
24597
99652
64330
99325
41865
56123
44678
2916
55516
13820
7172
14901
14497
32220
28500
76200
25834
49166
97189
93971
76532
4434
70674
51870
1103
89288
50985
43669
29053
92775
97632
44858
24170
64
86641
11451
92367
83701
95754
44351
73084
96413
55809
14502
95938
3888
40748
68533
89059
54483
61553
935
54316
94149
64080
7614
15744
31530
1962
43509
93334
50158
25319
25761
96652
75746
77197
5046
22878
85275
22633
12497
47151
64874
23087
67511
55389
72677
12875
74585
93349
38541
80740
1049
6196
75777
24818
67758
34025
85293
27895
24787
725
18464
843
51391
28714
13656
61669
92466
85675
72239
23185
79546
25013
24403
35547
316
98393
83528
26368
73753
47245
56746
51581
42565
87351
7924
18891
25435
68508
19619
77910
20171
80676
54485
22067
80666
13701
24455
6331
43017
58428
92617
99195
52490
22470
37533
82780
34528
31473
15197
80490
45716
66628
89052
93620
6839
93267
2620
37041
25281
37991
88865
42639
76333
95953
17576
13944
2969
94663
3121
23370
24483
62680
72334
924
85216
65255
31923
54855
79432
10308
93579
84524
10214
50923
21738
38539
33658
59050
73562
58979
1962
76546
45024
28023
7550
18477
99952
23606
91709
11924
75083
93103
80092
49275
1013
65113
83440
80013
7988
30255
28410
68352
71646
84465
90750
2349
62105
91171
28236
84388
57611
15907
26789
86150
76925
55791
88133
30709
31165
69315
27606
52522
54291
64086
88845
23572
82600
25027
47780
39272
44460
58234
92515
11434
5348
99765
24501
17253
8987
88561
84580
76441
13772
6711
15573
37104
43453
31785
96432
9777
39621
50834
27357
84648
341
59797
7911
31380
70524
47994
40586
56685
85921
20307
4597
1698
20581
50013
8664
6515
62717
46767
33829
12015
30963
3781
79369
90376
27548
98403
73189
13886
1048
87095
79647
18589
85606
48165
5978
71259
13101
82251
33632
60424
83443
75328
50273
83632
11341
43414
25712
10492
67190
54771
45879
18654
4036
83061
46659
19173
38932
6145
72665
32280
47087
46182
5627
51785
80010
78641
97265
99802
43576
2326
92347
29622
96419
13341
51538
81556
90153
46211
6881
48389
90275
16370
91453
72250
38539
88754
50095
26604
52749
65373
5293
99525
7846
47366
33038
94558
86331
53997
29529
75805
68287
46100
31993
6748
12676
83618
38964
7847
1489
71714
17329
90428
1338
77799
27623
21415
93697
24834
49529
70057
9530
95326
30712
66586
69107
27930
56513
58429
7914
91420
21654
93761
78339
45093
44876
63403
3948
48548
75049
53142
45296
65522
59669
3904
40811
34332
47407
67793
85714
65361
63060
70996
67184
34963
38865
20616
78779
17399
29343
17753
94863
94019
37692
29893
61635
2406
60459
90011
98833
46594
14251
56251
83998
616
32992
75027
65250
4901
93535
24033
70411
56133
32370
66165
37434
13683
46823
66751
10991
19069
59976
27558
94897
35996
60906
30777
28610
57036
52683
56853
35849
96712
83683
33841
87170
2960
39917
37639
57138
4065
22614
59187
19697
56887
23233
2690
21096
21101
14242
46464
19644
72840
30542
76312
20114
21091
86686
29954
20913
42417
59716
36113
21985
81303
67999
4708
12210
49830
41456
3015
73359
28304
60416
50510
62261
88007
41827
97552
27444
45439
33866
80732
92110
33747
85460
55661
73890
52425
87052
81208
37879
12587
76395
97960
70106
39654
41093
22123
96256
1272
45214
83570
58413
18168
50139
13702
71740
43763
2077
6730
6444
15728
97033
56737
20234
38316
36924
4119
57197
65539
73392
41924
28139
77838
33481
66252
13262
58148
34947
59466
29895
2823
94640
88380
59705
46608
97701
80158
65046
28069
28566
15591
61250
21255
8875
13465
23227
49952
85732
20365
81072
14543
37070
62453
23700
87167
76152
3786
38212
862
44177
58955
54078
56329
30300
3142
6276
22108
87424
12269
92023
97811
26968
50227
35483
5059
83969
54330
52545
16176
17504
24694
84860
36428
26417
81237
74632
43805
75075
15778
55720
40965
3480
27082
40637
34301
26770
79659
39449
50357
1561
10410
73483
29665
92350
51749
76318
70984
60755
6798
69469
81167
30989
48406
62552
80857
92743
30829
40179
78184
18731
23847
24424
79235
14030
16382
73876
50268
98840
18039
74896
1318
4429
725
23612
57820
43141
3406
84406
26190
58322
49363
90903
23174
21217
45795
40848
43280
92408
92979
87936
98482
87771
3200
3089
85079
2116
27337
30199
16849
3648
31432
49917
46016
24502
31696
5626
40166
67794
84649
92855
63145
69766
19821
29870
62710
43880
35914
20105
18714
44732
61305
81349
35417
63235
8389
60193
69415
93972
20769
70789
61013
20183
49690
66667
63935
73068
28430
22617
41949
12539
52171
44471
82637
4643
98091
93243
76334
46060
70771
71923
5111
79372
4578
2250
39891
47702
98632
97594
83866
85754
87846
34716
76873
46642
59853
88858
49370
61672
90622
74393
12223
76126
84103
62067
96068
50790
40065
47295
38335
18560
31919
86002
56956
13407
8899
69224
37013
13321
31513
67593
39873
44317
97256
64032
21994
62874
65825
89606
72394
39609
27402
66637
24104
85974
9238
31127
52553
37635
39093
33216
56102
33047
76376
50401
51904
93569
37826
60187
26576
22227
14384
59417
35524
59907
90309
21198
92782
18846
8559
41297
64913
52737
62481
10195
55343
59152
27987
67786
94890
26953
56177
72378
87140
38627
29874
85999
74507
43341
73598
23650
11607
86617
89676
45223
29075
4315
18184
90226
62582
28507
89122
64566
16084
27435
96238
60931
88767
86650
92644
76322
74718
1378
82348
42216
81676
45243
92470
67407
53092
58631
45871
59589
77152
33341
79689
82453
51913
98546
51688
20367
44625
31324
73789
88635
4060
24312
66248
34527
66658
32129
48426
72869
98584
15263
41975
1198
18126
83720
79436
24019
89462
91296
77951
15220
98133
38235
53834
43870
28950
85064
42097
73857
80454
8488
144
70167
19947
28204
84314
77920
63033
94116
21334
14811
28801
97480
5219
69036
38724
88285
90180
54243
51362
37600
84200
73475
78555
22511
70545
67841
51241
20772
52549
28328
95794
45388
95921
16914
91479
90212
39682
50487
80135
17175
64370
38931
36003
66951
79620
76563
91927
68690
8193
66106
77860
10397
42483
50963
89768
98102
25653
17488
75648
70388
81109
41510
41722
98190
32054
35833
29210
21261
9863
9938
24231
42217
63320
97419
88378
9332
50486
42749
1765
12143
92593
21125
9216
62346
22140
12806
34684
64480
33702
19814
39009
29593
38079
37317
15428
31045
54742
32426
65315
47887
7540
57482
42510
3153
46863
63778
48460
55166
9985
77208
18020
47833
7369
29273
46130
13648
95835
40663
25393
75704
81390
83576
32460
41767
53736
42590
31869
53413
45785
60561
45899
46075
76338
47904
76165
75028
1500
39517
61338
46026
69376
83777
48744
9427
29521
96307
75579
28845
31925
32840
84915
98647
71370
61223
77760
66517
36165
45053
32098
30881
1051
21793
71901
92563
84923
73354
8434
1804
39022
90764
13640
55978
9544
64980
77679
79458
47354
85287
97186
88184
41468
37180
37588
70703
37453
30846
68230
71978
27794
69068
53676
507
51746
66482
54569
57935
13901
67803
58332
61329
1748
47905
39727
61879
95783
76456
80846
38177
40725
30953
83068
52888
32848
92907
52989
53463
50670
90347
7245
88351
38818
86837
96849
31013
93450
97366
53973
69827
32374
21576
59199
11630
9282
52520
35641
54732
52348
29601
51645
24286
53011
71170
59673
57129
82395
70664
2514
76416
85600
30951
47624
72213
63335
38669
31173
67873
53741
31869
91586
12400
56532
48211
5186
98913
95770
58736
98021
54413
58325
19781
79808
92489
68742
42773
69528
89073
44196
90687
37721
89967
7070
7251
85199
5764
6840
97018
24720
14289
13522
45864
19615
51693
37088
11331
1518
78889
81642
16448
99433
80630
18533
16384
16274
84383
85713
2199
71451
79637
72263
82611
51474
89553
84639
84788
19777
31025
88317
67855
6259
67457
91277
9332
21948
86589
68222
82633
22430
63119
95646
51095
60703
29738
13040
27426
32550
68490
26401
39833
110
84677
57523
67227
18360
22501
87695
39771
15722
61225
11097
15931
20177
41970
16607
46382
53176
81291
59032
99459
88699
51293
1835
12040
74628
65246
65290
50467
12218
83380
52916
37090
33064
26322
50397
62425
28716
84369
10903
85470
71178
75497
59712
62683
83660
47974
22415
80456
77392
56339
67438
44919
73018
66253
35191
27588
83560
32643
95556
58553
62686
4153
21623
21558
69516
8642
75167
66643
30741
57723
41706
67248
86351
39112
68149
95913
17290
57974
96441
28478
57942
12512
57927
33
5320
18877
14053
51613
25686
77782
2825
99884
50937
91300
9732
26623
99438
50571
12695
69285
53545
3011
55024
97062
4987
20234
69441
1198
55826
28683
76634
24891
83581
37850
90838
87868
26036
5490
55980
91202
97901
66292
63564
34773
88724
7532
8583
77335
39401
72159
20379
74208
96090
45332
57377
17718
4300
38071
23271
51696
32246
50925
65244
59115
45270
74550
14489
93042
12828
72741
3739
25187
86901
75949
61849
42257
65575
52361
3059
93205
56356
66891
10326
45084
39574
28131
7838
64452
91315
75575
50873
46840
29156
43586
18141
48316
17878
11049
12515
95168
12992
78771
21544
89579
45517
84008
77359
88656
82064
55586
1775
6114
36325
22676
80203
19444
9633
94683
46872
56063
58850
41252
62804
17449
20979
26041
57774
45195
79567
46334
709
3879
72531
83215
6241
8191
31303
46083
18207
96195
74247
77230
59976
44272
56016
57447
84957
89566
80412
22078
44128
26891
74559
45810
99657
24675
66193
61653
75126
6546
11168
62864
36141
42299
98504
23855
95050
98453
13793
18782
1353
8688
31176
92263
72102
40806
34081
66466
97356
1435
90720
89301
47089
85048
34012
66094
35595
98182
75853
95514
91068
28168
17100
90729
7419
54923
56864
59831
7646
63267
92021
43741
97911
18242
68411
16254
83438
61868
14998
85424
29876
22910
42306
89096
37434
52095
74443
89195
13952
4819
78999
40311
80318
65278
47509
37868
30794
23444
10390
63051
40976
83342
95639
92540
49814
23392
1027
63900
35907
23840
45197
65841
39157
24831
4346
62257
45526
99847
98325
50967
51677
27228
45983
36061
32158
90203
80630
91308
43066
47077
70862
95293
19137
47898
41489
96690
84539
7552
88113
77653
92744
57308
45310
7766
27927
60120
76757
61235
99040
46789
81236
4783
65520
53944
72733
22774
48178
16425
77923
84299
42301
63394
67859
13176
29926
18951
66743
91727
2079
50346
60857
45082
64577
3834
38468
10315
25594
77013
52971
22811
53187
88377
55145
80902
59174
32135
54965
55011
46411
1963
35743
30584
64295
67661
18583
85406
62117
90581
22339
25882
27937
39372
93455
73483
43284
50045
23098
17485
14081
84180
74989
60804
26219
93655
86625
45045
72864
62992
5708
70710
27674
4101
15932
65154
677
60161
85604
9339
9891
38744
83263
66968
6916
19464
82517
47427
65935
72021
7059
8275
57710
53485
60650
97841
36786
76391
11426
47503
16199
85997
15431
21733
345
34980
5878
52047
95167
44245
52410
53116
20665
89318
99280
19651
50583
66901
21925
11232
33694
63115
87617
16947
57974
14543
73746
48415
11133
88145
71366
61854
69295
10696
1823
17789
81567
31156
34267
92672
17268
80095
75046
19482
95447
83192
33478
62570
19350
24950
67872
98743
21571
9667
85932
85153
25250
19009
26780
90386
11373
23225
27307
39627
15168
18772
97565
59715
35849
3909
93286
88483
80137
59108
45403
51752
68974
47518
9937
85451
30935
701
48964
45309
25823
56069
86447
94139
32434
69366
2633
61768
11103
55549
98651
91829
5803
76892
6685
39330
5291
87979
85987
80745
43147
4847
99690
13908
19658
1701
92981
49284
9954
7708
85966
21737
32404
96227
84568
47190
8185
79912
27261
87345
8910
27889
27114
93121
31007
57157
58217
9040
75555
96608
30637
65074
19882
87222
32799
31168
70618
53835
6738
11059
51458
60362
31357
56907
70101
98875
58460
79233
65283
5022
36365
79115
85633
22087
99220
83880
39455
17002
96432
89991
15956
40534
77127
8542
92087
79771
3634
11642
90766
71710
42976
84626
72255
78340
12365
49328
76789
16418
39454
55955
3585
66517
59217
43310
19028
69102
78044
74987
90952
16071
16671
97194
7615
66414
31334
52788
92506
93613
91432
45566
9555
87085
75490
31875
44212
76004
9049
94023
82069
41210
52211
28241
45901
54390
85230
62893
86823
56299
95698
63016
23914
68996
78854
61329
78832
84547
56093
34458
25645
78392
81343
32865
21393
83980
20707
56481
30617
46815
86146
1548
59723
48312
6389
94011
2678
91816
95248
6359
78027
26667
22514
84310
55529
37750
27400
75092
71836
79297
28354
15788
81148
226
18357
25514
39817
20778
66727
36829
28099
64053
1523
44154
42311
55157
92284
10259
81229
84217
36125
18191
73395
89194
23304
73356
17177
70726
61890
88793
68246
19746
90010
73362
65191
71319
9931
66045
40025
72611
80751
87206
93287
30885
58862
76227
41799
39998
38070
14465
51346
14141
59612
66982
36050
43447
66160
1073
35019
77345
61629
98088
14877
45264
50098
4142
51772
25366
68773
5754
86435
2093
99031
17942
56895
31616
30063
25397
20733
29821
16572
40413
32360
72301
66232
1608
55255
24420
37861
20517
2364
17071
29022
77764
98862
89737
3790
7339
92205
91535
10327
73431
73337
7555
45537
33019
48728
72357
21385
75300
7650
52467
65557
18493
11017
15675
10793
1556
86880
97767
98904
31538
34130
32937
13325
37573
18228
33267
39632
32253
33793
22619
71961
65922
92644
88697
22647
26911
68750
38803
10859
31071
84104
41567
11165
39996
71287
62842
68818
17786
65144
534
41942
57810
31945
20104
8601
88697
14363
55607
56832
39775
35977
15091
18276
59888
62740
691
9898
19320
9926
30108
11776
7441
30896
1583
91467
88174
18559
30684
23644
1945
27324
82368
66229
67715
52726
57262
71533
38385
28881
91120
36012
58615
58195
10675
5714
78982
42264
73287
90239
89251
68241
69376
81688
70793
66898
10277
50994
9281
67190
57443
77882
40037
18823
42003
99241
87234
42153
51215
41727
2637
98530
1235
53270
81744
14575
42788
6703
45350
74300
1931
33982
51896
1134
70777
604
25861
72015
52639
91746
2381
40293
15373
22727
87099
14354
15210
45865
5121
76445
32596
60149
46348
75314
21947
26091
86503
16468
38538
28153
80266
21427
55131
46851
71564
99774
7114
41836
52895
82963
50605
50645
58765
36794
74071
54099
33067
64013
10318
85399
8724
69642
70182
82032
30512
33531
26534
65016
57670
76345
80534
47433
79905
69357
66309
98425
87621
47328
58558
2298
98623
98993
54548
80102
92006
92327
19052
99565
66048
98202
49521
31200
37162
20552
56295
63985
57648
33791
58662
18754
12702
63393
22729
43075
54490
35658
62386
90357
86922
91025
19215
26272
57471
44955
22124
97885
47660
36053
69036
95215
92745
44422
41088
33231
6358
64326
77038
74246
50055
95928
71176
38305
29977
14335
64597
16433
37642
61755
53353
9705
56029
66758
74804
53090
43271
40290
48270
88695
56505
20935
66924
33269
59022
37087
82650
64013
55367
61657
50748
270
92200
54333
25141
40387
42830
9237
88907
12003
28878
52965
88325
96924
60046
38207
85462
25951
49151
98848
58170
73459
56254
69465
90804
95178
86275
64688
75497
83245
27836
46904
87068
51599
50922
57407
25864
47995
91543
90041
74511
9732
87185
79709
53714
12225
60794
24382
70612
29234
58760
10182
62987
10498
61026
50339
215
9364
11722
24292
85820
45401
41937
31485
92994
5379
77649
23291
35834
98690
30755
60120
57976
80831
14785
14046
51899
61344
58326
46117
69152
96509
27718
51154
94475
54138
15270
23981
41052
44406
61092
12535
38603
74077
74973
32984
71116
20801
92569
66792
10434
37230
62598
28721
27086
78000
47698
82698
28738
12458
14896
34815
49537
23007
18341
30936
71797
43314
75009
16643
26393
66955
84153
86471
99542
8880
39900
47522
95198
49989
6015
34680
97220
95095
45959
29186
12540
12529
36410
95867
96727
72897
23398
59243
45691
29152
52636
16470
98934
13466
66728
65978
54652
45779
76594
43609
62078
99441
26755
8055
28683
19720
15866
63874
91254
36245
64625
43735
61626
39776
43750
21556
93828
10528
94682
77789
16039
11443
66841
16853
66244
15821
17606
51688
65147
38353
76363
19742
27218
70248
23078
70151
19402
51739
75881
73158
34294
86182
75402
24074
4913
4938
40377
83355
21688
63088
55022
96201
97974
16067
31853
68188
10113
80721
75396
71660
6369
74042
96112
37519
61812
86267
26024
70678
22353
92365
9879
16629
3155
81873
25933
31248
12981
11446
55921
60788
19164
9381
52810
83789
39809
32953
35384
63765
69335
33830
70908
64590
51233
21021
52951
84568
67862
2390
82830
33674
76562
21247
54554
42900
86027
3591
38700
76922
46108
95279
63948
37748
2690
35613
68509
43501
88657
3127
41425
44582
17721
93513
89994
87888
26419
78643
62799
16679
22857
34921
74011
42557
94190
17196
29457
20908
79211
45734
84526
68923
93995
72560
67298
20234
81978
84768
13892
56706
18517
2655
14293
78684
33394
73337
15777
71074
48860
77949
68387
59475
63173
55722
85318
83793
24216
18845
31404
48009
21927
33762
7973
89997
92717
81438
29791
38267
23431
78760
71833
1386
3373
27175
71324
20138
62497
82685
87151
82028
66080
66963
26471
42393
86796
55945
75458
83969
32905
39658
20890
97703
21275
55929
14724
54793
98913
21711
38148
17503
10314
79904
57279
85208
94328
89880
51108
36549
3662
43604
54689
38903
75364
52901
15773
23040
35675
94599
18484
57712
85580
66978
42487
20944
93609
98798
95435
44802
50099
51296
77160
26082
54340
53108
56256
38613
82521
75211
18734
91024
20703
62699
82709
53233
31685
36452
78716
98166
42837
20745
65375
45549
59176
9609
49608
78541
77638
47289
54879
71254
44528
10009
26847
73189
9587
81920
90662
1120
98043
71639
12666
90331
18225
67874
9527
93333
91750
63901
96584
30059
53496
82891
15862
12964
86974
22089
5614
62097
47778
56962
25238
94410
37272
74594
5441
14358
29234
17786
91451
26199
92713
94591
990
84358
22092
95330
25998
71254
23161
598
54452
75050
38263
77182
97745
2202
95615
33739
67328
90562
93204
68454
64421
77212
90904
67040
87023
99484
79078
43789
73781
1160
32429
2395
7638
50811
86665
96864
96812
33176
51649
94052
17660
71740
9490
1317
89589
84421
69866
53665
726
81212
83499
64047
48468
8660
31175
17464
97639
74823
99821
34284
25243
10844
12681
74726
90149
93524
82000
75659
31977
67780
52197
45505
30052
82507
62170
57204
11389
98840
15464
92463
74095
64772
65747
59760
25468
57714
7810
9534
79465
22799
15486
44387
74551
30034
63685
6981
23414
5207
98194
82401
87204
83897
89005
78309
95122
14991
43862
51038
78149
8875
72112
68499
24895
14020
50646
28927
87067
7687
45203
32949
88533
90496
48249
12697
3305
68643
68296
5381
57377
18804
76170
60569
74000
85653
87536
40556
27899
74878
31466
8038
27084
95589
4573
88455
25018
73865
87571
65120
97840
83639
39768
21276
74474
54873
80798
93655
6840
73103
68359
38486
6786
91438
96730
66623
26821
43340
36942
43972
87924
60092
84446
45735
88718
14472
7150
63642
64014
10647
18312
59718
60209
18823
1264
30444
77401
54950
40909
78390
93500
74200
63517
6567
47660
52892
53540
40940
96761
91871
84326
92023
26514
1032
79262
18138
76226
45007
66309
72734
23760
64634
65014
15783
32752
36723
51395
19816
14578
20190
54550
17445
38310
74322
27402
75270
22114
36204
80009
39275
62996
82567
36915
22857
53566
63014
99758
55748
13229
94613
77608
57486
10828
19569
19431
65482
56609
80520
94001
56456
79585
24917
41937
20636
7923
58159
27285
71714
7278
11839
70275
30635
78863
39364
66897
76932
32743
40713
35947
97382
54575
13781
9478
88871
19401
41212
5734
40362
52688
11830
2973
14183
22175
46497
29876
75137
32729
95740
1984
18366
39098
65798
8154
96053
716
80180
99000
41182
83841
75467
56293
75910
12332
507
42921
50098
46131
58726
19544
1275
92327
85602
923
65474
70749
46126
50352
48855
74355
6541
76377
88432
68868
7245
33777
83488
35777
95246
67339
19225
36298
94152
35909
92524
40609
67976
6714
63437
89983
44954
77668
78031
56428
55626
5959
25429
67802
69490
58480
95050
55137
84048
82435
22680
37282
41590
48707
74814
53742
22772
18610
85507
54285
48327
28450
56963
90937
78926
29534
51045
50451
81852
41679
4427
28695
85906
70527
13257
37545
96233
14505
68282
55917
84789
66489
10713
59186
76525
54136
34052
56697
78373
73348
83921
17908
85067
84456
14509
34196
47395
33781
2148
78823
98592
2509
72778
59873
69624
49303
22845
38403
1491
17536
37958
3626
50740
55364
49981
88427
20262
42961
99505
34601
1114
71359
73901
73622
62121
66288
4878
91046
23443
98682
13557
12492
63042
19599
19906
41354
13417
19396
50297
93841
32809
60259
93051
9792
95637
43423
68854
65694
64021
36739
38812
22926
45201
60505
20100
16861
83736
14146
72339
6098
27823
39581
43530
64110
88082
42742
49335
27178
10927
74244
66110
52260
68909
18579
31774
68357
21433
74560
31358
80440
33555
17857
37439
84205
23752
84431
57525
41666
54357
5582
4175
80788
36302
58911
48762
80181
47483
60192
39750
82407
26130
83842
45744
70166
42629
93864
29378
81277
49688
82140
12033
85931
88718
62563
4678
96995
94790
37298
21812
93486
11249
43245
38578
63832
580
95601
96891
76439
92853
15658
46862
16495
51217
87330
521
24321
81812
74173
80698
47435
91351
95522
29789
88248
64470
47047
10743
30030
75745
92594
28490
50098
27275
30270
79549
85062
62069
66245
75688
10544
39362
31361
18173
85323
24593
30382
70598
31000
84887
49173
24354
75020
34847
61861
4425
60360
17184
58254
48749
48386
73695
55713
59975
38821
92167
41151
25784
22037
21301
11890
31521
41394
88459
53698
73871
84796
96456
8386
79525
94417
50723
38593
26203
7229
71895
83284
34811
69648
45473
64646
14258
44706
29078
11938
66001
59801
77089
54472
19648
19220
43741
49188
36390
97086
12142
71006
10708
30437
10506
25367
67497
14961
19485
10213
71656
9180
84276
86067
95653
264
56360
63452
82265
97272
76285
97503
61685
72610
28679
70228
95900
53675
57096
11884
37676
31839
25274
28142
69837
63783
68301
85225
48359
89790
83587
50674
88017
70149
41350
64221
9267
19051
56097
53204
71027
70401
74978
58326
81269
36136
19264
68277
54695
60226
34492
81149
72291
45589
54656
4123
56251
739
79417
75237
55546
72664
51213
86384
2570
2999
19489
98804
68141
40752
24710
35283
21626
40270
35576
69109
54184
32365
83002
65549
90827
21537
86091
63931
62237
26051
69971
35117
59973
21426
96045
86582
91735
47519
15055
88604
56370
74779
63884
47155
7381
70560
19257
78206
74174
24653
73242
8320
36633
88723
67631
58880
99926
80820
96603
50555
34465
73040
11594
84485
57535
59114
98112
6018
19087
69650
44878
43099
36861
14235
15336
71657
56891
83102
18638
96181
92058
68103
19301
35960
15188
27174
5338
37762
68494
40427
89212
1540
76730
51333
16414
88377
58757
28036
66178
73166
52827
1285
35237
42044
24641
11879
1641
23848
84108
11919
57109
7190
72174
54101
3089
96668
38689
4486
97771
86731
93566
34909
66385
73130
75080
64346
90783
13209
35603
72530
51861
91327
49204
86894
9891
37111
81239
45889
67384
74683
23780
93722
70939
71743
55449
57934
16312
57125
20923
92788
49257
11486
23130
79475
89955
99064
28013
83797
70412
71146
30665
25346
12277
18522
69612
68344
11280
89163
76246
68521
56119
43040
575
95312
13502
98792
64183
54026
63539
26057
43864
26513
68310
10086
72216
34912
69481
15373
61709
11186
5647
91611
54059
19504
43005
46429
5827
29013
31384
34854
86718
36496
26890
18564
77647
30157
25787
1628
14811
49907
98170
65870
38757
30241
6055
89813
46352
64315
156
23973
57902
41553
22684
77261
79405
16146
89029
37875
55931
40138
17957
57291
88017
77579
95642
83562
97234
43040
33355
98379
32432
83036
25486
1112
15363
44778
6942
28262
24585
81509
83801
88606
36948
11032
12987
6461
83343
78121
63258
60533
88679
12243
55580
63711
82178
31800
9932
80303
79329
40209
71771
77397
21654
44397
77317
51573
82179
2724
74770
82675
26178
34746
71929
10018
41757
97618
66109
58540
70221
4153
10549
59697
46487
29363
95096
47048
71440
65655
21857
76697
4660
58968
50330
72886
50817
35795
48376
81285
68145
91766
89622
93347
88792
98493
5208
58342
96049
38029
32489
33809
14531
99103
21028
4384
12365
69760
57308
43724
56535
96669
98451
27119
29568
95354
96381
71183
21827
90554
73552
15496
46888
58660
36076
9753
15664
65487
45125
49013
29836
34704
25246
29746
70698
65549
71493
62600
5106
34535
41708
73642
51831
4897
63509
27948
2869
7772
77037
40309
8808
93804
73594
32987
93444
42237
74377
37194
18093
25761
7450
91453
35649
57050
84870
94791
26532
69785
9186
23354
81655
77022
14022
48323
59947
66390
17044
82477
31908
62268
2837
47850
25743
73048
20319
38030
95597
7917
22943
7305
60613
58050
66068
88503
22095
99282
53794
59624
3603
67874
13448
47603
28578
73328
1433
65512
2912
25413
36879
74962
69880
25628
68577
82338
4619
2760
70657
98954
14538
52772
76784
70037
76990
29330
61633
39867
58662
567
84251
20245
25788
34684
78064
33884
44072
53199
36013
31699
26708
23608
18952
69695
76293
55680
64286
98190
99668
39076
20886
7623
54302
63567
97085
89787
95804
66969
13372
94327
25310
69799
49154
66636
78310
80119
55032
50074
8965
52488
77063
28261
21149
94207
65896
31614
3046
50281
47266
80428
77229
24152
93491
9352
34815
37465
75612
46232
56914
45124
72
64970
45709
82851
55409
59767
14434
21977
54625
84952
84280
2428
64398
80009
29160
62807
37584
17498
87912
60139
1033
73766
7602
70333
33260
38675
825
96784
17696
4887
77775
69014
86427
50095
41220
1139
15349
34401
47031
40470
7169
6060
49687
72510
77883
90946
36422
69833
6092
96363
59418
66470
34946
5109
28471
89486
65462
84949
369
57282
16607
75558
38047
75458
96024
75140
88079
59293
8558
89332
39159
1373
45415
20851
78508
46923
62981
12899
43953
85475
13377
95463
47781
6703
553
63829
67995
97567
26953
42699
5500
86838
20062
44099
48722
85435
56222
29597
43139
58394
13815
11852
1164
4056
11100
41636
26871
61251
99415
14015
11912
79191
9402
56112
62008
69920
24699
29020
18376
58050
27832
19055
24455
26149
11688
19771
98828
87233
70989
73339
26240
46007
83526
89464
52925
26415
89582
44026
73361
9629
86534
21344
12030
6936
19832
55346
87152
60054
81531
76803
25966
56041
10389
16155
24220
90791
29956
74752
50008
14819
10143
28796
71754
79939
65209
75101
68246
80814
16770
80772
62321
77428
76479
74052
33678
43436
54543
99221
75448
28065
33051
20546
50683
29970
38137
22369
21033
91781
26751
94138
58342
15431
68833
56450
10179
9570
7379
84280
50804
28223
70564
44233
55238
82401
38397
11921
57888
93419
21618
60480
39904
42337
40704
91505
73373
77733
42792
98730
64645
43454
91365
56401
25538
977
85581
84640
85331
52423
22768
43634
24815
48207
18345
25318
85591
1592
27587
34876
40896
96750
40594
71932
28087
65307
58191
87090
33056
84469
31714
15888
55780
24934
86222
12290
48961
97931
17399
78779
20775
14777
49277
2779
2783
82450
88886
23201
69484
3950
24110
33988
73634
63884
16072
1825
17158
15655
88437
97617
96511
91102
5405
79710
63336
72695
4651
14094
71049
75694
47181
9799
24069
53545
98878
83195
40945
37054
14240
62111
63866
5471
42168
40678
19239
13479
97215
65967
26766
63214
12326
93211
89044
36977
38419
14708
42097
67001
17864
80230
74661
11137
50422
1009
23079
4102
61732
76152
75067
96521
51038
63345
78957
65908
97986
85667
34174
57780
93151
47595
36239
9086
40891
96998
1757
64893
67
81294
70548
66452
97881
45876
11281
51806
29603
20887
80170
79902
23894
60943
30140
58059
30181
54653
17816
1160
79782
69593
48966
23594
93587
58005
18005
4892
10204
84812
43494
14117
69695
1678
81086
96240
40334
66952
5064
94953
85144
64920
85830
34725
27471
38656
28494
79217
70270
94055
13385
89016
83275
29781
10380
91546
82163
4830
65703
67061
46993
64407
1541
87999
82867
51001
22791
27795
11823
6449
62147
65623
73968
97758
52673
67457
37664
34120
88946
92503
73469
62947
76848
52013
79648
44922
60460
4147
92511
707
79873
7251
67136
7259
34681
67566
55548
71411
69347
60972
24455
57217
81957
3779
82879
68047
88155
67008
59924
96492
40684
56958
8412
98259
72635
88623
88738
6763
28560
26460
3107
90936
98836
98075
40981
71399
48500
18525
919
41440
72245
60174
97176
47008
88928
56063
31819
24149
35496
52740
35655
68113
70399
97884
74355
46980
98190
74683
85799
16263
75067
184
25828
6810
88278
75500
33142
41333
76777
71188
56797
38975
15404
16551
87738
23627
39898
81842
82861
92318
38478
66528
46921
75549
23797
98913
52268
30099
81665
43979
3083
85512
66623
91995
9050
66653
52010
60165
19586
48849
50047
50861
50362
64958
43126
82620
42698
68053
41089
43378
8220
94727
40948
17029
85530
47225
8433
33203
73810
10413
64838
64599
78467
47194
52787
64491
48847
7174
55525
28509
80366
90283
55756
82739
79007
59312
51514
78703
75846
18359
78
48587
71308
58808
6107
70151
99675
24669
52253
22360
12864
67242
22688
33998
72555
60915
26744
34971
79839
19169
69557
22074
44548
736
81937
83150
62655
80600
89603
62556
31011
18552
53856
52456
95386
22551
63106
44221
40514
43591
94008
3837
3377
42525
27756
20034
88139
66518
25163
43847
54530
26497
93947
8316
18197
11719
98876
59217
67360
74112
20887
93040
49928
5005
65835
70003
42686
7561
6710
656
32427
56396
81996
24069
96821
82354
87725
30993
37267
42552
48910
14013
64960
32064
42343
16965
14487
4259
13105
62204
84602
69586
50582
77440
30735
45688
29137
49509
66485
16934
38089
92195
80992
41170
91484
6157
40703
82961
978
20587
67710
90569
85506
10707
31463
31951
40218
16654
16719
88732
55168
44880
99723
95175
29676
2511
38881
41266
77126
28035
34336
69820
21044
77163
47850
86468
57550
40974
81773
43517
5584
99169
27791
66464
34968
70418
11342
76480
54421
65725
83137
51523
55579
94357
82775
26618
56928
15331
58001
80065
11715
47659
69992
69616
26219
85130
62784
32712
58812
19090
3951
58991
18882
47419
54364
40396
33969
96101
9859
15395
68077
15120
96183
53990
51301
19055
91673
86902
98609
14880
68877
60143
48758
15609
33887
56529
52916
5193
52678
18963
70721
60908
75063
39164
65975
91315
7331
80196
32288
88257
51657
59858
26190
25472
6721
64022
17427
16018
56450
23277
91252
9439
73659
31765
31248
10692
64071
40843
39893
39326
11090
8625
32686
3414
62883
22780
87182
75413
97037
84809
15053
29847
84664
74330
70637
36806
94748
96172
74598
35063
7281
50552
88952
49075
43278
82897
49010
20495
47774
16929
49912
56032
97547
56482
92821
52419
47085
34809
86624
4907
4612
52621
49141
27362
6614
98571
22259
41168
36977
63361
37106
63370
32075
64235
70072
58207
67331
4091
36745
19882
19022
60772
57031
48683
82671
8397
48382
86872
67559
67905
15163
53370
80324
17292
55864
18000
37779
48403
77673
86240
19313
56918
73569
81279
38352
58169
92364
41712
29008
31835
26033
66459
28773
43453
44558
98005
70542
86011
35921
98421
62424
52522
25302
34502
96648
4345
84464
25199
51257
4343
45908
14508
98301
88604
9190
63927
32809
40215
92749
76814
92536
68763
2953
31491
66089
65741
84895
27171
95042
28790
35891
25889
57946
36018
93179
11931
16275
4094
58840
23398
17979
52932
85736
47150
42422
14168
3238
90454
50956
60058
29380
42022
29971
67767
58170
45191
39978
19421
81055
30502
19296
54091
25835
23185
54215
31209
73185
63979
23089
31234
84410
40444
51197
37639
88945
62865
56466
36252
93961
51361
21046
33239
14816
41966
20275
41958
80716
21525
35090
78114
68234
25130
48400
44555
22535
19816
14418
75903
16737
61901
16756
45493
8982
89998
85901
89980
40268
58667
30296
53807
64499
40274
45824
48120
79553
49002
35673
64311
80946
23017
76923
36020
95948
90071
26671
26870
96012
20876
69302
88477
42981
51638
24224
33219
66247
47116
97754
47522
89105
40688
94611
19167
16145
22586
63993
55054
81271
49205
87524
91304
18049
75875
35417
62603
34511
49394
20341
99207
25093
58980
65317
99564
57450
51443
31418
26670
22200
65312
55953
35348
62469
5806
13008
89176
6876
34114
35043
12129
41520
70707
40676
91936
99568
10745
85118
82083
6803
92357
79279
28103
14804
89948
90095
35436
18941
67688
615
20303
38894
41597
81191
82995
52498
84363
46545
45713
78529
57191
10293
45247
66054
29607
8357
5187
46223
85109
20170
3307
28943
48545
25089
93529
48165
33935
47236
56402
70851
29744
39961
3865
43895
42501
81995
56740
99834
51094
80761
21357
81723
25882
71615
69130
50431
80090
57962
28603
77922
57560
76072
76096
62759
4664
4538
83040
84827
82978
59192
24125
65055
2189
86162
92991
78120
1018
20600
75602
74364
14872
94804
98878
41628
84302
80156
59073
31410
68703
77929
99681
84053
4559
87032
77117
19415
57275
5841
29835
88294
48936
85168
92157
56787
62128
20751
19213
33253
22910
23489
28473
92247
40264
34964
63015
39852
32900
86215
64284
81792
51144
28498
38765
59986
60046
16962
14586
32669
16671
81152
78052
7014
70271
26790
42746
93980
7240
75867
82053
48981
97798
10986
39648
63608
43799
83823
4960
76460
24311
13920
96028
56872
93309
49888
13456
22881
30388
46771
89133
33892
326
48906
94608
58535
84180
67058
22678
59031
9018
15492
93576
50840
71472
99352
20874
88899
61827
79381
1956
48592
59344
9270
65668
98733
75210
53252
55339
18501
55947
78108
2692
68641
92229
9642
59477
3572
99362
57898
56689
36135
37611
21059
6314
18952
65439
55100
29778
64883
43662
17273
70301
73209
20614
86775
25083
53368
45436
64593
62561
41474
80685
70519
47199
57362
86082
64135
54626
69959
57195
30692
41235
70274
72398
98805
40939
39732
94714
46225
62085
86706
67468
73799
28129
2370
11391
82008
3779
76168
72794
53491
16261
12090
38846
36061
27246
68997
3511
69938
57848
77097
85706
69275
16499
99614
7637
12036
60065
21976
22301
78543
28283
37780
31994
85785
611
66522
59813
63877
11731
52384
84095
62976
33580
78603
93415
98934
45725
90638
76921
631
73760
97871
41135
88007
40277
32022
53846
80622
56301
99783
26459
39707
78296
59575
54399
15863
41660
71257
22732
93981
77996
29028
66175
56770
86945
95838
99153
12065
9505
99182
26918
50770
52000
30494
61678
22809
44389
59107
8596
8226
45423
37456
33898
89647
95934
79048
16288
27760
97266
19704
64540
42645
51358
40450
44567
22985
77844
51382
49490
77824
49728
61014
28846
84999
31079
63985
30560
23344
94794
4576
1466
18447
75182
3451
86107
30949
90259
75232
47848
64425
17267
57201
44953
50091
76616
47718
32432
715
47075
77538
43988
99786
52578
83066
78337
75400
97155
83748
97637
58752
52194
98454
39014
30076
25442
53363
19649
60023
88118
91514
87284
73453
61658
41954
23365
43089
70229
87848
11962
8998
44405
72224
81765
12507
50101
45818
16058
54678
84986
48034
2090
73476
55728
25107
49331
25715
73257
95006
82650
2818
53802
67246
5073
76248
64151
77811
10808
32858
34126
14584
89948
6456
33694
50360
44929
49190
8148
54244
41818
186
70310
61834
80568
58159
785
55245
3667
35943
26360
91016
88474
58909
20762
62027
51798
88650
19161
943
78372
57795
56971
57169
66661
33597
12380
41535
47820
67647
39615
26540
36944
82995
83697
15826
58957
56013
74605
74371
53198
36382
96765
89390
73680
43798
31730
74643
37931
58986
6996
63390
83306
16038
21883
659
53725
26503
37477
61886
66782
66669
9698
52751
10428
55769
40647
94868
45725
64343
74232
62680
56280
74590
29243
73951
73802
67756
71074
60791
40472
5424
99569
81370
63812
85460
59657
59332
41929
91531
90515
7034
16058
1409
3622
91555
79549
6648
39671
14616
88680
65686
7151
90689
97390
18148
5776
37549
48431
79943
75890
24664
45607
26719
17257
90285
49080
25506
54428
18740
65066
35492
1257
75631
35467
89766
12407
56834
19568
29359
16497
83528
26346
73828
46023
59715
53048
12477
59846
93237
89118
74641
89539
79885
19274
81044
28797
75800
91927
11821
6356
15631
6836
6137
21234
41374
40617
88447
13309
88460
25748
59215
60060
24372
8786
99024
47611
77567
62661
71135
69621
42267
44451
15387
8813
43349
41779
18711
82160
13765
49323
4041
77640
60835
30654
8857
64138
57463
26379
3236
56930
28893
22403
22296
65397
65525
64914
40689
24811
12637
53629
28177
48853
43091
9404
88830
39998
69747
38290
15453
28451
96848
78405
28920
26515
56771
48773
45854
97996
26633
39395
66734
93419
38035
40533
81707
77930
66672
57169
25097
48800
50432
97533
27759
45848
60847
34989
14630
8906
87427
18052
378
86977
40183
87128
61211
10059
36388
51179
16323
55940
52821
37134
4517
8941
57679
29259
56469
31525
29761
23410
27823
80416
48672
95552
66434
63941
32187
49957
9720
33979
4376
35789
87788
5843
10185
34050
5872
97186
79755
56260
90384
2474
70338
56866
39909
73380
90660
61762
43113
94167
4447
16482
14745
42075
86646
3561
22351
80789
40287
34855
36733
74431
19077
61752
90828
11850
24294
54330
97567
34779
88283
21419
92993
22459
20690
24074
60592
30122
14160
27583
31797
6844
84105
91539
33204
64989
16291
50723
85097
8239
74360
38074
42858
97161
79763
19187
99634
51518
52871
59833
43255
9664
86778
25594
64003
28105
50045
60282
85559
39865
2591
27274
77246
40203
18581
59250
2248
139
46092
25881
87578
64010
61407
493
1741
71856
52187
21203
75344
65439
14044
31272
25211
29234
36566
86168
52301
27297
78995
29708
5166
26164
76027
14828
24128
75885
59115
48813
15483
86961
93898
18891
10692
96243
30819
20299
98711
92963
80447
41108
30866
99760
45847
216
8419
81575
9636
53426
23348
56217
75480
59287
91306
13891
19854
83320
72833
48624
93151
32606
50964
43641
54185
53116
39575
7849
67841
45691
26142
45545
10671
45803
31429
88680
97596
54978
96231
84878
3348
72542
78446
69071
44934
78849
41440
11618
11465
21580
23782
41783
37766
67293
21489
72593
16972
23014
92893
66406
36921
34879
45772
13619
52920
59720
29710
3892
43686
47782
36008
77708
65111
5442
73111
21259
84602
21195
38510
41410
79302
93777
10834
76275
41737
65176
83193
7566
34027
26002
60739
67860
88580
31451
44081
11074
8757
76593
52438
68589
59499
27126
89134
24687
12944
96709
29915
71873
50960
35986
88390
19227
52812
98229
40017
71192
55543
46393
8969
18843
59527
35663
55835
94778
267
40638
79912
8248
22805
91970
69594
52499
58846
4208
94987
15966
75214
72089
36437
41874
98883
66340
93355
10336
54451
85714
66731
61269
34573
48131
91004
21224
61020
16713
20229
40352
82029
33326
53067
43013
74603
95419
29443
10273
27605
89202
46998
37666
46288
5258
66409
26229
34934
5312
15185
11895
47247
9036
6094
95747
10620
16588
76512
69309
25345
8269
56553
36561
98235
77787
74650
1463
62923
17829
6385
1092
34999
10111
88736
57541
99668
3373
31174
47880
88307
56255
23810
28137
66413
3922
14370
23100
37202
6655
63917
75215
27297
57796
31558
25359
69182
75557
29208
56168
33591
83640
36937
72567
56295
68219
32294
18505
94859
44519
10114
55738
69563
49731
93169
86769
13785
89716
32797
54600
7419
40225
54940
11127
62740
24099
26318
15892
81346
25195
36397
69591
35510
31983
31786
51814
20664
38329
73021
74338
65474
48735
40811
1756
40534
71344
28594
83471
67307
60681
58004
4806
83290
68621
39600
83778
3484
26182
60622
83068
81732
55650
56524
65433
12155
85676
60244
23320
65272
91309
94743
72105
18006
97049
60393
20408
1690
83769
44093
3552
19690
45492
21929
28155
73076
97015
14100
39012
74492
34608
491
15677
11285
30806
64405
27078
50635
69045
69136
67650
89937
29975
8354
73148
27104
15165
83073
72644
66989
87811
28565
11376
22915
40860
16597
9554
75770
91577
59578
99726
23936
34472
76463
15544
83933
54608
8914
92590
23246
59274
17031
77961
51537
37580
34573
78029
2312
48395
99061
61709
82221
3296
87263
64947
60048
69211
9508
56389
38807
3243
93515
73659
51628
9459
539
46383
63686
3774
2411
63157
7145
58993
96285
76400
66794
25791
335
18126
72476
27657
70949
39927
91889
77600
45822
71583
1134
12579
15122
42566
19880
1264
79903
84121
30915
6902
97284
7195
29036
37553
1197
754
75624
51037
27661
69505
65911
61371
90079
32481
25272
67879
64906
72460
6665
71922
41493
84382
34830
35513
38215
78978
66351
45498
12437
63044
82314
99161
40876
61778
62132
26750
6828
71831
76589
85953
59140
26924
43512
45764
71575
76356
84844
80599
52499
94069
17694
93587
64152
55621
52237
14818
98176
954
47890
84526
9797
13433
82332
76992
52772
93188
65450
61014
14704
94674
36086
18063
63024
25879
24185
68119
83746
99266
80609
40056
11755
73436
71651
7705
27012
44383
77643
91146
42827
64711
31806
28391
52507
15192
88382
59710
2567
29439
96588
831
60712
83015
47974
7567
93123
24916
65178
43821
31637
83938
35193
64843
22529
34181
62691
2161
65082
70478
97059
79475
41626
52415
81188
73084
63518
37811
56085
44267
26184
38817
18060
47492
73744
22320
46583
84467
28248
35345
93129
4986
94533
50051
6875
10180
42225
91870
791
57590
1377
78104
48632
61868
64314
60791
98348
84587
93727
58359
64093
8713
12616
20863
23401
71096
60505
62114
1445
84513
36732
6042
85931
45517
84504
9910
74500
1138
68686
78597
41392
1882
73746
74457
19214
15785
66149
17060
1449
37418
78728
5693
73663
41181
56203
75954
56567
80257
61076
66408
52482
34421
53266
24539
2928
68184
29480
49015
19091
73645
85794
21741
93022
62690
14111
9158
7686
57992
24205
86477
17288
34755
38702
50491
64089
44819
79578
24614
96465
1671
20855
63211
40644
95637
36274
64770
85858
22900
51196
81016
20111
86854
31212
64463
503
51050
19127
3256
61872
37137
31752
19420
12260
92075
30498
28574
4753
66342
98785
51240
63526
25123
15264
4394
96103
54749
69734
57307
90790
54972
78712
89003
21103
82618
8271
67832
30972
85930
29372
5019
43836
25538
78324
18724
56774
66694
48274
33700
36797
46767
12882
67722
3081
29651
54878
7311
20385
49097
18796
40290
76220
97051
73658
16515
10436
65696
28008
92039
50062
2985
4570
64788
31301
35539
65619
60844
92808
93191
18266
30789
25459
97810
16137
25432
92660
1029
36237
98209
23830
59428
3983
97431
13540
89331
70127
79510
10279
6994
63801
9248
21160
59781
83723
28792
624
52491
27643
16103
51156
3536
4102
61943
26248
14822
70054
21092
60855
71029
37067
31752
96375
13278
75991
78257
75949
38417
37586
29668
28186
93297
33521
13919
64003
47434
53108
58337
46796
91595
1982
72045
10807
28954
97917
45638
12567
32768
87948
91546
7724
54626
41694
39223
73247
18545
81499
28006
15781
88504
65678
95824
8285
68333
96885
20089
8212
76085
41472
94108
36676
30105
40587
57103
17165
40106
40159
76215
69292
18462
345
86576
51099
84698
40818
36684
17152
13596
93009
68792
5723
74290
43676
37670
58169
36379
7347
93047
71777
65745
80319
14250
14676
34657
48264
97157
8457
31576
97346
29265
27648
48819
14535
14853
8533
95886
18895
57321
40548
5213
57916
80335
33439
8086
82517
12195
33575
66894
68705
52309
63839
33445
83114
47752
40439
69586
49942
95400
17505
32340
57002
66357
19757
6746
5050
45442
73297
26731
53761
95222
85922
91390
41107
19811
78498
67679
38948
48916
5070
88568
25828
57461
66891
57112
10421
26463
12989
42993
50945
27190
27551
9729
75760
74724
18281
95616
90271
93617
7479
73718
7363
98182
23112
75855
91644
12371
54359
23298
72131
63457
37021
77636
91327
68870
12521
29951
64118
69483
46625
67262
82427
15304
89903
20261
82344
75796
20801
57936
23463
72373
28134
71938
13865
1190
84783
97950
90146
12555
84555
30343
91860
87395
56152
45790
20478
3477
10411
66962
10040
70189
91412
65703
77596
28805
66873
69760
60654
74402
33288
88030
77788
70310
58735
78538
3477
94255
28136
90970
12980
23727
86815
95775
31507
18876
79863
91566
42404
26482
97594
99674
54719
77250
67778
39573
76617
11196
54188
33854
63332
67013
57748
6008
3901
48032
16688
71832
17146
29834
11572
80919
22334
37950
89124
94569
42269
22042
99044
43351
62773
38263
2649
42393
61409
76414
8275
99173
63264
56149
97005
96963
94471
70615
7748
21677
30203
85675
15250
17338
34470
61439
14369
41072
70429
27303
66636
96789
18690
72198
96448
99762
94458
58067
26849
17301
53092
76898
6296
1213
46107
23227
62364
20305
79657
61723
92401
19171
61862
39616
99742
19884
87162
21591
12867
51829
25804
92726
96945
30565
66495
39600
14763
50502
32245
57419
31776
48981
74793
1533
70095
74012
9120
90835
35119
13698
76636
16482
29281
92374
95025
96327
6449
51007
38659
20723
36095
98180
76708
55519
62650
96938
34500
96614
38119
32678
30339
82393
72331
46140
40843
29900
10234
14580
84947
32428
92742
77950
47017
68286
66748
30215
97799
28020
46541
33775
18503
61473
6696
5456
6707
62094
58329
82390
65455
89117
99990
95300
45540
18199
79471
89177
72374
1182
77861
93478
12705
93183
54258
12837
2990
5513
26166
25984
68199
63368
91482
15364
20870
31439
2484
46318
4346
87201
52958
62195
90772
68361
42246
59386
36137
62710
86167
97400
22709
44618
28747
1004
85349
75383
89416
67950
81319
24418
242
45732
1632
10862
95155
26159
46475
93770
16833
58794
80505
53172
16509
27229
56378
15609
33713
35460
41694
19349
80219
2713
13191
71437
13864
99018
96865
77196
65558
48190
76062
51397
61722
65464
68393
74131
51492
13021
93634
22307
93989
36241
72688
45864
68262
59742
97140
4619
30069
73817
88375
7287
30816
48621
64886
69314
31384
67854
25113
75323
34428
22423
63181
68893
70304
98970
89955
23864
84646
22412
74994
15560
2914
57710
73320
67737
55912
48421
44618
34401
99295
82781
11443
31712
12182
5214
81400
71354
24383
88882
80339
73655
39980
27005
48194
16118
44914
54061
88988
96967
47342
26275
33392
49391
55300
49521
63435
71649
78179
84404
45654
27367
1250
25163
58341
10744
38725
66024
2826
84066
14988
41307
38189
36306
74882
51839
64957
37953
14372
26685
24978
19310
10422
43828
76028
1456
31460
85266
90022
74338
45204
23105
7210
978
72339
86848
1309
76093
12989
21171
69474
43930
31656
6076
99818
26272
85835
27
67319
80625
68473
34632
42584
90662
62047
41075
47818
33625
22928
52171
11646
12382
75098
20992
91075
48610
35038
32378
327
47833
67302
75970
68801
64528
33924
32745
35809
77512
78088
12923
96295
29149
81885
28129
49946
32984
12409
71372
56842
8783
19107
29193
34286
41129
53597
73466
22666
94339
13173
86072
36321
20443
71619
88039
98002
8896
84000
12845
50291
59256
43919
87043
83349
81022
43654
1457
47383
30900
18645
1583
42708
25158
188
83645
72319
30642
42759
30825
3412
82446
6394
21673
95873
42424
89689
4897
76466
3171
66717
78342
23612
62673
86206
41428
16642
33145
44100
38433
49848
91254
45201
56918
21232
82650
12005
9685
18014
57088
398
50626
908
6995
89467
70739
39250
65077
44047
12127
84968
60113
58554
47176
88439
93536
38958
5723
81803
20870
72428
58655
32115
38168
10571
22013
7135
61071
65645
59771
30975
21494
97469
59632
13379
2123
29937
56230
83194
48033
95653
93661
47550
62736
85734
88189
92405
27476
92257
1992
36398
912
57085
99338
32705
17332
16768
19715
54078
24820
46120
97392
38445
39878
34744
50652
54659
76056
13819
96644
43222
84570
36762
5694
78967
16732
73520
28636
41275
48792
12144
53158
93970
83735
59906
57111
4462
94181
22336
31027
87115
56083
36641
13289
67653
31827
7670
2862
65730
56486
30865
50080
52054
69840
83729
98822
99625
67731
42049
26731
49384
91887
1923
63651
26852
4844
75774
32030
1621
79635
31182
62525
96183
45097
45578
97187
81772
17910
58123
74675
65387
2602
30126
32081
20997
30802
72665
98126
86912
34061
91714
67190
72335
47645
50357
33691
40725
42133
46727
28266
21663
70785
67075
89860
22318
25503
75281
521
80997
84958
95382
36875
27204
47334
22480
64484
30847
66025
44549
78848
85119
12536
4171
50423
94883
12537
93894
6454
14337
70121
28650
53728
40700
29730
64243
10427
94524
50785
25228
22717
35033
13329
29664
74806
74754
77703
8071
90240
68147
79520
71552
82454
51042
91604
26611
51609
57537
75388
65609
99669
43110
44164
69577
65733
26341
3506
97280
31959
38952
24745
79039
47053
92471
62674
46870
47613
73705
58453
63397
9047
1411
75092
78630
34495
86083
67512
59171
37639
26858
24025
93348
36428
13528
97007
41048
364
44920
58913
73968
21508
12549
20189
91640
31408
66548
26623
74670
2566
53605
81011
90563
79895
27458
32549
43818
59361
93672
77184
95329
95835
77287
12290
44274
31655
4113
41541
39579
98
69424
89239
73178
90085
64234
25347
93761
81401
88322
34267
6067
4751
21763
32782
29702
60870
31494
27412
62853
66632
23286
20950
13342
2530
74081
99310
84135
92466
41124
62293
60617
64149
49721
79113
18754
9148
47175
80521
25240
82156
89267
69400
13451
25336
57343
19413
45646
81132
91557
92138
75806
78284
91497
70683
79636
65431
44797
77668
10376
53324
75660
14897
45310
15383
38451
62533
28942
54593
44223
16548
83935
21544
38858
36045
27618
5927
77053
5847
75225
4247
55453
4037
92616
15448
87963
43210
68125
62573
73648
57319
60607
85565
72174
43587
26582
88474
58715
73727
97527
74736
27675
25924
78122
75707
67730
87351
2115
74535
60332
4752
9203
20006
36847
54053
83337
20468
51176
30346
2057
40431
62157
87157
84352
97772
63990
66535
34237
63374
42574
49144
57847
54123
99744
30230
40018
13592
29182
32770
31897
38538
37598
66652
66889
74529
7637
34592
32510
89860
62359
22190
82237
44256
45175
97581
23671
20220
49931
26897
4296
94359
83619
18738
96011
71259
20673
66221
9425
8585
67841
90992
94987
95288
8111
94689
19173
95675
69741
15043
44981
23602
88812
35301
41869
59509
28613
23936
45467
85665
2546
46611
14232
19904
98607
44275
83803
40293
77034
1420
13853
34483
90727
34354
67842
58869
9706
25182
39687
7624
22494
82046
69110
21847
39020
85278
78953
25533
50940
91998
74970
48446
73928
13432
39155
35758
81933
22207
81351
15851
13088
94265
27668
12423
69673
23423
35308
13711
61788
85397
71287
71390
11679
76752
83790
50786
10514
61443
50259
69317
66719
11129
69763
96318
36435
23037
75001
74154
9397
87310
56828
64314
22213
66389
50337
71660
26329
61907
40911
19649
25411
95600
77140
63134
15759
91169
91508
9589
37269
84159
55851
85741
80571
41365
62132
57476
56142
24054
68917
40983
59304
66253
85385
27524
2525
44037
68031
2982
86726
88044
36758
81118
73607
81735
62397
30820
37296
68081
27096
20714
1680
37846
97585
78387
11313
56612
22067
68243
38984
30097
64786
39594
29463
33846
29512
37298
25031
55800
83689
33173
92187
86810
46990
20348
28990
56741
33867
67317
60748
4832
86906
60610
35767
15819
53690
93527
70827
23572
82090
25664
40495
4094
71695
85107
52049
85433
32868
46188
2020
19064
23840
2807
44743
7688
78475
64467
19522
90142
54173
46448
7431
85990
83225
91903
31105
49343
54299
51708
26086
43719
68037
9123
39414
87857
87849
60698
3765
31303
12179
38359
62505
2957
34051
27727
69757
40677
497
90666
25270
16642
24043
58789
36842
12563
24817
32375
22228
83273
68480
48207
68373
23234
97115
20869
24481
63203
57552
40337
53406
50509
74055
53056
768
35361
35495
83092
6443
47370
48000
3159
75020
51241
95161
48443
1752
60407
21146
47253
52267
77621
97335
74892
80769
80813
54570
50636
44629
9242
42381
80740
2912
80149
63356
75600
35235
64079
19467
10769
97015
82406
49290
30164
98257
38969
58227
70264
41239
57196
8160
7538
14294
71578
33713
66473
15124
17187
45852
21151
25216
65876
9547
64305
87203
89490
34304
55446
43111
93584
25313
62109
7835
86946
50593
94517
67348
5349
66462
45316
26236
3118
80264
70600
46151
98266
99326
57333
44514
21465
78719
37462
25543
80163
30958
24485
74370
9126
99538
38421
69165
77417
3317
17426
55863
85426
97911
33381
13722
28117
83666
74267
55041
44843
86023
21788
51657
51419
6145
7515
47597
23710
58683
32917
93570
82488
75807
76473
40566
16802
47882
25404
89092
70190
81577
42408
48325
14294
11642
65158
59137
25053
81526
8813
26573
28429
45985
42300
1090
42013
54802
59286
61214
42545
5817
6443
33880
99686
85624
27307
56142
79524
43978
89070
94218
50381
8546
2346
75680
28531
38899
56497
2489
92424
3585
53716
66191
8507
26572
71277
11652
98665
26555
6186
39150
91212
12795
17007
78544
37215
36904
5439
5806
32154
17469
1319
40654
69261
19180
68992
49321
62777
8158
89880
87846
69796
16011
75399
90982
35244
57209
5836
98500
33811
9909
45413
19650
94329
75270
32974
79609
62272
34234
92383
81555
43017
44476
81354
44231
79566
58180
15290
72589
5220
22296
66591
56118
63905
46782
68869
12272
31272
38660
12597
53701
81034
259
41010
87643
41508
86175
63397
84133
88781
29358
25733
50290
74943
3193
23595
70421
77394
76908
37312
58113
32741
24121
78228
34646
96596
63374
38283
83968
37428
89675
20305
73492
67902
12299
81432
53000
1440
91650
1165
1498
40113
48501
78391
2838
44058
11844
53770
57833
66213
43325
69888
90508
21268
61855
63389
31113
15006
54243
49823
6568
12390
77452
93696
74943
42293
27608
92107
90833
37093
64556
39721
69104
96263
39382
24777
79235
65964
53264
91036
56114
30467
71289
47160
64495
74764
89619
11113
63705
89864
23620
83037
49545
98753
64089
31962
71449
29462
8375
42849
61957
14799
9712
77755
78754
84192
45134
31342
13645
67914
10321
12485
23089
56496
52745
78260
85687
8826
76703
28516
85231
98774
38324
23722
27800
52881
37847
31433
1719
3543
12826
60679
42245
57490
29090
24435
586
27452
80949
25551
52966
71510
5330
87031
45453
1268
35595
49474
58397
68968
38933
76775
64093
70202
86227
13028
14785
92173
37093
48983
73249
45805
53912
88469
50164
96800
37722
86314
47785
21
83430
32357
15985
6212
42789
29812
69435
34555
19451
41073
71269
68914
92797
48334
90770
78054
40267
61410
45878
91110
56844
40926
15749
28893
83917
99496
22659
30421
6161
68346
31640
72134
43217
94658
93200
74229
38964
41768
33642
21517
83793
89110
79848
31482
45568
15344
65596
63940
60722
22606
40558
95987
32148
29128
24391
34888
45637
65459
36527
34931
66432
50920
17382
21485
94560
21106
66990
46795
93101
30712
30387
12936
68831
3338
99782
48937
11807
4664
66394
93429
33641
44138
12033
53113
79551
20591
18916
42924
46172
53591
58652
49508
6869
91055
24042
28711
37507
76621
54623
23135
29382
34118
71307
78247
11177
677
69612
1079
9035
58250
63233
33586
58966
67961
33635
45386
57491
50000
93573
84200
13111
55887
56792
40232
36997
86471
78510
7425
665
80757
72664
80207
35287
75574
56844
4097
46815
3371
98064
26142
48879
21684
22974
73596
99959
10817
45560
59020
753
77685
41317
29455
2288
74324
20625
66184
244
18414
58148
67323
3142
32554
45679
14199
40182
94740
39777
96405
43612
53383
82217
84060
56198
7187
34670
38185
84167
2579
67298
53799
66541
46047
52194
9424
47555
14931
3795
48443
54428
84149
75792
47199
61629
61875
41278
36630
28994
22646
17106
99545
78019
39999
10489
93496
5805
53725
31074
6604
17826
72461
89701
91252
57133
73902
37290
24618
84111
4716
58805
90818
11851
9936
34389
89405
98870
97548
43280
21025
53475
96324
44465
44611
17239
56530
99847
56787
9118
71049
73925
11535
68799
97966
30799
84996
7272
59875
743
77294
3018
66288
3556
62269
34274
28873
8510
91203
93781
12024
80430
52770
21243
90077
66570
99669
86225
35718
99730
94517
61095
79917
12893
48409
86452
95991
29819
74024
27452
63951
17851
48637
75899
11737
98998
24710
23271
97003
18940
48996
40433
30022
45892
40481
82208
72793
68565
20853
42663
36625
41230
34116
78659
55378
7855
37628
64382
34704
94754
11791
5865
40714
49151
86238
90025
75184
39714
27041
75107
77769
76394
47211
85214
75380
8073
99026
32832
23776
24136
21758
10692
13536
57835
17780
58642
90044
61712
53989
53512
62101
38744
29579
17145
65392
27738
29063
33678
91096
76518
85620
30643
97308
45709
46900
6912
78137
49194
30243
29873
73200
20070
54084
6577
20313
61836
41351
53823
36674
72235
1611
99359
1286
67613
57264
44742
51154
11594
27505
15727
59443
13931
68639
30862
46577
1869
91471
42366
10354
94483
68290
92588
23049
42552
82712
2161
30556
30138
67907
9113
46713
59955
77733
41111
78938
17923
38002
86081
19908
28341
89562
12688
90694
30680
14637
81363
82372
46664
32568
36542
61616
6742
3989
95824
51723
63444
18512
99130
8044
8210
10938
81732
39079
26604
55793
43331
35096
4613
88682
9598
49104
92659
19740
41238
40281
99196
92505
13816
76316
90608
44565
71660
62989
22108
98912
66434
74634
4180
64007
85902
15502
63869
57339
31475
67225
86285
32523
6908
78190
90653
99
55628
43934
93382
98594
96974
5347
36116
32174
43761
49085
37496
86359
94565
56641
87642
71559
95782
80901
95852
8778
87395
25368
52873
50344
61516
10510
48046
71451
23319
72566
58692
89487
36713
31330
72668
58405
72244
30831
81858
73284
48314
16146
54217
69970
8816
41442
62246
70940
41071
28095
47646
43490
19332
58904
73901
87674
8217
47405
11576
65035
12543
23751
80505
88203
43910
12679
29373
17617
46825
56001
90807
36041
55081
25906
52836
32446
39552
57836
36070
91255
20060
12775
70114
29241
75689
71462
15183
20840
31629
60189
10238
83158
82755
52521
40541
99614
2340
50612
51281
45309
70652
99620
53815
99445
9895
35775
47061
96391
87757
58186
2352
442
94682
55972
93135
96385
33242
15769
21616
61842
80089
99519
84516
85461
54753
9264
88107
96683
65280
24053
97428
89824
55086
7739
94067
94726
34072
83386
99182
23996
40437
37882
79112
53369
70781
95657
89795
66741
6114
76784
96229
84305
83206
58208
43329
25011
72810
85633
65413
67209
42468
21655
62831
28463
819
28992
11835
69948
11289
12361
85004
37554
10915
80820
74730
30078
63209
71674
19927
89466
18109
77919
18272
27847
79811
86935
19713
95168
13366
53261
74187
46885
26556
1803
53057
83007
83402
83293
49912
20155
72678
89390
13898
48045
17111
13723
37310
38943
56738
67338
17138
65284
39582
28367
71529
98291
29395
77043
94484
96215
26763
39684
97003
2271
65412
4433
87452
6467
38225
12119
68008
50107
62577
76118
48238
54585
10606
45092
69532
8828
11455
5945
35980
32729
31315
40946
36365
14762
54326
78110
74761
9429
9640
36208
15609
86493
3299
56153
64597
87221
90799
14595
61771
32953
79580
48644
69209
17261
61923
14497
83056
79673
56685
33743
28798
54607
51069
45436
30041
99555
13202
63840
16439
35017
931
88349
49028
80426
85190
76726
22234
48808
55311
53894
69271
31086
27417
20918
168
86987
99954
52329
44423
44976
54991
83019
24
10543
48113
7663
60775
62938
11320
47398
17320
3165
35675
81073
6099
10515
8064
32060
22468
3471
54621
65807
98456
70012
21279
58729
33216
73231
55441
6762
7780
43827
84250
79586
43727
95061
7179
34076
82958
58930
21511
44021
45450
45435
6582
14895
49091
53235
86182
84315
30341
30459
53455
92553
68265
89116
14630
19416
40017
17802
54677
53225
86204
18160
13538
35398
35246
5795
87001
90829
39004
27628
67606
58496
19031
64794
22689
95177
37784
42182
23874
39953
51050
86061
12563
21237
88796
28778
56160
27116
14514
65175
11909
47096
88874
99419
36973
49454
50640
84736
13889
31664
51191
60342
23136
82296
52585
63877
5115
31754
42486
86205
45468
44817
88860
9185
51030
92816
42332
14904
4953
20731
41286
54098
6723
37542
9851
40272
47513
27691
75014
46487
7105
28596
37155
57385
40305
55029
8647
34805
82387
76830
68315
4036
53485
21840
34232
10489
18489
81887
63346
68792
86680
93587
4770
11634
87350
2264
8690
84151
15211
73501
946
54760
99991
50506
81016
66824
17549
35830
25679
36013
14090
59724
13804
47084
55371
84241
53293
38145
62867
68635
21210
66604
13301
14633
46011
14587
59440
28807
51206
53062
97681
97570
41691
98223
24923
14507
23123
84641
98068
94478
61212
49847
86896
11362
58984
61418
74100
16726
76696
11924
82167
78946
6202
19939
34057
34543
41741
23101
38941
57240
14700
58610
47807
81607
6856
73193
9249
33267
46175
33433
10143
19446
3529
61509
58841
57352
27291
28078
46417
67377
94424
90735
55594
19437
90356
17719
60253
3886
62155
76389
3670
95041
39443
36554
14753
41672
61062
83715
3828
88664
18478
37515
31404
31134
38982
21648
65077
62944
12200
2876
91352
32806
78693
36060
90096
37707
88780
16671
81219
79081
28068
99943
65973
33466
11935
13702
55700
62060
64670
1933
82218
48125
28901
86225
12311
49762
75664
72478
15532
92419
92420
39220
33055
81643
83734
87997
1226
80748
7637
68388
88126
40718
9853
23341
87306
80183
64755
67744
22289
85094
88288
80292
68907
7668
6365
20675
29922
56037
46838
58021
21973
5011
78368
69600
57701
82746
48161
19599
80126
24790
34930
24727
58999
33771
56213
43129
53192
42927
33598
14306
3482
78098
11468
67696
19862
11957
20584
68946
77814
10728
27328
22508
98766
97275
89946
98083
51512
94898
16214
95266
77381
4016
99674
8110
44640
60980
98295
79585
89376
58377
82299
29275
34402
30096
70051
90898
75315
19368
23884
92616
70078
22085
65212
34316
91406
47006
90488
51923
8598
36517
99347
39433
71136
11508
73992
14073
96896
82501
7351
70005
90078
74635
43525
55664
47278
29460
21858
45525
52266
64694
19032
25651
86334
79735
86468
16465
36557
38906
97724
50785
44733
97580
35510
74561
16651
84256
34123
37021
12836
77572
44378
86938
6400
74806
1446
50763
11803
73642
24502
33241
5398
73349
70851
24648
51814
56513
43316
36590
32634
30612
71524
39189
86580
19845
46598
39848
13985
12076
49093
87150
10831
65229
62858
20590
74469
79221
59871
33004
93828
24469
45161
33153
55332
21842
19313
44871
35933
37983
53575
42634
82218
64329
29664
51888
41241
57464
95577
44042
24732
28807
66640
87131
83151
35310
56318
46434
7089
30199
47382
80441
89733
36306
41735
52414
64922
26692
86940
12198
68390
86318
82936
84358
78978
66663
81573
59670
97517
69547
27303
97355
15039
13936
89142
87911
86933
69518
21888
82880
64286
63528
47362
94495
70342
91929
15084
9484
61292
44442
2773
42241
67288
61848
78356
91772
99335
50095
67323
81674
44554
43533
92566
1588
86612
18718
58021
47491
17426
96170
34064
82124
28745
42682
96407
21460
84325
90932
48767
16794
45846
61533
13868
21011
82686
64872
90086
48179
48229
39443
11729
31051
72719
88592
20111
89839
39512
57933
92216
35516
90448
42693
86240
87264
86431
40753
17789
33356
72913
72092
63838
25738
44732
55947
37057
67665
56522
68391
61410
79328
3909
50205
8156
63826
25948
51262
64932
62193
21071
29465
88796
53060
58276
72839
57962
11461
35605
43717
55955
99817
71550
5690
81857
6314
97332
2216
89040
24069
38097
55644
29584
67159
70035
23130
60408
8116
26627
98650
91450
6039
31524
93056
12222
592
23891
67283
45420
59492
90887
92235
25509
95433
91183
78764
51103
66751
10783
78476
96905
52293
73544
9959
5631
95298
96541
93879
85917
64705
51261
54924
43158
69501
36801
21771
59250
90219
70783
29240
18303
54956
25531
49732
50080
56705
81373
95089
23234
63483
52004
25304
90410
28064
94935
12473
1074
5297
79664
84717
74903
2378
79680
93836
11555
5514
96611
77610
57655
82754
98039
91785
45197
59185
63226
6282
51984
61703
25725
14466
36562
68985
63004
48739
56693
84156
63031
38539
73462
18065
42726
66521
47681
44882
30001
64371
85951
72032
78497
9973
3227
92710
13351
39906
20169
6201
82749
24948
87237
67915
2359
41415
49467
91271
67454
18593
78558
44530
64478
96262
15233
50610
28703
6856
18660
12557
41243
59404
51196
74743
1919
76617
26373
50564
9267
9396
62718
58588
53342
41987
88889
96151
56354
15919
71753
41590
68906
92675
44026
85499
37575
89575
22383
53167
25524
6435
29503
8384
78528
94209
74136
45139
3421
33923
32913
49308
99484
53805
77192
35880
33465
64280
32743
24446
40895
76391
60049
97805
99332
93240
52307
1129
14544
75241
93631
8004
99091
33427
57370
29242
36639
73190
9815
5396
72796
53684
40469
42073
72176
29308
36025
14550
88236
20003
68672
67005
76065
49091
88144
35308
39664
75068
19871
36851
26385
22893
26691
65113
95656
55998
25681
8136
33729
55147
48271
32657
41596
76846
14465
3758
95211
73799
49615
6860
707
64203
18411
41540
80911
15406
6835
68780
24039
55156
5078
70670
23499
12645
57542
15665
66473
65755
63780
20073
95453
34504
68006
31838
73269
30926
1892
4365
18143
59199
34837
12680
50931
88238
25263
32318
21113
33918
35768
93264
82868
58282
16924
67630
26853
21184
28039
79109
93168
35468
80191
95338
49557
63240
99294
6792
30981
58131
10466
22569
76265
65609
69565
26511
93257
20043
1604
4597
29416
56519
21277
13513
37374
56964
84899
88167
11141
58607
30705
28702
50823
274
15325
79335
94629
82551
49348
97820
21661
71915
99788
81127
32264
96239
75941
7175
77223
2459
35138
13902
29405
1102
19770
92767
5909
18383
28940
21957
7769
62866
82767
39229
19922
72561
13674
40994
31122
35584
1636
62241
37517
47424
44150
54303
77227
25101
27424
60920
52283
13125
60999
15142
88799
26957
94666
27452
50762
33730
13033
97961
34021
93611
50973
89552
69448
32948
92378
66863
34434
76877
88276
13424
53896
9172
76167
24745
72134
15855
7698
88130
99482
73686
43683
46551
69583
57923
68960
60851
65447
67670
74676
21273
5875
64610
42750
90602
81096
22194
38730
12612
69239
70207
21887
58885
16950
16902
52385
96730
22943
80348
79233
63377
97789
15390
75865
76767
75412
99890
5160
28883
43643
28023
64536
6408
24956
10156
96749
56079
22684
5097
29432
62577
54930
90832
25989
85230
29459
61947
16768
26401
6093
11644
97652
49875
76467
12337
5320
35987
60159
18964
38248
41274
73213
5223
43241
18271
44846
97582
30797
86658
26203
32216
12278
37219
40133
19174
3372
54216
2023
57800
24954
17714
26426
27197
83403
10649
73320
79661
64868
98357
80500
9081
67577
49957
72224
47161
73820
31520
39717
55960
55671
31826
44550
30090
59948
67329
26645
98076
91831
73922
86191
99511
75473
10905
19094
74427
15167
76216
44072
98373
28454
50805
26221
35984
99872
23089
18991
8709
58941
96464
59131
99121
55460
33948
30504
39171
11718
41343
20129
8102
73123
83824
38555
56860
28341
65982
8067
14296
18746
31387
95873
58718
4802
7162
48651
53512
98226
47392
51888
76748
64801
81352
28757
83545
5361
98789
45989
26129
78883
86888
37677
81770
37616
34467
42025
78737
4783
63952
65017
23976
14875
35308
37854
41557
93379
56295
28577
23354
74450
58233
6058
45080
58273
54680
53750
10353
13475
74878
87027
5091
96676
12977
96182
39303
76302
54591
65877
40547
24340
54365
55349
79572
36375
62231
20119
15039
85514
79479
52618
48005
49464
13377
9544
57295
3256
82818
837
56954
43171
32335
95957
69828
3705
13398
77932
13874
53303
76553
36225
58881
16120
22397
82239
12936
42521
27419
95177
88032
93002
33954
77419
84592
43271
24146
2946
19049
58839
19420
58760
18009
83384
77272
18486
42072
27906
29103
42727
79432
10998
22247
54401
9788
88957
77338
41636
79943
56232
41671
21035
30387
51128
44674
69631
44635
98530
96592
34695
12821
34680
42702
11786
10610
83101
77578
24941
11997
29059
83456
31382
27425
54399
60839
80969
34787
57868
11713
93251
8532
76685
4458
33298
65658
34977
38477
8766
51660
11854
21707
15843
20005
83297
90880
41548
64428
5534
40772
26915
78098
29565
45338
76006
77254
56647
35325
97957
40773
48635
49406
25701
75281
42624
73121
85933
26982
54317
13724
60661
29912
38980
20204
56010
88791
40997
45116
34288
74475
51338
38313
88481
51994
57619
68017
3486
616
50028
66404
50832
1077
6588
36105
29469
48026
42098
33828
56154
30034
34404
76193
23474
35699
56786
72937
16922
47503
98442
58819
191
49783
12209
25161
43857
75755
11541
53413
46494
37121
32429
94421
75823
6566
94307
22999
53322
69404
72193
530
24285
9612
87002
35486
69166
32993
32507
23534
71090
54454
64031
85169
20291
13286
20101
29298
24902
80715
16574
25031
2930
64124
81913
78026
5823
7252
42122
43796
25771
78244
16906
95889
30522
36670
93870
13354
51923
19649
57396
51679
26296
62941
47749
34516
17449
42657
67506
90660
76765
79045
35083
5185
11643
19
23840
32873
33528
16713
20521
71679
22264
40996
11057
78599
39551
47895
25288
31850
53975
86716
55027
77498
96117
30980
61692
40730
91083
55245
80799
23621
25573
12794
36336
51922
74444
68994
6461
9662
64175
19426
42967
83508
26670
11860
34170
27939
11707
14842
2057
1200
64922
78947
5459
4509
48010
37848
30236
76862
86920
40326
61188
82055
70465
86515
36944
70400
34192
7663
7446
57929
9881
64997
25629
69242
67394
42078
77654
78220
43604
77966
21933
81267
84692
78454
35631
21302
96997
87052
95044
73143
75383
10371
85928
61688
97024
44083
53375
78456
77287
27320
88165
94876
94852
99394
47654
270
67049
2117
14582
90767
61270
71292
9295
66212
64845
46656
29370
97571
6458
56047
5424
22770
43247
38494
39316
23967
49334
72079
50355
23565
12081
4932
48519
89806
34646
79223
3368
55526
37865
73775
65597
56300
35726
46185
91235
9501
23030
61098
67489
31984
14900
31372
61671
17498
65661
32573
54594
34292
48550
72250
31205
90583
96076
1795
98354
61366
27557
87315
97468
98466
26740
86513
27883
92794
67499
27987
45819
33769
55562
76966
2699
44644
52537
48917
55392
96813
98028
38748
51474
3947
99292
29198
57074
49168
88249
20451
44068
81038
76790
24838
34924
2038
11428
46316
83973
76735
67852
11992
92465
16257
57164
21650
59758
18608
12102
57094
81976
59343
32649
95223
84320
6383
49936
78948
89968
605
22996
41745
55328
31714
67401
96037
78315
15632
6626
59846
67238
32312
40977
57863
91851
10905
80416
75121
79919
67827
85244
2037
38952
28166
17721
50169
23661
10202
50535
14686
10877
4419
90316
44588
71473
56340
45169
27541
24855
19156
7879
31095
50693
93276
10179
49200
51697
92415
4894
19185
2019
23384
75042
87877
97968
76777
19427
67314
79522
17161
79079
43515
43921
80458
92003
19285
72077
4331
19290
88119
83343
13014
75012
16774
40369
68948
79435
18116
44659
53031
97932
85026
26620
11703
78111
38454
17204
92579
60042
77744
271
94507
58300
25359
31306
38543
20514
42357
28185
42493
42105
8930
41136
30098
31698
13716
67034
18890
84965
95455
82132
22238
4138
94248
3946
77902
25366
76135
98942
71676
62849
66504
61871
18069
66700
41747
324
15454
66759
2442
83030
39612
27585
4496
53971
48492
25125
69198
8865
38929
89303
75715
6681
59766
9389
58223
8047
48126
40502
10024
48445
61268
23396
79839
62818
67269
54128
1290
57467
62070
68309
76496
73730
61589
41998
60369
61860
62500
11695
18753
32062
1064
20564
32794
98923
80803
99039
5070
23854
57078
81812
9253
53416
60662
20673
69765
89516
37558
18169
12652
98035
51512
58002
1460
25711
24777
17281
75083
33391
93307
86003
47179
10849
18035
96924
21824
89834
17687
75812
59426
14298
63
47451
99501
79581
32300
54963
92104
6181
63265
34508
41042
60768
3226
83419
76750
48059
13782
46363
39362
80181
65451
35158
45586
92168
86918
10149
91568
39119
71700
92122
10424
56626
28304
41852
56638
36162
24606
9243
80055
7966
42435
52223
21073
71550
11104
93860
49197
12445
83662
92312
92494
67117
15495
13234
20658
33771
40803
8617
54246
63063
58157
26115
55896
1884
14826
69041
6775
14629
72469
14645
78212
16417
74903
9365
66501
78791
88868
14597
96402
11252
68007
12577
33304
99411
80466
66
46554
71316
38406
76848
10911
76906
11458
62831
29795
78708
85671
19468
26117
42360
93749
96300
89525
53319
6101
73007
1274
89433
94266
82790
29119
87542
48433
81358
82253
74293
46735
42024
72805
98793
49390
19223
28424
68114
70057
18384
91685
18722
90943
60158
6401
55903
97351
13086
49527
78635
73127
64849
40815
25071
51019
74920
48602
21435
62512
69099
32677
65912
82389
77626
90794
54800
1993
17885
78357
83649
69912
15818
39355
23866
45357
77116
92154
85815
87981
26923
81312
44292
91736
25439
19700
78549
26406
82768
55809
89647
69904
74641
11471
66607
14673
51031
15216
12539
69308
65500
50182
48855
18183
69520
64016
47020
82233
99847
25364
43643
46886
35843
13805
32745
66992
87249
19696
40247
78346
51723
74341
88217
43107
57067
18519
58387
30752
69455
2928
69814
81252
82169
33690
14724
72876
3177
12195
1818
19496
71978
92349
68316
29325
89435
11929
15488
27902
82532
39323
21093
9352
58233
37653
43248
52022
52276
98127
5182
75394
94997
73066
87933
99004
48470
43223
82214
6281
7073
19098
88398
30273
68896
76033
4747
10102
59869
32395
58009
43217
70868
53612
47162
23194
64323
46572
61025
85864
13483
91113
54761
53861
94877
63563
15396
76116
80707
4229
93156
65390
52912
60321
54668
56258
75426
52399
87081
8707
86602
71525
37207
51398
17223
16873
27389
19515
313
4080
57021
5809
16797
90814
24802
93762
94615
97127
51110
26928
43294
40571
8655
49562
17238
37743
37788
59946
31920
41836
10250
6219
81205
85418
3228
80020
81249
47160
49285
73984
23162
72259
11564
17216
61732
42430
96019
94811
23672
60366
94763
85161
54339
76673
14007
344
89952
39545
48315
24481
87264
83748
78600
30539
46651
47401
16229
64051
44256
55717
40984
59961
9951
59079
34154
12442
63313
68790
11518
21815
97341
34457
50648
88909
57148
11696
30683
31645
18905
50364
18851
9088
5441
51149
12680
6454
34762
82044
23847
28098
35074
27793
81584
51995
56596
92090
53381
958
59483
56761
29187
87606
21593
31848
59262
15178
34258
95420
67503
4160
18668
79182
52613
54404
49204
68260
21301
8275
74413
35340
56791
87758
23562
96243
20786
26370
93537
63527
2123
58315
68966
201
18439
45870
5497
92713
50629
29175
34165
6284
19183
79594
92888
56511
23420
9299
27556
31402
58608
91328
35785
70727
20245
59113
71882
84884
27649
95845
4918
34444
5229
7815
12085
87958
7214
51832
30602
81604
49081
27414
94186
5316
85621
83026
65953
51235
90142
52233
86465
96668
90870
79788
91138
62900
69256
9727
48834
37910
39659
69789
75591
17499
40566
19834
3035
17753
8967
1826
60450
24814
28725
88336
63359
21196
40539
1283
68003
45244
96468
68752
82848
43430
95850
64674
91100
93597
38820
50255
78782
21580
53060
33676
27051
41148
75429
57464
57734
4481
63193
33395
19557
14703
93051
39330
47941
95309
15293
89277
18142
72067
28256
43458
67947
3609
71800
56505
46575
43110
29554
73352
50689
55528
78663
91998
87702
54351
76765
47465
33317
56938
90589
91620
89195
31707
53082
92187
24618
72325
52862
2843
9370
38446
60445
41222
52535
22153
83254
54008
57240
9800
41828
45417
63569
35382
32961
23022
94787
3789
6394
82442
8529
70607
89258
89510
95540
61614
14274
95044
37411
46581
60268
98441
92893
57530
982
25137
3976
88922
87445
82443
12442
19734
63533
70510
75295
67639
19954
17664
74303
85936
11609
62451
99856
34807
53258
51104
84641
43699
96459
97777
42368
46569
71675
20164
42720
97338
21600
52748
22930
25692
94844
26801
49376
28239
40091
49944
96504
64917
4483
92463
7908
14327
50
36867
97621
2909
60157
39905
6980
23758
55944
99710
55327
34648
83115
13590
54070
13231
3798
36199
54286
64949
40741
71050
5362
83451
51246
88104
80395
11876
62027
52144
36084
43690
27111
74817
31837
89708
96840
38713
71563
90794
5642
14721
34022
25457
19785
20468
99967
44989
15893
74158
83055
97224
62292
51800
27485
23716
68725
87888
49334
43160
23957
57030
9645
80489
88469
13804
99170
4666
21988
77062
55241
4243
94920
10200
94108
90081
915
65791
75688
14683
76486
89039
72370
95277
24284
15987
29569
96236
91773
81533
92184
88221
50773
27589
5537
72972
94892
11143
67621
39770
12825
50364
65304
24188
57945
42309
88578
51879
18137
21128
91891
22867
34455
93037
63326
4026
84454
85264
92434
17583
84983
70334
37269
80097
58050
11887
35978
72551
90959
88579
36609
97925
57250
88584
21814
21813
91683
79565
69904
6037
44017
9227
15717
55195
24080
61237
13305
1698
54044
82078
88402
51674
72752
71730
79244
57449
99243
78122
46045
17872
26145
79722
14473
22940
51232
68889
81670
89532
50742
43599
20829
18967
33304
6207
22561
25400
81023
71607
93848
1277
9968
36379
25051
45825
67021
37804
13385
10962
15911
97696
98041
78215
59833
53748
90801
63750
87461
34298
94132
54328
13700
51146
82399
68443
54611
45282
4180
76414
96852
28723
1481
45950
84331
91718
82064
88913
12699
3658
38307
73245
66709
31209
16583
7880
33130
82700
6905
89375
72535
93978
85737
38682
31940
49510
22272
29187
64955
38570
79646
74637
92994
11474
12812
23672
90646
66466
64587
849
59499
6354
45436
85301
1260
4736
65979
87448
14965
80066
52150
96082
12605
45989
77148
52464
70677
14238
14594
14283
99585
79119
89448
15929
44757
27140
18228
94041
99169
65165
19264
63296
8830
80015
80948
77485
17784
51501
66039
301
43024
4790
98271
38662
66637
34303
2583
8541
77276
63011
50388
8367
47500
36210
93993
2834
53796
37581
96530
40819
99565
11133
33742
62076
45784
45110
79821
83466
4232
83366
6134
33742
93539
56506
19790
96376
89531
1073
2404
29930
53992
78378
36939
12370
33168
34125
12509
48165
76305
65439
74256
57660
6197
35842
93988
30469
94995
76723
82895
42238
39193
27496
26166
68517
19936
47028
28395
53553
8046
40859
47744
37751
92790
5045
64805
70789
99888
96747
62260
14684
13883
72564
96082
84206
67028
52540
79064
89126
86065
95356
82296
9759
93795
24775
5412
93585
13334
27083
22920
35156
35368
59429
75122
32895
51729
53908
65066
32050
37849
12391
26024
86266
63911
96614
84540
27301
37767
44272
19381
46239
87901
12334
23750
24042
63123
45442
73540
64418
79700
34289
42112
12607
7421
1278
52045
61239
50410
42229
48347
24072
73052
45522
96543
81344
44325
86502
53852
25771
88478
85689
87557
70092
3364
84439
2454
11049
78839
89287
54268
16662
88627
3777
49693
30730
65767
17151
64578
18546
66051
97733
5538
16779
52089
77886
36730
871
66391
2564
35993
12709
82619
12344
70232
99432
80854
558
57462
8154
87607
24554
86544
77296
59235
64967
66185
17720
48870
24233
82807
78311
71446
72324
87412
4125
74977
86397
98768
31421
71233
58657
20389
53632
78446
40835
56431
71299
63447
40555
86010
5616
55368
69578
33533
93285
38191
69770
36315
35052
3351
25055
88172
83662
39347
3108
40587
37778
85154
44992
23789
38030
55105
44280
63246
63239
42953
72159
14817
30062
38100
2880
34470
5031
18064
77643
55493
79997
15443
62855
50530
45984
4809
93236
51482
58085
14424
52847
6121
85902
86488
47055
45909
50876
96905
22605
73753
17696
41946
5409
72707
55492
39111
30369
15532
52166
80047
30404
98794
7826
47626
56347
42287
92837
34531
4663
72507
87191
8459
4272
96326
98927
98474
33146
69217
96741
95691
4876
2817
54624
52813
61671
53117
50165
79554
92936
91496
76172
3583
97684
80731
17490
13087
87054
55130
61486
61889
60905
31429
43548
64903
40047
31557
63931
27018
46324
14380
36601
17170
98113
32753
51220
41290
50897
67930
140
91472
78816
54657
80421
81668
63306
85691
50835
1761
386
39928
723
57103
46959
90431
69934
77734
92964
39947
45840
15525
51068
97128
75541
29889
49514
94123
25518
86363
92445
82360
16650
53773
71442
66214
57779
96284
73250
56538
94923
13763
838
46997
92674
5117
99777
64363
87265
98183
68857
89370
98016
70942
44980
79374
60388
11340
40652
14723
59083
53612
41844
51065
14010
14405
90589
23732
73254
94359
83309
53119
78908
68681
8030
80798
54723
44604
86135
91808
49621
88227
21174
1401
14343
1338
56644
46885
35202
89434
29375
19187
30362
74644
18361
95684
74026
11848
38179
85077
37766
40239
10252
23411
42035
36860
95754
83214
46694
1857
53164
46118
89474
34778
52703
89380
57677
9691
15181
38306
66746
51151
795
82896
87539
7456
93932
64950
56399
28430
72339
82529
26236
19060
70886
1963
68127
61585
5365
25619
8855
67497
85541
90174
88594
62815
4144
86578
87024
69252
57972
85102
27848
83342
57398
44353
98283
86384
6804
60358
19880
87312
59247
58228
58472
18832
79804
17063
41590
92886
53519
4319
9957
63668
45097
7577
65303
37518
46434
4077
65173
9317
16786
71389
52177
48576
22965
40543
49573
26076
3828
63170
65002
5983
47853
87928
25837
73530
6398
17920
51912
42793
92654
93998
60699
84580
75153
30846
52671
40068
83574
41055
29113
47935
80198
71846
53469
99629
5515
91421
85939
18824
39044
43851
38042
99869
2823
48761
99022
38593
88312
20223
50532
77790
16168
65057
99756
82080
75186
84715
99955
10280
74374
89622
666
10553
19805
35364
733
13054
36632
3004
99762
37598
46460
18110
41516
87322
2040
98973
77434
43181
80950
86023
82009
91055
93682
49327
99271
11673
53984
12684
28241
30887
8415
18327
68880
53038
20499
34770
44009
15547
55689
34696
87867
9309
85890
49428
3019
40457
24674
34597
90367
92619
22930
60069
11902
68839
68026
36611
41806
46556
32615
53039
80232
38637
60505
36612
60700
30904
9665
36512
66527
11897
31319
22870
93982
29965
11424
38265
74571
21191
64910
26225
4635
12514
95938
5599
23897
83405
10719
1597
82504
15291
25754
43811
50284
75467
94276
84038
73585
71554
5692
12145
25152
16958
8300
61834
48549
70530
71755
9685
85377
60410
1349
88330
77551
28665
40307
73374
72780
80531
32625
27447
49932
1376
64604
86078
38674
84662
85175
49305
19407
58458
589
4847
92117
7406
56472
87339
38487
65879
34357
56774
48225
75371
98408
74716
20078
65534
43738
51739
63440
27789
26789
78237
74071
78176
50943
75663
1175
43981
33431
26149
21878
75479
79834
8990
69472
90949
39731
13825
42897
19152
96166
95
91033
31111
97236
6931
51020
79868
28733
83320
38465
77959
98662
2251
53772
84441
67733
11239
14222
65748
15861
99717
43249
61578
31716
81145
15355
42549
98612
61545
4536
31036
20029
86096
92696
35706
47117
1903
91863
67495
53933
11059
97410
88811
1047
773
69169
61339
30855
57877
41464
58747
50618
11031
64790
28676
81053
34866
8442
278
45535
55737
80678
90012
75255
70041
52680
97050
77863
60778
45515
59006
79279
334
80374
54549
45764
78233
12843
28966
46392
21778
88187
90696
49500
68992
11879
85111
99949
78631
37318
98941
21549
40423
45907
76359
46048
40309
32664
16657
60243
86087
92703
68091
99299
88527
95717
86735
77179
81101
83598
34188
69031
6231
82764
3045
49523
71859
82131
30203
45255
98629
3531
33399
89571
37610
93564
29231
60292
27520
9584
84810
94609
29557
38520
15972
96228
76093
91244
14652
56510
2499
64506
78889
62424
80059
86213
21889
37834
92598
38130
32863
77872
21841
94515
82014
83029
52657
77444
95245
91882
17525
72692
46610
75526
87875
72565
76388
47890
2790
19558
61039
13841
63484
19456
54076
52461
415
40345
2556
14046
92644
56096
59828
50249
71277
75153
12994
81491
61095
83241
60248
49696
45219
73596
14224
66164
41350
29052
18904
81308
8253
60597
5165
78924
15270
12861
93720
24473
88122
38499
33157
9097
1120
17892
6440
26189
89024
74501
37409
15274
37544
73280
52395
54556
56258
66555
20184
13767
24755
56390
60174
19939
18104
55405
8839
35384
26423
70693
30251
10578
38780
61534
64487
62284
84127
10654
97778
13149
14769
63416
37890
98954
24848
35822
94940
23221
44330
4765
76468
3621
91655
49888
50791
21128
53142
11877
89812
83590
65303
35674
14568
87537
55568
32407
79071
10609
64094
50410
49660
26020
37043
96758
23399
4821
11945
22943
9251
53372
33868
58266
73967
94122
25213
39144
30277
86323
302
12460
11814
57941
94247
26684
37087
36986
27288
96475
99376
27148
7157
74908
72327
33236
96144
83809
54612
88181
39466
56573
21473
55962
75074
69211
28987
74275
94451
24010
18150
24194
14495
54857
27406
8923
84010
58607
78143
22032
86779
52801
95703
37831
82784
56265
82797
42583
45714
8356
15339
32174
68145
58334
27548
61786
19524
57952
15331
39111
89087
57862
35849
18232
2499
75050
48099
94913
30680
74636
46943
79571
98229
34073
21574
19871
81329
64355
73384
97783
29107
6462
32306
99988
88330
22837
33034
29239
42318
39715
75497
84540
6928
7008
51005
1264
94872
28468
510
19071
65236
16632
31067
27714
39482
85841
63483
79073
19246
30187
37023
69549
6144
96936
18122
63718
98281
6612
95852
24923
2662
96787
93714
58663
16314
63527
58374
45874
20369
52106
89680
33105
4077
73920
38696
33696
9101
61310
97405
2864
56834
39067
1372
63181
45150
54559
83211
8570
36703
34926
19952
95793
25647
38732
63865
84069
91727
89073
16629
86361
1148
85465
10962
71745
42243
37611
12826
10809
37985
20496
56439
28341
27124
70835
66102
2832
30700
40155
64372
10732
3032
98122
67059
9201
22962
7871
23144
35081
89225
31253
12778
32350
55381
27995
21828
18400
59196
65833
5352
74163
8177
90823
61754
38396
75189
12413
36330
26763
64012
99129
20733
64993
89675
10810
82563
16845
82087
22570
64580
79316
79663
3891
79827
74762
37401
10762
86097
27021
71484
87404
92386
94086
33642
90051
76138
79953
5376
50476
76219
86275
70825
74408
3480
60890
12836
7474
16601
95056
15846
55338
22852
21429
58879
2437
84984
91709
57575
69078
26961
58242
41668
30367
16144
32775
96704
39520
67172
59110
91800
8303
24458
69234
73336
89032
89768
64469
70501
87656
73043
5552
1380
47141
8905
43567
94491
29918
95572
45095
80006
93398
85232
67769
72417
48392
9491
17280
92441
25703
84540
83290
89542
31275
80834
23565
11793
46103
9134
86235
82800
49745
82137
67230
86290
50086
66982
56155
92109
29130
81988
23840
32475
5974
51053
92315
1860
21075
59400
55026
10438
91643
8761
29270
31387
40514
27495
29796
77424
4947
63190
21706
66179
45930
39387
22452
67711
96474
41997
80286
11172
81836
55318
55364
7680
2208
67706
64725
43958
53547
3438
1413
13061
18522
72189
3738
14071
15558
65165
28584
46592
49590
22783
65988
71632
19145
66826
85472
23162
12423
72694
33831
95834
56596
81076
39588
53468
27035
1113
24600
78855
73672
92241
56828
60422
34370
47435
43354
12778
32295
35009
20641
67198
91467
30363
72289
20873
98851
27535
4019
24610
60942
47010
51705
72782
50314
71744
43426
31000
31141
94284
8227
12075
86372
15507
80419
95766
73811
73068
27393
49788
33831
16920
86373
84836
9423
20581
83072
93440
44832
18607
17072
71508
12500
33263
41676
23188
30138
7565
71688
88688
31954
25975
80449
84398
3741
67266
85520
61268
49731
62859
62313
35458
15329
15523
93738
10693
68853
72252
75127
69876
20826
89129
92394
85993
86464
89617
87817
16626
12637
52022
92841
7404
63889
38312
33184
10763
45710
15596
39097
53009
80154
67723
67244
73015
70103
32353
12086
39425
42540
53314
50187
56593
16748
31410
64425
18390
61262
77915
2262
23246
65282
18590
50882
23734
45038
17249
88551
21128
88658
32427
41829
99028
42925
85148
96961
51225
50296
80592
31904
57765
34696
98208
99397
86360
36918
80873
64016
34753
90595
45648
76672
81779
30416
27094
79127
99797
24511
42402
33369
33711
35212
40579
6647
48224
70251
33647
38582
42503
85928
68062
34139
71701
36323
65431
43819
91308
53562
97890
59638
64875
95096
79939
64695
38992
10918
54874
39237
80186
81343
32070
86665
33438
44013
39107
68889
53094
30495
23357
90924
18815
17834
86004
38608
61424
33819
65612
33267
34591
61472
37293
69443
75883
8757
20916
23764
5114
22283
958
76147
58567
2860
4131
87873
8957
24975
42332
26177
57998
15781
86182
6382
16267
27199
98704
26506
70125
913
37032
69646
54265
29405
29378
80489
59846
74249
11766
22260
99656
99673
85019
48773
87545
33612
67310
91728
9985
31099
24356
61822
15133
65873
92425
6861
3299
42003
1373
24922
79636
45170
84014
97140
60775
53636
66294
23236
12418
86699
89012
92437
33859
77722
53479
86388
55433
92414
99071
29118
86138
45996
1534
55099
49743
90923
75987
34252
18159
45972
19169
21453
2724
30133
60523
25048
83822
53973
86206
77442
66040
2643
53854
49450
58734
94694
65175
59135
12261
61660
65657
73298
97225
11967
25682
50132
89256
65336
27406
7963
4298
26829
3375
9382
55399
99017
93558
83288
29014
33864
9629
56260
16970
16494
79860
37263
53252
820
40657
37336
79521
73835
9158
91470
6827
97875
25297
25821
49560
32878
55195
42945
70649
64305
76099
48761
74578
80180
43510
93192
96132
92475
74487
39607
44267
33016
47741
98833
92278
35704
29498
14001
97490
65020
28236
72011
65954
45058
75037
9659
5870
59977
48709
24265
79451
85775
50337
50821
47869
29831
8068
59558
4178
97681
93896
86681
47696
50399
48343
62669
964
84829
72905
24538
80630
44437
89400
60246
23630
22711
82053
63312
75112
4119
88429
90322
31909
11865
18665
85724
23021
21585
28914
62232
64702
93378
35426
81097
79812
90364
18934
53192
36787
1115
89648
85250
78429
34985
74652
21306
99475
13760
55713
70382
74646
49375
6802
33763
88795
37686
79934
60441
70247
43248
18224
1097
72869
17462
2690
58374
92825
38340
6401
43229
90542
69876
71839
25820
74066
38379
91833
45971
3828
56859
93898
14368
12363
74951
32778
34724
65809
39799
87416
40193
68492
35215
97639
1439
95896
47556
53339
4753
453
87319
36762
25357
25608
61952
88955
71020
97018
9589
14905
71094
72339
518
1063
68655
2470
8913
72594
23039
98598
28254
7707
87733
18128
28552
40726
44763
73481
66085
23898
13042
29873
15679
1549
35496
32596
79158
93876
32395
8995
94296
48070
83749
23800
91861
22350
18587
56827
83988
2225
75759
94921
43112
6660
80360
39718
12566
31365
84241
99355
4713
56658
233
99367
37201
5531
65637
85102
56199
41496
79555
657
89390
10319
3175
70182
37701
98562
2871
30477
76770
42257
10120
49423
24924
38859
7646
91170
80077
50447
2535
47179
15593
76490
94399
15898
59372
84790
21501
11660
4635
27860
42545
6908
80332
87612
28748
36686
53341
67116
28031
33864
77573
573
19320
85040
94575
2673
3598
54904
76
14281
25988
43637
78532
74191
76043
9072
92690
53263
77843
97420
13193
70304
44644
30974
66892
61276
17109
78372
90782
64067
58668
33405
99606
53021
48164
50664
34838
32237
4117
44534
4157
65749
71906
3989
86774
57991
12785
70374
84235
49478
91047
33190
99336
43087
1128
72710
46624
64810
25032
37554
11780
10755
56564
53231
93427
39873
87266
69868
35565
47573
43667
63801
99053
85295
19226
1088
98309
65009
71725
49145
36854
42119
45331
72084
30686
95633
6269
67970
51864
90470
59284
26028
16875
62586
74211
82625
44499
73332
51220
30451
5502
28558
2659
37765
63679
49484
46569
79057
23698
89978
82086
41269
38243
43911
61291
91989
5647
23533
28233
94488
95100
29057
51025
25214
53305
36277
64233
27382
84139
23113
50484
30947
39913
9858
82698
370
58278
63720
64252
14749
23578
25554
73086
6364
27722
15896
21753
71514
95485
80239
65737
52541
77554
70949
43386
21826
66770
51987
78277
12204
41509
16811
43906
42051
19598
34218
34526
5343
48354
65433
70683
48632
38593
98206
23700
60204
10733
42434
10541
66323
80283
68362
58773
99138
95973
13618
27094
28250
390
69111
49610
80251
36949
95260
67592
89895
46067
64718
22726
43904
1171
49797
16269
11900
45338
62690
44559
29489
72352
24882
4552
69386
80983
40739
33251
74057
83180
88809
99207
42834
91392
45988
12793
53267
14293
84708
63444
9807
10217
42737
64135
73144
55296
73225
88237
39181
15960
62688
40132
77565
20657
69078
18460
56936
39771
13400
28515
58700
91368
67533
10486
13690
3222
27985
35259
78739
48054
90631
5787
74311
65160
46663
18922
9432
44946
63023
24883
45258
20667
84033
17715
43661
25012
75419
49524
8085
16590
13398
4252
56283
24849
37632
56172
48782
98117
16107
86175
78542
86569
29070
79328
88923
33826
21109
84668
63172
51044
69375
38927
76606
79672
43004
43343
1681
48089
36821
53580
85601
5051
27085
84846
67678
85470
56107
76795
91418
13971
47733
57383
38495
64423
32988
50369
16734
7491
41803
73388
20997
27358
45792
65827
27776
96766
86752
43939
81960
12566
94669
73473
78606
46615
87218
12921
63826
18593
24521
91261
11163
28098
28267
41566
63998
89540
73913
22696
857
83613
68807
47530
87831
73900
891
16973
50312
94756
54468
67907
7967
66875
33089
67711
28581
98342
54366
44
41054
45386
86144
64488
52118
49557
60822
35259
52541
4570
89956
15166
33400
10633
94059
12629
63815
46512
3044
33698
88971
84025
12950
3927
13040
63172
47781
66814
98714
68654
86346
18495
16822
3175
72013
47305
48689
8843
96440
24505
19136
63678
53574
9740
98837
28460
97616
15982
55035
29330
88685
91759
84953
87422
57843
76591
40834
15474
89298
43994
76311
76692
15359
14526
90422
79305
24611
1633
12717
88005
90836
17478
45048
20609
35631
74245
93911
86551
38010
62144
73570
48276
33104
97724
7573
57859
90553
94401
1693
92769
85481
31877
66172
65102
38526
33468
21444
48776
18174
62938
14276
88518
65395
7642
25366
53216
12169
63676
86642
72839
51846
79489
5242
53590
4186
91835
92924
63010
18803
18068
6842
5330
41042
96769
53236
54138
57109
4391
73805
919
42271
12863
89104
77082
68462
80393
93059
75575
42983
11644
24834
6409
37966
27942
22342
55252
2237
68546
43631
64929
61765
99439
15618
59064
42224
21342
43990
79445
24748
96462
65809
25309
11218
98858
34015
13593
93399
28807
14502
64030
21809
63124
5979
26079
17543
18996
45251
24678
64682
4895
59316
73886
56719
4649
12382
2801
8629
97285
99290
57773
30019
37728
45665
75731
72994
6755
52470
9635
23517
10099
26595
30666
19599
62029
82992
40751
88452
42352
23528
43787
82109
70453
97119
58237
44405
45134
29173
66999
17606
24246
48918
36145
81184
34062
60659
8477
18112
67179
94774
10337
14927
85056
4602
4836
67265
5611
68361
94054
97896
26416
71760
52306
56119
74009
20608
59809
80061
40514
17056
45221
36555
92863
29167
72677
2461
99716
39547
21918
9173
66380
16174
47268
83288
80842
24986
76851
91322
28992
8955
44751
69000
57677
43074
31948
50219
45170
90787
93307
50627
52270
12173
39745
73923
87236
77299
67068
12153
33593
84026
3964
96983
23179
92366
55985
82616
22652
16913
28781
91480
43188
28075
7699
71017
44941
34405
18444
49386
96679
41803
89790
61818
33908
80866
61180
56319
4183
88849
24923
97377
33164
49289
17740
4259
10158
42863
18457
28958
83467
49064
46971
30106
62806
40549
83765
73644
6161
54352
97618
40803
85908
43701
17517
4172
13429
62173
67589
5405
6549
70960
40905
50946
23667
30181
11466
72959
99430
18738
33945
84802
7828
49252
17963
85561
15944
53120
41932
59970
36825
90768
72210
53778
94022
81487
43324
79578
71247
19862
22530
58711
31416
16098
9537
95669
96283
43530
76140
36848
6292
47132
72810
72737
19027
74074
75117
10606
80656
76995
17652
12406
82123
27230
86947
98954
89968
8014
963
18817
62279
25561
66828
67143
70490
40229
50745
51741
33270
69840
22013
63995
93027
88793
4298
45234
15816
30382
67727
91226
12468
9611
57363
93805
58651
10994
47161
32835
7460
1978
12244
29853
60833
13077
92322
43952
86746
66431
49422
91758
12639
91275
3772
33693
76975
80757
31427
93322
95863
78030
36289
45291
9213
62538
20938
65211
86184
80807
95782
19991
33260
82364
49480
84588
96165
87683
56148
62921
80672
61115
67878
70651
44847
78875
74693
15624
96682
77295
47960
19941
59042
9021
12237
47448
80264
28647
51267
99427
27341
38914
32757
62991
57477
41357
79644
95456
67944
24088
1147
58556
42815
92749
89246
99388
8387
88050
42376
92559
90235
43092
701
53464
6194
55144
94358
44580
66666
12274
25558
77625
95139
1252
75495
1161
59900
51782
92272
73297
19702
11165
8486
47058
47584
68868
29087
35812
98546
29952
68878
67262
50384
14253
2805
33523
44897
67405
77008
37382
22014
27794
23864
78537
72895
90585
65963
90288
9577
10059
71897
46046
20335
29162
96023
66697
92809
18749
61264
48813
30638
66482
24141
76317
20353
78530
59605
39390
65254
18360
74722
20563
3457
4413
21341
33611
1722
18462
66790
3444
83488
24225
86247
55176
46986
30713
84003
87104
8245
30019
32813
19030
1178
85482
28344
41270
82500
3779
47393
58363
61914
22769
39984
36133
51854
69612
60777
54330
78090
62575
47763
77275
30456
3802
1410
36771
85348
37253
49831
90329
27795
82922
84655
72636
89991
96994
44121
29813
64899
42573
53862
2654
76428
73304
22236
4273
14264
3469
55376
97700
64201
88394
7025
75409
18025
87297
60093
89364
48905
63259
93434
14492
99313
27136
61208
41497
37544
35210
94246
71077
97233
1650
35586
33463
27474
16196
70868
70163
43988
42397
56151
81465
22603
56492
33986
47163
13442
74372
22290
29995
98697
18300
95712
6706
77702
38387
84112
96932
49319
2704
59868
4091
5489
38362
9505
3353
23865
11945
55057
65769
25682
22873
24675
36669
27448
38716
13763
58221
37812
86280
57688
39955
1924
17009
42475
83897
40821
95752
76374
32478
70135
66750
47133
62053
14826
67756
12936
80155
25782
29993
22499
84142
17824
73089
13284
77622
73339
72175
65531
22327
40902
75128
83799
60137
94106
61340
22186
48815
90499
80876
5227
923
73315
39517
73808
64217
9623
20034
16425
45111
14686
26823
37227
78353
69696
72650
21064
82198
81985
40727
67248
61709
52684
73880
67321
69723
77194
43797
79508
95862
17568
69838
34173
29273
97635
66750
52509
31047
25338
69258
80060
35719
32505
11947
254
22598
90978
61918
64839
43030
97402
30644
59362
92483
65600
52589
48183
33356
14495
32851
6699
73531
49178
54074
83325
57019
52061
96925
37384
17638
31042
22402
19054
41368
44401
77589
28532
53856
30172
75090
45158
51568
26185
33596
58621
71295
81356
37743
26353
49220
4691
56504
48200
7344
71629
68046
54047
3927
16423
58218
86924
65221
37018
18370
30990
42665
54613
58752
86105
12721
90828
89516
34375
30163
87066
35364
1755
58459
73613
4773
98805
20015
6453
88862
54909
52989
93451
25578
99198
61135
88013
24242
6121
15405
5527
28139
17343
40512
98672
34056
75503
92316
78695
65666
40986
84236
9566
16996
14068
95482
65760
54770
27742
93605
16237
14640
51445
92411
25700
7688
29853
66926
7669
68767
34179
90873
45334
82622
47596
11015
55025
22171
13428
23408
77524
25885
78719
59410
55838
27814
48813
15284
66250
35248
81695
37803
40356
50608
21832
43166
54067
90420
21932
50043
85166
14912
13646
93685
92311
30351
62348
54303
73331
26069
26849
64935
2065
47491
32874
48204
31085
15405
65756
19689
7445
61467
4008
61650
23610
32208
83453
2295
1650
76246
19090
76006
88331
80368
49558
70251
10450
61976
92693
7459
86033
98244
33063
80372
7744
82803
48586
98269
63767
84476
92126
29683
57783
4451
63544
39800
76065
5200
61364
52441
63473
94622
78484
57982
78828
93237
38392
29847
69250
36649
63669
24528
20671
69880
68273
80914
96709
36914
52781
66310
66742
22464
84975
8258
14420
40564
37988
6391
46708
24461
94636
18669
12418
29781
31484
97815
15260
47633
65380
31576
2700
13445
71246
9245
46931
50615
57948
55011
2726
86795
94306
70104
44042
25741
49355
82577
57478
30255
66596
16470
60140
7241
53199
71747
23382
64741
35423
20784
11844
19514
8042
88024
57973
14364
31788
20941
90319
21009
60489
75253
22189
58747
22075
59998
95391
75760
37005
55524
92733
1857
90298
50334
54936
24136
65794
79466
78641
56646
98169
3675
88993
99185
59161
77192
41434
441
57053
49419
45441
25768
15617
58080
35951
21423
28000
62894
9523
66225
8895
77005
80544
6453
99120
46410
39239
45024
76025
40308
65323
15549
36293
58488
22929
65471
38192
16652
19803
32583
96780
40568
54774
85357
86279
33709
58768
50925
46276
54337
46303
76190
85673
25561
60318
60815
93243
48880
40844
70455
76118
18001
68768
24739
20535
18132
81747
81178
10094
30850
74974
97710
91208
78736
10253
41299
89507
65152
83593
39940
69349
52668
73532
78073
95068
75580
6143
78786
35192
43416
29328
57623
43260
4689
32720
46265
27423
64199
8392
38203
47191
43131
23569
56033
83001
68419
44196
40526
81810
10369
42230
63069
78463
33105
41908
95802
10218
67534
20977
50795
50448
97691
87440
79279
12582
7620
99610
547
43079
223
79849
34152
30809
20858
27325
24970
94961
83541
42893
97941
59575
3240
59081
34876
16381
82518
36853
60261
69787
21335
79820
28808
53799
86862
66650
24368
55243
79551
9370
49782
21262
56139
57453
52203
94387
72397
37042
85454
82211
30949
50677
33491
22669
89793
30569
82452
43974
34489
75942
25851
43761
27766
27905
69538
28060
47735
97463
47923
99307
85981
13595
77985
75458
25225
77338
60251
55591
99920
49850
14238
14847
39516
71995
93174
15266
78491
83999
82372
45426
5309
65069
18590
47766
47366
57415
92439
83974
63702
90932
51833
33548
93207
57957
40291
57817
33661
72369
74305
40002
72147
72656
43930
70572
77080
43739
97943
18818
45364
42627
42576
86364
51508
22764
84960
44582
80489
32713
91933
91479
69725
38226
19029
56221
3087
33541
82839
47341
28764
48051
19662
30803
13274
60691
35668
92893
33051
4276
86679
55203
36636
5764
5356
10145
64440
47028
93174
35389
81054
50910
75433
70339
39185
39972
63954
32808
12846
53591
59878
21530
17193
9674
4477
96565
34577
87318
18922
75542
67439
34335
95412
93830
3524
2382
19364
80366
40895
55020
85041
61813
54422
80060
87668
81032
11737
98704
46226
11712
72128
32639
13262
90031
75858
9135
71738
9449
97248
19567
36472
69863
99760
1814
54073
35388
6253
38529
8622
81490
54741
28607
38764
82937
75803
32216
62854
36209
63573
21451
73560
21781
35641
7404
12076
13680
81908
84579
73957
61096
14781
89206
98601
48879
62298
73574
45923
29825
8288
60746
76127
44232
52973
18919
63603
23054
16808
37352
50225
80145
75258
75466
91562
83684
2904
84414
76244
75717
51301
25987
71670
61520
67670
97166
96271
21078
18005
75344
17782
76649
97434
46621
18646
2728
13217
76383
32640
63799
98871
67172
13925
53037
99870
51463
51088
95676
15171
44782
86486
27828
21922
67366
98203
17672
10316
43466
75986
89336
81179
7968
18606
7124
50167
73960
27925
33036
20220
33242
1632
67016
96741
87574
1164
71512
30443
68355
70518
30867
74766
97275
66510
53
16795
33059
6826
90403
59052
30071
62351
33216
71940
29889
51433
38211
63733
83091
25823
15198
90471
20785
96718
88062
33323
19189
25348
48823
68414
33412
27702
19309
76552
15823
48720
20378
65269
1040
51464
86235
37428
55450
42304
66795
32240
14021
68355
33928
26210
35347
91732
30462
4844
66815
53843
68162
64586
99285
49167
18328
34467
21322
57663
56357
29525
77124
43245
9313
67919
36359
52124
89818
37947
42683
43638
16258
15311
5301
52568
24939
33092
46534
23771
99750
73422
91143
15213
30403
44868
53728
91758
61663
36552
40540
49939
68094
27329
67966
35633
37047
85928
32951
61216
3521
73731
7829
27014
37651
2206
89454
51308
29320
85505
98278
59868
10984
69686
95792
16374
95185
47962
62680
7075
10400
92113
67921
80597
90099
85337
3356
50789
14154
83982
81988
71175
27607
10115
84462
44672
19186
55151
25456
1571
92945
92710
8208
189
55910
53284
2338
74738
95392
36419
75245
14126
92291
20712
39855
73930
22738
20816
79328
36038
99907
14801
1872
37595
10423
79585
56973
97711
16434
34092
34206
24740
88978
77446
58465
62031
71735
42329
4332
92094
63652
11332
63361
68373
47106
43011
6429
99872
81409
30012
20030
80567
99829
65939
11439
89557
54862
36712
65931
11447
88355
14171
35386
21826
95903
89656
13737
61616
24965
22202
76720
54135
54862
19231
39969
75781
3529
91952
78199
89879
19721
82058
50021
42002
71243
88855
6735
90632
49074
30259
74441
79546
61891
47166
39862
55092
17073
92812
51102
27322
66391
74088
68939
94938
29345
43303
63284
68040
90785
36068
90837
38281
26503
52076
16873
45571
51465
93029
45785
9943
83812
82382
94020
18009
23732
80628
62294
6718
66179
3204
10581
63573
90724
58499
8926
34254
65745
14647
24103
27
91664
46571
68259
68859
37928
61016
22502
17542
55670
42382
40404
20043
56291
95418
87512
2442
23761
49600
39196
17073
18584
13613
36090
65923
60798
3671
46062
72767
25946
83610
12982
10833
92093
67364
78598
64218
24336
40170
49174
20990
1570
90608
58441
45626
68115
6320
28404
76615
46844
76509
7307
68486
54985
50490
4234
46827
2532
4488
99875
36956
18440
87134
88199
43777
92094
24837
10799
85506
26276
62207
83437
82476
1721
75837
18139
84165
94166
16006
49976
20317
28411
53423
5782
83832
28478
15976
8088
14850
61198
95762
17072
91093
35718
97603
27326
82627
7343
97677
38771
98844
24219
12406
80393
16054
83033
45188
33198
30601
37611
60927
6620
25437
32404
33758
44988
39599
92421
84270
39541
89956
9491
71993
62615
96581
90084
74566
95756
14212
41609
74173
62693
23367
97426
35595
23568
12343
85524
8102
9460
92614
37565
55351
26136
87800
60821
66478
20062
11269
67333
72481
98075
43967
37346
72166
23275
82709
55425
73287
91796
33046
82295
32564
35624
33820
2778
32751
79275
4012
11282
56943
11561
50012
466
39010
80520
63718
68757
41637
17117
60625
36512
19030
82195
5394
87400
31736
49688
25046
10044
8236
55251
59090
58898
70118
86960
14944
11770
67105
60352
80982
32193
81383
49509
58340
95887
28453
83178
69421
73138
18514
38841
34042
10985
99384
73727
94677
49982
38797
81443
72100
58759
14834
55901
21345
50950
34887
6417
5
20543
66576
54943
51833
51081
2264
31504
82175
94299
85463
10395
32508
96750
79232
60753
46968
83294
75273
1625
88434
48189
79561
39460
82098
5717
16222
80362
31514
68491
45038
60223
55661
80118
75032
14097
49230
43443
87183
25880
65045
82469
31474
39134
61013
23437
3889
96273
53841
30065
46858
35819
63569
67730
39577
70420
73820
25769
10042
93653
45727
9722
15491
61082
54981
29848
56798
42717
16385
2356
67636
37496
93131
18388
41121
79007
53264
85025
42349
23273
57573
80972
54357
7229
51587
98494
52978
96046
30184
45914
3097
81675
52693
42321
83563
84707
16289
92926
91726
35731
46542
21646
28458
11787
5055
79465
46123
60844
29797
30521
35614
76365
95323
76267
56168
84046
30577
40734
49304
9630
11591
99468
13827
31029
12940
82229
99878
82968
14690
4524
81657
58323
13038
21434
64226
51821
943
12761
58362
35378
25187
59057
6601
27548
59147
65102
7615
23250
94029
46094
34961
60842
62806
9983
83352
96965
62224
77532
60958
27914
95719
17683
3012
1780
11581
20623
7209
16457
28851
47969
2221
25335
2272
12687
80036
80212
28723
38404
26306
25057
76286
48628
76491
45492
1483
66744
1312
68023
38090
53367
53040
86016
36158
74146
13955
58670
87457
58182
24062
35280
41704
91438
60453
33462
23860
27406
80196
69050
48693
77438
63319
95179
82780
97185
1756
92935
1237
90278
23956
40404
56915
57332
80314
38387
81403
8230
73289
35847
49837
7017
76606
20097
26639
81166
82227
80468
69389
77249
50749
24064
44574
8502
77868
73577
71068
69357
95147
2767
75643
30967
98413
94803
84452
169
54305
270
67925
77142
15973
88609
22433
61758
18269
41932
68604
17553
50235
37965
81600
16378
87817
9465
3030
11352
67114
2575
83441
63226
87250
73213
598
21281
70023
74952
36492
59636
78729
65610
38514
9651
11034
27685
46273
10141
96045
58430
75916
45600
52068
43490
86651
68144
85680
80695
77067
39727
24343
43064
28220
95495
66637
17992
46018
93683
91764
57679
70286
20837
16757
94081
59480
6993
13916
77251
52539
71360
64534
54650
87109
84389
58724
95043
87556
5272
75116
3758
81381
4510
17860
59212
22277
17388
28030
27662
60173
9168
88604
56304
73128
13121
61877
14861
96033
83919
60340
15788
41308
74316
24522
17058
82102
23849
61650
27965
49045
98523
29444
77666
52780
13546
38624
66672
18443
15186
31806
58748
49576
84545
91462
88871
6474
81348
53590
4663
46567
31659
1363
59720
89386
61867
89787
97239
29491
21841
79748
39522
68323
11550
93042
20928
5850
24905
25661
96144
81655
54828
62926
30565
38937
25643
80564
40951
47266
2709
8386
57314
66533
49106
90705
5683
30829
71204
98907
13242
94616
39735
3721
46304
58597
26769
86650
93125
49894
717
35505
19292
70387
18460
49900
3923
62082
1936
28228
267
92921
7487
39467
25375
43224
81290
33074
52378
27096
34345
97391
99858
81879
23022
94145
51425
3430
595
9043
76776
41335
59815
43419
65658
62378
89682
76232
39553
66882
66798
81797
58316
77960
63275
10382
95113
16300
47280
58477
12510
6383
90501
91521
77030
36494
12102
38388
97870
69390
76553
24448
3192
9902
56424
38573
2859
18187
70225
46329
28541
62988
63061
43453
11381
97685
79244
58066
47000
67213
34215
56592
44869
31432
93238
98451
98791
60211
18733
38014
89054
27719
56974
29110
36463
5680
63845
45634
88124
46750
83440
7717
80634
84183
31137
62316
6274
14380
61766
19941
77816
82651
67181
77363
55004
35354
14127
87667
64820
59520
79246
58610
85568
15463
75084
85087
95345
64595
96054
96018
6306
83964
29255
99424
86641
79829
58880
83465
29804
80787
29251
69620
73658
93690
90687
68211
19927
54766
53264
38530
50473
47969
40133
35245
294
72585
79996
61503
16308
39272
43707
41536
82527
21683
85161
60923
21199
49041
36333
15527
33130
29920
86315
75228
67209
4358
45812
33949
64844
15951
72241
3970
97632
83620
73394
69123
55991
34522
34942
63064
99824
99390
94000
48027
25360
61404
95028
32737
95117
98456
26987
81237
35931
21181
94681
2928
58045
93488
68091
46695
55044
30402
46788
14603
43454
4981
62771
102
21828
27080
25062
24588
78213
72345
84731
37629
37696
99872
79866
21575
88187
82443
48743
21805
67854
62515
17325
3453
27869
47250
3409
92400
21571
86899
88423
13162
14331
56888
19383
30065
7589
65336
83059
18883
53728
59976
84027
20923
26731
50644
613
57563
21911
92270
82138
23775
69731
73641
82888
91542
83076
82982
72300
99205
74417
99026
31671
7393
42959
51138
21695
97149
80662
79979
72546
21920
31817
14118
3072
57999
13522
49375
13258
53588
99279
42017
72307
55214
5040
63361
23833
78173
26913
27230
22815
40655
86286
51464
47181
65043
33997
96030
43238
52168
91013
39294
45849
86945
42947
13173
36951
28025
12180
39148
25678
87511
34117
78836
80163
44611
83858
28105
9742
73112
61502
39079
98909
92928
1923
35953
98440
42109
7219
73184
98208
91881
12613
85947
42569
4603
49652
60808
42256
43662
78983
52917
45499
3086
86747
64213
65977
93606
47941
97140
52526
83159
18562
81880
31570
48201
92109
43796
64374
94105
35498
57358
2468
34701
19641
18284
41822
11245
49194
15529
89531
38789
99681
90363
45119
66246
43296
30579
80265
28711
74886
30989
80455
79899
93868
20540
94990
51668
82406
2639
92105
86197
45397
81860
39040
63370
81710
26495
35799
38770
40879
38685
79272
95531
21898
77254
69013
22516
3869
38491
36247
5923
5606
94599
66092
50902
86275
4755
40094
80892
10604
72671
51481
59295
63853
91172
10221
36480
53306
296
60608
2817
51511
47378
50571
19223
44817
67494
33783
43793
84501
96756
60358
39348
76970
35071
18683
31804
6760
60710
13091
71699
43191
13118
58335
203
99014
14125
50298
28033
69731
77460
62646
5360
33826
44512
15085
37389
23097
28708
9683
1312
48113
77597
48479
67938
64521
14064
81393
29743
7834
15343
35197
43082
7354
64499
59280
38047
34578
56213
95894
75155
71157
88062
85163
21232
47071
23770
42893
25171
36456
56516
97497
42131
59085
96594
53102
64715
45106
35977
38913
57495
64848
38766
41700
69109
67547
3219
2918
5709
11519
8380
58867
99964
46
62775
30814
86952
72365
41567
82507
60378
20424
77932
93721
26175
59435
823
26149
34194
55181
59553
46681
27199
62592
58089
99333
77484
87863
5112
71884
86480
20315
15217
34702
39196
8415
56742
21399
67152
39546
51556
2278
16372
1574
13219
65434
25277
62723
58161
35891
34372
59095
26042
73259
52853
16363
65702
85109
42003
82693
57730
48247
44566
72203
49491
92106
96911
20051
40340
66037
53068
62073
43002
51676
57986
15653
39512
14900
88143
24202
23520
81316
4725
17505
12734
85926
17029
86314
3086
26132
9125
42154
59617
8889
66439
74592
63353
82256
4573
61893
3085
20136
5832
93462
59319
27442
79696
87319
91242
52497
270
73446
9665
70602
58348
23534
99779
35781
42694
62761
63462
35818
37943
80599
65238
11597
61935
44988
63384
60441
6979
56891
49337
87249
48006
79651
21291
61412
1863
89410
72568
57179
52580
34406
8237
22998
87128
60857
8469
64012
17542
96165
80074
44101
87910
65359
10222
15486
92755
60294
43261
64426
23365
36937
66345
62396
88111
60771
64425
78082
80273
23979
24892
36920
34383
33124
28030
31714
71507
51847
7884
6335
63170
3492
63349
36231
57944
77907
23204
8904
2470
98343
38937
98024
30978
5985
3950
23788
46153
33530
36003
9000
61630
38207
3082
96848
65413
64293
80577
66396
88051
63704
21464
74752
1099
50215
90823
4514
4469
75734
48506
35991
37730
72031
75067
25718
51645
79501
18099
44573
40882
8896
12404
53103
57757
34202
56182
7964
75491
9029
53451
29103
89609
37210
17011
98481
74867
82073
56713
9856
87272
98144
45561
65713
8026
87718
23934
74217
96722
1687
76706
4033
41891
20046
11993
15114
6577
62973
63261
9278
4960
98755
95072
86413
67435
59416
90373
19872
89771
286
48222
28294
57438
58742
52493
92349
77566
34800
23165
46579
14055
67054
58171
37786
73751
14437
6545
8301
74972
22241
5040
20639
30275
98060
84656
93390
38699
98268
76201
84466
14840
66319
89736
15779
29826
73647
42340
75979
87204
80334
82260
39927
3202
43920
80297
51266
15026
9575
41973
96766
49676
95528
74024
75243
9907
95724
70860
93962
89459
15822
77912
90159
88168
96467
26636
61327
18893
21945
83778
30363
36580
49139
16289
92062
62116
90446
94304
72715
76356
14982
9562
58510
32124
41985
7428
87465
45978
6467
99450
74013
57716
96226
59425
61472
69766
7227
10067
60356
89336
75037
50696
14752
19630
89159
99650
84108
29124
38057
89614
28070
87612
54874
61911
85762
94537
58762
4863
895
29628
92165
42206
88878
96757
37636
4821
57632
28774
41349
26332
91791
3942
22193
94094
70242
22649
791
62903
11604
59565
56387
77437
11366
21399
69959
77565
58348
84065
40279
12405
42574
64618
59871
7839
76509
6273
9770
69289
2257
63607
2338
15105
44846
30745
75260
67839
20650
42097
41
35731
75306
8075
65669
33261
66228
85849
41132
4250
95341
10841
45641
46361
77540
88442
14588
79410
70593
15066
6754
27633
43754
98705
24889
3806
75233
97066
24166
8947
93884
12771
19722
59860
65720
90846
17132
92087
92015
72861
40318
50423
2806
80132
3460
40518
52616
64987
55
1811
51354
24804
19158
73350
44413
92830
96981
29335
62975
51934
61378
29306
52912
97068
14743
64977
56082
99145
89722
38549
75646
75154
86615
92042
75477
14653
16654
66091
12252
89251
33633
58502
76210
51831
28305
36272
87058
14861
70212
38601
85927
8626
60810
89188
58017
92683
11896
24307
70004
12452
68009
56326
42041
50519
8489
35322
15406
23988
95013
38451
19664
76451
25640
87675
74732
33703
69601
76343
93914
20874
10931
15307
56020
34661
20518
13569
49689
53581
30828
96372
7608
11822
60146
77146
28027
14583
53115
86454
39346
2988
59734
56401
57752
87786
14868
32811
79347
58805
26214
67970
5777
5599
16467
44452
36873
79873
61315
84872
32603
6374
10039
14062
39283
92552
75761
73276
35281
73593
25328
65588
48408
92875
28977
31528
70502
69731
68900
51844
5201
17727
48048
38417
13504
49304
93053
21385
89586
26770
35358
82095
40
53525
21598
58133
84114
69052
12790
11608
49817
38724
60393
76472
23332
91801
34259
33775
90372
96355
91818
73942
18424
48863
17769
97314
38571
25458
39884
46069
99756
93664
23899
54558
69866
87155
5563
64704
14131
52607
86530
46990
63461
20097
66734
33710
385
29400
49297
79756
79521
87897
2373
84725
93300
52671
43037
32547
53944
71666
49629
34794
48402
28273
75703
86419
27078
36231
48381
44619
39663
19060
97524
91902
19074
51750
96949
28675
99651
22869
72615
31747
54272
94893
29057
77986
94379
90042
77058
74624
80359
55619
46316
55922
65408
72325
70063
63668
3369
39233
46777
54007
11528
11799
44027
98200
68763
44479
43897
10027
6340
84489
41126
52005
17672
32229
17979
7150
61094
82844
50646
13369
64442
34024
9153
37784
16800
28658
11460
57396
12256
68941
25544
36383
49586
56736
90939
48661
53557
56008
63356
38263
32942
75479
59033
71061
38342
85482
98383
65946
16222
66178
33436
63789
57286
97633
63247
78059
3576
76075
40099
52919
20546
75612
60925
97391
95159
68853
2719
10994
61334
57203
11830
91489
70169
4649
16859
150
52000
26566
26732
79313
74374
60001
36522
45032
25861
51985
27881
30983
2476
23108
68638
74601
20089
7569
61691
77755
57030
23175
26795
35261
24545
15145
8945
81681
10247
49605
47602
82451
21609
44998
70363
92194
64035
44142
95800
93026
50975
88885
37537
25659
79562
57532
68818
66920
83732
4555
73408
59144
66508
80905
45686
20231
15702
21348
25557
42910
72069
14075
65231
69617
87503
98467
61204
4819
2539
18651
43203
76833
94378
8183
82075
66520
11450
27151
53322
20135
34061
62345
77973
77286
50724
2363
14631
22890
65843
92618
38613
75866
69452
23864
96897
14845
70556
53329
37362
36046
29035
9092
43286
71999
69112
88868
86225
57713
3390
59108
39230
16854
35834
30981
13285
84209
52162
23881
83315
81926
73572
96142
28300
48019
90565
68126
60220
55829
77915
93521
95184
15599
80129
13228
37488
61765
1494
7331
31499
83527
31828
77137
89123
58885
86488
21449
48182
41669
11169
10026
35790
83659
32475
33182
5982
22965
76232
70234
62035
30212
26172
70032
21304
37788
34612
28839
48212
32252
62315
89389
57057
16681
13588
10914
471
84791
33478
36358
44413
56459
73861
21257
44651
99089
44853
77803
77817
39411
6796
19322
23665
74354
17160
11100
892
54062
89561
42278
4896
72326
70786
21286
52790
37403
39846
58730
39788
36629
56542
89553
23472
39494
26075
18036
63969
1538
64163
39910
22281
59708
89340
23036
87002
44179
36667
73181
34022
41441
29423
93131
57865
38316
12631
54053
74826
92428
52330
27496
69899
69092
15736
24229
15587
72718
2332
84637
83370
44751
13329
90535
94422
15137
7950
79272
64862
61667
53843
60071
49114
40314
60620
90499
31520
10283
91976
96901
84515
86256
76988
48355
27108
64378
91813
64743
81774
69548
45993
19572
58553
5098
5017
12852
45311
93850
81602
57532
39213
63562
48091
57643
64082
71599
73216
20732
73589
50668
62172
90202
72646
48679
49513
51362
55606
53034
35630
78363
80792
6645
71341
51878
28144
38888
36281
95578
73416
15565
40469
20395
17250
91790
9368
83525
86230
11780
166
11273
17043
28551
80247
93615
71162
3889
52067
87484
12757
56407
19361
59316
92967
64854
88959
59387
94065
84471
48370
78133
79709
41668
12739
87356
26532
14470
65731
15267
37576
95058
40469
11296
57132
47543
71122
75007
88304
39663
71754
94424
61352
87073
90623
90942
61891
20223
61413
9591
25239
12556
93783
20112
70664
65560
88272
98179
30188
17725
89984
22653
36594
76252
25897
94785
29113
8281
34817
5024
66396
51543
74995
60794
2714
63929
47458
57194
9271
15553
86116
82523
7071
63815
17590
66947
2001
99506
77981
30449
99459
41481
59180
76033
26292
82947
64182
33299
35755
1226
44525
42351
60441
69888
76128
75340
94887
68954
51733
56167
11123
15227
59265
92357
35150
13120
22972
79132
18636
54947
46739
25771
53753
63577
24951
86003
372
17395
55284
74395
47422
45349
38776
90511
89107
65239
16494
28399
87753
70327
94916
16363
116
75757
7202
81083
77446
19506
80764
89854
14069
4897
74293
53357
17530
84133
93565
27462
88629
17406
58190
86711
49519
84422
40193
95495
19033
91094
7679
54500
96006
43304
14375
90603
83476
13996
77298
77755
51801
97304
10044
96274
72846
16524
88675
88019
71317
1490
87452
92430
35937
49548
19080
40558
14174
28687
57760
4256
52619
82097
34810
3827
37326
4172
94904
54919
89809
92025
63178
15056
44950
89482
48246
27981
32495
15141
41368
40245
50605
28564
60660
59461
76120
36985
35781
6000
97653
26478
25959
22839
54841
81568
16129
17082
33197
22119
92868
90774
1402
94745
32621
94934
99821
25517
15340
82966
95255
50417
88633
29301
97347
62579
13615
461
53242
20885
28341
56653
37249
34870
95624
7637
80886
90060
73067
17713
72624
63855
57284
50724
31373
33241
71085
69155
96733
51834
18163
56743
63283
59652
96151
40490
31702
25394
89397
71124
94361
54217
33749
54041
13768
73779
39431
42193
65778
84204
24084
87815
23466
30954
46860
733
85644
47001
59930
57346
4060
68151
81721
62309
59328
49626
61009
65809
46663
97360
23333
23695
44887
90449
44046
14029
51176
68783
37437
45605
73569
98142
64314
56513
91456
1195
34326
53364
52240
27281
31000
18710
69653
46119
44613
52746
88253
69865
16168
14920
48874
20025
60738
84929
7396
10303
15826
69836
96150
66045
86192
79158
99411
65702
50261
4257
19232
46156
70133
39281
32925
66880
3852
88665
56290
77648
95677
91691
13556
81440
50536
68837
81524
46921
20400
59429
18166
67724
70578
64484
27854
8620
59686
65899
33851
83103
68656
943
31948
7599
12588
6325
95171
68875
9477
58725
92665
922
72635
59069
22796
54396
81905
46200
34065
47149
95034
77349
98477
87000
46520
3273
8082
57031
18900
78245
25219
82287
34365
44129
80453
73417
6353
6242
78866
70267
51092
40446
60695
90103
65216
5612
5942
75978
58011
10487
8395
57517
78668
14745
5548
29129
71093
45302
77074
24975
19748
27179
80070
99620
98096
55317
90644
48954
25843
67668
12223
10623
42237
2520
176
9540
25636
58941
66513
52493
2683
91739
51060
68563
22522
73717
29515
92997
59891
30929
55349
35821
5443
63455
28823
64505
21577
5307
98386
25381
52173
30720
71136
58625
79500
44788
60928
87882
390
18127
34333
65219
98928
82808
56096
78034
56906
27031
7609
10542
18112
80756
73965
12229
50008
11142
45570
43457
33614
74284
96174
3759
49598
87686
39706
27072
56104
79405
46414
53866
61966
78733
70524
53140
88319
74269
16487
37454
38868
5581
22642
99649
82066
14045
55553
38467
49682
68772
36
62598
88712
26852
84816
22086
81249
25279
93052
52533
76477
5775
96289
19810
63598
32928
12263
51524
234
44624
16656
19326
90913
47512
28472
16622
3610
1034
21384
43456
83987
49464
86500
26133
14558
46301
49006
25711
39429
80530
8711
80355
30443
22910
13523
45086
93072
9850
18162
76067
11947
5170
79720
65217
12928
48631
22351
5696
1893
65229
67588
19585
50803
51702
16987
54286
83847
87169
36488
56617
78712
62564
22792
96251
79738
78528
47751
60684
7315
69692
60517
9663
87587
62575
70942
14583
46566
64352
86311
60412
83476
5367
28546
10578
67326
9674
76979
82982
3035
35533
46532
18147
41688
50132
29710
57040
41237
49131
62064
39582
66502
68496
82447
61953
23816
45941
9290
38237
1007
85315
61270
35535
32785
41119
87287
73327
33286
96297
47953
78364
64510
24984
58323
75052
25416
94010
45452
78445
39034
5402
37279
2664
13680
82154
64516
54477
94964
59126
19059
78496
44472
19840
19406
30553
76643
21655
70449
91415
43761
80735
35039
86595
87714
89888
5631
6371
87371
78389
46330
62544
66931
41902
88887
44168
63970
76409
83456
49717
29982
91563
39272
76213
29088
57827
31307
37364
68472
92330
14977
95132
98588
5313
36666
54786
41486
85277
5452
94669
64249
37769
75180
86558
60987
7289
63060
57352
18821
58347
40368
22123
20265
36010
79019
46638
78651
97720
86540
21728
26021
35968
32219
49068
38418
42894
75651
42361
55414
2646
53480
22779
58695
66031
9220
22943
49518
51627
84257
731
42539
13776
13392
14938
31115
94737
5864
65367
23735
48901
51064
50163
30351
85107
55263
76143
17486
35832
97250
11537
18930
18
95856
69161
1039
22276
92430
34129
37920
13430
67040
82887
28522
43925
47909
74745
72783
57434
24751
33910
64294
71773
61073
27740
82373
25367
94194
6118
43185
61571
25592
61462
24274
72293
92470
56305
35285
21773
81257
31861
59564
95830
46515
34171
87725
40902
52979
37953
58208
50756
13339
98377
17476
34758
80234
51468
44954
57287
36326
49259
27063
60982
83139
29790
13935
21380
79159
58140
45751
90661
410
14226
16836
38431
67548
14964
75278
70803
65067
18408
16257
68783
2635
35795
80249
40995
22726
73766
66621
56731
45644
19494
71008
34798
45238
75620
11127
16029
14732
76382
19586
43951
8957
81989
46365
82543
14578
10907
90487
38543
93592
50496
2960
56272
892
61552
14464
43355
27457
31601
72195
85371
22649
5873
66289
99222
19738
50891
92184
67094
57763
853
27587
32199
42940
93177
94001
57017
16851
26026
86650
6587
38457
91989
73006
3217
44007
46661
29393
9491
38793
69917
33652
97150
19472
46075
6604
65702
70003
64114
60023
73903
89513
29522
62863
84000
67789
83069
20527
42787
694
75466
93199
83455
39793
2955
97521
56982
87179
63743
64861
16442
82273
60471
95730
79317
78478
58526
47063
27380
64956
1925
2902
48422
10743
39288
32922
8742
89794
19428
9265
18270
89290
34560
2432
95765
27521
69409
91753
66893
78880
3206
36679
83632
59585
42073
92926
84806
88840
99872
25655
1603
68047
18553
16545
41440
87134
63500
27939
65463
97795
53379
50583
22869
89182
74578
57261
26530
15543
15912
87949
30948
6748
18282
61741
80346
96206
17593
81093
48088
77386
45777
86471
99321
38654
66632
9498
52804
14556
39714
36356
84843
68821
10230
17814
56889
10879
23183
65965
76943
98649
91137
81032
76090
74605
26211
72208
77015
5854
77491
2428
58263
33180
26641
52856
15664
4563
46093
28572
80295
13320
69773
23251
40308
85958
99169
53233
92523
37340
13392
11477
9054
28382
57758
50154
47823
88651
35931
3765
17163
69868
49130
51493
33471
42085
19109
27514
67286
94539
84386
64905
71794
41673
4893
67082
96413
1360
68528
40071
34973
88243
53077
62411
38134
64999
37353
73643
43253
70173
60611
41020
28644
94212
35448
67590
83426
51065
78084
12792
56054
84377
12046
40577
41720
77259
23232
35330
8545
54348
30927
27486
74491
99778
52786
13880
98776
36509
67500
36149
43604
4833
40748
71409
5140
46623
15856
52156
53166
26028
81207
89144
36956
39819
89549
4019
85468
8135
24671
17950
19931
35015
62062
73030
89947
8112
60337
1755
85944
99927
64920
42292
75295
94697
58971
94781
61373
87560
25935
17019
13455
59038
46638
87109
14823
52927
45237
69068
91225
10690
17765
24785
12581
77050
21852
79565
45109
65018
53839
34615
50258
66044
74256
61864
36416
5223
57772
7092
32841
23338
17231
76481
56685
71390
57133
5476
90674
28156
35081
69505
39962
47397
43538
92124
14894
68383
33483
57929
89919
35212
71408
47027
77012
62559
36204
20394
41359
46816
19918
84746
84123
88145
56312
79754
8549
27778
96522
36728
12299
76471
74456
80199
61760
93207
27375
85703
9109
41884
59279
67532
81954
71009
67473
78438
59439
13317
68480
74644
35774
31538
63574
9199
74653
895
74746
2755
91132
25488
6125
46827
76926
33401
36552
21592
93561
86690
2792
52018
18285
69965
30150
37446
47547
70991
71295
5423
51832
9375
29852
22197
80983
48687
87064
15616
15115
72930
12681
71325
87954
92649
28712
46012
97461
17096
77668
92965
65186
22755
73999
74313
23661
89934
89177
27541
67449
53283
85996
89348
45815
92877
73649
29093
50232
71332
43546
28357
56108
21668
65458
72120
71662
2598
96312
44730
15552
11288
16013
60946
35269
21688
58516
91055
82894
9227
98767
16230
39041
3505
53333
76064
83074
91618
65447
99475
96302
8647
47986
76625
58983
81697
11203
13043
93980
64672
25003
96954
82776
59547
37493
92312
23001
15244
39436
31113
81469
15278
2483
89043
29475
59252
78774
80932
4409
78963
22275
2718
2238
54197
94425
84832
76555
53494
13503
32002
928
67775
75849
37368
766
20611
66177
96694
63686
23030
87451
44760
78813
5976
14626
20156
98039
71164
5116
51046
6529
35935
83698
60700
15799
33220
8770
4804
37021
71329
80469
21726
57853
72613
99078
40297
33530
54933
81289
26020
53048
37937
17721
39226
49150
9553
55013
6563
6125
47141
51478
49491
52433
21677
77233
37831
55773
7179
51445
51143
2097
29526
10689
26440
7652
36828
93667
48334
57038
34161
43230
56666
10175
54933
93159
10951
23536
46067
82855
53619
98831
32995
95085
67865
85261
63328
67039
42159
66290
64488
67056
40032
33144
81837
68263
35128
61909
48542
35943
569
64728
22770
39341
79967
24629
93557
82698
25354
6221
4331
14423
16909
39104
11522
25980
84107
9469
84087
39996
14808
47714
26772
64656
41658
60604
98858
19129
79435
80745
66292
20898
83135
21801
71588
1971
67544
50585
2070
81010
77616
2762
8801
77980
92492
68063
28973
24814
7168
93451
1984
54523
24281
1613
92319
92438
54553
43265
72900
9861
50093
466
38072
28741
36291
71999
91602
1543
93625
12145
12312
87345
70923
88127
51857
55273
53889
87784
46524
72176
92626
30127
96423
81746
79066
31218
4544
27639
52647
29026
78183
48555
20150
45439
55551
91725
64329
11818
84419
29669
13421
83386
26865
44898
29075
92532
75749
59247
17223
53729
28138
90465
73403
96497
93682
69686
98425
8043
8185
73308
66560
9860
18868
91138
10878
97936
25210
60010
43292
15359
7639
20087
37623
50029
1796
49315
65996
78616
73982
62328
68961
77662
82088
85097
61489
44771
22657
92391
54891
27416
90243
92315
22642
97852
97698
81416
39235
3101
89354
47121
26787
50077
29504
4645
8076
56904
76238
51033
33018
13445
34768
4876
83019
59721
48046
60094
87729
65744
86569
57072
30555
53897
27563
1860
8467
40695
93899
18329
12653
72688
83926
35775
95619
8845
18632
72739
50855
28051
53339
54826
3848
96468
34097
38370
7160
33319
51619
14617
61714
49344
89053
17198
53067
66296
82405
60949
70817
69267
75946
61378
75655
74210
65250
43714
53526
26553
29664
50771
94209
15928
94810
32876
60013
73099
29251
56093
40063
18574
86087
11342
1602
41383
93402
74664
29776
95922
57598
4966
3236
7909
50986
16447
67356
50889
53491
55430
18382
32066
10055
92122
89738
23846
74117
52517
48079
2561
93859
29672
36443
47936
75472
68242
67258
1946
40520
68874
12097
43420
167
38819
27337
16741
6700
29684
35641
38758
17568
12181
52576
39603
58782
14110
92483
76481
79218
2991
29991
90598
14772
34310
98378
33291
77195
99505
89448
37382
82964
55186
77803
81701
83597
23302
6223
69428
50430
95376
42388
18947
40748
40284
66599
70723
75504
32429
26695
46039
96775
67526
41593
88767
62244
34789
64003
44084
70210
17569
5825
65311
68773
6700
5712
23422
63086
21031
1729
80343
63499
82695
22729
88453
48158
31470
38048
60610
80862
73631
75109
94018
92531
92835
98283
24625
95352
74975
60842
91283
74156
71939
47320
44691
75434
68730
4939
33139
13750
92673
31399
89863
82697
52579
45370
5643
56178
49085
26214
75676
77525
18567
64848
70712
32767
87156
12871
31184
67967
59094
532
2720
81426
49729
76202
14578
665
40583
541
44595
55866
42412
13872
35294
50670
46425
44137
65467
54857
16391
41963
11185
74507
43546
55874
90545
86831
5350
46033
73417
21020
5843
13803
66933
89139
31613
43632
66131
91505
42148
27666
2175
69907
50517
77483
51317
26218
1072
45868
23649
56197
27032
36282
39941
44845
77973
68453
29259
31352
62206
20107
20798
47337
66438
24121
41424
92753
17340
4855
28808
53730
61246
14201
95354
33183
44464
77873
90700
67773
64662
15566
98219
87168
60955
96809
17880
2350
16688
28981
79953
44481
84383
88612
15210
28180
18377
47829
67287
30709
14276
8359
75747
17071
95235
72745
85556
16374
38396
25855
99433
87332
76975
32409
41522
32989
28612
12803
57747
58395
40974
79430
78550
23472
71295
45599
98253
90632
99223
26613
8011
98000
32026
82575
41957
773
12988
13164
82985
73866
89555
24249
68775
84787
21551
10068
36229
76511
66420
86528
44091
24830
71950
79442
66887
18212
54942
2046
90674
57768
80917
10806
36507
33556
41812
62478
44199
21230
57326
30127
64439
54435
14821
79713
93295
90812
51314
30304
52677
78631
36616
23192
23321
96076
75773
13665
99939
3370
64437
34341
74646
38786
61418
14191
75259
43902
7325
58541
41558
38418
24907
49806
93312
56829
16436
45451
81515
45810
48958
60338
2323
40750
27590
49824
69336
82317
48152
17843
5471
69408
47247
91467
87990
91317
47490
48284
68219
7954
72950
57039
63557
46744
20194
75826
48551
67071
6069
29449
40221
66609
13085
4830
71953
61078
91012
79871
63901
86656
23681
61269
950
21715
82703
59775
19943
64334
10906
14849
60183
17892
40207
53766
39600
85491
88831
840
39536
18394
76984
56426
31987
46311
20994
68485
51939
32765
18165
52496
57784
68911
14748
74170
88758
93256
99261
31983
60820
74267
10049
42652
92394
80725
37468
57686
2421
7258
2016
92260
29261
6041
49400
32657
57016
23304
2697
4649
7903
19216
64175
2512
94789
2417
56325
85529
85004
9804
12730
3806
51420
47906
64193
1877
25486
7646
74642
97026
3923
4295
19784
23062
15635
87027
42449
87016
55971
98413
88777
11427
27570
75488
69454
82352
83749
43671
65952
60737
26302
51979
80761
86644
34092
15106
24852
29711
22007
20431
93106
62268
58892
51555
49830
39243
32304
239
62182
51618
67623
79025
3118
36474
67465
99918
91664
63795
82628
64758
74798
95619
68058
18699
31275
75986
56134
81584
87902
89462
30516
21920
267
82592
15505
855
64954
53585
13569
55616
47327
74899
36137
96499
30472
43206
48814
79750
10281
13281
58643
84956
1756
39396
69610
6174
44620
36464
21802
60208
27769
96651
62685
38338
53928
96531
44726
95714
50650
49209
57554
54231
87316
1972
45904
7076
5988
58512
35028
12200
6289
63519
921
72943
33306
38750
182
15708
99156
90545
9200
15642
36590
3595
3661
79956
10618
7304
21977
19998
45214
78401
87826
78645
50782
41330
33004
9592
97935
64856
4460
73017
28078
79424
56195
15418
75065
69626
68838
85072
97050
24775
23771
88270
15035
92912
65900
1383
1752
74302
55610
85604
11738
27807
16494
59975
12619
82798
96037
96544
78118
97085
90016
74985
84887
97816
25881
4525
25515
1073
31532
98500
30797
71846
99466
13358
97784
46071
31242
81080
82256
9021
71440
24805
54217
67299
32755
15620
28765
56542
51644
72921
68616
84773
58700
24344
81598
33064
34975
60918
93683
54600
66937
98858
14747
6541
83479
65301
14509
61677
9588
65801
83319
61286
48938
33746
60857
95431
66889
39387
98361
55907
70749
35271
42833
99647
62431
81439
17233
19028
82774
28779
4762
40704
3506
5137
99961
60999
83927
73094
43905
20466
74844
86463
55201
95165
57157
87493
56770
89070
72752
12030
83
69900
39322
77421
67689
34554
87448
33479
24723
63424
32717
9762
2145
29485
45214
26880
61046
98092
60106
47583
35444
28758
4738
3504
8543
32541
41818
67620
16993
86614
67222
17722
28771
6586
82206
11153
16700
51719
14410
13750
66238
11995
82803
43712
17512
20604
39096
67477
81900
32529
40076
32928
84949
80596
87514
13510
50210
99726
62360
36645
36187
51231
69492
86916
18817
55997
66011
41030
75258
11013
57116
83024
93256
48200
85084
16269
96287
13647
92864
98305
4695
45716
96775
11057
56788
30721
24610
34210
6203
17358
48972
33147
32844
85695
66333
97717
48391
13957
43526
60378
91158
7165
408
15548
19405
92516
50100
93138
28269
30062
31018
26521
24109
79613
50285
52693
91851
2804
85083
54991
74214
31839
5988
65670
54196
75714
90706
86072
847
48926
71014
65432
65170
49223
46047
90025
66356
95103
38261
9379
61024
15676
17385
32469
83146
87603
27162
75575
2519
26788
64175
56336
20098
17009
23360
12266
57002
4993
82552
39760
15622
52243
97671
13289
44587
27938
89146
35389
5194
3601
57684
81008
41131
25208
74880
76962
21992
70384
56413
7189
32091
28336
9863
18116
49913
78242
50965
66942
56889
82728
48808
13071
28718
10108
35866
93497
48508
50834
78107
33083
37421
20388
98443
72833
94195
16184
11501
4536
39020
43856
40880
90089
38546
95560
69630
70995
61426
84274
92224
8612
23579
83339
23067
31418
45277
43267
50383
19638
18952
95477
59147
73341
75867
40664
21187
68066
75741
93841
18217
40849
40751
18727
9653
82516
84381
86479
43593
33403
68869
8425
76589
47681
57350
90888
82649
66927
5091
71742
52951
19340
75767
72183
44288
59560
26715
68521
10766
56476
21023
37998
93144
99210
42947
68014
91656
55483
22811
68477
72031
80606
88719
77180
68150
64130
94535
74474
7218
88989
56068
8324
58976
30799
38628
50645
5451
42574
1772
39568
60390
14786
22537
26368
16552
60908
77668
35119
69881
12457
11083
35880
17997
1984
87457
32031
93762
94455
20377
40758
58757
57954
75537
81846
32036
52264
31205
25289
92031
58257
31314
65931
2677
89639
98689
23586
7519
19087
17056
21804
85549
50944
33280
31452
74141
52186
61593
45803
64304
99758
59968
38289
36062
66638
30316
75728
34699
20791
89214
20704
67546
35883
59940
46686
20411
85617
1060
28115
81040
82463
20911
94417
81307
55421
22946
10882
24344
39822
29791
12506
70276
62424
66252
16495
69951
91752
24494
15922
61661
72616
73500
21374
11593
78729
50604
10075
12091
61889
5600
19389
80513
64169
46210
77714
85021
39960
24193
49481
50008
77357
11443
53186
92009
87001
47997
80148
21765
71953
62451
85092
94867
338
39898
64324
34726
18574
38660
28138
49717
92841
58123
96652
33150
61460
71420
25966
92456
26560
49282
38702
50346
46436
50545
49822
37266
64908
96558
37655
51642
94960
20794
9889
84876
3930
78054
51306
27989
22119
2391
67684
29917
19354
88457
17487
67749
58732
23004
86818
99211
26393
16545
95656
536
17419
59103
5293
50252
53405
65418
84717
39504
7430
37490
65698
2012
52964
63828
4716
75861
4896
9951
52633
78984
12401
5750
53666
3466
11014
83044
12755
29934
58942
97858
13322
59278
79234
32990
89148
33847
59828
30289
97151
38334
53909
48007
53761
83343
61441
6111
43713
22772
33626
19249
30914
16948
8980
61873
82357
59039
70662
82643
42684
47666
63059
71335
90233
47080
67485
53467
57997
29895
29257
99507
81114
63187
13734
47965
54521
57279
77386
49379
57941
88881
11244
62701
33859
99334
56623
81085
30709
73186
61276
60832
10104
12333
80021
14775
43409
46511
36131
52007
67223
1511
10811
88999
21934
18500
86559
70798
72228
6104
53380
59942
11171
91974
82158
97174
6741
8610
57532
84764
8037
30241
47494
67598
93527
44723
67641
61657
91645
49343
15309
1528
82045
94119
1228
90066
57990
93004
51952
84280
78641
87986
55536
72097
96894
90011
79912
44944
25715
34143
84271
56440
19165
82975
26241
33657
36743
47233
72856
12875
37892
84090
68975
82920
41867
13595
25645
59647
52827
28675
55887
66849
82136
52908
41067
1519
45239
7087
89097
18100
65675
63832
80571
79554
38340
35220
57652
41685
72383
5487
59446
76609
98402
12435
35991
387
51254
96475
11755
7375
32677
86176
74186
70964
38109
15038
22887
71830
99108
78684
33595
10934
78394
15320
69310
42576
10494
59777
45703
34855
3437
45421
2461
37671
69166
79099
62271
70036
16874
88141
62859
13571
51645
29497
14067
40252
26873
48972
29650
71495
79265
69177
95001
91026
47651
77616
44226
55594
67657
52332
87191
10075
30882
27686
20123
19576
22490
78132
74137
24256
48965
25644
40613
73353
42029
58052
16919
65915
8462
9369
27405
45412
45079
20429
84572
79783
96732
84321
8518
88600
75534
84144
54826
74600
8433
4006
56422
85728
78916
61420
56980
13470
1234
40051
12176
23568
91850
31064
41145
73155
63037
87548
8232
43896
94172
84314
6046
93143
32835
34651
4380
96710
30937
98637
91617
75306
78691
7831
33001
22570
56827
95642
50692
31177
49352
68952
46001
86206
32775
57939
72778
18806
38179
93314
37248
13002
82865
16670
31853
50282
74520
19293
73687
67749
20332
73806
34187
1475
17513
86606
23653
3067
77758
743
62299
22518
25526
4028
10263
33983
62545
87651
30831
34146
98
70086
82811
64535
53269
7198
52663
10407
35144
89303
88881
8680
95676
21567
99306
59496
36461
94290
25962
66113
67749
56776
25412
96399
11115
680
84361
66259
44355
34294
11168
29346
69822
83600
8472
24792
2390
51328
80007
75087
87803
21234
55993
3806
67780
63410
95009
1590
83615
5247
99961
23342
33058
61830
54078
85659
83238
43458
25705
97578
61779
10986
20274
35614
80813
91942
53168
51781
50403
23626
75224
78330
38884
18579
39111
46021
91768
26228
59849
91600
76734
66025
69519
24449
17820
82399
43499
39130
9842
90063
90436
22823
14905
46055
1331
28608
9199
37300
27869
416
33184
73486
8804
76590
83729
59057
33609
7873
9960
78167
62667
21002
93766
68449
37811
13874
88538
10479
51396
11504
11630
5954
13493
32208
24008
96187
73326
40809
78183
95955
26989
54603
59989
86111
3983
79085
55919
49855
8677
1268
26995
48516
74096
84924
44882
51080
62965
59659
61792
3816
92640
18104
57840
9857
25754
3795
14407
61677
4929
35178
63334
16103
96615
38212
14462
31206
83516
59004
28388
745
28928
85755
48425
29830
79288
10866
2700
21612
70555
7026
96041
63588
45840
80814
69283
97378
77212
25701
25627
77700
13531
25054
9180
66740
66236
23452
85133
28009
39266
8770
87423
60005
73108
27003
34394
20826
9307
76944
49456
31967
61082
1595
97121
39440
99434
47583
83602
85213
96635
18452
39502
22740
61316
75414
52698
49323
54397
47269
27497
30054
83699
92139
16420
27195
7380
84422
11749
69406
66545
51933
31550
25588
94065
55887
51091
19228
64098
23093
81899
80293
47497
91313
35871
64504
75663
47035
84272
5980
1009
99667
93442
57063
90761
87882
1444
59579
47371
79660
56491
48926
73460
61700
16933
12575
41896
79586
35459
11591
22954
71357
66393
51610
58106
20077
87673
39712
74182
57291
19548
78420
43722
35798
66241
85884
90066
6844
26480
84839
33416
63718
81563
78708
67489
98886
37655
47543
8686
6489
37046
67758
65542
70428
52652
4945
70466
13483
85231
79923
11774
38235
57036
91636
17872
16178
76417
88781
43478
28193
26928
82733
66716
31341
73496
44004
94428
8615
13892
40855
1896
17988
3158
42360
64556
90454
31864
89511
34896
63916
94021
20294
92029
89266
9207
6133
3138
48313
36507
35245
37762
45180
447
18536
20713
19387
91199
11330
68344
22563
60510
12834
7311
92435
34979
7500
37303
85379
48113
87816
73822
33411
9334
90405
16624
98468
19373
37907
171
63364
51848
14698
47829
17368
85113
42883
15111
22123
9005
33593
62734
6623
79033
52772
39243
96896
48931
52694
6672
52868
32438
77203
77666
76853
36975
81283
87933
45970
2961
30369
3704
21765
65055
17819
14944
3927
21645
12348
79255
35434
61249
45476
39793
59386
85227
76249
17490
44864
56864
59200
74877
61295
74234
98505
25360
27265
71087
8143
47849
17376
53783
97666
14277
58486
57285
29558
15250
17741
88718
5363
23474
96721
81914
1136
90754
45706
58757
58291
29630
83946
15923
84573
84085
60715
47342
90220
9765
18140
47151
77754
56780
98035
76065
80761
40004
23044
45375
89874
68090
48484
66433
3756
47165
76060
14265
10203
73417
88023
26203
27952
70393
98461
98379
92909
23898
7854
90305
90856
63534
94452
95285
12382
64226
62955
44728
86483
65994
83242
33130
19160
38641
92288
56836
68915
15889
45833
59471
6701
22430
43578
97113
3387
80066
62491
23705
75611
80301
13079
26430
71657
79950
24718
40129
5666
88708
6726
79119
3300
20262
74119
71730
80756
66970
42498
20417
31881
21293
2944
25138
71452
57166
83973
35290
21023
18757
86693
72692
72880
47002
72804
59556
76489
90263
25236
99264
41122
19925
40143
71851
93016
80278
22293
55557
44737
11063
10287
65516
59795
64069
80605
59519
15791
90998
54694
54870
38122
38998
96879
46263
98640
64223
78374
26548
38318
92214
11714
53001
11189
951
2919
39282
58870
41628
92376
65799
59920
68779
97119
81539
11563
22883
59897
61116
95900
99118
93854
52855
43757
30846
41187
11816
29935
30499
26109
770
98883
44687
30448
41542
11015
34777
75793
21637
65504
76260
75435
93169
22120
31562
29759
55538
8499
9558
74782
71145
31324
77599
76448
36582
47875
2304
61745
14681
93311
70167
17586
48069
64168
50084
90790
51890
25931
99036
75515
74766
76327
17200
55972
48483
40300
13183
21501
21382
94466
81416
24313
46812
96595
18497
28009
13461
36170
38549
82194
66706
30813
1756
49605
23969
14580
53138
26288
33383
33398
10256
38680
45807
81287
47841
88009
79715
51610
62939
23097
30861
41732
76826
52885
38008
52830
55666
10742
33278
43124
72318
22378
68652
9754
51345
23566
32457
69293
36937
3036
63926
12821
77442
89216
29327
66778
19866
82307
22589
60284
92360
56
61151
58195
47269
99598
81653
99297
4077
89881
19024
77479
64814
95726
67498
26361
94425
17801
4654
54922
60736
76190
37422
91014
81858
15315
69480
42255
20174
47979
11884
13546
21991
68601
46230
77587
35698
86271
48477
38849
94540
40438
44758
87325
45922
72944
2630
47240
94602
94052
12821
97016
7407
70306
81078
93899
56223
56221
64920
19841
87393
71479
57285
18794
71528
78749
60901
20656
70435
47566
82698
74137
71429
9724
53037
41826
37543
52667
91735
33983
16843
11900
19317
42152
38987
59351
45350
59682
22191
63347
78906
98156
70769
78250
41257
65784
48326
17901
91863
6437
20711
12480
56655
15588
85680
188
99942
65458
45722
21533
87624
70151
16502
59873
75711
60656
20055
14653
3507
25778
35095
46621
17634
56481
49502
1970
72309
23303
43794
38837
73951
67199
29106
35772
93414
68533
14482
19492
29587
69434
51587
93149
86099
94082
43824
54039
3390
34702
26354
86530
28150
41365
20885
6020
33426
5782
71560
64904
8075
8272
80283
8228
11711
30576
93949
78118
84379
28722
77476
44877
31087
93486
74624
42677
64399
39645
82416
74794
40257
29196
85671
19088
82203
47023
91804
89749
69949
75883
40519
90004
51907
14174
6721
36837
95318
66799
63564
35927
30067
65607
55166
35325
63975
4567
40064
79463
50532
46236
56523
33119
68255
40988
64883
39585
45031
5269
6323
89466
93816
54075
43037
41324
21949
34881
79128
29204
51822
43267
91046
19953
65408
46931
69815
33660
32885
55512
74597
29465
73025
63842
46393
33230
34696
19588
9217
56315
430
88152
22501
57980
10123
55418
93233
42314
90643
70876
39608
56748
54965
68126
78443
73177
90632
29404
15671
34131
68204
12611
17259
79769
51737
82000
57638
84659
15839
54336
47710
24623
19678
94239
18497
50080
95629
98250
60017
63723
32654
24482
6399
1928
95342
28639
63967
35619
78672
32538
17807
86188
80159
40945
95475
44247
69941
28649
9576
54678
95928
32217
98725
75211
30868
43202
72612
93767
97257
40685
5724
87750
98408
98198
83108
18691
86509
29646
95749
55756
44429
16606
62984
76787
6907
32868
80427
48354
76312
5116
51219
34784
1705
34154
88031
26195
57922
43426
27998
58937
99538
66892
61594
620
3462
94811
95867
19748
91565
68217
23619
87869
67999
22697
18765
33583
76791
30831
84852
82697
57746
91774
93599
25215
95411
64951
42642
6096
1159
56032
30119
10503
71834
10176
34218
72071
39875
10724
2388
83524
11718
45620
734
3467
80843
52881
45990
56596
65428
24011
34231
24350
39554
12
67560
79648
64813
95203
96966
40013
77990
39775
94925
3134
93003
46470
37099
50129
28255
45848
11948
11135
21009
44345
53722
41507
63221
41593
63507
81932
74853
1149
4479
2335
7536
36319
24838
65352
65432
93714
64998
22333
8826
62163
14557
80634
34639
45259
29967
71737
29475
71934
30773
86230
27878
9810
24736
2907
54545
65707
37158
93442
91197
10518
98167
61165
20515
49568
36633
5461
69087
42797
49247
20721
89489
31994
68176
49823
93592
52197
92535
5625
4474
83718
14027
75751
41377
37993
44683
37229
82585
32159
93152
76020
15140
53292
75683
36891
4386
2277
32947
33441
33897
69126
21360
5326
56569
93878
63277
94346
63048
62646
34219
12151
79903
51192
47350
85708
21786
78072
49731
71857
22906
72356
40075
10435
67464
11954
23891
65385
81531
7722
29192
91028
38262
89282
96329
77297
96793
9659
22713
7933
31733
56332
68369
97138
31854
25329
6010
82085
37912
57353
78472
58068
38804
8796
99896
86336
16934
63847
59783
26138
69445
10003
674
94731
75062
22130
61244
64819
24821
29000
90150
8833
61952
44585
94077
72663
18730
66156
6526
64669
10641
6486
34888
67132
26929
13221
20331
23167
85929
79103
27124
77393
36102
95573
14272
22069
53790
76147
11701
9178
91516
98668
59611
29008
61012
82868
74708
13314
621
17058
65569
17385
57197
93328
3518
65956
14173
85672
59547
55280
31055
79863
99236
11275
8593
89386
46629
51849
68283
74878
41200
99565
71029
44328
76419
96246
225
66379
53691
41512
53211
78245
17506
79950
70459
65909
70296
10885
86747
14361
91107
89338
2082
51946
66502
6713
20243
54270
53031
18746
808
17120
18171
99973
22901
83488
37717
23704
96600
77379
69732
60270
48126
93085
8013
14193
81087
20789
27015
94589
51916
33938
55095
81469
54593
71661
95150
97601
40080
61454
85410
39451
62721
55990
19501
86424
81725
55651
19405
94497
59216
32305
10086
74009
38496
18049
46689
2026
60651
3629
24706
76999
84061
16243
16810
99031
60819
9424
33729
7851
1241
5590
89993
23309
86668
92809
56237
88654
49532
46858
41334
29356
76941
81571
81152
35203
44562
20574
59722
60297
64166
29367
56507
5965
68144
54211
52486
3598
90838
32765
77090
16834
90572
68283
30603
3190
11698
28798
14672
88826
95203
46484
55412
1988
39603
43297
12983
39694
27070
7850
19588
43456
95988
668
49789
46548
92782
45344
68441
89330
74626
14625
39640
21400
75350
63404
46383
80413
10481
13476
6875
86462
81712
69112
43141
17937
1033
30965
36209
1501
63771
37797
88659
37902
17915
56292
25087
35135
18624
1240
9424
71894
33267
10025
85675
30120
22390
72361
92007
4184
88544
71440
50541
57885
16064
29414
9252
65537
75273
51247
46118
15279
79665
78050
85387
9614
3433
60215
12291
73697
75433
63199
76493
55443
89906
68302
44067
65689
83028
86968
64086
80788
94445
37455
32655
31977
2130
62176
7188
23708
63099
64733
50889
10063
8148
54655
30889
75441
6557
18995
50204
46022
27053
24292
7277
97717
9779
86722
23505
50570
94986
64657
48417
99257
27406
71527
60507
65674
6594
61422
4175
37775
14751
16668
2057
3468
54295
96368
47675
27028
62768
73304
73559
12130
68818
17148
9685
73330
31993
88865
94991
61339
9788
75199
9916
40243
35645
95363
18251
21524
23135
8005
34571
58626
37521
35880
8506
19711
67114
83611
55010
57369
85057
80721
22395
27528
22350
64138
64687
66796
34255
10789
31259
33160
31284
22355
55792
27402
4285
70787
55644
21339
84109
86074
31499
70349
23266
3562
2857
53908
72427
99196
52606
10004
24051
55176
9026
55403
84947
73041
71535
28130
15679
63029
85201
16971
92087
37496
91769
97338
54250
41732
3015
49594
99427
45767
84278
93517
58059
71095
68350
25482
44855
55154
35942
52987
99247
75498
57013
79937
6030
66306
12970
27561
51709
32840
93764
9705
74010
39398
83168
20539
26306
25483
86637
29892
98219
96120
83986
89761
56889
37794
93256
28860
26494
69215
619
31152
24953
22380
70387
49565
6287
89253
33858
41699
83585
93009
2444
97736
38390
49897
7252
10798
15852
91254
52665
64012
20457
85090
12168
39203
2383
75585
31018
58814
99784
69785
22839
83530
18676
51932
28673
81609
60659
92804
52025
73005
38203
17713
25679
92852
72805
67911
77370
33965
37467
22108
43962
52022
91753
5530
70916
69436
54224
49177
83252
48009
29005
14018
35387
90427
58999
19649
79501
98966
79162
65197
7002
30868
98052
71068
17453
45210
47529
66309
60437
28472
23675
4982
50817
56011
84336
56153
27205
27356
26293
93763
27487
68610
79082
31551
12115
7875
55194
55468
56555
6077
96369
35664
15451
68267
2678
22445
28652
77383
93446
28836
72919
9093
78624
12102
92076
46964
55151
8693
50631
64233
92530
77468
25932
1894
38853
45520
27699
93878
22083
10699
38441
16612
73498
75661
28220
46225
49513
35308
75140
7229
27676
2284
53083
74542
49942
33056
58251
75044
95555
85364
61563
47817
32352
3605
30339
86202
25208
56090
51923
47884
91567
50356
62493
35239
41394
39482
68841
49675
9883
86646
77752
71165
57088
33732
42249
80502
73575
38459
46513
64679
35884
29455
13155
71413
42836
54226
65362
78388
83823
69583
62024
64067
56023
81882
4213
71189
95683
43369
30366
84050
70733
38823
7435
72933
19546
2065
28697
99967
54990
83573
36201
54356
75569
9310
76606
60094
41489
19777
97927
47372
69797
52835
65997
28847
53761
48507
73360
64003
24541
59672
1387
38677
92686
64598
50029
54921
39130
18180
76678
65849
20702
79672
98605
17119
12861
78274
74139
8787
2642
5319
35533
38651
27199
26429
28174
14717
27234
2525
19189
53149
75340
85177
25581
30180
1384
78104
6136
32373
86734
15437
97554
86403
70680
17821
56545
24351
86512
52304
42182
38920
71045
97101
86179
78081
53244
90841
15915
95218
59987
56063
94789
14601
4803
91707
74262
32239
73802
16837
34632
94491
88608
69175
43048
91035
55567
94352
64660
23951
9349
25844
30047
62752
56315
92154
61605
66919
17091
93378
33550
2
28943
95641
86186
16160
88891
45081
35047
29892
3311
504
5092
43704
57884
30126
12624
40456
43644
88223
75475
50395
66169
59661
26963
65618
36752
84578
88033
20140
1828
262
95941
45562
11167
89245
13352
70484
58921
71468
23660
43936
53864
65620
71837
28509
70435
96227
54436
32566
9649
33066
98847
96652
64401
45944
25216
16045
93921
33433
42369
60459
14762
6378
62713
10458
27714
46102
661
83863
77620
87388
44663
55541
94425
90923
94108
44892
27779
23541
80742
4869
28582
24907
83658
43055
62688
58208
35242
26011
55432
47641
2323
92753
89085
7502
34125
57619
53467
46779
39908
43099
45840
94936
21987
11143
32750
22142
3329
42763
32186
2380
14914
43046
72427
7139
5533
16807
61341
9991
68483
84423
33503
69615
68232
17867
62666
90631
6647
40850
67621
51105
10547
75996
27306
90785
67729
30714
25046
67998
9568
61339
53738
56074
47807
18653
52131
23028
96369
82887
36379
98933
76969
24235
25233
59119
7259
29282
96686
46161
87463
17026
7008
32508
64090
57521
48387
88740
14916
28083
88541
10147
11146
30246
46086
56409
25032
79290
16932
7421
75762
48362
16296
74695
2424
26156
31263
68539
33533
14563
25847
86297
2065
44427
33348
88036
28353
83986
70978
1212
72440
77575
5746
81558
19043
37061
7199
80802
1284
76168
49653
19148
31075
92018
21362
71332
39049
59041
79515
47003
19295
62905
78751
93844
39969
50357
27802
92261
92408
58199
88353
70459
7831
90007
77685
31941
5898
65947
92902
37945
9052
93177
74221
20135
4737
50545
49375
29308
22713
36593
37184
79792
20667
99715
35439
5864
27652
30360
32953
86690
50961
8621
14684
83669
6358
49648
50268
43121
99746
19892
22830
96121
10839
19013
76833
80093
38667
84719
18704
45518
60124
48802
69164
33403
50035
89079
17518
2450
89677
20054
45170
83475
66370
28842
76997
72488
1110
60950
67488
14583
33452
88675
61373
28980
72193
60960
11203
94343
12229
74448
41463
17689
37061
50663
6226
64376
46635
80491
75748
48904
28130
92184
49476
82131
58224
35602
52427
47321
90054
54291
78749
26367
7506
97842
35593
25039
7673
85562
44128
92415
5782
29951
88225
58942
42034
52931
96242
66461
38606
15661
93245
26278
15763
26834
83952
18738
57349
14017
4054
4088
48985
28668
49918
30130
96538
16814
98095
83253
52264
3653
5577
39510
23449
25231
22342
23141
31261
89354
85274
94749
41668
70814
6617
73516
26048
67045
60107
3420
9458
81360
96571
54388
63761
68524
65081
28104
50683
1600
25351
82157
29756
79010
71751
87022
83890
49480
93726
63167
66688
57883
12164
5256
69558
53419
49935
99339
16588
54165
32698
80748
48770
78335
10119
64017
48232
6665
81570
1490
48844
24466
41895
20253
30421
30430
66327
25056
33265
99643
64298
84049
45441
74085
87090
61553
6875
17620
22019
98677
75919
79592
20427
63221
57732
75092
89001
2001
56046
825
35670
96131
91238
55685
41275
88253
91992
77039
40633
94929
64731
49395
3956
94091
96626
16077
11111
1995
98469
92377
66093
3709
99
1358
25581
93063
87582
94793
13239
43612
65393
79437
68215
47963
37832
56878
3543
17982
25363
24182
75327
81000
34547
47220
63345
90583
71585
49884
62071
52444
25445
79988
34056
63725
50463
53053
3856
85095
27038
1055
54554
67836
74239
17262
71812
66472
51184
30722
87270
54662
85718
20734
8928
82714
92378
11288
65930
71320
67693
30028
83947
70444
93152
37348
3458
70194
79052
38253
10097
80797
95165
92557
57251
47453
43434
65440
47416
38223
70431
83415
78562
90988
10015
35021
21407
24698
93496
63812
97120
83175
62472
92165
80398
84119
36861
26364
11042
43353
35966
41187
23659
30865
18174
68354
33711
63677
79653
82441
91783
33129
4570
58453
49177
23995
46034
29312
46262
28000
99272
1744
88841
46202
42718
34726
61601
19692
7755
87040
9038
81463
27090
46038
46236
11756
78600
18732
98918
92631
80271
29949
45870
14140
26960
82949
49245
38333
44648
63893
88867
90013
40140
82924
75915
10866
87564
4740
98558
43716
44529
21032
69625
30397
68388
35198
42276
60858
85404
53958
84625
8862
64438
50045
97617
33404
98821
46754
48538
31675
95817
28779
17899
81533
68529
57830
61116
49912
11923
92087
51729
3545
8397
23981
98976
86761
96497
26812
21422
35118
76821
9742
52000
80079
26302
53859
72901
30646
16309
72892
27428
52045
84030
82127
51489
75913
20064
75646
54528
57531
86624
70611
36551
62728
21480
49081
92570
22486
17825
39606
94364
78930
36025
65781
83445
12229
70115
777
4731
31341
1611
93287
14869
66181
18581
55479
59252
74265
20465
85989
28389
8190
89901
55608
43703
41453
71405
80739
84731
54079
95666
28876
72599
92168
99305
72891
24284
92397
8114
28930
50343
93405
78459
21488
91514
9941
59824
30789
22744
1996
57496
77525
90771
69671
7667
44754
9387
86799
63545
63224
66653
26550
64799
48634
87644
46747
31999
40562
10746
37443
48791
43420
61378
19014
45955
97422
43820
76405
50190
24870
93701
94730
59177
12735
39263
67956
35650
48334
84748
82514
52829
40130
27989
54135
24447
73140
42730
1125
84249
3570
27576
37702
84137
50788
61418
18286
9191
25454
64184
57643
62201
5608
57679
51592
64251
69902
1513
18340
7111
55190
28726
29553
24982
26205
7139
20539
61056
8046
62300
3054
16126
27326
88706
79951
63028
32482
96072
72179
10564
12192
49886
23752
44074
3661
83175
29120
90860
87783
19166
89902
74947
71619
51224
66798
45620
3064
29224
28873
26614
15746
92891
72211
83813
2930
89130
46039
63396
94069
33473
94985
42485
88263
87984
82125
29827
99258
56780
97200
29847
6781
44464
76400
43882
70106
71729
93922
23102
35092
29352
77107
55160
56614
83814
92521
21050
51073
12881
95903
81401
39943
64452
83122
73048
83532
77450
1775
33200
54598
44781
23273
79067
80701
91142
38424
96663
15378
54648
58683
36205
52832
47984
71412
54745
9863
94668
95388
67625
80265
61827
17126
31354
10860
89302
39690
24380
17546
89746
50714
87994
19884
35645
20113
55857
94766
8529
54561
64537
66828
57377
53044
42742
33978
99063
87649
49038
2400
72333
23938
68086
50498
4051
88893
19015
60859
15637
4172
49993
97023
88654
53469
96142
50700
5939
17275
88193
57980
45826
55083
10280
87159
4967
70346
18577
99496
36390
81375
18896
21183
26387
10978
52258
88451
20139
80357
17593
29028
96812
19536
37923
49955
70346
64276
50715
49578
35890
16763
64872
19702
15877
89493
21320
33874
56014
31800
39794
68544
1294
27461
27058
92062
79851
56404
91712
86532
39357
47015
52846
59172
37112
47464
94962
58542
12939
71788
60066
25036
41669
53195
82972
59284
70226
80050
71394
63475
50496
41971
83072
16257
1061
68738
60928
60128
85905
45838
15327
51276
1857
53727
6708
77874
58461
97448
35539
34590
63622
43971
10219
37489
8907
40434
28425
67669
32361
92465
52191
54134
31322
58660
62432
4998
22188
98752
47361
50453
83576
44456
90543
52258
65454
60116
84283
41373
57317
23946
6276
27819
28636
81136
19236
49846
79631
70941
78059
54366
58032
33693
4598
27243
16855
53471
1097
65448
43510
68945
67072
89459
97030
35513
1563
57438
63629
81758
74432
10092
35566
55426
77026
3493
56002
74146
76430
71200
98619
21995
74336
80893
85201
51049
77044
69730
47234
65273
5946
47951
40220
81603
13834
34724
95739
76166
32121
19233
6296
13509
1103
9854
18726
3099
52529
47778
9316
88521
57200
84979
98104
48847
47844
49633
8911
60693
85540
99204
69323
42749
56769
5944
20962
78371
23824
4053
60777
41235
11709
50683
73433
55445
66632
86595
53889
92316
38604
38890
29706
15699
17188
32355
65180
53687
79618
93214
42074
49078
8835
33028
66041
31719
2277
76928
60478
90699
91883
20275
21064
19654
1429
20282
30089
60942
52073
37447
35413
27487
76021
34370
56454
2285
31808
7875
73432
874
87648
24079
84441
97100
10373
86499
93916
27228
33287
35506
8141
95467
68588
71926
27797
47731
72695
78554
66424
99087
58017
79433
40300
89748
38500
35342
24540
82046
68181
945
52318
9619
29842
93379
96596
25250
62247
99085
57569
17469
52487
37015
87301
96865
53084
31080
40369
9827
57473
44924
79292
23856
56884
6708
70966
70249
60636
55664
71665
81467
62820
50748
11030
54526
90586
50286
17019
66758
75028
97670
33621
5557
85518
60433
41211
71895
18516
87637
49793
50310
56665
53554
23831
38596
18710
919
22349
63591
1354
67657
23414
18042
34035
32053
42945
27201
3003
98333
12572
11201
78952
30507
79882
30353
92168
50862
21741
95245
98517
97100
9550
41509
68125
38508
18122
79562
37286
37055
37104
6209
55239
99486
66852
95358
49638
66280
62802
57320
54253
27990
35733
63058
7818
97757
56529
86574
98859
76168
35156
13288
49516
98199
5116
18407
45233
4709
88101
80172
62554
66628
61280
41516
97410
15451
90679
21231
19528
24529
60174
31114
60760
89629
39447
12715
9205
23445
79126
82564
66844
27769
41128
72774
31550
63305
30224
28940
94093
77160
35523
35579
38339
45762
35109
19766
60343
95497
84167
73821
37232
63789
74062
1678
38464
33812
28151
73880
40367
41029
64099
21247
5598
8753
96692
13001
32187
6068
39890
63432
13044
72774
59621
29611
20570
3426
89648
83934
93050
10202
12073
48526
41822
30333
28871
9268
72142
42442
73047
24125
22683
82917
32737
75134
45577
5703
5130
79361
71150
84754
30508
66302
29946
96630
21751
66632
61028
83945
83743
70885
20562
16125
84795
4433
1622
9652
25918
3674
55630
86339
19922
10346
18071
42171
94586
93190
47502
2423
90445
92300
87596
23828
27597
81233
84355
38877
16844
51525
41751
56299
65359
6771
636
3636
10225
70525
7291
25601
89371
1106
10010
29873
98861
37181
33192
65864
34178
62174
64680
44283
72211
12534
17738
77242
1220
90073
80019
20713
42373
55606
43891
51083
90322
29001
84208
31082
3609
3879
66119
8382
40958
81591
34121
46589
68732
57769
37683
59715
92088
68018
43562
46859
46787
39108
55057
8386
54321
32134
43472
42653
36418
91224
71532
72676
12279
95809
52043
26530
44713
69523
57699
41084
73773
59606
24521
99800
77456
84935
29723
87077
31583
64347
85884
47040
72317
21229
70285
25934
68517
77871
40553
95698
58428
26964
40738
73375
7860
10343
75204
77456
65219
67957
18733
55627
60856
100
77567
59199
62966
20972
14651
37340
82138
30813
16380
49915
4841
54173
45141
22203
18817
62949
12549
57924
68454
34103
85016
8930
38289
28933
90904
88740
73010
67711
72221
22409
79877
52308
37020
46009
45175
65021
47173
54106
21319
59843
3964
5308
73688
99970
18047
8288
1463
87219
91967
45323
85183
98195
56838
40537
26285
11948
61342
63182
61159
45957
99143
33131
11882
15471
55895
10118
66283
75873
90225
46633
35864
17741
23555
4181
89676
86615
74272
31402
38485
35671
67951
60846
99117
21864
62894
71564
24468
61287
33384
512
78189
91754
30166
82431
50233
50721
39835
76249
30316
74721
8094
23405
81615
33954
20374
798
45880
15476
29178
89728
78246
34742
7288
64719
3831
81415
98415
61014
64407
3707
11599
87285
84853
67769
85837
85847
73452
49253
78159
55415
14176
14239
2465
48395
77736
4981
7379
33905
92600
57781
72901
82520
45641
73661
71847
55797
47532
63562
26321
84820
52264
25177
70492
25072
86261
32228
96606
28199
84599
25911
7092
69096
52726
47324
30106
8700
82086
25529
46181
41518
28456
72861
68817
25943
14242
39595
73540
15181
3764
19024
41396
65104
61658
5307
13745
99809
76437
28106
24557
32436
3558
69504
96643
57796
16759
11591
1175
96071
67008
65983
50881
97932
15307
31976
15995
11267
40324
68900
91248
1180
85233
14745
33473
21979
66271
78221
84175
11773
71855
56068
53303
36313
52836
30026
62878
66729
70700
20092
24173
19045
41911
45336
21869
57060
46762
22070
97536
72860
18197
11376
56393
57395
195
69915
39357
32770
65427
80270
57962
83467
57878
98046
24297
44999
90844
88285
36217
11650
32519
62754
54169
79443
58395
36675
59729
3012
13642
48019
10244
17319
57124
26039
66230
62375
64355
60319
27785
69662
68902
1166
32486
44390
44335
80944
10821
28782
63203
70943
42906
45809
82015
28756
98366
74550
97557
99504
58781
54568
61786
96578
6936
39035
71237
97420
46548
26672
37429
12944
63087
58326
65399
95436
61100
30898
83495
30768
72140
58779
24858
92094
99551
5428
83388
28350
81394
84410
17401
7263
53523
12326
48052
92290
40340
94110
76039
75479
87917
32881
57518
51220
33485
78658
4972
27731
95373
82773
24723
22413
23228
90069
40004
31203
84712
98342
56799
21841
29387
79099
69540
75980
86836
54033
23051
20083
88862
34827
75619
74903
33318
6427
61209
26622
55513
41992
59904
94207
79157
41279
29291
41218
97317
21188
81412
93846
67408
6548
45205
45650
20964
27489
91895
40256
16053
87456
46719
58105
78011
52373
72316
38965
88840
59590
52314
99599
78767
98840
5525
69911
57599
76355
38834
26721
80725
15771
75718
75879
38687
85214
31823
30597
92873
65540
14539
59734
98356
8426
48336
61338
80360
43039
29258
12630
40513
33778
56147
36162
30632
59942
67268
39851
46384
87095
67126
767
21142
3057
38121
98088
41035
86876
82437
72287
84148
89562
16773
54131
52246
28987
54792
77458
34611
97788
82675
57172
44547
24669
28605
31971
6254
61872
67683
11550
61846
87399
98461
84189
73352
32730
28665
33449
88036
70343
43753
14310
51071
10912
29205
88037
69092
55503
96402
73054
83766
73224
10795
43896
38606
71992
70501
74549
85293
46645
77144
65399
40822
27409
40378
69991
85684
46404
41045
17219
51876
65817
10328
72488
79810
18191
23065
21639
36699
7361
92919
1214
66992
8603
83865
5769
99675
94083
81122
32377
36448
61259
2712
8685
82701
51306
21763
87555
82092
16997
56983
29003
23696
67042
59972
45917
47551
15871
16706
35436
41920
90167
15202
80433
94484
73573
39534
54877
55808
56170
93362
69027
3124
65602
943
98025
39469
72947
73899
80426
46208
90292
3180
29796
44148
71900
22179
22012
63097
60353
38819
54767
29107
17846
5329
5091
98398
54595
543
38467
85581
42599
39703
6849
59765
36747
79620
4927
81819
56501
12429
60714
40158
18066
67269
78279
65219
57771
76929
29151
95408
80647
76186
62273
2295
97675
45916
47318
84929
22577
5590
61864
40978
46140
59440
27871
12786
69469
49081
94210
38361
52510
25238
70133
21378
44077
64105
34820
95172
33683
94836
87528
172
22611
44573
72950
99179
25479
25926
78745
86240
65519
72781
89607
83492
66696
18983
4866
17089
35389
63017
53099
61449
14798
33384
91337
58741
24664
38879
188
87690
84154
94590
60377
62509
93026
32170
75794
33444
15672
5321
39633
28586
30716
54718
66633
21585
62347
93320
31248
73822
22179
63437
74176
21028
817
50493
1753
68156
88414
26482
3750
46494
81859
38297
82342
33156
45228
75181
35156
21392
42393
92499
40616
77463
97637
4353
62865
42825
81344
29913
51445
95235
17026
4851
15572
49312
45177
32629
29328
25491
13573
85296
35095
79516
70170
89841
5519
95710
54379
30811
66297
62336
96580
29907
71729
64467
38680
33525
56600
20217
1794
30482
12487
8289
55603
50044
77444
75443
9201
36259
62522
18482
56972
97795
1471
27526
86371
68890
61588
91269
73339
46140
18969
38956
99150
75412
53578
77277
95114
18794
39985
69837
73414
41952
94033
89243
77770
84227
82768
25921
29809
93379
64516
70558
11493
47712
43801
39560
63962
2641
85086
46548
4883
84930
16040
30526
44182
86386
66985
66012
62230
50436
98426
72590
46884
23445
97734
84378
39871
83729
93526
84500
64776
14155
58848
33814
72649
25567
12516
42205
46931
83830
24028
27857
68769
6482
278
29640
14964
33469
59058
24643
63855
46890
58686
95556
45304
43888
61803
23435
5746
75720
75658
54330
90377
29831
71515
30351
6634
63023
19703
28575
14787
28777
14309
50472
87499
63585
47216
12207
22953
12286
52183
32024
12131
5597
82637
17776
49569
39467
14893
96600
31506
91549
94486
99653
7388
14752
42109
92970
98309
12345
91882
67096
29050
15692
21881
91941
41244
66015
74558
76303
64156
68478
80470
81053
9756
24678
26602
60838
79229
64778
9089
83452
51807
65243
11652
15370
51778
20554
35540
43125
41354
17227
48765
75675
40857
96914
72348
88352
34965
12610
3222
78202
12070
74420
31883
61771
62054
35054
66523
54225
19811
49724
55007
53986
75404
99314
3796
74400
40589
14856
5345
40411
10506
71061
36901
28258
52689
88790
53356
23725
49187
85873
81192
80002
12051
97031
58754
84057
95871
28509
87448
70123
10204
62481
79713
76027
76589
12673
69991
55496
49109
32590
17827
33049
73577
18657
81853
67153
22480
54940
26955
74300
93569
59404
65622
95123
19016
99098
10068
80564
59502
54411
54020
26302
3491
28066
90306
51274
22648
19346
50295
98886
7833
68569
32944
24237
39534
38426
94689
75830
71551
16979
44667
50699
93792
33292
49363
92677
10216
30365
11462
5870
83817
70517
13979
86905
27360
9305
37854
89553
91516
57170
95300
41995
77791
59228
74174
66057
36112
58791
33209
39024
86941
80704
45473
31996
97309
5045
69826
48746
41009
12265
45967
63242
38558
96669
29121
65467
89870
16680
25903
45390
33720
37797
50164
24516
79377
72060
84790
57510
97493
16656
15683
21980
65821
81784
74960
18013
493
25978
26174
49555
30523
53335
29793
2286
5276
84417
67960
48050
94453
15873
23995
43326
38255
46884
40217
15380
58697
69963
45489
40410
2184
70511
37526
4517
58511
15043
99541
94198
19378
82631
60592
19667
77668
23585
77121
64873
71504
18487
35777
87596
85672
77417
96794
21610
94309
30230
344
1460
26682
10729
93088
20790
7200
21697
31953
51078
12260
88072
58759
50178
32083
28244
92334
94362
61778
28900
51681
29089
67826
40620
9136
2398
84998
43457
72899
35469
2718
39207
94751
63820
59607
24152
92277
15335
14154
36807
51359
61888
55268
76669
40064
17933
17866
46328
99320
89164
18266
18405
58527
45811
59681
51881
44104
89227
47656
2274
75057
11061
94522
59976
21680
21618
14323
5746
19368
89590
17362
65396
51439
10160
34366
51417
20679
36816
95460
26983
85404
17948
62307
30857
53553
55043
17347
87289
56052
60205
18833
7780
86787
68473
16020
71101
2236
47166
71965
90235
64394
81054
24987
80455
12152
28183
1834
63505
12617
95846
52496
65633
66820
90534
8766
74896
82478
34549
60652
47441
27347
97427
38706
76023
31838
926
13395
46281
87369
78114
41553
61429
86676
5637
41809
34645
46758
12461
81850
71304
86338
62198
66438
97428
52140
68850
89493
97163
92365
93496
21876
27135
4807
84666
23264
85492
66875
43417
69695
94006
95909
73011
48168
99038
58875
72114
96794
52506
5010
29805
74468
33629
11505
67713
86494
70971
906
21583
27118
45337
13958
9405
4698
34660
94805
3484
91752
13806
86293
45627
9887
26484
27773
41543
11909
8167
77255
5325
61755
19087
23877
83411
46283
36089
50979
58743
42963
69841
62135
83083
5667
96624
97070
4552
9214
64698
48181
39206
37388
12348
23050
30457
94417
27852
93142
21435
23201
6884
80298
71648
28994
29410
45407
15482
46249
55870
95787
36044
44656
58430
31213
56784
33967
71556
62783
10413
66020
76137
11784
90780
59323
16536
53970
18024
22064
96740
99475
73383
84433
56226
73690
27820
11565
83603
39472
11982
77090
92979
37272
23375
2388
85898
11544
12049
70210
950
33496
51827
37305
21978
12167
27077
40806
97775
28604
75604
56498
57694
45300
37627
54893
90168
6518
17322
26183
19111
25386
39656
3379
67146
86981
76480
19766
93685
12643
18905
89788
86042
70090
47980
21340
41086
1224
23577
10739
44773
83984
30871
5047
26063
30191
30808
22896
68822
98184
40400
87450
70781
53793
13228
99192
99864
50692
18403
26450
94948
91297
60484
33878
99433
72834
65556
53694
59869
17140
25782
46104
66273
23172
8861
11920
76164
55083
79035
62854
63702
87810
46811
34401
28030
9634
56049
72108
1225
49286
53819
4606
95971
35374
13522
20986
96457
55860
25666
59688
32926
9759
13539
17838
47628
64096
88601
77901
36291
16200
99224
18396
13737
96570
13895
346
32841
58995
7808
58042
84494
26609
44880
545
98467
67370
80578
86934
92818
25755
20016
51931
64284
7972
42430
14659
92499
66153
66886
22840
99650
19265
28127
36342
20173
27655
61762
18792
5030
5292
42656
66918
13061
68846
82617
54681
75134
77777
59001
14001
69939
15728
15405
77028
21261
11042
88313
67509
66802
79924
31949
48152
66844
53187
2252
65815
81366
16037
68418
36722
83230
83686
40067
34845
13500
40199
27241
71513
19212
28058
76420
57001
83611
13726
67194
31299
17468
2502
1643
45177
52556
16275
39424
96654
68907
82159
88064
70474
97981
69881
71216
68760
12317
17452
70915
55277
73366
65
85433
9192
93048
63143
96320
33687
43287
18005
36302
36632
86111
67868
35531
63373
33780
74957
16098
27123
31144
96071
96724
67152
54079
24332
39625
36368
17463
98088
63168
38826
74655
19353
32414
80878
20304
45652
46282
96771
29150
44822
67989
12302
73972
93350
72146
62415
54263
68086
1911
69898
65998
98943
7918
27923
14535
53313
13583
82532
7484
74804
57923
32083
25794
38360
77123
21029
63443
82412
19517
37531
73905
90068
1975
9084
81757
22646
75628
39282
19970
77770
68180
42660
1073
30708
68673
24393
74213
65555
38162
54240
52244
28352
27898
89044
94281
60428
90838
64496
48174
18554
52250
49893
32171
2986
8845
67935
88152
82972
20232
58288
57387
42622
25326
33925
2712
17662
6062
54865
1357
90064
6445
19324
86943
51253
40002
78194
5573
86163
47740
43463
40140
37016
51000
69087
40472
45052
67571
30873
95278
71245
37039
14577
19938
78496
73427
53875
38200
13005
4643
56824
83170
70097
91884
29458
2471
69510
36945
10618
76915
12431
40359
74945
63054
72956
63951
76414
46185
1871
55031
68197
86342
6906
70352
50183
74659
27804
91566
46072
71367
377
35172
51404
80419
97450
89584
37755
56850
70655
56805
11998
37208
23299
21237
21834
36115
42988
32518
69879
45711
79253
60153
76741
88772
80288
53764
51080
75944
77383
2652
70123
13106
85300
35740
52067
80695
37817
1994
30782
91871
80340
37335
99482
63340
35265
89438
63373
8004
60619
28269
33764
25249
17449
61984
56113
36172
90808
88295
37815
5024
11311
11384
75253
32550
74963
89780
53819
85724
8512
24393
76475
5841
8462
16136
91106
75467
45879
87168
52326
708
73779
92621
68289
8230
76689
44172
87873
10059
50297
61605
7734
19142
34444
33880
3195
98998
41723
49763
26821
99783
94412
91347
2407
9738
37636
76780
21491
19190
16947
36396
68885
68895
40260
43776
36608
49564
75740
85502
91847
42479
47887
43007
8794
62111
95836
15905
86949
89442
18114
7319
62082
92916
92791
68750
90437
4512
3018
24777
98589
10844
93785
4565
60781
11516
46792
70968
98929
80403
64387
15050
77822
97323
67946
85902
4098
41007
30778
96532
54657
58642
64536
35730
39340
64914
30096
14226
20411
93742
66935
66694
17831
79483
46358
23207
4697
69729
20836
63925
7277
49423
83467
88809
2440
11811
75229
28229
61767
42215
41617
94454
23595
41850
86950
91848
29773
44884
78833
2487
56576
9773
60160
80658
55500
86703
42737
94066
48691
85140
26655
88642
11567
86664
83714
43683
83197
78127
13619
73674
59379
75718
33499
68505
14171
87727
93389
57362
70014
42777
96774
50136
28753
46309
2530
90548
3180
58749
71171
76867
21975
82750
74146
58927
21380
81186
6101
28453
386
17874
79276
55800
12822
6343
34563
7500
72592
72333
76704
61532
48402
45430
3928
35690
80566
32830
8076
84925
47778
20496
97996
52310
32228
53722
85369
65313
39451
6923
55081
28604
13572
66684
36570
78911
61097
12980
46582
50223
78733
50515
6033
53879
17282
18085
76916
16771
87771
6695
51709
30604
84412
40146
47158
16031
93987
30090
38098
76275
39534
84508
3407
49114
81443
36366
94953
80420
53420
63291
59561
19772
84274
99335
6884
10609
99771
69001
51190
11846
35701
5669
52138
21243
44000
2973
98036
44257
39576
78435
43514
57528
25129
22133
82085
11473
52389
19272
38574
77231
63451
72738
85148
50748
964
88681
24462
87624
31454
77356
75079
88189
67327
24006
68386
71546
75198
65036
48275
8676
8853
56946
18102
58204
16372
55391
23777
44184
37072
52213
82884
56464
50560
641
81870
12959
31420
80002
97350
7073
88669
14995
73014
99802
86082
23345
41715
85540
18459
30807
65263
35737
78853
11140
92508
87468
46798
89945
53798
95097
37291
52739
24164
35640
41757
64473
67089
47822
60121
87869
71872
97327
3521
64337
29565
83569
28277
11409
62666
37411
35702
27998
83435
44400
39842
42997
91363
98890
18631
74499
95614
44450
82686
13256
57813
33329
60085
46990
37765
29315
6512
91081
11276
40153
76360
56587
42498
95426
26478
27559
7792
44478
47089
83665
97716
54959
58569
94022
63110
1664
82256
15836
86599
5171
75324
15401
56553
13333
77327
67352
16834
77778
83509
53955
82006
31546
28372
46066
18884
62662
49917
78185
57969
96215
61493
55287
37031
70062
46443
41424
17298
83330
34358
83430
76987
36255
85727
10226
87176
42143
54468
78716
75842
74095
81196
36347
8004
69131
74005
73351
20515
58708
90250
89822
92974
37572
15032
38071
15645
19210
48892
87189
75654
1856
1329
33593
84178
74056
68058
16826
84733
64922
24846
26641
87201
60450
86824
24374
34907
8506
66553
48081
41515
6432
37973
35586
98770
44
82335
23329
16768
65125
93202
16540
74302
42815
36253
93894
77207
33834
31253
51639
53124
3119
53801
6451
97342
56739
67647
35719
30681
21136
73727
22233
16572
21483
42437
93995
70357
26071
24828
37422
37281
62209
46013
9677
36840
90894
40027
93402
53521
49683
60984
67995
59969
55677
45672
79461
46040
7876
6312
53963
89290
82601
44445
82506
37670
68934
17624
75739
97724
76492
7755
59999
71168
71357
44345
83918
95375
62712
81328
93631
64738
76354
82637
26909
78892
21093
40439
3067
71086
10565
37243
92137
35614
76573
28245
71618
91566
3006
20985
76746
10814
40428
38746
23856
70609
3723
12627
68974
29685
95559
66570
45619
50764
29060
63333
95481
84031
74892
82886
49254
79003
55862
49859
55531
66214
3898
34759
51494
78702
35105
97000
82578
94603
70959
30012
25609
8983
33608
80195
27972
94139
74672
70653
98951
67035
50630
5140
41718
52017
39319
59214
33767
13944
75123
84938
43193
35686
29988
7698
1127
31382
57775
88276
61985
68902
41558
12151
96167
99076
15403
52527
72406
69605
63345
94169
57250
92098
64337
22793
91313
69926
16641
74350
57777
5913
77583
89036
36503
95607
34238
97658
84646
91512
80998
75311
47425
40077
26769
35500
41407
5654
75718
79904
35763
22253
22251
92341
21876
73587
97239
55163
64608
67268
85982
68949
40231
420
77240
67368
9277
58957
6833
83948
24790
60326
2279
1010
61455
26730
49428
16359
65346
9216
5309
42083
55785
80272
87452
79829
19363
6317
67904
5407
26756
70643
51270
42043
130
90522
51879
39051
36426
5585
17729
13026
7106
38800
10354
14702
55937
36781
13239
73139
49500
67869
98930
12408
12907
41121
8767
43538
75450
98171
6778
35971
95980
31558
67890
52570
18915
22349
59383
39962
12375
52113
22269
70827
31609
37336
74760
37202
41949
14342
58208
51649
59
7164
44686
2437
17378
4908
89812
88161
67024
5752
61219
77052
76858
45670
29235
61160
60125
47133
77474
43285
56627
82636
15179
89709
51
89425
43303
27612
31501
93312
63872
70517
86505
45238
14745
68024
66315
65552
7044
91081
47165
84506
94433
72038
63479
99523
17260
9164
35507
71897
44895
48126
88048
84350
91015
26262
4859
41001
57030
25173
95012
61843
93691
5109
73510
55167
99982
68754
48814
26393
76095
25216
35296
58271
14391
2314
57006
88397
66133
19121
55850
75031
98506
10933
18541
20666
19276
12915
27744
71330
60223
91513
95778
95024
27533
24572
44060
16413
2201
28411
28927
30821
70194
43314
54898
17299
20445
47522
76534
35944
49623
18846
7765
42905
25019
93232
16510
37801
77741
59810
9805
35691
44675
11262
87821
93337
55160
99719
99745
26472
47346
95380
27816
94108
14441
64284
83070
32550
20437
87388
69321
40939
47097
47712
2809
1690
86628
14500
391
65626
21009
93295
83841
55523
53042
85943
54154
26567
17829
30832
73407
96006
82528
14768
99550
86019
26068
31503
28669
42945
78924
12426
21137
9010
27037
81643
83518
21529
45052
54693
57343
49510
9226
16169
75935
56715
28936
22140
6539
17929
50958
53503
42921
61778
76414
11964
57312
83879
59084
70151
47236
84873
48054
8048
95438
45075
86635
89508
44465
16097
9531
51975
72784
1723
9849
5960
80572
27187
85234
4324
45534
19268
28516
46197
47253
61496
1609
69345
17809
68361
70606
90842
54516
15540
15527
33497
94951
93520
38022
17366
95905
30818
7812
44577
10598
17820
11326
80115
54277
35055
11887
8146
70179
63382
80449
3340
60988
52480
33937
91341
78612
65763
1254
55430
39185
59595
89330
73567
21410
69587
14778
25245
9717
39358
13034
82175
41335
84154
6040
19931
21402
69366
51056
35218
67741
60419
93476
33421
13151
36552
3939
65921
62333
16129
57
88610
5264
85625
28771
99376
41877
1815
56948
79494
572
92481
61391
71803
71715
7974
64885
97556
24753
4441
12878
90201
19222
40037
7155
70584
87479
48138
61813
83045
22253
61316
69705
57965
77986
64839
11192
58382
26054
21152
47381
98260
46229
6090
56163
42
22129
56389
64074
78855
76701
46455
91966
44235
69967
45470
12361
20147
8964
28358
42736
44300
87392
88789
64191
91876
67193
99036
52986
35252
83547
19792
87999
15141
62872
14581
47453
89363
33843
96896
20158
57684
15352
83723
10718
34485
10159
51120
53187
71964
60008
85082
64351
33230
30484
1323
24453
83651
2318
79371
65225
91693
84501
6896
5311
92940
57926
40797
5314
78441
10045
42781
64347
6785
99068
4405
34840
41581
41707
92144
56059
86170
71000
79008
3515
41486
58406
6309
68602
1720
15033
66470
24536
17925
10078
63896
15990
34101
25846
30131
26247
6558
89820
40381
49863
96946
77374
69912
86621
45083
66666
26102
66799
12896
63819
57813
83828
17626
76969
89841
90800
11189
85029
88499
92904
36560
40063
13114
31493
67116
68080
63023
81759
51272
48677
85860
9312
12645
48862
7064
13453
48032
58485
63699
51457
39784
27996
21317
90162
80257
45312
45163
68897
72132
93059
88072
70841
26266
71530
36351
88999
54949
69634
68067
16793
65261
55196
61529
49136
34489
56764
70578
36983
19079
88982
77212
37677
35030
99367
56719
94557
226
96018
15955
33724
64808
5989
85589
26362
83322
7040
88674
38660
41175
94119
64183
45135
47725
16527
45008
74291
22481
61431
26213
35112
9294
95731
23853
77665
99485
97862
82186
8025
91979
89934
48473
88691
82263
55593
46344
46813
45848
99742
99725
11006
96546
70134
1798
35501
14057
22943
52859
69612
69032
51181
52643
99234
50587
4399
26903
50660
72509
20599
29938
88969
9915
28985
44860
78778
44890
84011
96016
74799
28955
69415
80736
65628
74443
60235
75220
46824
97115
32905
54879
78291
29569
11479
70622
35479
49425
51958
44178
32873
57726
59032
80771
12740
17066
97274
71205
18128
21804
30880
40727
26071
48881
59403
54114
76361
66829
72666
32948
49473
92225
51063
76769
13658
94996
3690
16240
34680
60465
55146
97272
69323
80391
19111
23523
94669
2053
77482
30663
31863
69819
30294
90037
20617
32733
48085
51385
188
80738
78516
49426
79884
82183
80540
36018
61911
70361
28442
33835
58761
91155
94781
83280
40234
92880
6539
76993
872
49238
72187
6345
24223
35940
42864
50163
74448
40807
95507
51535
98367
14672
64692
70225
7819
18155
47629
80564
43666
14444
83526
22773
16639
1662
15131
12375
41041
66901
11932
53675
94322
18819
31973
49571
95826
38729
40479
4461
52246
85929
81744
54040
74538
74197
58753
15401
67308
92627
54636
2701
49572
12817
8049
88701
63629
45869
15013
94768
64058
33182
60721
476
4154
92869
24247
1703
28200
41638
81819
65616
96538
62178
80856
92285
84027
94537
18210
37101
8547
65048
71894
23340
78491
10579
43508
84750
28575
84055
95944
64143
38805
52953
90624
37440
41297
242
48670
80914
76936
7816
34230
17100
24904
96806
87604
57199
10833
27353
75471
36121
18646
12538
87592
28749
53096
33003
29465
68578
76348
37486
25181
77905
69936
4398
28376
70325
50046
26471
30094
85349
50217
6399
12415
6183
98033
21233
48924
87698
67579
49565
49229
21994
45678
55021
35085
66497
4441
1400
57053
19188
79902
92739
49842
3317
41619
16620
22522
10435
66537
12779
96086
25079
8240
44781
15167
43427
78678
18517
23240
92204
87588
44346
67673
2387
59293
5023
92081
37433
21334
36633
12529
31674
22765
26170
15889
19301
42830
70753
81885
6514
9311
99423
67139
85490
92209
93241
14737
93377
17887
28926
64074
81182
77258
49472
39783
92120
57896
62067
88386
16102
66940
22840
6049
9689
27743
68655
78094
55522
94076
81913
29157
40386
98326
65313
81948
25347
12222
74907
45813
520
88001
210
90967
94181
18854
32420
58522
91793
60787
50787
90849
4428
44410
82678
29661
72925
64687
84992
6235
14494
96182
8814
90695
65119
14178
33218
40158
58580
82614
19829
15079
10233
61795
52747
18478
80702
76614
59498
38722
3673
50483
62182
81216
55532
66610
68554
85574
5098
67215
46609
23881
40924
17878
1307
4802
98887
4620
2312
42765
72534
16288
37982
95912
26583
23433
29270
87361
65688
62249
17561
37066
93107
63307
42619
33966
52132
8258
57471
69223
40460
44756
14919
35499
19815
48541
2482
58833
94930
17303
92506
64245
17795
46323
448
75101
70961
33044
332
9173
79600
54776
53417
96352
51973
92585
92637
12047
91370
61176
98037
39653
59373
77585
73167
72712
55638
78211
18303
78397
79
98832
3791
34608
62187
84750
56430
66509
74400
76832
20654
72070
66088
20396
33155
71801
7016
18532
73209
71220
64130
55645
96465
94902
56275
37485
52445
48289
22947
33437
45205
64194
25621
75742
84258
80469
93786
48733
83796
95555
36660
81806
74656
24141
73853
9588
30709
5622
24433
29419
38869
25646
33697
10518
30053
79905
52284
99732
61892
15555
14656
34182
1558
60311
50723
26992
8373
24184
16707
62777
86245
24407
45170
49688
16499
5931
44331
40558
19767
17669
36914
1901
63274
66218
69345
83528
80844
17058
80403
46145
194
73667
61348
13180
82491
97379
26023
78527
14469
83850
72345
92899
44331
32418
33025
32521
86942
51459
10502
96425
15958
40123
28563
45167
51258
1095
81543
66370
21808
15859
26875
62239
88957
30744
19979
56219
44472
97861
15257
73218
11644
75194
54764
59904
18062
64237
82134
39913
59735
88113
2725
94026
49668
25931
51678
63098
27341
53053
76921
50254
58093
58840
12385
63275
88531
17979
32525
54432
38084
61203
11106
58434
10653
93651
78203
41846
66144
99949
95300
94211
56070
88704
5130
27806
40032
43337
18413
26809
41109
87137
60177
80152
17517
16540
26714
96981
60094
43884
36086
97719
43697
49129
68799
82952
87037
51743
1357
94390
85560
65200
81833
91923
40934
78137
34680
74501
63256
27039
33667
3672
44685
96241
35265
67416
21268
14257
92256
82533
58132
56375
23365
8384
63631
53728
29672
19076
29135
99502
7704
10728
43981
30750
88958
18220
68435
15663
86427
22156
75564
42473
84110
41602
58219
94190
13072
80978
81614
81498
94545
92076
81026
32095
29542
82079
57376
66010
67040
53906
24441
65603
79631
20897
62908
22739
15831
62310
87019
34443
70843
88368
35894
70946
68866
69638
56155
6276
77441
92049
76872
57343
65159
21920
92596
4283
6948
10957
7491
15737
40372
86465
56373
74441
71656
93793
81989
48695
3101
8532
1921
938
10392
46436
81264
75008
82197
62845
77468
96172
73052
48130
79398
80538
11890
71058
73651
8659
51859
97041
53744
30138
49253
6286
76028
71486
41735
68373
73626
12504
50487
70695
84655
54467
59810
77865
19328
68183
50696
40841
10028
60925
92924
86697
1414
58122
93612
29151
65997
51152
21795
20789
78291
20784
45243
69375
74601
10242
87848
21662
68712
23213
87989
53553
47340
92615
20825
32062
35154
6365
4669
84644
24455
87325
3525
3067
82519
71714
99729
99231
75210
34907
1159
50285
37450
43638
35511
87706
40017
94835
12440
27681
20047
8727
75924
9912
27602
10511
1680
48573
23893
1630
65886
57541
7098
31260
5969
25559
22359
43133
4988
9069
46914
73784
27274
58451
44907
41920
55075
4482
30309
92103
99009
90766
57879
47916
99813
98259
48328
69792
80263
80304
42118
30371
25498
79720
22018
32027
7620
69060
35097
61329
4137
85239
51256
53435
43609
38404
11239
89301
55416
14215
70822
21810
7587
5001
45433
38764
40581
74643
51803
99445
41804
81430
30153
96899
3101
9257
77714
19012
87778
75568
29895
12342
63692
69552
794
7345
45311
6219
36135
28731
20033
54447
34324
6952
12055
92158
79033
77535
10413
46451
27508
96027
71364
9870
61186
89333
25692
48610
51252
13354
1259
23744
40830
97736
61508
25475
84448
67264
97526
88492
16714
52064
98167
73216
59116
7137
52485
84040
26962
9465
54948
74521
19449
50236
44219
27200
30996
67495
82912
84782
42124
51259
68533
20199
1337
62088
90463
7542
16107
18104
605
8442
45217
82339
38901
49666
49251
16603
60139
21419
22101
70779
7780
54770
90927
55243
68917
61155
71297
92679
17411
90657
48113
38141
33032
60908
98952
88928
14651
89210
13484
87578
6000
46134
61058
73810
68560
58890
98767
92210
60611
67310
82279
61329
67734
14209
43233
7143
18637
63190
95985
6244
55106
48193
93087
48784
16085
11330
65060
5044
22683
192
68171
19188
35017
49644
76348
83113
56300
39234
84941
9017
37246
70104
94066
25635
13224
70716
58119
59029
50452
12633
56602
2264
43282
20908
85975
26669
56854
13226
72950
1512
54682
8298
84544
63896
35971
76848
9830
98485
28987
90470
57420
12938
22942
92351
38586
70714
71916
34277
70093
42774
81294
96810
38097
16362
34090
13301
99022
2629
1606
24327
66914
37988
56299
52179
24157
13566
49459
31645
11306
79457
85735
44855
69806
42915
3459
42126
17435
25823
86024
54863
92838
3901
70685
97845
13944
17721
59747
64782
70863
13327
31267
5264
46930
3116
28372
96568
22184
75176
86438
35244
79689
97668
58911
54572
91568
15894
28614
14800
88957
7953
91001
51821
82593
48261
54129
14609
45922
51379
69377
29744
31472
3635
1071
28035
28683
52727
21121
42016
46263
11250
48528
78754
10105
88719
21920
42615
27261
48250
21584
37125
90361
62748
3917
47870
76225
44204
98469
41011
43393
9734
4540
31837
86230
59103
11933
60863
69012
71230
95759
13548
87860
90659
69358
6862
22419
99157
60123
61805
21638
78560
305
91518
5021
95587
68341
52603
50353
65980
18698
78291
43193
9961
12520
9956
22092
13023
74557
59564
60424
58512
9761
53683
74933
41156
31715
86164
24819
10314
90820
2378
44366
57209
75713
62626
45352
15398
24619
6731
65091
50213
30347
94125
52115
3554
12492
9710
61318
29725
43791
44059
40544
99022
2480
58956
99666
46635
4458
65729
2974
15154
20622
79240
4225
84765
8533
80935
67174
73234
48645
14129
23516
62990
36666
94545
93802
98588
5643
52881
85638
98514
79196
48348
84535
544
84870
90576
62263
87553
77007
88101
81360
8227
35234
93701
36911
31748
97554
635
64006
51169
27257
42631
63865
65607
5155
87847
51835
86526
95215
60768
64882
64744
23241
89201
62684
48887
59997
7742
12366
38692
70984
2835
30215
49891
58217
21188
40159
85594
59131
40964
31626
74489
61064
24627
58108
15855
88770
27089
24573
90762
63810
93458
46933
8514
