7
100000
-102
138
-390
-11
822
963
-2
-221
-552
-86
-325
182
497
-218
794
867
799
-573
482
-591
-886
15
637
124
-73
224
-814
110
-304
56
-400
906
-151
-441
114
-709
-802
322
-466
937
-431
-104
201
838
-925
-230
386
-975
-259
-456
-1000
-531
490
-958
-652
827
857
502
806
-721
-224
-503
932
-947
434
-574
-85
-221
186
-638
-101
-511
-500
293
222
-968
324
-7
140
-519
665
-304
979
-195
-142
-126
-205
831
921
-254
128
-962
739
714
-30
890
998
726
-56
-396
-558
-274
-9
568
-412
-834
823
-881
343
35
-84
-530
32
-52
858
-673
903
968
592
16
210
-291
28
-376
-347
-439
576
601
854
632
874
618
-910
906
-801
238
-346
-214
-180
-138
-181
-728
-120
-251
-351
-7
-107
773
527
183
613
-800
-712
98
142
-305
-55
650
919
715
-486
219
891
347
-730
-141
-298
-429
454
642
-743
583
35
140
440
904
707
677
-399
431
-412
-784
-46
967
619
-807
-588
213
-749
-688
-636
831
432
-498
143
-439
-738
-611
-588
288
522
-319
-350
-346
-558
-635
646
-125
-468
197
-824
963
64
695
507
-923
-992
-959
286
623
-623
-386
781
-55
-39
821
-303
-89
-313
681
-843
-535
-927
825
31
-213
12
808
-676
-562
-765
-162
-86
563
884
213
-886
-202
371
188
909
-515
-386
522
-241
-917
128
325
-523
-206
-941
-167
-696
-136
827
74
-124
-965
798
-832
-651
133
539
594
-536
-205
-255
367
526
-975
-765
-658
649
-433
-768
1
305
854
489
792
-441
719
128
-925
-330
-534
395
-848
558
164
403
550
-574
-68
-976
237
-479
-315
-5
942
-877
305
492
-197
566
584
428
144
47
-630
982
-308
-74
-240
-639
720
834
204
442
109
-111
-110
755
-581
199
-449
-786
-196
-933
640
-17
-133
857
-365
785
-703
799
678
-616
-295
51
-203
728
-907
-119
459
-401
-275
-779
-371
792
-250
229
-452
835
-258
-344
-223
-387
-352
624
-473
932
-233
82
-667
-199
-669
-439
-311
161
844
952
-722
-785
-177
-784
-390
874
226
472
-812
-2
382
-781
128
160
-680
-843
877
-987
-925
270
-274
50
-927
956
-890
519
-609
179
-646
-107
904
986
143
-304
285
-861
721
-370
201
629
-574
675
-511
-375
-819
614
-102
-851
646
405
980
148
358
-922
-554
-616
703
-37
308
-753
-1
894
699
-201
430
684
-686
-133
-6
176
-924
-410
-679
-552
-61
500
-606
743
-511
-847
369
-506
844
677
573
970
-294
230
443
948
-305
155
325
995
949
60
720
-134
-818
758
-450
-159
-632
67
-674
-20
-293
-196
-714
-502
-656
551
23
-43
997
-133
678
151
-385
718
-393
137
-394
-737
743
464
-364
949
-752
497
856
-992
767
-626
159
532
-130
-764
-675
246
-22
-401
-305
543
641
-428
-614
504
722
882
914
-353
947
-509
706
-171
-797
288
408
-972
-97
-98
-914
-515
-832
-547
184
799
668
-21
7
-522
-610
-239
-896
265
174
-157
-278
-924
-921
-493
768
-973
-46
-869
386
647
-780
-249
-622
296
205
-920
402
174
-889
-949
-402
-465
238
600
867
-509
172
-594
-921
233
714
563
-260
-113
704
-337
74
-998
198
-470
-812
-308
487
256
-507
-631
507
134
309
550
527
802
160
-672
911
738
586
-603
-346
-907
385
-504
810
309
206
-612
-718
278
-101
-406
479
963
-379
362
-389
450
829
-898
717
-66
-987
679
-229
746
362
-696
70
776
169
-358
-660
825
-708
-106
-806
311
-788
485
318
722
-945
142
288
-235
-975
665
768
957
-61
941
650
351
794
916
636
60
669
248
403
-426
-421
173
108
88
-910
-281
-39
908
704
755
246
-797
668
-385
806
208
231
-321
460
142
700
-309
748
832
-280
663
-187
-864
-784
116
-826
755
-578
-184
-93
908
-259
-332
551
-798
-806
-309
-401
730
-891
561
-660
-278
-32
-605
-250
-392
438
644
54
646
683
-154
882
-728
778
194
57
-644
-167
281
346
-672
378
-437
-311
-841
998
-642
498
153
736
-7
147
-586
-215
250
544
439
352
-338
827
-224
457
-392
475
120
198
-35
498
-323
720
-315
905
-132
29
690
-466
683
-940
657
663
-6
568
-818
-944
-853
44
198
608
728
216
837
-374
929
-590
785
-441
280
520
-476
414
-252
641
-403
708
-205
840
-277
627
432
564
743
-663
912
593
-389
-40
972
-339
-608
-84
-561
-496
-391
808
-162
-263
624
-97
-689
628
-848
-606
530
247
-436
183
752
3
-1
-441
481
-713
-492
-318
-511
-588
-197
186
-983
335
-345
328
605
248
-660
95
970
-157
448
210
-545
-415
-826
942
615
825
948
52
921
-638
429
857
773
-969
188
938
848
-334
-407
373
-288
226
882
-987
611
-821
642
988
-194
-692
887
439
-400
550
18
-707
-394
-40
300
-828
140
-446
-684
-168
314
724
160
-403
84
860
975
433
731
-972
-34
953
990
-757
923
-908
-284
-419
650
-306
-236
-435
-933
266
354
-596
575
649
28
-98
60
868
314
-386
-27
417
718
-598
961
-57
843
642
777
-86
210
-187
-677
257
-159
769
-313
607
-973
-791
607
827
892
-504
918
-167
-514
-98
898
239
972
283
81
682
-184
106
48
961
22
912
-307
721
269
-276
-179
-434
-182
51
-772
-961
-200
-878
-808
741
151
-773
-332
-736
316
546
754
-266
884
-836
813
434
889
727
-492
912
354
352
564
555
-712
-402
965
308
-991
552
-625
-444
-305
500
876
-216
-800
494
109
496
208
363
-241
94
976
841
631
115
-340
-644
25
220
-906
-285
264
-691
-319
-790
-650
-459
565
-536
291
449
948
-925
-955
-169
680
-76
-496
-266
502
-607
-95
443
943
532
47
684
-843
587
-365
-24
840
672
924
719
-838
-975
-558
-146
531
242
458
-40
-971
-36
-976
-778
830
499
699
257
-608
-390
226
-608
-20
424
-893
640
818
-390
521
966
710
-333
-413
-648
722
-210
-598
-134
638
-197
-178
-489
-427
-571
380
358
-101
967
-459
584
-942
287
-367
820
-614
-243
-407
-728
-842
-229
605
-608
11
-407
-802
-36
155
579
-314
-966
606
217
587
322
-813
575
680
-801
-549
-952
926
120
964
-97
932
-893
143
-473
-947
168
-440
-515
601
764
-301
639
-39
-488
-772
533
-632
-533
416
921
747
124
644
365
785
377
-699
-370
-730
-549
-605
-591
-812
-859
257
377
253
-775
-422
-352
489
799
895
222
-269
643
-353
-38
55
-515
378
-714
226
587
33
-280
-93
550
251
-542
-509
920
-356
966
830
-291
25
617
-798
220
-461
397
-772
-370
439
585
-155
-280
-460
-545
-944
746
-154
-74
-251
683
529
-598
176
-192
-954
-71
-253
410
776
991
408
-434
-424
898
-879
688
159
-353
-278
755
-100
-85
-527
309
191
-58
210
470
806
-153
269
89
535
602
-117
58
-982
-865
595
549
440
581
-938
-795
40
219
717
280
-643
-625
212
102
-179
563
737
-177
-843
-707
442
919
494
-668
811
-805
997
-798
819
-913
-836
-667
446
889
-151
1
-313
337
-34
-538
-260
555
197
-42
-22
295
-575
-539
187
-996
74
-257
290
-851
506
139
740
162
-480
-822
-409
211
-55
-260
-274
-718
714
-837
374
4
-746
882
-291
-950
-882
276
428
-648
-816
-242
834
-77
-675
-167
586
-511
-613
160
-176
-387
611
169
-261
148
920
570
653
527
-161
826
-680
929
-906
-429
-348
-382
-899
962
-962
904
-226
-213
-25
301
-937
-887
592
-675
-950
712
-71
21
291
285
382
-66
474
296
-456
-12
-933
-982
860
-904
402
-856
-304
-659
360
484
-473
-570
-944
-958
-619
474
415
-592
637
-886
848
-871
-250
921
-967
-444
620
932
36
-317
471
-929
588
-84
455
269
-776
-747
-579
819
-896
-73
849
526
543
373
664
-876
914
601
547
-401
487
-146
-648
-562
-711
778
-770
805
-667
489
4
956
-201
782
-996
862
-587
578
-734
640
688
-580
157
-942
607
813
896
-130
-83
-242
994
-524
551
-581
240
67
-859
76
668
-594
-593
-848
663
830
-473
909
976
-62
-310
-774
921
-318
796
450
570
908
170
20
-23
111
-462
-370
-793
-992
90
-923
630
823
-549
-743
-554
-412
-510
896
395
644
921
327
484
-353
-992
111
116
-519
-411
51
825
-633
596
991
-849
614
-618
-851
-708
780
179
-324
-560
387
-220
-861
-55
-619
297
-166
-174
441
586
269
634
151
-670
-460
-348
696
477
289
333
-259
553
438
-696
142
-515
-70
-277
991
849
-937
-244
-169
100
-341
-610
859
298
-888
173
-693
-484
-775
-866
567
978
197
73
-545
-285
-907
-190
-700
898
-248
-204
534
939
-170
-644
373
-261
-604
-783
241
709
-908
-397
-40
208
841
-258
-598
249
894
-205
-133
948
-232
898
837
702
295
506
-125
-697
-723
-569
-836
-622
-865
922
-144
998
79
-491
960
-774
741
345
226
722
849
-971
833
483
-212
-388
242
355
-263
-241
-164
-615
-651
-675
-565
427
430
131
317
935
481
-785
378
136
539
-52
-117
67
586
-21
-905
951
20
173
-794
837
-135
-712
67
-880
39
-727
420
-915
-494
493
-433
281
-334
-570
-394
451
-898
466
938
-988
811
-510
-116
-329
766
964
-693
219
-634
-310
-539
-401
-667
444
877
-730
-893
-402
-268
740
-960
104
-555
-24
915
975
486
789
185
-167
260
715
903
-228
-394
-819
391
-579
-16
48
137
731
-838
560
-434
352
-537
-914
14
833
-396
-468
-538
-293
575
734
342
312
-71
366
-183
-858
519
340
656
817
-58
-916
-409
-85
552
70
-599
-418
-649
592
692
-452
-221
865
775
820
668
714
-871
-915
299
229
832
632
-559
-445
-904
-57
-979
950
801
103
-872
143
-244
123
-407
-290
-649
301
328
-423
-106
-935
-127
707
270
-77
-222
-17
-941
-587
-129
-850
-270
-917
300
-505
414
266
-54
-820
177
645
-938
-593
721
837
218
79
72
508
-93
-35
367
552
48
17
-398
893
997
-990
983
134
852
891
197
-458
246
271
422
-244
-244
318
-965
677
744
723
-803
906
79
279
806
189
472
323
215
-516
379
78
402
-71
-211
596
987
-419
441
31
-120
454
-889
549
-951
-398
-555
698
117
-230
810
-178
764
928
-805
214
195
268
-451
-62
804
-137
-733
-691
-163
-359
972
30
670
455
-878
-574
275
352
-648
216
833
-270
733
-284
-925
189
-157
-322
438
175
667
69
-652
856
101
-233
-195
277
772
785
-330
571
190
352
-5
552
-639
363
971
-343
-436
585
413
639
-259
63
112
-602
414
-954
-118
-604
90
-778
-294
-776
-661
-889
-12
-965
735
54
-407
175
992
-337
-58
976
892
531
964
-831
-137
-53
-33
-715
209
704
-606
-383
-123
744
459
-631
429
949
388
-80
356
-408
-132
663
704
-725
-337
0
119
781
185
-342
57
925
146
-461
133
-809
-244
-179
88
551
-203
-720
-355
-552
810
48
177
-925
240
-383
304
155
834
779
881
-65
662
-416
547
163
35
253
276
-807
-805
992
-287
962
73
-759
84
-273
499
331
-825
607
-552
-330
546
-37
148
-559
-742
247
987
-442
406
314
-608
404
694
641
846
51
89
890
923
574
-132
575
-946
750
268
-774
-969
857
670
110
-819
-81
-689
871
-688
786
262
120
775
-442
-396
782
123
490
857
-869
-928
-177
-925
109
-460
853
-682
-678
-210
-926
-93
143
-783
-946
-258
63
288
-609
-408
882
621
8
339
79
936
572
-229
-510
-940
393
751
36
793
-810
642
543
-854
802
-457
-548
-766
1
710
-772
230
-208
-899
-113
906
-977
515
-685
904
555
-539
351
656
-99
-918
-435
742
830
-345
-167
945
179
406
-167
-369
441
109
891
-720
201
-506
-53
-23
276
835
557
-1000
-546
623
-146
-20
303
-11
809
-721
-106
508
402
-354
735
416
673
752
468
949
-635
783
854
-86
-738
-731
-554
-28
985
-838
-13
-763
776
986
-705
-992
-288
452
-325
977
427
-983
-360
475
-661
660
-674
-519
-297
-920
-235
212
159
368
531
-773
484
764
-826
274
649
-953
-205
331
-467
59
-37
-159
-171
-678
-655
-325
-262
-253
-288
173
-593
543
556
-798
-485
-792
-508
509
-740
-154
498
480
518
-729
255
676
-629
-788
124
-362
-612
948
-614
-909
993
-294
-979
-872
214
-894
-751
-154
-283
591
-319
394
-868
-998
860
-388
-379
-551
563
773
19
608
145
224
-458
663
536
-270
247
-904
-549
-566
-632
-553
459
-327
559
-334
975
382
-260
866
-637
612
608
290
468
-352
547
-342
-233
-933
561
-531
250
-612
428
731
-73
-592
-866
447
-627
-992
447
-172
191
821
975
429
110
770
845
-563
-245
133
870
428
262
666
782
-934
418
-426
192
141
896
-62
-491
7
-486
-327
469
-994
321
-710
-211
410
-116
9
-278
692
763
-184
195
542
932
-438
898
563
773
-475
332
38
-301
727
625
504
-464
725
-847
-510
954
728
-485
760
-36
975
-636
-673
-408
-314
-762
-665
-485
-502
-162
-732
-228
-927
225
-720
-139
809
401
-83
364
358
-592
161
314
-287
928
308
461
-172
158
-261
577
181
151
650
174
-467
720
205
749
270
102
-173
-897
351
-792
-480
852
-94
976
367
406
546
411
779
546
762
999
-453
-543
-368
-705
666
-565
109
-721
-529
102
85
526
35
241
375
-854
-455
-379
209
517
-183
739
541
-658
277
-320
-316
775
589
-212
886
893
722
702
-438
-518
112
-623
791
193
-529
420
579
998
603
117
471
-210
-630
-189
781
508
237
-252
-719
86
-751
-789
-345
-599
-208
768
401
-116
-236
-407
417
948
-172
-378
-651
-577
682
-11
-514
-827
-191
169
-402
420
560
929
674
-301
946
808
-974
727
952
870
274
-980
551
-81
-766
791
862
-682
148
834
502
943
-602
-365
28
-784
-982
185
784
-161
-498
-993
-196
794
280
813
286
980
-717
-688
550
-120
-72
308
-375
481
-788
-251
214
-166
-159
-184
220
-675
973
625
-31
-136
-327
-249
691
509
260
-533
-506
544
-829
-743
743
340
320
605
712
-911
-795
-624
-632
150
-775
-111
-633
486
444
-292
257
-363
816
769
-726
361
-163
764
-350
933
-36
735
315
-189
62
-233
-949
-819
184
-106
-858
819
-20
-837
-845
-278
-386
225
252
-942
752
-5
-798
558
761
-106
-954
636
420
-905
201
-674
973
938
675
53
787
-86
905
-267
-110
986
633
929
645
-446
890
566
959
-113
684
-252
14
749
686
115
90
-354
885
-883
-484
-462
-416
191
545
-745
-888
-578
812
694
77
737
-53
438
-324
-181
-237
423
-571
-901
-263
376
588
368
-250
619
584
896
-205
-470
283
-788
639
-432
942
637
121
756
-986
294
610
-837
-810
-351
-126
955
-10
127
142
-987
456
-538
663
-739
521
-95
737
-15
490
1000
586
-189
-24
425
292
-650
-255
-344
675
-438
211
-65
-154
777
298
481
-82
-500
914
-669
-723
-565
372
-523
-327
173
-978
-687
754
-303
562
411
120
-555
261
-844
758
232
-70
482
577
790
-807
610
251
-600
-190
395
-703
-131
150
942
801
-443
256
25
865
-795
-254
565
889
548
-767
703
95
-326
-676
-279
-889
83
-507
892
631
-579
610
-707
35
684
-710
-773
-678
125
-707
-554
219
695
-905
-450
-286
828
632
-215
-855
-910
897
-438
-208
453
644
230
942
179
153
-199
111
-672
143
61
-77
-479
-903
-614
-972
659
718
-210
-361
578
192
-272
-873
331
941
730
428
-578
121
-48
408
-220
-392
374
-886
-3
-111
115
-481
801
504
-159
-484
405
984
830
-580
922
839
473
845
-255
-962
680
-55
299
-410
542
-768
549
521
-277
-680
-93
923
-680
575
99
939
-172
604
600
-551
254
-101
677
-600
-179
100
463
203
-915
-488
-490
643
-430
-829
469
-896
-173
-262
-222
825
542
301
830
291
272
120
408
568
742
584
-571
896
-880
-788
-557
930
-314
574
-511
-86
-723
517
-36
751
685
-537
747
-515
-179
432
240
666
731
968
-371
878
-323
-621
529
-499
-487
-427
-787
427
6
-463
62
-925
301
718
81
-239
968
-398
378
343
52
250
159
-351
-461
263
469
574
-60
149
588
916
116
37
946
-605
-601
433
-260
-985
823
-434
646
148
-781
-334
212
-32
992
-460
-625
470
607
465
-373
846
-215
-387
-879
-589
771
-268
759
155
-833
-856
-461
-884
10
9
39
-975
713
157
-208
434
33
-20
152
-720
-460
-951
409
152
-777
-552
-55
-80
-99
-852
281
289
426
-752
-822
875
950
-622
-478
-24
-124
-844
-51
-884
803
-179
-545
279
30
-295
-759
-80
-517
423
-52
-2
248
679
274
336
747
-101
107
-300
583
-985
190
907
773
-752
784
-996
-837
137
931
264
-527
193
837
114
-976
-689
-577
163
592
-835
-210
-199
897
-380
-836
694
58
773
254
-644
-496
-331
-309
-683
-899
657
-530
272
219
137
167
-546
-961
235
490
2
-370
218
-717
353
994
627
321
-290
-972
-580
-318
-447
-44
275
770
77
83
701
-578
-464
-659
276
-731
203
-156
241
-2
939
371
-325
91
410
776
-729
625
44
246
-677
325
-747
890
833
-995
-768
-109
664
271
69
381
-574
-120
-716
-946
-33
551
-246
400
147
-145
963
-733
-953
523
440
-517
517
275
-332
521
-765
490
-977
-545
536
-848
-600
-832
-400
139
-615
561
328
-469
551
219
271
166
610
-99
-992
-543
-435
612
-827
418
280
832
-877
-218
-705
181
92
421
881
574
73
991
-299
-681
-695
324
-566
913
628
148
569
-253
-656
-92
-58
697
851
-460
-465
356
-589
-852
917
-499
243
476
834
492
458
-794
590
688
-487
249
-10
-410
231
-408
-435
895
332
-177
-80
-622
400
-744
48
-97
509
-629
-776
-627
268
56
-837
934
-532
424
-638
-747
-987
220
145
117
390
-6
630
667
-279
-468
-457
-808
-938
-374
557
901
227
-828
-755
-909
190
783
678
416
-36
-642
-435
388
-642
-162
439
12
-259
-206
194
568
80
250
699
-140
171
-128
-137
-706
-507
620
569
-855
-757
-256
264
457
290
-952
273
359
971
-725
194
539
-299
-739
-341
-966
-287
-318
-210
-477
877
-93
-223
-475
-399
426
-394
22
964
-83
77
148
879
768
863
294
647
815
-57
-495
436
-772
473
504
-701
910
-616
-103
923
-636
115
613
-388
507
444
481
-497
997
-148
477
-157
778
676
-552
-686
-583
-279
-881
688
-899
260
338
213
463
-659
963
-274
257
118
-962
-154
660
359
96
-191
9
724
822
849
960
-763
-948
616
553
340
482
-298
-844
-342
51
436
15
45
-760
161
529
128
-385
63
-73
817
561
-555
435
-305
-972
-710
-785
-275
-800
595
431
563
271
-460
-945
-388
703
930
994
838
-933
-780
-486
-659
-322
-307
-851
716
-485
-165
454
-203
178
-795
-378
374
308
-910
550
-711
186
41
-591
587
960
817
767
688
525
856
173
283
-538
870
-592
-212
-131
-755
-864
-148
296
-185
944
588
-910
938
733
-672
920
206
-93
360
-817
-228
861
81
477
581
420
-800
-626
-851
22
946
-187
251
-248
265
293
168
973
-794
-709
148
491
-481
733
423
597
880
-146
-618
760
-482
623
-776
-460
-790
589
-66
251
311
139
-340
-282
599
340
317
-562
358
255
-570
869
-584
-635
561
-770
63
-187
172
802
83
406
853
453
902
-87
-227
870
505
-268
-532
-29
746
348
692
-883
531
850
-597
587
-112
-645
-412
175
64
-230
756
517
923
-553
624
349
-590
-424
237
-509
-33
-451
36
-295
865
750
-310
433
929
535
484
-124
-637
-346
632
755
485
-231
564
-604
919
-637
980
-395
166
789
78
-18
-240
-198
185
691
501
856
-153
195
631
409
54
271
-497
192
-362
-879
27
-48
-262
718
-758
811
-869
212
-878
-601
836
329
370
-351
337
113
-789
-288
-956
536
-9
555
490
-963
-829
-466
442
-324
-373
623
-286
392
571
58
-691
-432
-372
411
-406
-18
728
-88
-308
-924
-245
356
-805
-286
-119
-533
-164
668
-150
-697
965
-105
-790
454
122
-584
-978
-878
874
870
96
-538
-178
755
383
284
-938
531
250
-696
-256
610
-262
-863
-487
-111
992
234
613
-496
333
-257
-577
-700
417
927
-208
102
-545
113
-373
537
833
389
374
-745
385
-161
-974
274
-240
1000
340
211
816
-402
349
545
-494
-73
235
-639
-522
-728
668
918
-456
345
-983
132
482
-931
949
473
505
-121
617
530
-985
-742
383
-554
931
-871
-317
-269
131
-439
284
830
116
437
549
377
508
226
-566
236
62
989
291
304
-388
113
808
-799
913
-977
286
-533
-121
-453
665
-421
-523
624
424
-398
-46
742
-437
-935
-118
198
-910
701
-673
-43
473
622
324
90
-983
-463
-252
-996
838
946
-462
-723
-334
905
923
-233
-930
654
620
-523
-268
520
-538
558
-716
-128
422
-322
-473
-988
96
-907
843
-162
210
704
-796
-715
716
812
520
-707
-786
-751
408
498
-408
94
-208
584
-739
731
-421
-460
-780
451
-653
542
-787
-223
-795
-218
30
-556
712
-717
334
217
-59
-889
647
-535
-789
831
-766
999
-798
154
758
-422
69
-530
18
-887
-852
921
-941
-301
356
-780
966
-26
683
-22
978
-484
-168
-966
-615
790
-632
-111
59
643
813
-92
280
-217
44
21
229
-712
353
-450
780
-39
-476
704
-131
-442
-66
982
-172
-485
652
421
-82
972
296
52
-678
-668
-632
-793
493
219
-798
-892
757
744
796
-374
811
186
471
-521
-716
-451
-281
-216
479
467
-196
881
-954
988
125
159
125
-736
-6
714
-69
794
430
-198
-581
-907
-978
-807
160
53
697
73
237
-59
918
-337
-468
855
-419
786
800
-326
398
306
584
874
-500
-27
744
273
261
-972
946
875
247
-831
967
185
-316
696
-583
412
-495
-4
201
-13
646
442
903
-889
922
890
948
562
-346
-405
-769
-370
580
919
217
914
-290
39
-350
840
404
302
246
19
143
-53
-308
-43
435
72
535
895
-149
534
-440
553
569
853
772
-615
-883
621
141
1000
-81
634
-666
927
426
-594
404
-199
-90
-729
-63
734
-604
-861
-908
796
-279
421
791
978
-105
-577
862
-97
606
617
442
234
625
-5
365
623
-832
-710
-249
-767
-456
-845
126
294
680
414
73
474
-24
-963
-10
-568
-85
600
604
359
-97
-986
46
801
351
-836
532
-674
218
-539
-108
765
-370
772
186
63
-521
485
940
-105
-840
249
-883
-334
433
-92
379
762
798
224
-828
469
680
938
637
-259
123
659
250
-864
-589
-105
-650
-852
-281
548
714
176
-847
-179
629
588
-496
165
-459
332
576
579
13
838
842
-776
-200
504
-977
678
-5
199
345
894
962
-437
271
150
198
-853
-504
472
-126
153
963
393
779
723
-858
-435
423
-256
822
-946
-210
752
-842
703
-502
181
389
910
-590
522
416
361
-859
872
598
30
917
-29
-512
-758
-37
-320
-711
672
69
214
-760
-114
934
900
95
-932
486
282
98
872
131
515
20
-305
-186
-3
908
-577
-553
-356
-720
156
-956
533
909
-958
-759
-130
-6
254
-393
-72
-347
-925
377
-262
-429
380
-406
-503
-657
176
174
58
282
535
324
-919
-675
-583
636
222
-446
-931
732
-743
350
-391
-601
161
-562
766
-693
-319
-103
-933
-307
776
-189
232
-501
663
21
-653
-517
-55
-351
861
9
-629
656
937
-557
-126
304
625
-30
-122
526
92
-28
864
300
-112
563
-151
960
150
79
-833
-271
-717
189
-621
134
-412
-645
-107
-674
-256
12
-322
-330
-169
-519
-730
-593
-759
-769
-923
962
239
-939
-524
461
31
536
-570
254
-613
914
-598
651
307
344
-899
-288
144
11
722
-340
690
615
-955
-769
-833
397
959
814
976
316
811
-492
-423
944
310
407
369
-22
664
-518
102
157
-319
-910
963
-294
-266
-494
-108
-477
-222
697
-809
914
761
-618
-206
-819
-142
-458
-835
443
-383
-154
487
448
324
275
-932
461
36
114
-258
880
901
-716
279
686
-476
-996
-120
612
-35
972
467
893
-298
719
580
-650
384
-769
-979
926
627
842
-1
606
-323
-964
982
814
-359
10
591
197
877
675
771
-275
720
-269
755
-398
85
241
-615
-980
-260
-448
-800
-965
-355
471
344
-836
-83
-434
966
27
-320
384
895
-272
-257
-124
292
592
-650
999
542
144
-235
886
-484
-211
332
632
-800
17
-349
-673
875
198
-126
-241
122
-167
-892
-652
971
928
755
-112
156
517
-102
-101
-692
-456
588
476
593
57
768
145
84
532
541
-157
-317
-871
109
-217
-337
-945
-113
-805
-327
-791
896
-822
415
452
-632
-179
379
-613
-662
747
775
108
-960
862
-576
-571
434
-427
81
701
-997
759
-493
717
636
-601
598
-279
-302
-172
306
463
-853
678
563
592
-698
863
557
27
687
191
-579
496
-207
-300
411
-186
703
-595
-912
-972
-991
-413
743
996
-321
-256
587
576
-753
-888
671
612
-726
-930
-608
-468
-589
84
-500
326
165
-758
-161
-553
469
-354
257
-250
336
585
-989
-536
98
-904
537
135
-290
-428
-808
894
-236
-205
266
841
-443
190
749
185
-790
515
616
40
-713
-286
-944
333
-177
479
697
196
-585
350
932
-263
-320
-966
-209
-374
349
-394
179
472
532
-138
76
-401
-90
-87
-212
-388
393
14
81
-923
987
726
-241
587
-695
971
-807
1
-48
529
194
-815
731
-34
344
722
-624
275
-440
873
305
-835
-766
287
-988
557
-190
70
-913
-791
231
-326
-821
-296
-886
-974
425
118
-985
-81
963
846
-458
676
820
979
323
684
-129
592
-277
763
326
597
-397
88
-753
-637
-707
647
444
392
972
-286
-734
-842
720
-749
-820
926
856
-267
-278
530
567
-225
16
-529
-752
253
-34
873
3
311
-758
-180
11
-891
-94
558
59
-92
-806
-566
-172
-709
-801
-49
176
68
499
-196
282
819
503
-269
-267
701
-265
58
-822
253
-535
-956
-350
-773
890
254
-361
753
587
182
961
-149
-623
417
35
-788
836
65
-842
-9
257
-992
-536
-81
-933
652
-286
528
628
-328
-375
-708
-872
673
885
635
-876
-630
-549
-218
521
-144
-562
925
-259
986
739
-41
705
-641
-985
-239
-806
832
114
-931
-835
412
926
-707
-203
-400
-92
419
-21
-63
940
511
-427
733
-318
105
-466
120
985
813
-798
421
338
-231
452
411
832
281
400
472
-54
-480
313
209
-927
551
-770
-8
847
-121
-676
533
-193
841
-583
-245
-563
506
570
-862
950
911
-651
-648
686
818
-511
374
-194
511
124
852
123
-245
296
519
341
804
-839
674
563
571
484
271
-815
461
-723
635
348
34
615
337
-611
-253
634
-640
-830
821
387
467
227
-948
-332
12
315
-491
635
877
866
-765
312
14
-567
-314
892
-172
-527
-963
-36
-253
338
34
23
-690
78
-782
656
-177
-491
-251
33
119
-803
930
-783
982
-659
-882
895
-517
344
-636
569
870
-708
623
308
26
379
785
957
92
-446
952
508
-135
886
68
-428
-113
-358
-131
378
300
-24
-879
-468
810
-635
-286
-919
-525
568
377
978
-531
723
398
-932
-43
-631
709
286
-44
-89
-916
-854
669
-698
435
888
241
416
-44
-571
-391
301
794
634
-40
-786
906
-801
-430
-520
-332
-105
-184
-502
736
288
255
149
-499
-236
708
241
228
234
86
247
-525
-139
-321
-234
644
209
167
-603
491
-247
563
-439
-283
-408
423
150
351
999
950
607
825
30
-214
770
555
-115
-116
-686
-445
241
254
944
579
-483
-881
-164
358
157
-380
985
-57
553
184
-19
888
24
783
670
-125
-791
-34
109
407
-268
630
116
-940
410
-933
-477
-875
-203
-173
-627
-102
-3
-880
-21
-346
943
-941
790
-509
-656
-333
708
-385
373
-923
19
481
34
139
896
411
-833
109
880
-978
-323
-455
950
897
339
764
-720
713
234
-264
-360
996
319
178
-29
-976
909
734
-366
-588
369
64
-84
-306
-891
987
-224
-215
815
-662
554
-854
94
447
766
428
-644
-16
-78
861
-899
82
-243
-882
-208
438
-568
865
504
950
-302
829
115
302
-385
789
-290
154
88
851
-893
-829
949
-518
-781
973
542
193
-989
-69
190
-764
-338
706
-15
-175
391
-254
-63
-880
-238
851
313
773
-706
-825
-714
-14
235
-301
429
-957
-78
-439
-148
124
717
345
310
123
73
-537
763
821
457
-307
-186
34
-246
-553
-243
635
988
734
-464
562
142
308
24
627
-659
886
426
-356
-179
661
-238
294
-558
-797
387
731
-693
-418
-25
-292
-439
568
248
336
719
-733
-745
-109
270
-577
-108
74
-930
211
-69
797
73
954
446
322
901
892
276
-649
-253
522
540
540
594
358
356
822
-310
70
644
-987
-355
983
-615
-312
-8
-673
-694
689
933
274
999
342
941
208
-514
-60
-505
856
234
169
290
322
-226
607
367
545
-185
875
-819
-490
-111
337
-341
-185
-721
254
-255
664
-460
-390
-18
651
-796
-402
322
-93
233
-582
-395
-524
-867
814
-906
13
928
-145
-355
552
413
-614
346
-725
284
-533
958
368
-634
-800
789
-500
254
262
134
-997
825
926
363
184
-758
-610
615
231
153
-532
-486
-844
57
-396
782
9
-398
-855
-870
374
-483
-650
401
3
716
768
864
-843
556
582
-135
23
455
703
815
-465
517
131
350
355
-157
-268
-405
283
-509
67
-393
-106
688
-179
-384
-528
715
-469
358
953
-881
757
200
-424
998
891
901
-975
-984
576
-343
370
-833
985
-862
256
-382
-246
883
-797
-854
468
-629
409
731
897
291
903
267
-412
390
-735
-803
-706
-422
-274
471
952
-931
-844
394
-908
-335
-681
-188
-342
649
316
-492
969
-673
201
-360
-61
517
486
-932
280
326
297
474
957
-705
-551
-989
-409
-181
-35
592
810
18
909
519
-663
940
-601
-948
-786
-663
109
-530
803
-749
-480
909
890
-984
209
93
-699
-863
333
186
752
908
-349
-360
-320
563
-790
297
538
678
629
-570
-858
247
-831
-31
-424
752
909
831
-245
-50
28
-909
-396
2
-670
979
98
724
-99
-64
-415
-635
857
-790
-307
-322
-538
-901
-788
389
-304
506
984
-817
-212
-152
879
582
-26
356
901
651
962
109
325
418
209
287
-885
-431
-155
-274
714
-16
620
-1000
-896
742
-827
665
-101
364
293
-611
-582
614
-907
-898
509
-386
669
-826
945
-330
-649
-970
-985
-963
565
-484
-652
392
404
-303
821
653
538
-609
-297
577
-173
221
666
466
108
-188
42
306
-42
-441
570
135
-393
-118
-794
-527
840
903
698
593
-602
-659
85
-879
-883
533
575
-661
930
-318
80
647
-423
862
-275
944
-10
-592
-202
-296
-61
-461
938
-99
-343
-877
-41
242
-37
-851
158
-762
-469
-261
791
640
-402
-96
77
547
-857
-558
-252
938
953
622
-514
173
-887
904
-1000
566
-221
-794
-992
-123
189
2
883
-101
-358
614
898
366
933
680
352
124
64
89
502
-460
-188
832
26
-269
569
-851
-772
-256
-651
-33
-664
872
44
-543
-144
249
164
-248
-51
-943
-72
729
-330
724
-63
-339
203
-223
-340
-699
457
519
485
-507
-336
14
591
321
-396
-879
759
-275
947
227
243
-148
-925
-522
770
558
-293
-884
263
779
-255
-239
694
-856
7
190
333
-310
382
311
-772
-684
-686
-375
-888
204
642
262
-677
422
16
-576
-114
-946
-838
-170
658
702
-422
-799
-753
-273
22
-711
77
-479
-13
-258
-607
406
-670
285
-248
-149
-147
-662
-166
-386
387
-823
-895
849
141
-505
-316
-565
146
-622
-490
845
511
216
-513
-174
-281
-746
764
923
140
-932
34
20
-559
-316
-410
-395
-832
775
-356
790
-283
-86
247
775
651
-243
39
-410
-211
237
-265
-651
-805
-235
888
-265
808
-449
-175
-563
73
-346
492
-986
-592
-816
-494
908
483
318
274
-451
888
600
63
-705
920
-978
169
-443
626
-280
80
-768
641
-764
-257
139
-157
483
-359
400
815
387
-661
713
539
-997
-81
-220
-348
-280
187
-512
-958
747
757
466
-655
-490
-268
703
-702
-55
395
587
163
133
530
-35
-120
-374
-766
129
-430
220
828
-809
63
963
892
-762
-832
-113
129
664
658
-647
-346
923
518
798
729
-599
799
-891
116
371
564
-7
92
120
906
-623
209
-28
-469
307
17
301
212
688
305
-535
-139
134
755
-836
255
366
245
661
-592
-731
273
-248
-369
-222
-908
527
264
-212
439
-521
228
148
253
-149
-881
-389
855
-4
-949
-50
685
535
606
909
719
334
733
298
-111
-457
941
746
67
-78
582
353
-50
282
343
740
912
-622
-432
-616
783
27
533
-446
886
147
-94
-414
-982
454
322
-219
-63
628
297
328
620
-455
338
-141
777
-340
-749
386
814
730
-88
554
-821
-931
-904
992
962
72
753
-167
-528
-589
-951
-480
149
884
-511
-385
543
-295
-539
21
-346
104
737
792
-854
98
-30
75
523
538
-805
-113
-14
-806
-288
-592
-543
215
707
726
-37
237
36
-353
357
-927
-788
740
806
-561
-264
382
91
-795
226
626
-237
536
-303
-531
-704
-79
498
200
-801
-704
145
684
529
720
-89
217
611
-901
345
93
-391
107
-495
116
606
-83
-34
238
-3
370
-560
-467
-55
-602
536
-595
57
639
-706
589
-559
-850
472
129
-991
819
161
587
948
354
215
546
-41
-370
278
-252
515
-538
-51
-7
-760
-557
-740
612
-766
129
-905
-204
-779
-3
48
999
296
727
814
-906
-820
770
246
811
813
-656
798
790
-883
-59
-573
-609
572
-544
-954
675
938
469
773
-261
-299
-89
-901
-372
-192
468
-432
999
-899
-782
168
-120
371
-136
-251
-328
-714
-354
-469
-527
-736
510
294
235
196
-900
-964
-54
-967
-31
-230
-270
-429
454
-427
956
-733
261
24
-984
-333
-621
-516
5
-423
-425
-609
-509
684
193
-106
20
-688
-732
-834
-720
-447
-980
-592
691
276
142
-640
92
435
943
-3
974
729
932
-811
748
-280
-261
-948
569
853
-548
634
-435
-573
-331
274
-46
11
67
-303
24
-391
-24
830
-41
-450
219
-671
677
969
155
959
709
173
674
-298
684
372
51
-166
-324
-36
502
498
-662
923
-466
612
-507
-71
-440
-421
685
-761
468
482
927
213
-669
734
287
-584
-564
412
640
530
-553
814
-388
43
562
-36
766
269
-980
425
-29
-158
-932
415
889
521
-589
-823
-906
-66
774
65
900
-690
-627
597
-221
995
-500
877
407
590
606
-527
479
-933
-957
-592
-623
-329
26
378
-331
570
-938
-216
231
-540
-700
-596
173
500
789
138
845
383
882
-554
703
302
-874
204
79
-40
949
327
-242
-560
387
-65
919
323
415
854
907
907
44
90
289
-738
-511
-393
789
90
462
-671
473
-765
207
939
-54
587
-393
699
-426
871
-282
-870
995
-319
31
875
754
-932
-65
663
850
-63
525
-64
-29
269
-284
413
-145
844
163
-326
-823
-382
802
-243
44
803
-379
230
143
910
339
714
258
314
-39
-139
-703
-319
-885
-410
962
-664
-463
738
-259
44
476
435
-365
847
-857
561
-242
-642
-296
751
185
913
157
689
236
-46
558
-16
642
712
-911
231
-971
-837
-879
820
-471
278
182
595
-370
-701
-52
-86
-489
-259
198
240
873
-413
-76
579
-900
736
-673
-907
-172
-123
-881
-515
-309
987
-258
-946
423
985
625
-907
55
937
-297
144
574
-180
-505
-33
854
-315
-231
-175
887
-545
-265
389
780
182
635
537
101
-441
577
-762
-910
-494
331
237
806
102
-612
42
685
-995
410
-864
835
893
13
355
-595
-268
-616
144
-755
253
-551
679
568
154
520
879
-579
132
950
769
266
-19
-445
-820
930
483
-759
-570
19
-206
99
301
483
-830
-787
702
851
331
-55
781
-149
561
-605
149
-401
-798
-606
-591
-944
266
-663
521
957
11
525
562
156
-212
-665
-667
176
-593
743
756
-965
284
-940
243
563
-2
-785
572
-212
-495
-663
-939
883
605
268
-806
513
105
-903
587
233
-34
653
86
419
-668
617
68
-937
138
-882
309
965
674
-985
159
965
-493
602
976
-184
116
-337
818
570
-350
536
30
-619
-755
-89
786
-334
-16
329
-247
-944
318
-487
-433
526
-255
-861
-874
-3
-938
949
174
414
206
533
868
994
-192
-93
645
890
70
-823
572
212
768
-449
215
571
-239
-786
-563
-377
48
-470
840
-66
231
-120
499
-753
-677
192
641
-549
409
-925
264
609
200
208
-525
-317
-164
-934
145
-74
781
-466
-408
-340
25
-315
-267
-225
-833
-236
230
-689
859
-48
-486
-492
-607
-698
-831
661
-313
-671
-967
-879
-894
-906
594
-122
-708
300
-265
332
-681
-965
683
916
982
271
84
-840
180
-822
-444
-629
-203
888
-195
645
-895
-119
87
142
667
-141
223
-196
-117
-779
-161
-842
919
-193
101
-774
-732
616
-438
624
994
-472
-579
-30
-90
785
766
-585
439
791
725
998
620
190
-199
185
520
-141
-262
765
-706
762
351
422
-708
-139
940
-962
672
969
-703
325
-263
-641
164
177
-971
936
-104
372
-172
239
-554
467
-632
-644
-299
-143
845
-599
435
-466
126
854
-755
-849
905
977
269
-221
-649
-574
-475
-66
-839
-758
949
-623
188
-291
322
557
328
893
-460
-617
-501
-57
-771
911
813
18
547
-173
-228
333
484
-576
-910
-595
258
-950
106
28
172
574
703
-301
995
-630
449
830
482
-551
-86
-656
-960
179
301
978
-345
912
449
-820
39
-606
90
569
-407
-482
-113
-715
-468
-246
276
987
-110
-772
91
-707
-783
-831
316
740
-741
220
-442
389
243
-124
-30
448
-827
55
728
-161
936
-787
-535
-731
-312
557
663
-921
-701
896
-916
937
66
-818
889
163
-211
-260
405
256
540
-406
-845
436
-841
-252
-66
953
142
290
-799
-296
-707
-765
-741
751
42
13
-788
-335
529
538
465
12
866
-975
583
-603
47
736
989
-328
-778
-50
685
110
407
-15
377
226
329
-228
550
-49
400
132
-681
-95
-734
-777
-36
734
-58
-885
116
345
-450
-614
-651
735
-526
147
-935
162
-146
652
-308
-770
805
-746
279
-594
-444
770
-40
445
350
-118
671
98
969
-776
-491
796
-975
-982
-564
-82
946
-443
-82
-231
-309
887
451
-254
743
639
-526
215
-905
-406
135
-960
225
91
-691
-120
986
-385
445
920
-372
37
-825
835
-271
911
-103
-739
353
-303
800
734
-595
659
-765
55
-552
39
-733
-187
472
-202
-839
-502
220
545
-241
494
444
-876
-983
910
-348
693
-248
649
144
-977
-360
-822
501
25
-140
-93
-650
-792
189
80
-862
-234
500
190
-671
476
-709
910
-411
-700
-536
-91
603
114
793
-118
-983
317
48
-166
671
-979
-249
572
799
-454
-79
-484
940
704
581
-894
470
-734
-755
33
-956
204
-414
542
-438
-887
428
-105
-979
-307
360
-91
-396
597
542
595
-279
-329
309
-849
517
280
16
746
-838
665
985
583
728
-763
-59
103
-951
-793
-990
-137
955
-550
849
-571
-302
577
4
250
-700
285
-20
-312
-237
-538
936
228
167
429
-230
-505
745
-761
-963
876
376
-723
-553
309
-248
-268
518
624
355
639
-100
-315
-533
929
-613
862
-434
-623
329
268
-866
-580
-762
167
650
887
272
19
690
462
135
187
438
330
226
-740
688
503
-322
-707
-875
-208
-68
-91
55
-996
435
-558
-79
389
755
104
-505
-337
320
-898
-887
-243
-344
-313
613
-911
676
-730
-305
-846
385
128
57
293
822
-475
647
-705
948
-372
139
-379
619
244
-493
-586
-931
-824
-164
135
817
-635
-705
-287
-386
985
-421
-524
671
0
-346
-268
363
-898
-572
-876
370
-91
781
-782
26
736
-781
136
43
-521
879
626
-866
840
-793
-620
89
-587
-357
-66
-824
-739
609
583
879
685
808
367
-611
631
395
741
684
-425
-174
236
-609
187
-793
-1
527
-854
978
773
-446
906
21
-63
535
338
-322
980
988
-267
-924
917
-874
410
-776
-297
-729
-447
652
-698
-128
-100
889
716
191
-11
832
617
-795
-682
-90
-835
90
-470
-699
-613
776
150
269
692
48
762
653
-139
-612
-702
957
-2
62
637
623
931
-160
492
-575
579
312
-53
-706
627
-481
-272
-323
643
718
306
726
-338
452
101
-117
11
275
-802
-311
-125
-440
707
-402
164
475
-420
766
-855
-354
-499
859
363
-937
-220
-415
438
361
147
656
829
835
-327
550
-8
966
588
149
-386
-628
916
102
885
-150
-749
121
-277
882
988
-230
-698
186
819
-889
-142
-505
-689
-718
856
-622
-859
117
699
-487
-804
-579
648
468
-493
-462
137
-182
-883
-909
587
124
383
-584
751
-324
620
690
-536
580
705
799
-85
480
345
-696
605
-237
-487
-526
362
387
168
-812
997
214
880
-869
787
-269
-514
-394
-465
841
617
972
642
442
943
806
-954
-556
539
118
933
927
628
-296
-120
540
-893
-10
801
-30
-856
-92
-81
241
-963
615
596
432
-174
39
255
502
444
-221
127
759
-84
97
-7
-985
-67
661
-118
-101
406
-762
-126
628
448
-823
708
910
-994
-65
-152
-968
-927
309
-604
-558
809
108
-323
631
-646
11
-321
209
-958
348
392
-598
579
53
-18
-743
798
716
328
-62
-806
953
686
-718
-639
-993
-502
-299
-127
-847
227
-600
104
494
509
690
406
-843
-210
-648
617
-812
-117
848
850
-976
-617
-68
-404
-926
-227
-482
-570
532
919
84
126
-467
834
-377
157
-886
606
902
-906
426
-117
221
495
-342
165
-152
-806
-292
800
-411
-722
-622
-774
-75
978
-76
-539
-67
326
-437
-457
-768
173
-182
-271
-512
-211
922
306
916
479
385
298
-863
649
-98
162
571
-444
-328
-715
408
302
793
-398
-641
-264
-118
880
509
-556
822
145
262
693
388
623
-551
33
-72
-834
-260
-48
467
141
-74
461
651
230
-23
627
-880
176
959
-460
-591
919
622
-790
470
354
847
540
39
940
-410
-278
830
522
405
340
-445
-420
-145
786
-929
477
-113
-974
318
2
174
-778
-767
-473
646
166
-182
-646
20
573
-334
-712
-127
561
-739
996
-308
-615
969
237
69
636
-625
-487
953
406
-783
518
-831
-358
235
-675
-947
-910
857
-113
482
-135
264
-847
-567
396
166
620
172
353
737
371
177
-181
-644
-234
-608
209
-992
573
-884
141
621
-46
76
847
304
71
778
196
-958
-399
49
-61
349
-828
366
-516
713
-140
701
-543
-202
-403
-993
-967
-958
-621
807
56
-257
-956
514
-292
918
-773
-917
211
960
-769
-825
-537
96
935
-750
-667
557
563
-223
671
-616
263
603
-49
-347
-80
221
-957
300
110
-663
-554
-363
160
555
999
-289
320
960
785
-805
380
484
-935
910
111
648
-622
-849
-269
52
-851
-747
-299
507
235
-27
634
906
839
441
-101
708
348
-223
93
-420
-503
-652
-270
813
252
564
-176
-295
530
-789
-344
-199
283
206
-519
-169
-935
465
368
-515
846
-359
649
907
144
-662
-380
-246
-845
888
372
628
-45
-867
28
-941
216
-746
964
59
231
-906
-810
-166
-668
-915
682
213
988
-686
-202
209
-956
-313
618
43
748
-846
713
-799
547
-249
-570
700
-937
-503
-230
-547
841
-237
-561
-412
802
504
-886
686
306
702
322
-980
-277
138
734
-492
190
-714
-882
-949
-846
-324
286
219
583
488
-799
-69
-185
-639
-531
-726
407
357
958
-116
-728
837
-620
-13
866
-500
-131
-688
-626
-217
90
992
-141
134
-23
782
-684
448
711
-445
3
622
-15
186
430
878
-320
2
-474
-428
-868
-634
-380
-346
61
-113
8
-60
753
733
151
704
239
485
-344
504
714
-781
53
710
863
-566
-865
-932
-762
-161
-349
-743
-78
273
-736
-257
-470
649
-465
750
-849
-192
583
-697
-862
99
-581
-509
762
-878
76
849
261
198
557
-922
-337
213
-809
229
671
-913
333
669
655
-747
939
-409
542
-782
958
807
-674
-503
895
610
-215
-746
432
808
-600
142
737
221
-63
591
217
213
-842
-666
209
668
386
817
265
457
211
-288
-803
536
37
73
831
-850
-230
-484
-107
-325
705
-671
108
-87
132
-358
649
-633
91
-142
-843
-352
-614
-599
-137
-470
-260
-403
-601
550
-896
793
796
954
438
-717
322
-681
-654
-618
-517
-580
218
67
849
-611
-527
-450
-925
-805
-401
-629
-274
-838
-504
-78
534
-539
-94
-7
614
-666
-990
-38
-408
553
-92
-645
768
-562
-248
197
-325
959
-645
-620
751
-443
632
-158
-771
552
-525
-606
416
-265
878
726
-86
278
213
293
483
744
423
436
544
-162
-217
68
-482
543
887
885
387
842
611
738
699
789
644
-348
30
881
157
24
-435
503
-845
-832
-476
-530
-719
-707
288
855
-115
-253
-849
-702
796
-667
-492
-17
-195
69
946
-786
824
810
-925
320
-312
-964
651
-822
-149
121
-211
-437
271
156
860
-131
217
243
277
203
-408
-780
193
621
-724
840
-687
-149
288
-425
-689
-753
9
-698
475
-383
367
-235
47
461
-759
655
53
-579
957
-383
739
129
722
677
369
153
-571
683
-834
-437
933
94
-826
-309
180
61
-436
-862
258
754
-57
905
-648
-267
-839
-788
801
-163
-908
-617
756
-804
169
298
395
156
971
464
460
368
-450
-884
994
229
-386
-117
-380
810
-345
-2
-334
686
236
592
-625
597
-311
-719
289
-759
-764
-416
681
219
-909
33
-707
451
819
-520
-609
-286
144
160
519
-683
994
698
343
309
-75
-334
255
178
545
139
-13
485
607
-536
-381
-955
-59
-263
-273
106
-218
-635
283
-318
-779
-854
102
514
609
31
-539
649
57
-829
322
-386
-4
-126
-242
-620
-446
46
286
-838
-497
776
283
-789
-177
155
-10
-186
890
117
520
702
-838
-762
-537
726
925
-381
-97
426
424
626
-897
774
242
586
904
-161
-69
-61
-262
302
-604
-133
-200
638
234
538
-191
-325
420
-625
-191
831
-87
-529
-171
355
237
816
436
147
741
-39
-387
679
-493
726
77
521
-143
-61
-838
568
849
983
272
394
488
-860
854
73
846
-216
238
457
914
-625
-448
-34
663
789
-20
-653
970
-502
1
-341
679
113
383
821
525
783
721
-907
637
863
159
733
-640
-26
50
509
168
-352
354
538
-201
300
-525
448
398
-523
802
352
-213
-953
-86
-345
-169
597
-91
-517
-206
-740
257
-32
743
262
856
850
783
-994
632
864
-862
-442
-922
197
521
756
382
-131
-176
603
109
820
-845
884
-750
-801
-218
82
-205
507
53
963
399
-937
-489
310
-569
370
88
-864
595
-805
-846
811
178
483
173
-779
865
-936
-399
-809
988
-97
697
-39
-129
457
50
-627
-180
753
957
388
-715
-225
-418
-394
139
-187
623
-207
713
381
-667
-242
295
153
268
381
138
412
-191
612
274
304
-730
268
-972
-292
89
-780
489
108
592
516
38
-804
-474
760
11
356
659
-96
576
-899
-1000
710
941
60
635
-822
-8
-40
646
973
678
-756
845
382
-174
-728
559
478
-445
-571
-941
697
445
-541
673
830
982
938
194
985
744
874
200
-291
-720
-174
540
-161
-713
859
46
216
626
3
-597
-77
-574
946
574
-943
262
-484
-885
-358
209
-639
-899
-436
-975
583
-483
-84
222
237
796
-985
212
-535
-28
977
830
479
173
337
-474
852
-122
854
-5
880
-67
170
563
629
413
-43
803
668
-328
-192
372
-876
-871
58
579
963
734
-974
4
-532
-297
-647
-72
624
836
-45
-68
183
-380
-127
603
-659
748
-541
-320
21
-548
-428
-202
-335
-505
-322
-503
349
-231
448
-894
-743
-392
-325
740
516
-973
372
-260
416
580
-667
-325
785
497
-28
81
-245
-563
-589
807
-527
667
-246
39
-746
868
-413
450
902
-951
-145
-234
-988
333
166
-918
-133
35
863
291
797
-429
480
-396
290
334
169
902
104
-605
-253
697
-476
-648
909
-882
223
992
774
21
465
-302
-123
-295
-313
-755
-723
356
815
38
-201
-125
42
597
-807
-64
-421
948
259
-543
-827
985
-330
842
-335
-69
-207
156
181
935
126
391
-490
-256
287
-535
-344
-93
-32
379
-1000
-104
907
-125
-226
850
-975
-697
675
-40
-561
-504
-795
934
626
-838
178
974
170
-58
-642
954
-523
68
668
820
423
-767
295
439
-242
471
98
862
-765
919
-204
-548
-885
-452
595
349
156
359
246
-794
-141
-995
-366
948
-702
275
182
572
-906
-117
-697
-277
476
228
-526
908
109
-524
-790
68
-91
-69
109
-81
615
258
939
-686
119
-392
-567
129
143
-979
906
627
585
-576
-984
-924
117
-768
-971
-346
522
-826
-581
747
-584
-878
407
-231
-919
-437
-689
319
64
-381
989
153
-400
-699
-725
-32
183
880
-385
-41
421
-62
262
396
35
-354
630
458
889
-403
-284
-132
836
951
391
-168
912
235
-598
973
68
785
383
52
553
265
-257
648
-553
-813
-436
-599
974
60
658
-521
695
-938
504
998
-219
535
-490
-197
-172
-909
-303
-980
-732
-917
-88
-820
331
862
-241
429
819
385
489
-662
-733
-765
-395
213
-910
335
-83
36
-642
-976
8
-380
-816
130
125
-861
131
171
396
-518
-507
-745
-937
-624
886
-306
-555
-213
-634
119
-176
-624
-703
314
121
-348
-992
984
-125
673
-159
508
-738
418
699
263
133
28
881
468
-933
-564
888
-317
-328
-247
-631
60
-185
-440
-939
898
-99
687
703
109
-690
829
-765
-694
414
-219
293
34
-836
136
431
-352
-960
518
-983
-713
161
687
-667
-412
-177
416
874
929
329
-447
-49
-409
-88
-239
-912
-343
-592
-283
943
-792
-818
627
929
-88
-810
874
-586
-672
-857
550
506
468
-326
805
349
212
465
582
-274
998
556
478
111
315
-680
993
-181
132
-966
205
3
-855
-509
405
225
440
303
-124
695
-454
923
-257
49
947
462
-571
34
56
-201
344
-565
-26
473
-934
238
736
393
-226
-880
-394
-954
310
797
84
286
182
183
-183
957
-731
-628
392
-148
983
333
-736
255
578
-423
178
909
-137
211
-752
-985
-559
557
364
-548
442
910
-555
498
926
343
577
-633
4
-344
525
-532
-329
-130
813
550
790
-237
-993
-782
975
-907
282
100
699
795
73
871
978
552
625
130
-892
249
-606
623
-639
333
631
618
-536
-639
100
259
-812
893
-628
-182
382
928
979
841
65
836
550
-67
-576
-336
286
127
-41
663
-298
-838
-152
-476
927
-981
879
-707
881
-862
225
903
-486
-47
-137
-966
548
957
-997
-825
-969
947
-637
440
-352
961
-304
547
-548
748
397
-941
117
624
-673
760
-742
-227
-43
-242
-842
125
303
671
-932
-919
-423
-730
-183
664
-419
955
-174
-234
-965
-97
918
852
-207
-345
-322
-660
418
846
175
-406
-944
44
-712
-91
-305
-599
77
277
-234
-752
480
884
804
-241
936
-251
403
-410
-37
-43
-733
136
462
-288
806
-27
-309
263
-624
-94
-418
-683
705
534
-710
133
377
982
-836
-299
145
-837
-613
406
568
-476
-474
83
151
-298
590
714
989
-460
-526
-874
771
365
490
777
957
165
-749
-187
411
-970
-786
248
391
897
320
997
590
-523
899
279
-622
-833
108
-386
-843
668
801
-72
563
631
-191
373
-428
709
-208
743
-504
-919
244
501
402
-884
621
-759
723
-114
-88
787
83
707
-942
373
284
-530
-567
606
-825
-964
-908
-273
711
-880
-991
-137
-417
-363
56
-394
-495
943
-471
-503
-82
-539
821
721
609
-309
370
136
-39
-37
-508
463
693
-786
-40
-275
-143
-922
51
949
93
379
-988
-707
-16
553
142
592
-670
840
-693
-611
-132
495
409
184
717
615
642
-43
-513
714
398
148
769
674
949
475
159
-341
143
-639
567
-291
501
-813
-528
899
37
-546
671
-351
513
-424
353
-962
-155
-904
264
744
-279
798
406
598
660
611
-743
603
-677
-591
647
924
-105
-811
452
-134
742
644
-233
-985
583
-574
-41
302
-159
535
-713
-805
288
851
717
70
-320
469
96
-737
99
-600
-236
-758
79
-553
330
295
-750
758
-1
115
317
-938
67
-419
-474
-215
-811
-170
852
751
-825
121
-340
668
388
694
454
655
-697
-261
972
682
685
782
-225
-344
-250
-45
-998
624
-113
-964
939
-604
-414
202
-677
-836
364
-784
-95
932
-770
-280
-600
-603
-843
-137
-9
72
-506
-833
-290
-564
-633
-923
-138
-101
-244
-516
-673
54
513
-268
293
924
-651
-570
784
-800
732
-762
15
-246
-547
-24
-658
636
-787
-241
-28
-813
-649
179
-542
916
-794
717
505
330
-658
-932
-217
837
-337
-127
-13
612
540
524
737
937
1000
-32
-600
725
-599
815
74
591
-161
445
18
62
157
570
-372
444
415
-168
313
255
-651
27
509
958
216
-288
127
552
-154
-836
-551
669
-756
681
452
851
-854
-979
-150
779
-174
620
493
-1
409
-867
384
-170
601
483
964
198
607
852
-468
520
-875
-935
-937
-946
506
558
512
-657
-507
789
208
460
-28
-100
-522
-419
654
509
21
711
598
-593
690
790
-767
908
214
991
-856
-966
-240
995
-767
310
957
-63
305
454
645
970
-502
-954
-77
-762
675
-488
-175
-263
254
670
-208
-223
207
358
-81
554
646
754
753
-743
391
-841
674
709
-174
282
112
-954
-808
-200
-776
231
-808
481
-448
859
-230
574
-1000
180
180
141
-206
-112
253
260
451
-906
-512
591
658
-963
-39
715
-148
561
-451
343
919
342
-745
542
-860
-44
-560
-595
-706
361
920
3
-362
-428
-572
255
-110
-435
169
568
924
116
-944
-427
-151
-413
-318
566
-403
-410
287
-928
-11
-616
-657
-281
-256
560
-396
-647
670
273
701
158
-771
-991
786
-29
-176
21
395
-269
-977
211
380
533
602
902
-677
-874
-293
923
460
-952
653
411
-921
-253
-40
-663
597
-159
-656
-981
98
-918
135
883
502
-724
332
694
976
988
-479
-213
-975
496
-252
-821
450
193
499
991
757
504
220
-947
510
-336
43
-492
-1
15
557
-157
-305
468
-34
483
-335
-825
-448
672
354
-307
-330
924
262
-354
-93
818
372
-61
723
-466
-683
328
564
-638
626
842
205
-154
-420
-98
-367
-349
-994
-600
-415
-479
365
471
-522
295
-891
292
-200
-547
-430
704
-395
62
-273
-383
730
-642
484
292
-78
959
264
-177
434
-798
764
-622
862
-932
-376
597
-433
122
-554
-9
-243
-341
485
506
-749
-168
-527
342
-662
960
-104
-207
-51
816
-547
-797
223
623
205
-253
950
135
919
-184
630
605
474
977
-352
832
761
-823
109
-107
-341
272
839
156
-427
-905
437
-502
-855
275
-939
222
-549
-475
-67
499
-522
-869
-644
-30
-5
-118
-754
252
220
-197
173
985
-125
-910
173
-713
54
-842
-991
-916
200
42
46
309
-435
624
-195
-420
324
-392
248
-14
752
-7
193
241
56
320
667
-27
-849
-680
-862
-280
-640
-399
192
395
232
-92
-733
-658
194
776
204
985
-312
477
-211
-553
-755
718
-476
204
269
-960
-451
14
-301
11
-821
738
-564
-69
-960
-851
18
-542
-269
-617
453
438
866
513
-347
-539
166
-212
612
-182
677
-485
198
717
36
95
-171
954
-312
-992
246
-783
-483
-854
129
-91
-624
791
472
-907
-104
296
992
-64
72
2
-27
-807
-21
-705
-468
275
-513
-823
-410
-853
471
793
-400
-678
229
851
-79
903
-393
-961
-732
-150
-47
-152
949
-522
-610
-285
736
-47
-783
875
-725
352
133
498
46
474
-407
986
-706
447
681
525
901
830
524
890
-677
-185
-557
-162
453
691
-871
703
584
-343
-576
759
-660
-434
-336
-163
-276
606
104
-577
-898
-739
893
-777
188
-312
235
-561
555
471
410
623
488
611
985
173
866
642
571
119
157
284
-375
-627
259
56
-59
100
751
570
467
304
-839
-873
116
-154
-234
-329
197
-685
418
-523
-702
-540
11
-869
-680
718
-256
-301
482
42
7
783
-366
612
-931
125
122
727
625
222
-327
745
-658
603
357
-452
794
-688
448
307
43
-644
721
788
817
-267
999
-255
-596
-987
842
641
521
581
132
316
-269
-954
-385
311
686
166
-56
242
-374
675
-452
-204
617
-898
-457
910
128
63
875
-68
592
75
347
-181
874
247
-755
-598
-790
-702
-813
195
755
782
-617
785
-334
-623
-382
-990
461
116
834
-259
105
-992
-225
885
-213
-643
-713
986
880
-816
-898
842
-181
738
-251
-955
-543
695
429
-550
-209
896
-745
-990
-690
-508
956
557
901
58
-851
-43
972
77
590
-612
-28
759
674
255
-747
613
-359
34
-533
983
-880
-359
-975
450
-800
-523
-385
-310
-539
-640
886
934
78
-973
-93
45
779
613
-920
-727
-351
-396
-366
-527
591
957
-768
-492
787
-716
-727
974
124
-150
-861
561
-888
465
284
-190
572
11
335
367
812
589
643
285
978
301
-234
304
761
-216
-355
-975
-842
-357
-719
-926
-278
-421
-832
743
-401
-515
742
-619
-685
-948
112
818
-585
980
-484
-507
537
-37
-300
203
21
283
-861
-901
784
-25
453
512
742
-426
459
-645
-14
435
977
-533
208
294
-561
-507
-397
-512
719
-666
-13
952
500
786
204
-305
470
43
162
774
825
820
-621
-479
-864
-223
576
-290
908
-929
871
395
-430
544
-132
-437
860
-654
-138
-9
253
342
-830
100
-759
439
653
505
-540
-183
322
-250
365
354
-505
669
-948
13
502
-916
613
-809
840
-6
-564
545
325
21
-186
330
-789
-542
-282
-195
-592
-309
478
258
-175
-388
-894
956
62
-939
895
-530
956
272
-321
315
875
-482
216
101
-312
880
-163
-672
190
-830
25
130
165
838
676
-145
112
-458
81
900
-554
127
-808
799
-463
884
-418
-118
9
427
-8
701
-738
256
-628
-891
504
-409
390
575
878
212
77
844
-292
257
-864
-613
124
641
-945
198
427
-387
262
-885
-591
723
-255
3
471
748
-682
-997
690
995
-122
-509
354
-349
460
-876
971
937
264
-804
315
-813
886
43
-19
-306
-928
913
-810
-150
-503
807
-555
-243
657
6
442
-324
91
882
688
-264
950
907
97
37
171
-753
445
-460
755
-325
8
-201
173
30
-792
318
-716
533
-697
-814
-805
467
797
253
800
871
-800
-170
625
563
834
-713
391
260
350
16
237
471
924
849
-330
-648
344
668
-222
-638
-954
-210
-263
86
877
680
55
123
341
-644
-766
-181
258
817
-28
762
108
-959
895
514
-228
795
178
-165
906
-258
758
-395
306
786
-94
296
769
-54
589
-315
902
660
491
739
546
-755
-476
-372
-287
-68
-828
54
747
95
-68
-903
595
897
-691
-9
-629
36
-937
-429
753
2
135
-843
633
304
-958
644
916
377
940
-318
-84
427
793
-398
-1000
-647
-741
-421
-809
697
715
403
-912
204
727
-459
-104
313
-834
903
-867
-417
21
458
-243
-158
-125
-664
240
878
-635
31
47
-300
-690
863
-725
-867
421
330
877
-475
-19
-924
445
609
-384
-40
-832
165
555
412
-110
-628
700
5
-934
261
20
86
-4
-728
-223
584
457
-564
-622
-550
-356
-724
-768
170
228
919
214
-426
166
46
-561
579
-466
-588
27
756
170
-30
587
94
-40
-942
-552
575
140
-722
487
114
604
-760
621
-201
-613
-786
-224
546
48
-323
-598
88
-682
-474
39
193
457
54
-952
489
725
803
-246
653
779
394
-972
317
-633
-55
-878
89
500
-404
44
-487
17
-40
515
-520
-650
-418
932
498
-269
-642
-831
-366
-253
-68
-898
621
28
41
-376
-88
314
917
578
-677
100
-852
307
-231
-855
-410
701
695
855
-684
-413
-640
8
-237
172
101
-180
357
-2
821
525
231
-45
251
84
-126
-646
-756
68
-112
364
548
692
655
-903
-933
-383
-152
694
-181
-418
986
97
-424
613
-33
-518
-131
-269
-466
-229
772
359
231
177
32
-666
-489
12
-28
-602
520
965
578
427
-784
-93
932
-997
-528
513
-47
64
735
369
128
-796
-83
-570
-418
-456
-637
-166
397
42
733
670
-379
-90
58
-698
-127
950
130
-773
-557
150
337
-15
-660
264
-443
-322
708
99
-725
-631
762
-42
27
-213
-442
283
955
-481
464
-535
-685
87
742
-585
-701
955
268
453
429
-355
-122
324
164
-283
198
-416
-827
105
-554
991
935
294
862
-309
513
560
-512
191
622
-814
2
503
-237
906
140
-970
180
367
864
-533
880
-982
-685
169
-340
975
621
-150
-549
-155
381
474
430
634
750
-644
38
472
220
-865
-268
-958
-325
-438
38
995
-277
-763
160
-414
-509
672
-742
760
212
402
-491
-888
27
891
232
414
-75
-617
159
798
-52
729
-142
911
752
182
581
614
104
-869
937
535
-194
779
923
-931
15
192
-714
715
-628
153
-384
434
487
821
-139
973
361
-107
-438
414
678
-923
-242
-991
633
785
515
741
171
406
-988
-552
972
-881
279
334
-417
87
305
955
-585
182
-63
-181
323
926
620
436
-977
-91
-561
496
-480
358
927
-346
88
554
-289
-281
907
67
671
-360
-822
671
-65
-157
-114
138
-194
35
-125
550
99
683
497
-242
-66
-310
-995
-182
775
-250
-906
-780
-657
557
-828
410
456
852
-133
831
-73
127
-7
-588
-343
431
964
-79
-698
-191
-459
908
-579
-726
529
-330
-517
252
-147
-615
209
-593
522
-65
-340
819
-269
-515
-36
867
-957
-450
824
-166
-309
-212
-215
-851
473
-100
443
770
201
881
973
-729
-265
-56
29
368
-915
470
327
766
-739
-450
578
-309
-472
-577
208
-482
332
-232
-864
369
-514
-880
155
627
-395
531
-861
-759
-845
814
236
885
874
-835
879
-638
151
-400
-213
-83
427
34
974
84
-637
-479
-227
938
-452
424
577
-965
237
-470
92
411
-236
315
-623
344
-57
988
-927
-78
577
471
-705
333
-332
804
514
856
925
-532
-265
259
483
922
-176
-933
998
-247
-734
-51
-222
-466
433
-605
-278
-907
-664
134
158
470
351
-703
-117
-365
-760
-790
198
361
-533
-322
62
-403
917
-564
683
333
180
121
613
751
-251
-899
696
530
550
-889
-9
-114
-243
848
900
-249
-568
256
233
-765
369
622
-87
-758
578
-88
-244
-405
-663
-976
-879
518
-564
59
-509
960
122
874
-69
109
-467
-337
-201
495
387
816
104
-995
34
508
593
544
35
971
-971
949
122
-445
-778
881
416
-34
-851
136
798
837
-413
738
345
-25
670
-750
114
22
930
-26
-181
876
866
767
-981
-729
824
605
-251
-719
-902
797
891
520
-872
-644
236
-998
151
113
-194
363
-919
720
-832
-240
-30
-454
275
790
736
-792
-649
-284
314
-994
720
484
284
-423
371
-947
721
958
536
-391
848
-605
-593
-578
-812
538
706
-252
388
-619
678
-989
757
455
861
-356
-927
757
-204
104
347
654
-679
-645
-571
243
508
-86
-948
919
949
40
-212
454
-660
-380
149
-708
-468
603
-642
753
-742
161
391
-595
-107
238
106
596
522
-691
-312
312
-252
956
-570
-685
-816
-186
449
-530
231
951
492
678
14
667
295
-147
-613
827
-328
281
434
203
814
-617
-312
138
658
-789
-935
-957
277
-493
865
-119
696
508
958
383
-583
-731
534
-648
514
-261
560
198
-631
448
604
714
-790
-350
194
-97
-979
-354
-335
-465
617
253
-580
581
-131
-689
58
889
-576
-966
619
-344
17
-687
513
778
664
635
-73
-917
-938
309
67
-111
373
553
645
-784
-994
-271
436
96
296
120
780
709
-473
-736
617
-72
149
-876
-49
874
911
-516
476
117
675
-214
125
524
841
329
-78
288
-966
-189
-237
885
800
328
698
504
601
389
918
233
257
968
-706
406
-366
-957
-118
810
-665
652
-193
-383
-473
540
-773
92
506
-994
-608
-191
-371
-806
-4
-758
710
-392
-225
-318
-190
258
266
-9
-816
-395
147
-272
-886
-887
205
-971
-825
-334
435
-921
959
-314
464
2
111
-904
-170
-832
-650
-452
-406
400
-181
-34
-872
-881
945
831
674
-693
585
-493
348
-850
-738
685
-621
-358
-156
-304
148
-103
72
-716
815
-743
7
78
-331
-637
256
871
-718
131
34
-172
401
121
98
-307
-393
-259
-297
97
247
-403
-190
36
152
-770
-316
-114
-955
-500
720
926
433
-514
450
-201
-361
-218
-236
-968
979
946
-214
560
138
-102
792
-496
-338
651
400
-941
-124
264
960
166
-390
-196
-801
-468
-590
-915
-19
236
-18
-577
-645
-486
290
-538
-935
497
-99
-189
788
777
314
-319
-523
-411
514
132
-260
-435
50
452
-891
-32
261
-153
35
-9
381
-968
-845
226
356
131
453
954
533
995
607
879
587
-837
-283
-960
737
-261
970
-347
241
-504
-383
-456
44
-315
268
-385
638
-140
-726
599
-383
742
393
-787
-143
538
-782
297
-756
777
-294
-755
-589
-705
-250
188
-409
575
750
-707
838
-408
345
939
-164
487
226
-908
-70
-474
96
18
-658
167
-49
404
953
660
381
-240
817
76
540
-230
-566
623
257
-100
-326
677
828
417
-531
63
46
-638
960
-712
663
735
141
791
-746
988
403
-209
922
822
-967
-612
589
186
-207
-388
951
-684
717
30
979
-283
742
-267
927
-144
949
-652
-416
-293
308
-571
384
411
-391
341
274
-162
-55
801
-716
339
763
573
-806
705
667
-790
-996
730
-655
-52
650
-421
519
142
-934
568
287
209
971
-162
-207
-246
-857
476
-655
676
227
979
-599
-802
-689
-405
-960
42
826
-378
-764
716
923
661
-242
919
-206
642
-243
-358
-978
944
151
24
118
-863
-897
-686
-260
234
407
730
190
82
538
13
-488
-226
-103
798
580
895
219
-766
-774
177
24
814
-214
-236
963
-495
-204
-752
-719
-206
-979
444
208
937
-102
583
-775
-201
-895
-811
112
-518
-541
746
11
-33
44
414
-838
314
689
792
811
-843
328
408
341
751
428
208
397
199
763
-351
-907
-257
-163
936
-625
422
480
-646
-713
856
-895
-420
503
134
996
-948
621
-463
112
16
-145
-154
-366
687
-655
-414
718
-746
-452
-273
-515
-143
-103
-685
688
896
722
-675
-890
29
-953
931
181
169
-455
391
75
289
-564
-27
-175
415
954
203
971
-252
-248
-5
592
-652
-677
-628
841
-417
-610
409
214
612
321
-276
-77
-273
-35
375
242
443
909
-268
534
-558
-360
447
398
-780
901
552
186
-284
481
-734
5
-168
-655
-404
511
-289
122
-303
-845
210
-297
-597
718
-918
-318
-535
925
-497
-66
-999
703
-132
-918
-541
-932
-307
-341
-565
-66
-945
401
-480
-762
708
-880
-862
-834
810
-460
828
-327
-387
-204
143
202
407
986
-620
-547
-354
327
659
-936
833
509
-824
-79
747
879
-904
-459
-727
602
-84
764
-386
847
-564
5
526
431
382
-147
246
-146
787
16
724
-154
61
954
-782
742
-884
-345
172
-40
-206
-495
-410
686
929
668
267
55
-708
-630
-525
918
-611
-746
516
378
844
-938
617
-164
-486
209
365
-282
-979
-518
952
-605
463
932
-42
200
-840
-223
498
44
-654
314
-38
-654
-184
-921
-150
992
-320
996
-268
470
-959
434
-297
219
998
116
-179
68
-585
775
586
-864
-644
854
-608
251
-240
-960
-872
936
491
-132
363
-457
-394
575
-740
-688
309
720
686
-376
858
-853
835
794
301
-294
667
-593
798
-682
43
77
715
-3
611
-595
425
-959
283
151
-889
-714
146
-147
-340
547
-965
659
-185
-934
-477
-695
155
-785
608
-411
50
962
656
-315
96
228
312
352
-268
276
-873
352
-12
-376
-459
-723
648
-334
850
965
-743
-439
735
236
343
-495
-714
118
-817
-962
241
314
-502
-673
-992
698
-525
36
759
138
506
-251
337
964
130
181
-757
258
548
-918
-2
-391
943
-703
-819
587
-768
574
-863
-521
580
783
744
-888
983
-218
181
-529
-905
-788
-564
-842
616
-312
-26
-316
647
-652
251
191
-861
969
539
155
969
438
149
82
947
509
106
-155
156
-238
-530
614
-392
375
-97
-653
-868
-44
-315
-959
-91
-14
-280
922
190
967
959
522
-924
604
-800
492
-918
-378
-105
-157
-247
-508
-928
-228
384
-219
-786
-248
-945
798
-814
981
-610
-488
-790
208
881
-818
175
156
-95
-51
-922
400
-153
203
-230
408
482
945
29
698
-972
349
-823
28
-410
607
-549
666
512
-377
770
322
-397
328
606
618
641
-640
-538
216
-338
-350
-487
630
97
-152
63
477
435
667
749
150
385
-537
356
960
-869
-195
-803
35
-306
141
-256
137
-669
-56
-990
481
-280
248
-868
406
567
466
982
-358
-550
660
-303
-674
311
-661
424
391
161
495
233
307
995
-40
898
-389
16
202
937
303
-572
-134
724
646
-130
-978
263
37
181
-440
-992
941
913
-290
-369
-221
247
90
-152
-541
462
-174
-161
871
583
-967
387
-283
567
-807
613
287
205
-69
-2
112
46
-388
624
985
366
455
396
-732
-748
893
507
-430
738
265
-954
760
777
766
-694
680
886
-625
337
434
653
-648
-292
814
393
111
-163
383
-617
909
836
-357
-237
586
-163
283
-219
-804
-490
627
832
-346
281
442
502
492
121
-23
-132
150
363
-915
-541
396
551
-171
-813
-856
401
854
-483
3
360
-899
-306
-595
682
-246
-482
715
408
628
-134
-452
-684
609
210
-567
509
513
-121
212
174
329
-854
514
351
-171
231
0
528
20
-489
713
441
714
-356
385
187
-798
-461
-486
949
439
903
-783
-751
860
948
343
-834
69
316
-808
-835
-200
298
102
-516
490
-500
-978
-137
-103
-820
680
-443
78
-26
-305
-865
112
381
-96
-243
482
-33
-349
986
559
-869
-659
-69
-152
201
624
907
-5
-323
-243
242
284
-793
993
-801
-753
-895
-784
-465
590
965
503
897
-227
-159
483
304
179
-533
-155
-466
50
-879
568
-660
-983
-769
994
-633
749
611
776
-436
667
-47
998
946
-233
93
258
-995
-374
-18
-236
210
414
808
759
-667
841
667
601
268
814
293
-570
567
571
914
531
-890
184
938
-41
-849
-432
699
-932
-562
602
303
-602
-807
-8
671
-915
572
-244
926
572
-207
-144
871
540
-2
-340
-717
803
684
-353
-97
123
-38
123
611
931
-1
145
-224
-377
-813
-223
765
-759
-871
779
111
-327
-913
693
-300
626
962
-495
65
839
-140
-174
625
481
156
-188
428
-383
-75
-81
890
680
906
647
-631
-320
633
426
-280
-40
-72
-862
324
-125
835
428
-706
171
275
759
464
270
258
-386
-867
64
340
-433
186
-262
583
851
337
29
930
-223
-476
112
-971
374
908
782
278
907
-995
-810
203
-954
601
-372
-359
751
127
-12
719
-351
64
-150
-605
677
154
-706
168
-609
-52
-204
307
259
-612
832
-654
-806
-33
197
235
64
-331
-438
-211
888
-146
-113
-851
815
233
-375
-417
606
-405
-534
748
-820
969
615
967
883
-968
595
-932
-785
182
-216
-687
758
-907
923
-586
210
-146
13
-175
576
-44
209
-381
-782
-360
-375
-183
-149
-221
865
-702
155
-157
156
-498
-391
-259
-824
-883
-578
-167
-745
972
-358
-3
759
676
-577
24
978
-453
89
48
399
13
581
803
-480
-644
-773
630
253
888
906
473
-573
-31
510
902
-315
213
196
482
928
-184
-893
971
-790
571
-744
-380
989
-699
640
13
-860
-154
783
226
715
263
-280
287
533
269
667
346
-234
-875
149
-825
629
985
-317
-914
434
184
-219
-197
307
-342
460
197
613
-908
-502
816
874
233
624
-896
-751
720
-135
-737
-79
-456
-911
271
-474
-125
-45
-131
835
-377
-975
371
359
-259
264
-506
922
-950
635
-414
315
232
211
404
591
932
694
-229
-265
870
883
-165
-476
23
896
-984
-206
359
790
-937
-699
-749
919
90
232
-399
-338
404
265
-436
350
104
768
215
446
649
-62
-912
701
773
103
759
91
900
-378
163
-153
714
689
-165
369
400
413
-469
-285
-352
7
400
-501
-740
502
731
-18
-52
-166
816
40
306
-324
826
-831
-82
498
979
660
-881
-729
272
-977
-221
-901
447
-65
104
408
216
377
97
-899
282
649
973
652
-744
-533
-165
227
-219
24
188
445
-310
-490
-110
71
-306
-589
-803
-394
-677
-423
-948
-77
407
671
-110
904
-402
-329
304
-581
-520
-71
549
773
39
207
395
-400
202
-930
-101
624
868
145
882
190
504
267
423
-985
96
279
-310
-674
-177
-508
495
520
-678
915
-704
714
-714
169
-431
-973
-28
591
905
839
863
699
-744
-527
-174
-142
166
517
-359
130
-118
-928
956
-105
891
111
-382
-572
119
-754
763
-998
-15
63
-104
-888
512
506
-726
-71
279
472
-225
318
106
-139
-345
-673
-13
-194
27
-764
-673
-732
-475
-905
-829
647
195
-10
-463
-76
-729
484
-550
377
-115
399
-107
-387
21
-571
872
-539
677
658
-516
541
-19
864
-228
-252
183
-252
-149
745
358
-326
622
-150
840
898
483
-483
-936
-486
-557
-780
-832
-963
-463
283
62
-296
-316
197
335
-719
-298
440
-496
451
954
-256
646
-804
-577
-375
412
260
-100
-539
-260
-938
-835
-880
-358
680
-578
-321
230
474
793
742
-652
919
228
-25
-68
-294
-301
-357
-469
382
103
-521
765
-797
-981
121
-671
648
-388
627
395
232
-953
-638
55
-447
47
-60
-441
-395
-87
288
465
760
-244
101
-564
698
596
-997
-256
-16
856
26
-395
617
-601
-781
210
227
-950
-856
-333
-987
-120
176
-712
185
-476
89
-410
656
805
181
-329
-718
-867
-190
-983
-132
-343
-979
420
307
606
601
-21
-380
-234
-893
-602
641
374
292
-116
224
34
805
-136
999
-598
-781
-723
672
-80
-679
-492
-370
-962
-153
-723
647
574
-287
-728
260
218
469
-453
-308
-590
-991
-742
-508
-496
-783
-965
-642
151
-22
923
732
135
-431
-729
-763
-84
-763
-474
58
-376
-974
972
-628
-154
-362
628
924
518
936
-501
-496
-249
440
382
-241
335
1000
287
415
216
-404
-64
-319
99
824
810
70
142
-683
764
421
-156
-65
-748
-572
-116
-43
-678
480
827
-713
279
-897
-920
140
212
937
556
-494
-295
365
-157
292
-352
-888
471
554
-510
469
581
344
6
940
444
-85
-834
-739
159
920
307
-57
-766
-31
-686
355
-620
-992
-725
37
637
-451
736
324
-997
289
-980
666
763
786
368
-611
-146
-568
708
-689
-823
505
10
-7
-141
185
711
948
-875
510
-265
260
472
-155
-289
-681
-229
-331
546
-660
-544
294
-687
-973
147
-723
-121
367
-934
319
-427
579
-712
-166
429
588
9
-313
813
-238
-274
115
-318
984
-749
-205
254
-438
-991
-780
-626
-200
-636
745
-209
20
-909
-80
854
-412
739
-360
-899
-663
-58
394
-566
667
-964
503
-450
391
73
239
953
-488
840
702
232
-427
-40
-501
116
-629
362
-166
213
-110
140
-577
-487
302
272
707
901
-24
-945
-562
156
-561
804
-600
894
-197
-959
-497
-523
404
-651
-984
-522
369
868
-458
326
769
556
599
269
517
-796
-122
-580
-90
821
-146
-812
173
269
-871
-200
-211
-841
-113
-399
-909
-766
972
133
-954
-372
-551
-466
715
-193
171
933
821
-761
-389
224
81
-705
842
778
264
-549
850
-623
-575
126
587
-931
745
-597
-224
-172
-796
-780
-79
415
-181
-409
89
-639
-943
999
479
499
-91
60
-264
-609
16
98
110
250
409
169
-509
-289
-229
-257
-200
-412
9
664
-816
-61
204
-168
-614
-708
663
801
-867
81
-534
363
-325
-181
-512
910
-114
-575
-870
695
822
-566
684
-260
-400
-822
-553
-119
928
372
510
-162
86
367
786
-502
19
288
706
-699
10
-985
-846
-887
-747
-766
-219
639
-592
675
672
126
-264
-766
19
931
-911
-324
175
359
268
-182
-768
-598
749
-250
-401
-430
-354
906
10
-126
407
497
252
315
531
309
330
971
780
-962
710
-523
602
363
-600
464
-186
888
-979
74
694
-441
-577
-964
978
-820
500
-46
-593
52
-531
679
-838
770
-125
-140
404
-956
-426
55
-130
62
878
-973
-873
527
94
288
779
780
-884
-913
-737
61
-443
99
-738
-255
-513
253
254
287
438
244
160
718
-3
-988
-76
-703
-517
214
-822
855
-825
-897
353
949
570
957
-628
-771
-202
-579
-898
-505
960
107
136
855
-565
940
328
945
-898
-638
-921
793
-894
-956
-733
-713
906
-793
238
-244
985
148
-601
-491
-867
-515
-681
788
-825
-357
858
735
-116
50
747
646
-706
510
171
-187
888
-111
-330
484
-156
838
563
165
725
-271
972
-979
806
-992
264
-880
-903
-108
-664
912
790
128
984
-21
-348
-908
469
544
583
807
507
-843
548
814
-891
-925
755
-28
621
-302
-41
358
269
310
723
240
173
574
615
-402
107
-579
-376
-425
453
290
507
-689
-597
-853
-763
575
-494
-139
926
410
300
7
-152
-480
244
-980
-708
476
568
543
-12
-774
-518
-107
-412
941
-803
535
-347
888
414
-565
-87
941
33
402
-746
-251
697
-306
863
968
-255
-131
682
481
-75
-405
-754
-611
-295
858
622
-692
-95
-728
-501
-337
154
-178
-137
500
863
415
431
-226
816
949
-466
-570
-156
-571
-215
336
147
396
17
479
687
727
960
-101
619
987
-62
-623
633
-822
-22
115
-457
174
914
542
835
524
523
-998
-786
-791
-531
-47
-768
-801
-782
-720
805
27
779
-432
-343
-294
-938
623
-701
-87
869
564
260
-658
287
-477
621
722
-43
-642
113
-899
620
188
679
7
-809
573
277
175
-651
-842
-741
-203
-598
-863
-175
692
-551
583
-915
-123
236
-371
-321
18
-531
-253
-325
-255
583
-307
-310
-784
-255
-763
721
-408
182
-224
375
-704
682
454
-48
-211
-898
904
677
-707
-680
869
462
497
549
729
-962
685
103
-899
358
-162
-786
912
448
961
-445
-557
364
-784
-270
-690
-886
-417
602
-462
-156
-619
771
-643
824
734
-547
-801
-758
668
-285
273
-195
745
822
-287
283
-820
-227
-945
-100
942
-737
852
-846
-727
872
-332
-751
690
510
139
220
668
-868
-364
-347
-885
560
-845
727
331
-506
-472
366
-210
-500
-630
910
945
-621
515
29
323
514
-65
-340
92
997
-167
78
937
-164
-747
760
546
-688
-626
766
905
636
962
196
-674
696
370
589
913
731
-535
734
-898
320
-213
928
724
-455
-107
-86
75
-637
-636
-259
-253
594
311
-712
-572
-486
569
961
974
799
914
-982
-412
979
852
488
-900
615
-913
541
934
966
-705
-143
616
-723
-974
578
-449
724
-771
854
-468
633
-196
48
33
-963
-2
344
85
-177
-90
802
-309
87
-755
452
553
-997
930
328
217
-736
-663
215
-471
783
-875
385
697
287
354
-165
835
330
67
288
725
-244
-44
786
-286
-720
-117
356
668
-737
452
-269
-587
-521
928
206
336
693
-752
315
675
-731
63
-340
345
340
-626
-9
-642
604
-351
49
-93
146
693
459
841
-91
-337
81
-997
-98
-20
-103
-333
247
411
-305
32
-248
-668
-586
739
-871
659
58
280
581
-44
-156
340
-441
257
176
-969
926
-395
-902
-265
-372
749
453
-267
-929
-743
-509
437
155
-300
213
-519
145
929
582
-611
-396
-556
-487
-91
-247
-485
-795
-42
156
-136
-731
-194
-817
938
691
550
792
414
-338
41
-429
-770
521
-168
204
457
415
35
17
967
98
-277
-235
-13
948
-922
-304
172
-358
-585
289
758
980
-49
984
756
-36
59
977
925
531
714
-4
-866
485
-767
26
-901
345
-578
-895
194
907
811
120
682
87
-30
-518
-380
-283
764
-17
125
946
27
-148
-624
908
-396
-194
187
732
822
622
-87
345
760
314
-616
-906
441
-161
167
-835
208
113
251
807
-364
-354
709
9
-93
623
96
-519
916
385
767
559
-586
-349
195
920
566
-493
-155
495
588
-713
498
601
983
-714
-250
-315
487
395
-160
990
45
-287
-559
766
-561
327
-681
-708
439
-359
795
-719
-375
146
674
-421
-357
-983
-891
-194
379
-819
597
133
-863
-527
-579
-89
121
662
-320
563
479
709
-110
-80
173
-261
203
-963
-611
224
651
787
-320
-483
-876
-676
436
394
-746
-326
-216
-508
659
414
785
339
638
610
732
570
-531
444
59
-579
-986
742
829
-63
-145
-914
-62
-700
-378
540
-205
607
-742
970
454
46
375
-607
-159
246
-376
-469
-139
496
177
362
-137
-298
-538
-725
238
618
114
-962
234
184
987
-408
388
-976
719
194
199
414
-447
-541
-640
-574
948
736
-950
-567
-388
-103
-605
354
921
-961
491
-597
542
671
650
-607
758
-281
-851
301
745
-259
364
762
248
-285
-640
929
-932
-19
595
-723
122
676
844
232
-386
-97
727
527
-542
679
431
-84
347
-410
-524
-590
-110
853
-396
571
582
721
114
-368
-201
290
-729
298
-755
-295
-553
-127
337
775
-880
-723
-138
-174
-928
384
884
-675
-695
-144
181
-914
218
577
830
-817
199
-449
-215
-259
751
-99
-289
530
391
906
-519
121
-90
152
-828
558
126
-273
-532
246
756
768
-21
-570
-593
930
-521
-54
-223
-23
178
580
-845
191
651
893
-681
898
-287
148
-931
869
-107
87
-267
478
654
-863
640
624
908
757
-559
-358
-100
708
688
-30
-173
-311
-915
576
-915
-370
295
673
759
-836
356
30
-412
-619
858
980
-95
272
-908
-256
605
-51
12
129
990
465
-918
818
-243
-82
454
-708
634
-906
-62
-658
309
-221
747
400
207
-747
-953
158
663
329
527
-454
-741
-681
598
429
-428
-631
594
-19
-341
797
269
655
435
95
91
-977
927
-910
-858
-793
23
-868
396
-381
850
-552
72
-570
-368
868
-624
-22
442
-899
918
31
443
906
477
455
-86
-328
-36
730
-424
-375
-510
-562
-347
-391
-555
272
-887
-979
690
-745
239
-373
587
-663
117
839
-746
-119
-421
11
-316
-829
-872
-343
-907
-580
-724
234
220
336
-944
-71
-858
-281
-94
-520
-557
-89
943
641
-32
-443
429
-278
-159
-661
-296
995
818
74
646
-750
747
495
-656
890
608
926
761
-437
-17
-139
-1
-602
934
529
-654
-384
744
609
931
804
821
-746
369
-752
246
744
701
-733
-920
-673
784
464
488
26
179
545
932
-527
879
-1000
712
-16
81
-173
422
247
831
758
-427
-795
-873
-651
678
-506
285
-273
184
-427
-861
-864
335
29
442
-240
-632
-203
-478
-305
886
-317
603
-751
-355
-139
646
948
-152
-178
-809
66
669
-794
14
344
-317
-180
939
82
137
673
-112
247
-311
511
-889
-745
-211
-155
996
-612
-323
-654
-477
646
36
249
173
214
175
-135
-490
983
-938
-928
-254
-255
-163
801
393
124
-538
512
-858
873
640
836
-612
-253
-75
493
661
136
181
559
-602
-972
-770
-204
360
914
-782
941
907
524
-810
285
-363
-679
629
-723
-857
-835
-190
272
-109
532
681
-828
-811
913
819
908
-804
-223
-299
762
364
-419
-962
180
-835
190
124
577
-559
-439
776
645
826
-393
236
114
-900
423
-15
82
-514
-657
321
-330
-156
-506
-9
726
-203
261
994
-291
-418
-553
751
-905
-92
998
986
-557
556
780
569
-158
609
-91
19
358
-848
-319
540
924
-14
767
341
-783
-789
726
990
372
480
-426
741
-235
-200
420
-34
-89
-713
-265
-684
927
-679
-831
-116
-232
24
-518
826
-773
-811
-129
-490
109
4
-20
-214
628
-642
297
-234
397
664
-426
394
-524
-616
443
-826
-570
-542
-649
769
-481
-948
709
390
-900
-619
-501
207
720
-954
-998
-955
-588
-702
399
961
567
-645
871
415
-737
158
398
-651
222
-383
-104
633
-415
255
575
-417
-289
-688
-564
612
19
151
-17
-183
-257
-385
-580
-380
-812
782
466
247
515
252
-796
-467
225
-709
137
732
797
30
-941
944
-782
691
-953
-593
-351
-249
365
754
750
909
462
-887
-825
-660
-687
265
-766
-130
-634
-27
-774
-852
-459
699
774
-176
103
598
94
-118
883
-558
-775
-205
761
-988
-298
-270
866
-529
-598
141
-749
560
915
-893
-420
-924
-990
756
723
-220
-47
-216
530
294
-965
74
271
-1000
583
-100
724
288
-649
-523
-158
-250
572
496
581
-921
-234
166
-419
-117
161
-446
-66
11
-338
910
606
-95
884
-959
-856
-883
-288
51
803
429
-301
-349
790
-445
816
560
-397
587
-265
268
125
-871
790
882
558
-407
-902
-357
372
-189
494
-680
828
618
329
399
594
475
-377
-184
-300
-344
-678
679
-762
104
-162
-424
403
-17
437
795
815
195
470
53
-125
-822
-598
-262
-245
436
-219
-539
462
-71
514
-440
-664
362
492
-567
-456
-490
85
866
91
-974
-116
672
50
-196
-72
269
291
350
716
-596
-140
-297
-146
-879
815
905
555
194
-505
-701
614
-792
-858
569
984
885
634
-882
-575
-688
-388
744
-299
-659
662
-772
-857
-706
33
-258
763
-127
969
-339
-582
-892
-270
-292
615
618
-836
-317
584
-545
226
951
76
14
-646
-485
945
673
-629
-900
-749
910
28
-887
-70
796
94
-267
443
-424
979
-207
-29
-383
-38
-669
-141
482
973
22
550
427
470
298
-202
592
-227
518
-779
-942
481
-218
518
822
-198
-102
476
-761
-162
-202
-495
394
-52
271
605
536
-469
951
-128
-898
579
695
-382
633
110
38
597
771
-712
-476
930
889
-914
525
-705
849
692
-610
612
506
-606
646
915
-283
852
-357
-881
832
-830
-85
-513
132
-335
-272
-183
-872
-791
507
250
-871
381
-224
351
-898
-170
535
-564
-317
491
536
823
-645
553
954
-683
754
386
57
519
270
101
-190
-645
-634
-45
-347
844
-340
-682
-830
221
-548
-212
862
-551
-27
220
-52
-741
994
-940
-828
124
901
184
-20
300
-208
-170
-51
475
-129
-521
-931
-508
613
-103
82
133
307
-57
-916
316
-608
-800
-426
-704
53
-713
-266
-232
381
-134
439
-175
-967
630
-197
-501
995
620
110
491
94
-486
-555
133
-969
-904
731
-770
688
-714
782
-696
-68
-561
-289
999
293
856
-219
236
-872
620
141
-954
-968
953
-946
222
978
979
14
-444
-129
901
966
-105
934
236
646
-946
-698
-476
60
251
-717
492
-489
938
-674
220
150
-453
-781
-963
-858
-267
77
-718
229
-787
-707
207
305
772
435
847
-148
136
-981
-690
-326
344
549
11
-117
-387
-863
144
634
822
-625
439
134
543
-392
-955
-821
48
-139
788
378
947
849
103
207
-429
686
-298
433
90
-232
946
122
897
921
-583
-152
774
-73
436
803
-953
-29
462
421
-705
814
669
98
453
-501
14
361
232
54
-383
-165
-857
-414
-648
-580
-975
-154
-955
755
-427
237
149
93
-370
-689
-7
140
210
456
164
370
-872
-245
856
685
460
-296
930
878
-552
-216
-627
-440
155
-522
-955
777
1000
-128
-370
-300
91
-443
-505
23
-666
430
417
-698
164
899
778
465
-675
541
113
-334
925
-316
-68
-395
507
860
68
-683
-198
540
-266
-547
-918
744
0
985
-759
691
-193
-216
-818
287
444
-421
656
-872
850
-606
683
-133
251
219
120
-470
190
-579
630
-314
-60
461
386
-8
-656
597
943
-537
625
48
241
401
64
-782
237
-10
-106
595
-55
-177
-835
909
-469
-705
-360
775
936
-964
-115
513
5
-411
97
-130
-103
-855
-207
769
-609
590
222
767
-448
-45
446
-306
632
805
-855
551
494
793
-957
-71
499
655
-323
972
-689
652
-448
153
994
-125
159
-231
-150
172
-100
627
660
559
-90
289
-403
423
-861
-304
-831
867
-455
-364
-187
-915
556
647
565
-332
-369
-355
762
-350
-528
-114
13
-686
-2
-273
195
992
-694
419
360
854
-97
717
24
-251
813
980
-997
-903
307
-582
706
-793
-626
-16
-789
-556
610
-566
84
-833
-272
-964
173
-607
481
-215
710
800
-612
620
-415
794
739
535
872
-344
145
63
-728
964
-426
-245
-17
-547
-775
91
458
-239
-177
874
-204
600
470
-528
-904
-349
-306
-890
951
109
808
-327
595
-945
-226
59
-518
-851
-280
-205
-458
-765
-912
-182
598
194
646
-572
-124
854
978
98
-257
-683
990
371
-524
211
619
-503
880
996
-345
725
446
-821
-685
-684
-991
830
893
-131
-171
510
884
-662
305
698
986
-433
554
180
-842
668
-378
590
-18
-198
-646
32
598
-143
616
841
430
557
661
-127
-236
-462
520
-445
-496
308
233
185
515
-120
610
-861
43
-721
907
-893
787
767
276
-498
578
-911
-191
595
-562
319
-782
-221
367
-489
-693
147
-790
-670
-832
723
-36
296
-625
203
-203
904
394
-425
150
501
-516
-984
-697
308
-762
-126
-513
567
347
-56
238
-607
-623
-834
-66
-909
702
-707
-238
511
-186
180
-859
722
815
231
-953
677
-305
904
790
195
-881
-164
836
184
-211
88
639
459
608
941
-417
-975
-58
-74
786
-739
-579
-360
346
-134
-320
705
-646
402
-974
-861
971
610
-632
-220
104
-711
-42
-422
-435
975
-441
127
-890
-474
-362
741
54
642
-427
949
-702
-556
393
-33
262
-846
110
582
-498
-330
-189
-34
-270
430
976
717
-664
236
650
807
582
-228
-507
-770
407
253
968
-126
-531
-945
-276
734
-862
548
-683
-550
830
-15
568
669
177
97
987
-378
842
-225
723
-890
-846
-337
929
508
312
-573
408
830
278
-514
157
243
-66
-582
-225
-980
-15
926
-718
245
947
606
46
486
-779
-376
-529
-161
-793
244
993
-824
601
752
549
-375
649
-419
-757
330
-107
900
679
823
284
-266
327
748
-238
232
-48
497
-679
690
428
-297
-996
89
451
-541
-320
-264
-788
-3
-269
-199
337
255
292
679
-41
-354
-208
947
970
-215
819
987
533
-479
23
-271
20
801
650
-991
-805
422
-263
93
116
-682
-517
-181
18
-716
149
755
-64
576
993
-719
-940
-921
667
-284
725
268
177
-393
-576
703
-198
895
-184
-163
-55
426
-867
54
-847
410
-129
145
157
-1
878
204
-122
897
-745
423
-189
-800
353
187
-209
835
564
572
-881
-139
669
-906
280
-138
472
-289
580
-717
-388
681
-229
-247
-470
-135
-66
-705
348
-590
-316
-403
309
925
-847
237
290
80
-629
-371
-363
-845
628
-609
597
213
-125
902
-924
142
-807
-619
262
6
-923
500
-504
424
674
601
-942
-415
-819
864
71
861
155
-647
17
-304
905
823
754
766
-607
-897
-592
-377
349
-195
305
972
226
675
548
698
-90
200
-492
-35
107
-206
776
-435
615
235
-364
713
-123
-913
-12
-845
435
-431
-477
538
-489
-395
546
205
-487
741
659
855
120
-781
312
836
-778
196
-900
-908
-338
-724
-436
853
-15
860
847
-623
-608
-660
-768
986
264
-789
887
427
-146
-597
876
-839
-919
-586
424
-215
193
-971
-732
588
878
-537
417
-979
27
-613
-923
394
-906
-480
-452
213
619
-154
744
-167
-440
-476
-701
-139
807
555
-218
363
-808
715
969
-49
62
-870
989
-673
614
114
-209
-853
-61
796
-791
-68
-388
-639
-153
-165
629
-397
513
516
-609
-668
105
838
519
-188
-731
360
222
-517
-40
-539
-915
982
507
686
243
500
-445
-760
-810
356
379
306
-610
624
379
365
-30
-451
139
-586
711
563
959
250
87
259
-101
-658
812
-222
378
697
-56
-598
591
-838
-183
-50
531
340
217
-375
-387
-969
-751
-920
356
327
475
-723
13
-570
-759
-646
508
339
-693
184
-273
569
479
-838
-379
107
179
115
34
970
-201
-797
-454
-179
-642
-27
-627
-329
744
271
-528
193
-507
-277
581
354
-591
-186
354
-431
925
-599
-203
3
-952
-131
744
289
684
-126
-582
-570
-250
9
27
-154
-464
252
-583
-854
155
224
-522
169
996
-635
-541
-87
-731
-191
132
36
-774
877
-394
-65
93
384
-661
125
-168
43
389
468
861
-511
23
-584
-890
-944
214
58
18
-615
-605
786
190
-494
146
-993
-597
-782
452
-655
651
-39
-96
-667
370
434
-551
370
-744
-435
909
-529
16
-976
234
-714
438
-139
-993
682
6
-42
676
-723
789
760
-259
773
-849
-349
439
-784
684
-527
362
-999
-677
413
534
-311
-598
-55
-601
195
128
-125
-542
231
-696
561
756
-925
489
901
-815
801
-425
993
-519
-10
820
-353
-9
155
-436
-526
-28
-846
773
-819
-981
577
664
-922
-793
774
-483
-871
-616
300
961
954
-471
-999
-397
596
808
61
456
116
-542
-6
279
401
669
-744
308
-976
794
-658
92
-881
-267
-670
719
-132
843
75
880
-203
-671
898
-818
-701
251
-132
29
108
-416
-298
-390
-515
502
860
114
-693
-7
-533
-273
139
463
-758
880
-360
467
-288
459
-57
549
-42
213
78
-142
741
484
-764
-525
-119
835
625
-721
-864
-579
623
32
894
-807
-286
959
-38
2
100
600
969
188
795
993
-268
431
679
655
-49
960
480
-994
-131
261
-50
975
787
978
816
-812
554
663
-363
729
-100
831
284
-153
-341
-153
-139
-711
178
238
36
-533
-171
608
-321
-58
-244
-140
503
-528
-995
-718
902
-395
602
166
972
-3
-942
-957
-848
-176
-705
-655
-916
303
-89
-301
-106
-72
-4
-883
588
-367
-487
332
787
-59
-733
-794
374
-153
-664
363
971
-318
614
-946
-584
-893
-265
-164
-164
870
-882
-397
53
694
-765
-594
-380
-887
234
970
-985
-643
-863
547
404
507
47
-564
275
385
527
-105
127
735
-3
466
351
-987
926
515
336
844
-834
134
121
-982
-730
678
447
644
-461
699
-726
572
-108
-68
610
795
-900
625
347
606
644
-60
-71
517
776
-260
-107
28
-455
-152
-915
-865
651
19
-110
-359
-42
-418
-115
466
651
-722
-998
-712
848
458
401
40
-551
160
-645
-536
-680
673
552
936
-123
-286
445
-648
-194
-927
-874
-454
303
620
-581
227
-724
946
79
-599
-676
947
-4
402
548
415
-281
742
-612
-939
39
-449
240
-463
234
967
453
-160
-168
915
483
-287
-695
709
260
135
817
881
284
-530
182
258
929
787
611
151
758
819
-161
46
-65
-180
-40
-247
-964
-796
-181
581
-76
716
864
179
-722
-268
-230
106
437
-480
157
-810
722
-709
-239
275
115
119
379
485
644
-890
-966
446
106
-734
716
-597
-830
-466
-127
-506
570
-242
309
-43
126
707
759
689
563
-520
410
369
522
-999
-654
554
144
941
-1
312
641
-383
317
262
44
-151
819
-662
375
-990
733
-939
779
143
-738
-513
-178
-693
-927
418
930
-194
17
-513
241
-657
413
586
133
-148
-195
-974
739
-278
966
938
-311
-175
235
89
460
337
-303
715
40
615
-272
12
-42
-83
-63
24
-963
200
-290
435
-680
183
-653
333
-696
-62
216
-536
-935
620
-921
-388
293
-954
-75
677
293
441
39
207
-38
-594
908
-53
772
143
537
-375
-153
-478
324
-917
764
533
267
-845
196
948
-370
988
150
-313
-162
951
-202
-350
-170
789
247
-503
-74
436
-471
21
-55
-561
-439
-398
302
668
-68
719
-284
-883
819
-539
685
954
684
-304
149
-613
995
293
150
-249
-399
324
-603
249
918
648
-730
-358
118
75
649
-369
986
360
344
720
-874
765
-286
-596
586
-716
-920
-21
822
159
-956
-575
-383
114
-123
498
-783
-61
260
-332
903
197
666
288
-591
-987
541
-3
416
912
-887
108
777
-969
-743
-930
509
-137
622
799
-279
-873
-736
412
-867
580
-702
341
5
160
32
949
585
-220
-874
-60
239
-797
-672
754
-18
-553
-43
43
101
384
-232
788
482
680
-43
-520
-166
-130
-389
854
384
370
-928
396
-401
-97
-761
76
233
-6
-256
-549
-566
444
-304
-556
-978
-467
-817
421
-285
483
275
868
56
-259
506
766
-795
431
576
-657
329
236
770
-240
153
298
-407
777
-40
-466
708
610
-80
-378
963
-517
74
-44
494
691
777
37
523
136
-369
-373
-190
-451
-388
375
822
-788
603
63
577
577
-958
356
258
-860
-733
-395
-84
336
441
-341
-590
-569
-922
939
-131
-421
434
-852
-479
-907
-769
122
804
730
-258
-860
424
543
-306
936
993
-403
-743
-468
413
-73
-402
-836
661
-538
853
34
262
-909
-485
-806
137
258
621
-833
-618
-186
789
519
848
874
712
-404
-411
522
207
-585
326
81
13
-863
-224
-464
11
752
-328
-389
29
492
-988
-758
209
-211
-179
-119
-998
-723
-817
657
-831
765
-243
364
484
-418
322
-378
627
-782
-594
882
431
473
-208
-530
-425
-347
-368
-589
-474
533
194
979
-65
141
-675
992
-111
-939
-764
-704
144
274
-181
-294
111
-688
391
-485
863
248
814
439
339
675
758
486
796
-62
-637
-749
761
156
650
167
-285
-852
-93
848
-443
572
233
-798
-355
14
177
598
146
900
-511
584
-969
96
723
-323
753
141
-844
-578
599
142
-623
933
757
-818
-905
-251
131
946
95
-31
-40
194
283
-777
535
985
297
399
160
242
-934
60
811
-334
757
-327
-348
-928
920
-78
919
530
53
-294
985
-759
-759
467
796
498
-800
-351
-324
393
-127
71
-568
-227
299
-931
-171
366
932
-566
859
654
-703
92
300
-891
-343
-26
504
219
-499
496
-514
-453
-649
971
695
-100
-56
-909
-807
-880
-888
321
-877
-328
790
-963
-402
-73
-167
452
397
262
-720
-732
-161
692
-360
-512
-986
-95
297
926
-561
-705
-508
-115
-623
-153
783
-216
914
-288
509
-338
-930
-925
-692
921
-116
-391
-623
-505
-109
-539
623
754
901
-192
-854
-619
581
-165
-84
-873
-232
-163
-338
-398
-489
476
647
-286
282
293
964
-936
-173
375
-443
417
-915
231
301
-806
-489
-936
400
-142
830
-268
306
538
668
-31
-834
-611
478
-642
853
-112
-744
543
-372
-572
-80
-558
269
-947
644
-256
-228
-713
-938
-904
-321
-375
271
650
-397
383
308
864
-875
408
228
412
-816
-641
-118
769
421
-731
745
981
-549
22
123
613
711
-6
-576
509
-475
-441
343
-29
-191
-301
-768
760
-848
540
-710
316
118
578
-894
675
-957
698
-560
908
-155
-451
779
905
562
-807
247
857
664
913
-861
383
-234
502
-894
-844
512
619
-149
-264
674
-268
586
17
-278
542
293
530
853
-424
-527
675
951
227
164
-209
896
-349
281
678
749
617
-580
-44
-810
-452
-979
-812
636
833
215
161
-184
-55
-625
764
800
-290
838
-834
-888
435
629
224
-112
254
-974
955
815
-800
-446
-380
-56
833
-2
714
697
-650
957
-298
854
595
-273
788
-702
-327
-78
515
970
204
-559
30
-857
-277
-91
-247
-822
-92
-404
192
-823
941
70
656
-206
-764
-844
-655
815
429
-41
-440
-7
-946
-873
120
477
244
-670
-373
431
-335
-978
827
43
242
-324
557
-876
677
443
-983
687
413
-120
-895
-795
-33
650
-281
525
-466
-964
-113
-922
262
485
240
-816
-273
775
-300
-966
-946
423
273
116
265
335
824
767
4
-149
578
813
984
-419
-191
-62
63
-407
-858
741
522
218
-294
-73
-438
-169
-979
-651
178
482
691
500
218
-727
-694
-352
-839
61
10
-249
-221
-556
-408
-519
-174
-178
-757
-527
-937
-297
88
584
-464
135
541
321
-750
-255
742
-503
-847
-827
990
-577
-951
979
406
101
-655
-137
-156
66
-109
360
-993
93
-401
574
-579
630
2
-342
-589
-261
-27
-879
649
442
-211
411
813
813
642
715
-121
826
-78
171
998
-849
897
-57
-168
238
125
-124
545
-427
985
957
264
-671
-51
-491
-974
860
-292
88
469
501
810
-186
-807
77
-334
631
666
-624
432
-805
435
920
-692
-752
725
107
-378
-631
10
191
-858
-244
-806
548
627
-18
434
-708
288
417
-938
401
291
-777
295
-95
-50
-209
61
710
479
-31
-737
-186
-529
917
448
-499
-531
-432
-500
-950
726
-542
-415
-179
-119
-942
158
-568
707
543
774
741
77
6
-877
-489
750
-943
584
626
-316
-10
402
-150
872
-872
-742
-151
431
305
-163
-968
443
-728
459
-786
-691
-587
766
614
424
-748
-98
-951
719
-662
-768
-114
721
607
178
-452
21
821
295
128
-384
-851
-264
874
321
-326
334
159
858
-928
886
314
-993
-818
-617
-720
-351
-137
-435
282
-889
-392
-37
-205
671
-32
527
-737
18
102
-360
893
-516
316
106
176
-824
-234
-363
-505
111
507
130
567
708
-356
-207
-252
-779
397
190
-860
897
530
742
-114
-562
-450
-746
-398
-308
650
723
-331
375
-916
-155
831
-481
780
473
-446
47
-771
-614
-367
-234
-319
-477
63
628
-824
-112
-111
107
843
-325
266
700
-276
465
-389
-155
87
193
-33
107
942
-544
-104
-100
79
-473
-838
-463
790
345
-183
-181
-270
-841
-442
-130
-396
917
-84
-626
-770
-882
648
-340
827
645
-657
25
-734
-158
-674
252
369
-901
-526
-724
-662
-307
249
-883
-767
-830
-668
705
-677
669
-123
925
242
-61
882
35
693
-806
623
568
-143
710
-935
-119
827
-313
462
706
-842
653
44
-271
-669
-105
-422
-587
337
-684
765
-27
519
-270
-376
513
734
-174
959
-669
162
-555
-107
534
-628
327
-782
604
-352
-694
-5
458
288
-556
-107
926
-964
-301
677
157
954
-174
-709
-320
108
-153
295
439
678
52
437
113
218
522
-150
651
137
446
671
712
-691
-495
49
-843
-177
514
-112
-44
-913
867
682
-547
-445
-75
-993
-347
907
-230
482
-472
515
-211
124
-460
-211
-505
751
885
576
872
-865
860
452
-805
883
407
672
30
118
287
-322
156
-336
761
336
-676
-517
-986
184
259
-41
979
-685
31
863
610
212
345
-677
-991
-844
-152
930
861
541
539
267
613
-634
150
-289
946
-991
231
701
-896
1000
-982
-207
497
115
176
-68
-526
350
-72
598
-242
570
959
162
556
-856
-6
106
945
789
-557
-590
-31
-432
349
198
397
42
-761
-928
-879
465
806
-171
-830
-154
12
-792
211
704
-517
-737
-846
143
993
-49
251
-623
-410
-31
-390
332
116
-328
205
-208
-240
-35
646
-188
666
409
-126
-53
55
584
522
850
189
-532
-88
-731
346
-156
630
536
-864
-216
756
-160
691
844
475
64
-273
431
531
-871
180
954
-669
-625
189
220
137
336
-614
-213
161
-475
783
364
633
30
319
537
-504
466
130
630
688
-175
-611
424
-316
330
-535
-807
853
239
-686
-661
-202
405
-656
310
-299
34
357
950
217
-474
-857
-969
741
-810
-983
-357
516
488
250
-477
-200
-308
-724
461
14
-826
602
127
8
-516
-502
477
708
-477
912
560
-602
826
726
-541
-292
-736
-471
-869
-420
269
440
-732
210
398
-725
-398
-278
-103
410
-194
-854
-935
-897
-467
-15
-979
-543
-433
415
245
932
448
-796
932
-440
-195
801
864
625
-34
-927
428
430
-538
770
419
222
525
311
916
-19
370
345
791
102
-750
822
422
-275
-242
-573
-308
-610
360
540
-996
-248
-910
-801
-805
248
922
635
-452
-219
243
478
-764
527
-488
-913
600
760
-985
-205
963
418
666
25
512
709
-620
937
-456
-880
580
-197
-590
-112
-658
-359
-900
-785
254
960
202
381
47
-214
-325
273
834
-324
827
-413
879
-905
-360
221
-557
-702
-81
179
-601
-75
898
107
-571
100
443
-368
-434
-987
892
-269
-913
485
904
814
-398
-97
-445
-730
320
-565
13
600
419
993
159
-393
914
-529
-28
-708
-245
147
-269
45
988
629
682
-15
121
-429
937
26
-229
-360
-275
-164
-605
176
522
-138
-293
585
-330
167
-290
-420
-727
-159
148
-462
-102
-526
553
171
139
670
773
316
-497
-418
79
195
173
947
-903
-347
-390
641
-612
111
338
-637
-83
-207
-412
706
-237
-761
953
-133
-496
-825
-680
687
631
-734
-393
-793
145
713
-843
74
-481
676
354
-996
-22
-876
-679
757
-625
411
-231
741
-169
662
-779
667
-374
-573
661
134
-104
77
-185
254
944
768
312
-854
459
-60
-616
771
-459
586
-403
953
730
803
-409
-751
-788
999
229
-741
322
767
-957
-765
-686
-147
-854
-518
-930
305
686
760
233
-810
849
-35
-528
-333
-239
-606
908
457
384
657
-606
-95
483
-446
536
415
965
-821
-743
683
666
-192
-232
-399
867
-676
979
464
599
-418
-148
-216
-450
252
-594
-367
810
7
105
-585
72
-285
384
-495
978
372
-151
-383
871
153
414
-146
479
416
349
737
152
51
805
-906
-891
28
920
444
-909
605
584
-168
330
-869
-262
138
617
808
-536
736
91
535
590
64
-472
-132
-756
-773
-945
-191
988
-932
-665
153
704
58
5
-368
-574
710
520
-73
614
-225
-388
-684
-204
797
-216
-838
279
-491
-107
-477
-151
-53
23
-165
-287
-992
361
-759
-945
-358
-155
-535
-319
-370
-779
-222
-726
852
276
-832
53
-200
-841
-713
290
498
441
-5
143
-867
68
-354
93
-725
778
620
379
-333
62
638
274
542
308
413
44
768
-260
-151
-160
769
-722
465
-270
102
-68
-361
-63
283
180
956
624
713
-474
319
828
-654
561
-760
222
-544
560
572
563
33
-629
169
-835
722
-787
-465
-348
706
-408
307
-221
767
654
-932
-533
-123
972
435
-635
-243
572
937
750
-820
-633
-685
498
381
827
-95
865
-850
-204
-478
-44
-126
293
174
-130
215
478
571
-860
691
915
367
247
-99
582
-574
542
-832
824
-152
-22
385
-136
-262
258
258
-552
809
-683
429
570
396
-566
42
254
102
-417
54
-189
160
788
-445
-967
460
-1000
-622
660
-595
-410
455
-242
460
-740
-500
745
390
-735
-777
844
-554
-445
-156
364
-723
-853
431
678
706
57
517
310
-146
-536
829
310
-417
-239
224
-446
649
-130
-72
-577
-984
-489
-3
28
-559
-822
-401
813
-390
-946
915
-861
656
-665
981
-567
-370
-937
-656
770
-800
-522
129
543
866
597
632
694
278
-971
709
-684
797
23
542
-877
105
595
67
131
508
-978
585
440
964
-57
538
-148
-802
630
-238
986
349
-341
-868
-351
-734
290
-473
506
837
-442
-229
-814
-683
219
-401
-151
704
221
159
807
791
-865
-115
-10
-624
903
367
-836
-301
537
924
-984
162
449
-969
-634
870
317
446
-268
689
-454
-3
-189
382
341
544
482
-403
5
-288
733
-990
-980
607
-530
-480
-829
115
473
-849
572
971
976
843
13
-351
783
-290
-829
210
119
208
-516
267
247
349
-387
-214
-207
-841
236
-98
225
-724
603
-602
-864
271
565
-211
-399
-58
792
-692
-497
-909
762
922
725
-77
569
29
-96
-761
-466
757
153
-36
-900
-91
-654
210
-994
205
-876
-430
-999
339
154
-524
-33
-884
-910
-34
51
863
-367
-144
-84
-807
672
-575
-555
216
932
-544
856
771
95
651
-371
823
638
-29
-850
-962
-462
-610
659
345
879
-749
-938
-653
39
236
754
-78
-340
533
519
408
-333
-103
-395
255
-816
-719
-128
-33
713
-585
-787
-667
622
-653
353
-142
-819
-803
774
-255
513
-992
954
844
-680
-961
290
-609
47
123
-9
-485
-339
-379
368
-717
-676
803
19
778
-789
-308
751
-602
-218
76
-906
-534
-148
-214
-617
94
976
734
573
436
-268
762
874
766
-205
-753
-188
-370
272
491
918
149
-102
966
561
558
470
-887
-524
713
507
-449
-783
-732
-404
-112
-462
-786
-170
-488
-324
-780
-6
-796
-487
199
-692
782
244
360
-533
466
323
-250
-867
-603
-39
-167
478
569
966
770
-981
30
281
154
997
-958
-378
469
197
356
-125
48
188
1000
974
427
520
687
667
149
-464
-871
-816
-976
-303
-76
-282
361
507
-96
-575
-276
-639
96
-616
-150
778
-782
477
197
742
561
-952
-355
233
61
830
-683
-872
-300
-632
986
308
502
-802
371
-916
490
516
882
-364
876
770
-997
251
-85
581
-520
858
233
-846
252
-270
661
398
866
-985
-608
-295
336
-556
-465
431
-122
-562
-736
-919
171
-296
-99
38
566
-113
-869
250
198
210
648
-169
189
892
-666
101
-948
501
744
637
9
201
-342
-246
-928
-480
-901
201
-115
-756
-391
-380
-955
-473
716
581
970
232
681
399
508
458
-317
413
552
595
-641
570
236
828
-84
426
972
471
-45
811
-86
177
-509
-937
-62
544
32
81
102
-665
892
-137
-946
55
443
-690
-335
962
621
394
829
869
-574
-975
-754
-178
-595
105
569
462
877
-3
73
301
355
866
369
-987
86
-890
633
-862
621
300
407
-302
245
451
-197
-295
-114
-243
414
576
448
214
-517
333
127
-857
283
548
-90
-773
330
33
15
847
234
511
-219
724
421
147
46
119
360
-476
-873
67
-766
667
-735
501
105
-547
968
-51
-338
-198
116
-204
-780
72
829
477
-941
-616
959
-115
-932
-861
-623
384
-356
240
544
538
467
-635
636
160
323
512
-341
-955
349
-113
807
-648
978
-956
361
-198
-908
911
465
972
-656
-828
800
-785
-932
610
-326
383
-954
-345
89
765
249
-225
-430
477
-299
410
-292
354
386
-68
536
191
-791
861
-328
514
437
-228
260
-249
-207
698
-336
225
958
151
499
242
-851
832
-369
802
-705
767
202
-835
-1
138
-325
296
39
510
326
-495
-351
972
-571
-642
627
912
218
162
845
-196
789
-594
-47
187
-562
157
-506
362
-992
426
-657
-375
847
576
-905
778
599
906
-710
250
221
-695
-584
42
655
-189
309
61
815
-510
-264
-877
964
746
843
-23
728
-398
-920
968
314
579
971
124
554
650
-514
-218
403
442
395
-428
302
764
-8
459
-551
37
509
-765
-32
-279
928
534
310
311
33
287
825
399
-385
-935
342
576
-82
-793
741
744
-832
-65
156
928
630
919
752
184
960
-858
-328
636
538
-754
-701
947
546
189
454
-275
-532
-568
-897
252
290
588
810
339
-531
894
-929
505
-60
-883
938
790
166
-261
-326
-292
-223
-910
-606
-665
-972
512
-120
-260
707
-226
-985
-413
-949
-353
561
-106
-114
196
-814
-704
377
-171
-744
110
286
518
-755
432
-889
-604
825
551
-257
612
323
501
918
-627
467
-761
-966
49
582
-330
511
-119
-963
-284
-992
-142
799
970
789
-377
823
184
374
-114
55
493
-219
-549
769
-870
-710
-271
662
610
415
407
917
-833
-113
544
-287
-654
-956
-570
-292
-755
255
-28
377
-180
224
-558
277
522
764
379
-625
429
441
-40
709
-403
936
-387
-563
-596
-868
-919
108
55
461
537
948
-809
-533
951
5
-103
-113
502
733
-385
-698
-814
506
-919
581
-130
-909
-807
-915
-190
-508
-358
148
-476
852
988
-768
619
-997
-725
45
-35
812
-598
944
-852
-517
-291
-726
711
721
-20
-403
-320
485
381
520
860
212
750
-256
-226
-49
109
852
284
-635
752
-894
-720
677
87
806
-17
-735
-358
-457
570
-928
-582
853
834
-274
120
-82
469
321
-402
-781
-800
165
481
-294
922
954
-390
603
-849
38
-392
757
-265
-432
294
-301
831
424
581
-609
-347
-27
-459
531
-427
-970
-802
584
-505
-91
-130
-973
-978
-697
979
-717
944
514
59
93
-487
-896
280
-616
-781
602
-238
266
-902
162
891
-589
480
103
442
-4
952
926
663
709
-717
-846
-761
-981
-395
-96
675
364
-825
-105
-128
-827
436
511
-407
260
789
27
-749
-218
525
-122
-644
-238
30
93
293
631
556
-923
-212
412
-553
-580
-199
523
-333
339
-133
-427
179
-736
392
786
-883
-961
-959
66
-128
273
-780
280
205
-974
-617
713
-577
-281
-23
-869
636
-620
-867
-34
179
-574
-244
440
738
944
-458
-673
-879
18
-568
473
166
121
793
119
154
441
840
535
-924
709
765
-368
-266
-463
161
142
-134
-417
974
891
843
834
-513
488
-385
-450
498
37
-462
657
611
-584
297
261
110
530
-208
-402
994
556
752
413
-601
-604
-841
902
219
996
212
-864
-871
631
107
724
-430
358
829
934
632
459
711
-217
-312
-711
-174
-258
601
880
529
-784
912
-890
435
513
517
-152
306
778
-807
567
308
-596
451
291
810
-617
25
950
3
-938
-568
-934
502
-238
545
-546
115
-879
-274
358
774
982
-97
692
979
959
836
-912
349
558
906
-366
-695
543
840
15
-457
-564
265
509
-534
-461
599
202
-924
-349
806
680
-946
-744
531
-760
-457
12
302
-418
194
114
-942
791
-169
-634
-954
737
290
-260
899
-399
-997
-189
554
390
-928
594
704
482
-528
-262
-986
584
941
933
-384
-904
133
494
499
-260
-347
303
962
905
393
549
-808
221
649
54
464
270
-190
71
755
-411
-547
-211
-492
381
-656
-130
441
610
201
393
-14
825
195
-149
-420
341
-140
464
614
279
-893
-870
438
742
-135
590
427
-230
862
-858
-187
122
-890
818
-288
-261
695
-727
-190
-415
265
-517
-365
469
-788
557
169
-907
-835
-472
-912
37
648
-75
-674
797
-848
772
479
-651
-479
-200
591
31
-507
290
-963
-382
765
810
-695
-208
-73
264
-590
749
37
258
394
382
-366
-195
-873
-430
-766
907
894
704
490
-527
913
769
618
-964
-499
187
786
316
964
854
-443
399
-110
880
995
220
-790
720
-364
-872
623
-707
195
34
-458
-821
399
-890
-30
26
374
610
-430
211
-323
-885
156
-380
-382
-15
36
15
-812
691
107
-96
717
-453
-576
787
50
768
3
-907
755
355
1
-217
493
-611
-54
849
474
-993
-993
984
-783
163
-610
-777
58
-808
577
116
837
725
209
136
345
601
824
-294
-185
-303
555
156
277
-164
-598
424
-972
218
-629
-37
667
735
590
-159
-822
-49
-551
-386
-651
218
571
136
187
155
-687
303
-67
-947
-928
274
272
-171
-152
368
-477
856
858
-546
-813
-603
769
-977
-550
599
816
404
-914
820
-544
-49
-6
-928
362
-129
-403
831
593
320
433
-776
-898
-173
-603
625
-54
18
569
-873
459
-698
-500
448
435
155
-251
890
-651
461
688
-443
-259
-218
178
665
748
244
-4
-490
319
568
25
-592
-682
-52
693
-54
-510
-829
846
719
566
782
209
-502
-353
-1000
953
-602
-727
-84
-175
-700
-91
0
-609
435
-271
-144
2
-292
-351
572
-795
145
928
-870
298
350
-688
-70
54
160
679
22
-384
143
-258
-776
357
-693
-665
644
931
-485
-628
58
686
659
644
-663
-224
111
-617
470
992
-804
-179
620
-409
-590
501
571
-148
-144
261
-342
-587
327
-901
807
-45
615
-808
573
83
213
553
232
-288
955
-804
647
213
-224
81
-221
-202
-591
-438
-286
-50
963
225
402
142
-849
-991
585
480
-489
-609
-951
504
-119
-824
-677
281
46
-622
-642
-137
619
408
-355
-803
-822
109
-294
-518
-699
-177
-208
-591
990
-255
307
290
774
532
106
997
-487
-467
-59
-676
21
429
817
-133
473
577
-888
368
30
-96
-441
912
982
760
405
-327
-355
-62
-324
-179
696
101
600
-257
813
-408
980
-190
-362
-463
-68
-499
674
-741
734
888
-232
936
-10
750
-186
525
660
625
-283
-512
180
-871
-317
-107
-594
-990
-663
741
811
-387
203
-291
934
-632
169
572
-573
437
-499
-997
-416
106
-328
-661
-710
863
-159
513
806
-470
-317
145
-91
589
-596
-782
401
-693
-777
236
142
-20
266
474
-136
-607
796
450
-139
307
-240
165
-672
993
521
-910
-297
-497
932
-480
-346
-310
853
-651
-460
299
548
-553
-27
316
-79
-127
-317
177
547
-206
310
40
-809
953
417
459
-233
-239
-995
-53
649
-962
-553
-285
992
-446
254
475
70
376
55
-954
336
0
-346
-573
-290
-987
-955
-780
721
-793
-299
697
-468
-318
907
466
839
710
-978
-873
549
-994
-257
-806
-884
501
680
267
-691
12
820
-891
768
66
949
964
-705
645
966
552
894
421
-504
-573
-835
-532
-705
-579
392
-232
-551
-275
113
-519
-494
542
922
-490
380
-669
575
486
-918
-999
-679
600
-845
357
-213
145
315
-324
-519
591
-68
-980
164
151
-96
503
515
-460
997
752
-220
-868
33
36
458
367
409
564
154
1000
814
-202
254
-40
386
-652
-81
155
174
565
-519
-966
181
-344
379
-454
823
-966
-146
610
290
875
-192
282
747
-525
-387
-46
-437
-818
-701
755
261
271
-159
-175
12
740
48
-775
201
283
40
-571
738
713
-135
-855
193
260
497
-482
-840
-659
-412
-790
257
950
-917
-645
-146
-331
243
905
-526
446
-49
-775
291
85
456
-518
-847
115
24
776
-924
748
677
-758
-162
874
-579
-645
636
-408
811
-532
-400
367
-766
-832
-792
-601
-463
-817
-960
287
505
-5
-28
-947
-962
-990
-967
111
84
476
311
-207
-875
811
-898
-296
-812
66
-513
291
-284
-492
-674
-512
-356
915
-871
-152
-743
-145
655
860
-450
70
283
-556
173
70
60
-525
-948
-839
-648
-853
-528
-43
-772
-663
-885
742
-785
-952
-921
-118
-349
193
935
560
-435
500
-723
420
-656
-55
846
-990
335
717
-673
-839
247
-293
446
388
-752
-793
29
-774
60
691
525
-655
801
269
802
784
466
-158
411
52
-340
-827
-399
-765
-388
-421
129
-542
485
-746
-60
-874
793
-2
360
-324
399
-240
312
-932
-780
-590
945
960
445
607
991
234
78
-379
673
97
385
-494
821
-231
-14
-119
543
-889
154
-285
-677
-954
771
126
169
222
-140
529
465
-508
578
-768
128
601
-512
157
-531
851
556
-711
-448
820
-757
747
848
-915
-391
32
-669
271
-286
895
-729
712
246
-866
-702
139
-563
-915
277
544
347
122
939
-451
596
767
-373
-748
-507
575
373
937
206
279
369
708
965
136
70
-514
177
-450
474
-170
-379
-475
488
-50
-737
-626
-853
-787
904
-3
861
-639
407
-161
796
-548
750
224
310
-486
-562
726
150
80
952
-830
-331
262
213
398
-520
62
1000
-996
347
25
729
-127
921
727
312
228
934
317
426
-155
-310
274
516
754
-459
328
423
346
-884
-447
223
-385
-357
-638
-154
-658
388
-311
-475
95
-738
599
-965
-538
696
-187
441
997
-70
-435
-311
758
-336
-694
395
646
-781
510
-918
-822
-874
-671
-157
-589
-129
-821
-884
88
489
-29
-803
-661
-263
-426
978
567
-713
469
161
292
909
-639
163
902
540
676
-879
-310
608
-482
-61
495
961
297
136
-160
-427
-10
793
-711
-269
310
129
-751
-33
865
553
824
-927
475
-808
154
-171
-699
34
-421
846
29
-316
673
521
867
-952
-858
576
-783
264
-901
-161
-560
625
194
95
-780
-881
-140
-838
-427
103
-365
656
123
6
-704
-876
621
-713
-134
-361
25
-411
79
878
-267
745
52
47
-499
699
-179
998
949
755
-417
-906
-249
-378
451
759
-301
-917
52
-382
929
961
-461
839
907
-318
-177
-142
-731
708
-423
251
-605
-311
700
-487
-904
467
377
-837
984
631
-81
907
-93
104
-216
-316
-242
966
-385
566
885
151
227
-427
-598
835
126
-605
-607
339
-224
587
638
725
294
857
969
-740
481
-149
837
262
402
963
341
649
949
-245
567
35
871
-353
-192
971
-551
853
-699
-386
838
-559
-831
-857
440
-13
234
-319
460
-16
366
-750
639
-176
-543
327
813
76
636
69
757
337
-655
846
734
-268
-688
-391
315
-323
-581
28
-182
-497
253
275
-681
158
198
-823
-405
-294
865
-604
-297
444
651
452
-170
654
803
375
-889
988
452
42
956
-329
979
644
896
266
965
-446
-995
-742
-115
735
-200
875
-253
-704
617
343
171
324
-781
-869
-12
372
-182
839
-790
-925
882
-583
406
-665
511
-149
829
-818
208
-512
-998
559
776
270
-376
563
438
413
-390
257
541
423
-729
-76
203
686
-90
616
481
852
900
-512
-756
143
-828
-774
37
802
-298
83
-715
-196
739
785
-593
339
-482
-490
-417
877
496
-367
-900
-718
-866
-846
765
532
863
927
125
544
-762
590
-677
-689
649
545
-709
-777
46
-117
-732
436
-383
257
-181
625
-989
31
-306
706
481
648
-905
-925
569
234
734
-191
270
-491
-900
637
-471
-336
43
228
-469
-345
106
972
935
-421
-606
-429
109
-164
-262
-824
616
126
-329
81
794
-647
801
-142
-628
868
-554
-465
-787
-450
953
351
816
382
-237
653
810
719
-640
744
-796
827
-443
66
698
600
-828
687
-266
982
760
-306
67
-872
320
-672
-73
-538
654
597
978
252
-552
484
-753
146
7
928
3
918
-214
952
-619
-587
-702
-494
-604
-175
-856
-623
346
821
800
617
697
387
138
-126
-643
977
-590
188
465
864
-515
248
-815
231
-213
198
551
757
116
-373
-798
-422
687
328
-974
714
76
-914
-221
2
607
424
520
-946
994
501
593
749
-216
-355
276
975
-572
765
91
-800
-481
667
228
-258
62
-32
458
-498
650
588
869
803
809
75
-482
964
-388
-222
-643
936
-574
-964
121
-855
-716
-192
-77
977
-806
363
230
380
-229
-419
711
-535
-392
-860
375
610
705
804
-983
-799
687
-864
-173
548
282
-9
774
-184
-201
790
-121
381
-98
268
-707
398
-895
619
-906
747
675
928
988
-806
531
-154
502
-819
302
539
-808
995
-674
-913
-751
282
-385
100
34
934
758
635
-588
-660
662
89
891
186
-914
-359
-910
978
-835
236
523
-902
-796
-436
-130
206
832
956
-31
-438
-627
-842
-645
561
-288
-36
-322
557
438
-256
577
40
98
-285
-713
652
-751
-302
-994
-202
-326
-626
242
235
480
174
-251
-699
-613
-357
-91
-812
-500
154
229
233
-588
730
-564
391
-584
-437
-587
64
-85
-434
803
-744
-941
131
638
-952
-79
996
273
-636
52
41
479
-383
134
565
-141
628
-321
-868
275
-916
549
233
210
-264
-972
477
-250
-729
806
734
-716
266
878
-72
480
-634
617
858
110
787
-273
-351
180
-907
-110
-59
-690
-502
760
-341
-278
368
213
-264
-197
239
204
-724
-381
332
365
806
345
-686
254
-571
7
717
755
-511
-201
949
-241
827
-201
527
478
410
53
996
-14
-822
-480
-554
693
794
-250
-707
-831
-361
-686
-189
-703
68
-45
573
-482
-613
-66
641
176
-406
-222
405
961
714
986
293
-30
479
-496
552
471
-783
617
-563
-166
-247
-440
315
623
-110
-653
-322
-42
-57
-245
-685
717
-195
531
875
745
-355
809
-596
-503
606
247
-350
-303
176
-985
482
-212
-833
-44
-458
-396
701
334
-324
40
606
19
-253
-180
-700
234
774
-757
822
-28
-595
-162
100
-825
409
-980
337
176
377
-784
755
864
-695
798
3
-123
808
-803
82
-788
958
-304
-189
508
-461
-220
934
-977
1000
330
-261
-756
-512
-961
329
188
-760
-245
694
-622
-326
-222
415
-937
869
-212
219
-982
-423
180
358
692
-748
-585
-38
334
-632
43
261
-705
-565
-381
619
-953
-94
487
-606
701
498
895
405
592
7
357
-446
120
79
-124
-767
794
-208
738
422
691
-19
748
-146
823
-920
-368
-147
171
669
-988
758
663
776
475
669
-90
896
-712
943
618
-697
521
284
913
406
566
-162
-696
80
138
-205
395
-878
-567
-222
-148
875
-421
90
-612
539
-964
-819
-377
-660
398
124
249
558
195
-479
952
580
183
69
662
-169
-50
-721
806
-904
-453
552
355
-193
611
-247
113
688
-54
197
-567
533
559
-221
-698
827
202
87
-874
262
-46
-814
523
952
500
-776
-864
269
-741
296
874
-784
-609
-686
-352
183
-759
182
975
-348
-287
-506
399
46
-383
838
-160
-141
636
-433
700
-888
-334
503
597
-856
-717
632
701
-9
-859
871
157
663
-885
-133
478
789
601
-991
924
801
609
739
8
116
233
-574
-173
-759
-501
977
98
-75
-479
-345
-942
533
-361
30
-533
397
143
164
-106
739
308
309
-188
211
106
-315
254
278
699
-103
-851
189
757
-670
380
-159
60
-727
632
-889
-449
-50
-987
-275
-132
413
202
-268
-932
782
842
-821
-481
357
-976
480
-919
-553
-363
775
-603
-980
271
582
-925
423
181
-460
488
763
-501
-453
215
-51
-434
623
-423
-338
900
837
805
332
720
756
-331
959
594
905
-865
-8
-615
332
681
439
264
-353
613
132
-242
587
356
-984
-937
312
-865
-581
-634
-960
589
-368
-550
-492
267
645
-765
-696
957
150
-572
-871
-902
-7
994
920
-121
994
620
-814
876
338
424
-624
567
263
-456
-153
-701
-360
-669
729
184
734
528
958
183
-455
573
17
-455
593
-643
-799
-368
-538
313
853
884
420
0
-45
-35
363
595
-468
999
799
861
199
127
449
245
-409
988
-418
547
327
745
257
-459
-626
-213
-755
-402
353
264
-180
264
-395
60
-997
845
799
470
299
-580
869
-403
-585
-590
-621
-682
-409
-195
-159
-290
-773
485
520
-384
-545
644
-931
-535
947
844
596
-370
-358
381
-696
763
123
-246
291
112
-703
116
-868
-364
-697
680
695
-681
-419
548
-668
906
201
-936
721
-445
-758
-20
723
-448
-436
-372
-425
0
816
-690
-345
-950
182
347
246
-825
-591
23
416
-553
982
-940
-292
-807
-354
533
-818
-616
189
954
-345
-694
-637
401
350
374
222
-643
662
-147
937
-378
-368
-697
865
-780
-977
828
-829
-904
-832
-610
965
-374
-353
-545
-410
-520
454
-473
367
965
-400
92
159
-521
-154
-767
-384
913
219
734
-173
402
-20
49
837
314
-14
-662
494
516
717
110
-756
-717
430
-2
-344
-527
39
291
-452
164
-561
-895
-550
-53
758
-320
-837
-485
767
-455
-276
-153
115
-48
91
490
585
258
1
431
119
83
-468
-95
641
925
897
-399
161
116
752
-715
-988
567
-850
-140
340
4
176
515
-421
917
889
212
-545
-965
-980
521
664
116
545
99
11
-724
-910
204
52
856
-26
-898
342
-43
17
99
723
888
98
663
328
131
708
-102
-842
756
-551
405
-519
178
-856
160
-207
-687
-312
736
-161
-138
677
485
623
249
198
-680
782
45
-190
-360
953
-88
-217
-776
-372
-318
-357
114
-367
777
-341
504
-624
198
-928
-711
-374
-695
521
-13
525
-60
-661
703
654
637
-93
-240
293
-678
962
-568
-616
638
846
-403
905
-462
330
548
-758
-962
50
344
736
-227
-810
-499
895
680
803
874
742
-430
452
64
169
8
453
658
-625
703
-892
-962
-306
-891
462
-594
240
895
-818
-604
815
-19
708
588
549
681
-119
-710
66
-259
174
-367
-632
583
666
817
-722
480
391
29
-939
255
967
-543
-96
112
-474
-493
-165
680
-343
-924
-375
-34
-51
-609
536
-286
282
-814
672
-819
-303
-207
515
243
11
524
-91
559
-382
447
-646
-522
-658
73
-597
-491
867
-89
851
602
23
-898
480
-811
-811
760
970
396
-926
579
-280
868
-597
92
189
363
714
-907
774
971
-531
-863
296
437
712
106
831
916
578
515
-441
-329
453
-82
-672
704
837
528
-74
11
-142
-246
-792
770
734
789
900
-474
476
-48
-694
-327
448
-497
649
213
-874
-979
635
-588
601
443
-834
261
546
152
621
362
291
196
43
-230
-93
-377
636
220
201
641
-635
817
-270
260
-665
918
-741
-483
-431
323
41
815
385
-780
-610
-184
905
51
707
655
-438
-93
-2
666
949
-332
-717
-497
-163
401
-916
-694
928
236
-133
-365
-227
318
51
-937
217
-421
559
810
398
770
516
637
88
-829
207
-381
853
430
808
941
379
-139
699
688
932
-209
-906
-427
194
-256
467
-898
-782
-580
-657
-428
968
-796
-796
-44
-387
-642
380
-131
-10
-568
636
403
985
-398
-65
-322
827
717
308
343
445
-791
510
193
386
-685
-310
-278
637
-412
-693
-731
916
-827
-611
980
788
151
-62
167
337
-637
-319
574
-77
-959
-348
-680
-894
-635
-792
-391
-1
-345
961
771
660
502
546
-225
-833
896
-597
713
725
-808
351
-516
579
-991
710
720
404
766
-897
-619
86
587
-838
942
899
908
-952
-178
-281
45
405
-175
-324
-408
-495
364
426
594
298
-303
119
-259
553
492
67
811
241
-30
-82
527
995
832
-532
-590
320
-142
-96
-269
-152
-837
-754
389
954
905
78
681
642
-542
764
958
-6
-523
104
-497
-985
-330
992
-383
268
-34
-667
138
157
826
-390
915
-521
977
131
-663
737
188
-979
19
89
91
140
866
923
904
994
-150
65
187
847
-509
-416
923
180
170
318
474
937
-639
217
141
508
-13
-904
452
-457
-347
60
-305
-881
-196
-710
-157
-308
-50
-8
-462
-534
336
278
-890
431
-787
-724
836
-212
-231
-436
800
295
-355
671
-451
-105
-536
-1000
-970
-135
138
396
636
68
-410
670
-815
943
-693
792
747
-623
-320
898
629
935
336
-980
-915
-192
-20
-312
-45
641
-116
-565
-710
883
255
519
-422
701
464
694
115
-906
-511
-723
279
783
-234
845
269
-806
-927
-896
-50
676
-39
-562
282
964
-99
-952
-181
-567
920
-538
201
590
-15
687
-83
360
816
-678
660
722
-874
-684
370
-324
-286
-799
-205
514
720
-542
258
-686
250
39
-937
342
766
389
405
403
886
701
197
219
173
758
-528
-767
40
451
-523
570
-125
680
228
-453
444
-853
-553
336
-536
-801
158
922
-948
-937
299
-233
-279
209
-214
402
143
-592
-533
-176
-540
560
-637
-410
-452
-394
931
-225
784
-400
124
386
-311
812
-74
-541
221
-744
780
855
260
-775
-581
-54
-932
-952
-843
989
-648
473
-805
683
-10
-362
-367
-198
529
724
-304
-176
-184
-447
86
-298
-14
572
-447
116
-111
-871
21
-826
455
-199
-63
-646
10
-764
-709
621
-36
-70
-978
-81
-677
650
883
438
-898
-78
-436
525
28
-164
363
-483
564
-929
-186
492
-52
-427
684
-244
611
75
345
812
975
-146
391
434
247
-485
960
928
769
-213
-472
-265
241
-134
-240
638
-548
889
-771
628
-563
-332
-923
619
-307
-739
968
286
-813
-875
90
-424
264
-28
-791
-113
511
759
151
421
462
-132
-327
-437
190
-436
-62
-170
228
448
295
179
-92
-505
-963
-20
-884
-449
686
-445
-116
-673
-874
-132
-453
418
-337
-219
756
696
353
605
882
-461
529
492
-894
-954
-242
358
973
798
135
33
152
207
-208
-679
-289
-324
19
-152
891
276
-95
-661
-962
-481
-302
491
-907
146
959
-263
-25
865
106
83
414
-514
790
312
-787
853
587
493
101
702
-508
356
-158
-377
380
-343
114
685
671
249
-106
-300
-992
500
-548
-482
-347
-410
-377
409
-652
634
823
74
-36
-232
883
-370
-470
937
401
1
853
-733
-632
-561
348
943
555
514
239
-330
619
271
-949
252
-686
347
453
127
993
-875
168
-209
752
819
-582
-593
-828
-598
-539
145
-369
328
689
-114
958
431
-150
-543
-158
-207
-996
-646
98
937
979
610
714
-808
480
32
-389
439
-760
-306
-504
242
-305
-28
425
623
533
392
-161
-168
-297
73
29
-615
-838
-990
-91
588
906
-799
903
325
-9
524
-924
-801
326
905
-708
-690
-232
150
-17
-86
159
2
-965
623
504
-324
607
-857
830
-499
119
788
-883
924
-900
-667
-952
893
200
664
-74
-412
435
-978
-440
-93
538
72
367
-519
895
-704
-22
-919
-940
559
-385
-455
995
-118
-254
-290
233
-606
-267
-578
22
-393
-751
625
-27
615
14
582
72
937
561
-846
-627
-11
-650
480
592
-29
-687
192
-692
636
609
-544
-686
652
-961
307
379
100
919
636
865
975
-562
0
-663
560
653
677
-773
-660
-583
308
-78
-414
836
730
851
755
-496
-537
-188
712
-916
-368
-177
562
-988
-9
-1000
-880
700
-83
-259
74
252
-104
-524
-958
-491
-100
-398
118
967
514
950
-34
631
302
342
-260
868
-469
672
835
-827
179
993
-892
805
-64
511
505
832
210
-910
953
261
-53
765
-643
-137
868
-119
50
-328
-460
784
48
-525
620
-251
360
139
-389
-763
-370
-887
780
432
361
-906
485
563
716
-187
751
-500
-743
-107
-605
492
483
-691
818
-127
-600
695
-43
379
-204
-417
-273
-736
-1
-751
-157
-200
-602
-799
442
100
-81
-498
34
293
213
474
171
-732
-526
-628
304
-75
400
-455
748
-432
-536
-838
84
546
776
788
524
970
880
348
-713
214
369
-295
263
972
33
943
-755
-934
-525
623
857
-548
119
-593
-341
-246
-595
-779
24
-160
828
-525
-792
413
-311
-42
533
625
-813
735
152
-473
385
725
712
-911
-443
932
-817
596
304
62
-91
-709
-354
-413
599
619
528
435
-723
444
652
-858
599
767
-532
476
9
-550
-325
384
-339
-343
810
379
-381
512
676
-100
-460
775
842
452
932
-191
-948
-551
-215
-547
-546
-197
80
-183
644
-612
-927
351
589
506
-473
-540
400
-163
-25
377
590
-117
-307
-683
388
663
785
-445
196
291
951
-205
904
-154
240
134
153
767
329
138
-990
882
821
769
404
-569
-362
45
437
999
-871
834
-307
-657
284
503
854
961
197
598
365
771
312
740
553
157
472
237
-253
-539
-316
-821
-62
-245
-553
877
89
-363
794
662
417
257
929
705
-301
672
467
-467
-91
-449
969
-351
-510
-837
94
-110
41
-257
-115
684
-291
46
-446
532
-815
-550
354
-964
-483
766
529
384
644
-477
961
16
-657
-446
208
-524
-20
78
-271
352
229
296
-106
-505
545
-263
148
96
610
730
45
530
-27
-842
-577
951
-354
-300
-723
47
483
-73
197
661
-118
-906
492
-17
-638
335
-411
683
-643
96
897
70
736
313
-478
-316
999
-883
-73
37
726
733
987
-885
3
-42
-10
410
-389
-707
42
-106
54
395
-441
72
506
-524
767
368
377
-764
759
-459
252
-757
-145
-544
239
611
60
608
750
-772
20
585
-862
-177
815
129
685
-551
-382
-283
-71
-818
-495
586
-705
140
691
493
-980
393
-585
668
-926
73
307
-665
920
700
433
-386
-35
975
-513
-311
-997
556
225
79
-330
256
-325
-59
-230
-41
-82
-320
210
482
629
-63
-839
-432
871
-476
793
405
-347
605
244
-127
690
473
526
418
591
436
31
-94
372
65
-794
798
-956
-559
-842
994
888
222
263
-64
394
-251
937
881
-151
581
-727
920
361
529
-608
-824
-923
-233
-110
-958
-580
-731
-396
-149
386
-328
-917
-673
287
288
613
-663
-689
857
437
-548
-220
-452
925
750
-582
-313
-365
623
-578
395
1000
-218
56
532
66
900
509
605
666
886
660
-228
850
308
-757
-279
427
27
-405
-844
20
-871
-171
-592
-742
-703
70
-69
-12
-972
651
974
-663
823
-44
-116
795
438
979
852
-170
-318
-570
997
-661
75
-738
-728
-310
15
-553
108
-205
-423
-416
-104
632
-475
373
-116
-991
547
960
-310
-314
701
650
178
-128
-85
254
114
804
368
137
504
13
-642
155
313
57
-599
591
-177
-307
219
597
-485
-792
453
931
396
156
-355
-369
-86
716
-997
316
-286
54
-944
-312
920
297
809
-152
33
126
624
459
974
918
-344
-672
-49
820
-324
319
968
123
648
-712
-209
-297
-339
128
196
-788
-376
522
558
-678
381
599
-35
-290
406
503
-867
114
112
-90
351
343
-434
-334
-882
-930
692
732
487
-980
149
55
-553
166
254
660
-667
-457
117
811
-172
-337
1
578
235
154
157
390
-227
360
552
-537
731
555
272
215
-14
319
-637
991
-485
870
-330
-573
-759
81
889
-621
-272
364
529
-977
854
880
341
438
-688
-441
32
-597
926
-129
-644
-606
473
166
28
974
-435
-790
-935
196
-465
985
-341
585
962
59
831
-157
535
340
-938
753
564
339
638
-536
861
242
-106
-184
-60
-877
176
-481
-93
462
965
-616
-598
-395
-652
712
-307
841
-730
959
-998
443
-423
-73
-295
-816
-417
538
570
806
-356
-839
809
-161
749
226
-698
764
-901
3
-913
962
561
754
-590
311
400
727
-393
-722
770
-135
75
-419
445
1000
-122
-192
-702
950
474
257
-940
-745
-200
118
-712
440
-526
-862
-562
-478
-411
-690
967
-898
950
-103
-626
-850
-92
-53
-268
-343
-789
-242
-145
-957
686
635
-263
133
838
872
891
-843
-77
-537
-81
-331
-464
-213
417
919
-479
70
997
-737
539
-351
-184
858
713
-943
73
771
-774
-486
787
-499
615
-271
-259
924
-238
204
551
887
-402
599
429
924
-704
259
-275
-419
373
-695
236
689
551
497
471
46
608
31
797
512
955
386
699
-929
-649
506
307
979
175
-530
201
302
-697
267
-60
-503
208
733
-556
366
300
187
769
-905
416
750
186
-496
-291
-685
579
-684
821
-979
103
245
340
-148
470
858
577
167
340
469
205
942
-797
-163
174
106
-322
808
911
-524
210
35
-762
773
161
4
512
681
-541
696
-404
-555
-732
-874
660
-261
-267
988
422
-915
-748
879
209
493
269
556
615
-157
-758
-562
-201
-821
-411
-107
-825
278
306
-354
-580
396
717
-381
-307
-578
721
343
-542
126
-492
797
-436
-684
-850
817
393
903
-116
66
-577
403
855
364
-718
949
-106
-728
-957
662
-790
179
322
686
-101
-488
322
28
-112
163
528
-78
-614
-298
-303
648
-513
-573
-483
-966
-285
-240
-588
603
32
-327
-490
716
283
528
384
623
-547
-596
-123
-756
-922
-63
-349
-369
-470
-667
-428
199
701
10
432
-515
-127
-271
454
-55
975
256
-193
-709
-848
-811
-1000
979
426
-836
-429
741
733
-438
160
337
-927
861
-871
-870
-284
377
613
803
186
-287
-119
902
-729
-815
-948
-476
577
-571
-360
722
-269
-201
116
-473
314
651
-540
99
242
621
367
178
-583
777
-5
783
-109
166
27
358
302
-414
597
-659
610
529
-274
328
354
72
-768
-286
-548
-38
686
-452
728
413
-646
351
-199
674
348
-169
252
-621
629
910
74
-774
480
-995
-31
-396
728
-441
-304
20
870
80
-342
194
23
38
561
-57
-651
808
-390
-467
-992
32
-704
-131
-311
-113
914
218
-279
-903
-313
299
409
432
-905
324
381
-739
-649
-888
358
-770
-639
166
-655
693
602
210
974
-104
696
573
-804
-728
-326
-709
-734
285
824
-828
-769
-899
482
-35
-548
-174
426
6
-774
659
218
-317
-740
-371
574
854
-77
798
969
-22
-288
184
668
43
570
560
-519
-527
353
-904
-349
801
56
899
354
782
-630
514
-861
-129
-620
-664
753
-454
11
-174
-601
-772
182
715
-65
420
495
-913
220
-89
-395
541
261
882
650
113
350
-205
-21
548
864
475
261
398
-298
63
-364
458
-618
-765
-752
-804
773
426
-238
-745
569
-968
-829
748
-254
546
-668
992
-883
-992
-68
304
273
458
197
724
-22
-524
840
808
-114
901
198
138
-197
486
-547
-950
499
-579
-154
778
7
-406
765
379
-699
417
56
264
-266
214
137
-108
-996
120
835
997
-969
642
-625
-754
219
293
-590
-283
-705
-783
-123
-571
323
-104
-193
-157
60
373
-606
-27
130
250
-406
-829
-697
-217
350
295
-384
341
-810
-623
15
-515
-579
405
887
795
-762
667
103
822
-903
131
1
110
337
-135
137
711
-936
461
-334
-293
-810
-395
1000
442
-408
-805
-255
656
-24
-82
-323
-191
-143
-605
751
850
-690
75
-169
1
275
823
-219
-250
-528
17
709
234
385
198
-239
279
-752
243
-272
425
-402
343
-694
-760
-739
-351
699
405
554
880
895
366
-438
231
-458
-733
-236
753
-618
-867
411
800
-982
-158
-573
-468
167
-360
-725
-415
-324
311
519
125
-914
811
-548
478
22
-978
-764
426
-692
-258
-824
587
964
606
-479
169
79
-532
838
-909
-992
480
-979
-814
-909
727
-790
-675
202
351
863
297
-729
162
-646
-253
330
-141
-352
-21
-322
-184
-702
205
-738
289
-539
-425
-79
1
886
-648
807
62
-536
657
3
485
-901
226
306
900
-584
679
-114
758
532
-875
1000
99
-629
-591
55
500
978
59
-491
109
-766
314
20
663
701
110
765
91
-872
-645
-691
26
-625
123
850
-628
412
-261
-592
-468
-828
-232
395
671
962
511
-631
-751
99
443
835
386
-744
-548
-874
-150
-945
-353
-68
536
718
-190
-141
-264
-804
387
-306
-645
898
592
798
-407
-589
-417
183
116
-640
-469
378
836
652
374
-620
-889
70
-71
-764
-929
-958
-996
745
657
653
140
-269
524
-339
-75
181
-689
-533
-350
-541
-571
777
-184
-450
-420
386
487
-98
341
-100
194
967
957
-602
798
-159
822
-845
-528
-733
-926
-691
-826
512
-694
-231
621
587
60
-450
-855
341
-884
-547
120
-351
-698
47
-799
295
557
39
-245
589
102
-133
980
-369
791
885
-461
52
865
73
-228
752
-641
-644
785
274
607
-949
-582
-300
-674
464
-681
-581
507
482
303
148
-132
-652
79
-285
-110
-536
323
-396
-951
-120
591
-621
-749
927
783
211
-81
317
873
82
-969
571
424
-261
608
453
-806
-489
-391
297
29
-48
-830
-797
-56
521
-91
-172
-808
679
-19
174
-960
968
725
-672
-418
-446
797
-301
468
189
524
455
-285
-750
748
-276
966
-489
660
-370
-817
155
-710
429
54
-191
895
-272
1000
-599
-133
-810
-906
-817
-718
25
-888
-301
665
-544
-144
-962
-584
-61
-639
-621
-17
209
-54
-191
891
-5
413
-114
-867
-214
599
-31
-270
-790
425
433
-968
740
625
-796
-95
-67
-339
973
349
-574
542
-930
-189
171
434
-120
-261
-486
720
-759
-367
260
279
-124
-802
168
451
-901
-375
-778
768
-698
352
-252
726
-895
-276
-267
-975
597
-307
47
-917
382
-44
477
616
-650
-749
-935
592
-870
39
-593
-950
42
-359
-896
632
159
-766
-582
16
-724
622
-425
-991
-487
339
-572
272
-691
364
-27
-263
-426
-651
882
-271
266
-706
389
791
-9
-470
-455
-991
-278
-510
188
-996
626
392
325
-846
22
-196
681
527
547
-121
368
-554
-599
-480
761
-497
-110
-631
642
-63
-912
-798
-74
964
-814
-838
417
31
795
-530
14
-290
-109
-7
-202
451
457
-147
618
-253
-837
565
185
-156
589
-948
-100
-568
179
896
-841
-445
-835
544
175
-229
-107
-151
-935
-71
12
-471
-963
-618
-679
871
498
491
-638
-376
-694
648
779
-197
-530
-784
-583
362
-779
-686
701
457
262
-686
-766
383
788
-494
3
919
-48
799
907
863
-242
-672
73
330
-885
-934
640
919
831
-13
-960
508
-797
907
-5
-54
213
-732
-744
699
26
725
-109
551
397
767
-131
254
915
-963
-255
221
636
-108
797
-36
80
-723
44
420
-423
-49
241
39
572
-331
-505
-213
-345
-682
19
-832
101
-649
667
-398
330
514
-308
808
870
822
-223
402
825
998
348
-533
824
958
196
-727
526
50
-571
402
367
-45
-488
61
108
-679
-403
-415
-926
-692
-558
-403
-661
-645
862
-853
183
-444
104
339
-61
-156
881
385
884
169
-68
-118
220
136
-586
205
805
-217
-195
-579
994
374
519
709
413
680
413
-304
317
832
-291
189
-888
-982
939
956
602
647
95
-829
501
-344
106
-136
11
320
-315
422
643
588
433
-612
139
703
-158
-982
861
-649
445
224
152
-777
351
102
258
394
244
-33
-794
161
594
873
924
479
665
30
-673
-250
397
-751
-475
-999
-755
-893
687
-169
-74
-49
681
691
-394
-613
-502
32
-202
-505
-588
-266
-935
-616
-752
231
-120
943
-140
177
-237
527
-504
447
839
827
537
-756
-76
-394
-586
-504
-593
103
962
-30
-164
-40
-819
89
-895
189
834
-669
-941
-66
-826
863
945
-219
-337
-74
487
563
284
-522
-119
-894
331
-561
781
-659
-971
762
-494
937
140
-221
344
651
-723
-917
-659
459
-663
-408
-419
-2
-918
-748
461
762
-54
-300
-115
-461
-241
691
427
-302
200
614
-933
-422
590
-252
-391
981
388
7
622
207
-73
-318
381
637
866
-617
862
-123
601
-783
-629
695
969
254
545
234
932
345
273
-651
-154
727
861
213
-148
-308
560
-778
-226
-313
617
950
-236
-61
994
-901
877
58
-645
-954
-558
-848
-210
-822
-648
-536
-897
850
535
-382
865
-103
-75
748
-474
-933
426
354
495
540
527
-361
-901
245
-374
-699
135
-921
233
-739
-82
844
-705
-184
865
517
839
-258
331
-726
-647
-297
-43
-29
811
-348
-607
978
-877
509
-822
-810
771
-80
-960
585
-342
681
100
325
456
-321
-327
-462
848
821
329
-817
-941
40
-346
654
608
240
-368
-368
978
65
17
469
-562
348
-681
-364
492
-157
-296
-980
996
-898
-664
-923
-420
121
891
853
-842
-517
925
-879
-532
-168
281
-455
-434
-997
318
619
-356
-81
732
515
73
597
-940
349
510
910
-891
267
775
897
-501
170
935
-949
-660
198
198
108
850
350
27
500
-57
-26
-887
-115
261
-30
43
-40
-319
102
176
34
387
916
874
179
-532
-181
-394
969
-524
950
-446
732
695
114
986
-256
-584
864
-497
-309
150
-267
-777
383
222
-919
-723
257
-301
-611
-835
-36
-566
-221
-670
-722
19
793
138
-489
38
76
587
217
-759
-147
318
-803
319
353
-263
582
-365
-20
-752
710
-737
662
10
-721
485
282
-133
-269
-124
-858
386
-778
65
957
899
918
681
267
513
213
702
283
-1
536
-225
-417
78
166
155
34
101
226
635
-20
-870
-597
-17
-718
564
-895
332
483
142
-341
927
-719
966
589
150
-771
-397
-668
982
54
206
-392
-983
68
-90
-884
-953
376
186
701
989
-304
-830
-41
-54
-448
64
761
-209
346
335
133
-747
982
-715
-149
754
-678
512
774
675
-204
791
95
-658
-596
-171
707
-978
-661
133
915
969
926
87
-852
-118
-311
388
626
-571
745
686
19
-546
-737
-633
829
-596
585
83
204
-270
423
-775
-347
873
-709
214
634
265
132
377
-188
-364
954
70
405
-953
-701
-723
699
611
-42
576
553
811
526
338
128
-481
-693
-949
921
529
-655
-253
-75
745
499
-851
-341
-576
-103
-671
346
527
-409
690
397
170
91
14
-444
362
-337
-542
888
-540
140
-331
-268
723
-533
-332
-366
603
127
617
564
138
-332
534
-328
-453
-832
-232
-195
176
23
443
-649
231
-926
-134
-479
676
-522
500
-433
-461
-570
500
211
-106
-303
996
-738
-725
-170
573
-70
-959
-499
942
-60
299
489
330
-986
-239
-85
875
-245
-718
-403
-177
-634
943
829
-434
-564
-60
-647
-771
-506
688
-28
787
414
-175
-787
95
-605
-850
336
-706
-965
-598
-532
-827
-990
985
959
446
-213
70
-896
-908
-492
672
800
-11
-763
-23
-344
-614
-22
60
852
734
302
-909
-141
-305
-189
-361
924
681
-80
481
-781
-923
-370
601
-688
917
-98
419
540
-321
-448
702
260
-149
-635
-714
-524
904
-59
806
-876
-134
526
524
518
561
877
-3
-582
-799
539
821
-356
177
-366
695
613
846
-379
133
216
-228
-197
-895
-610
210
951
913
557
393
632
253
596
302
-830
356
583
-677
-543
-943
368
79
-193
281
113
757
-599
-461
542
-519
-116
-477
923
-371
-430
-230
-956
-393
-104
651
972
53
-582
-956
-161
74
-719
336
410
947
-467
480
529
649
-112
526
-554
487
-480
647
-884
-641
565
-281
209
-603
-65
976
-481
468
-329
574
837
45
840
-231
168
-616
258
-361
176
-992
-62
-15
-517
-345
-801
921
397
-603
-838
646
634
787
484
927
-552
126
185
-11
647
640
-278
-323
-86
577
228
189
-439
-245
-653
-112
894
-695
867
218
750
968
828
-433
735
-258
651
-670
621
584
180
-437
-323
255
503
-587
-770
-502
773
-297
865
-57
-94
-985
-847
-963
-229
914
-847
-710
331
-805
-433
-474
-660
-187
970
-997
37
654
682
717
637
-468
-295
886
-455
363
-28
395
810
561
-356
-277
-999
-846
952
385
-755
-94
637
-38
518
475
644
-998
556
650
-647
920
-136
575
-401
-368
-848
-725
-129
365
735
718
-159
-113
405
-136
560
-183
331
740
-91
-149
-490
-768
173
909
-89
-780
622
-641
690
-636
228
-737
-767
720
516
615
-397
612
413
596
761
400
245
-782
830
594
-721
-937
-638
692
836
-145
-628
-538
801
-591
913
174
6
997
-735
435
369
118
-613
-859
339
-846
-510
-483
-262
-935
-789
-628
-701
-140
-315
-189
-626
-527
223
768
-540
831
-904
-954
-401
343
721
200
142
-646
728
885
-797
60
640
542
-263
325
-515
-618
708
-312
-368
-192
928
925
586
321
-572
763
-478
-178
413
78
594
-748
760
463
-450
281
787
-866
987
691
-588
650
-726
-755
-227
-366
22
-217
-831
-876
174
280
-124
-120
-300
-234
-286
-864
329
-471
-395
381
107
-74
309
-944
360
-888
-555
531
-774
-45
310
266
-96
-309
879
-195
479
-218
-521
-170
-836
390
-894
42
-786
-708
-967
-418
-123
695
135
227
894
-33
260
536
611
-976
302
493
-106
348
-393
358
-441
-779
649
-245
-564
-416
-332
923
671
-828
-364
-75
-134
581
-923
728
-621
149
-875
591
-425
862
620
-895
-594
-121
-866
-54
-561
384
627
970
666
607
-522
-699
-441
-465
-988
-709
230
-768
697
-74
-912
275
558
583
-440
311
371
541
-354
889
-724
-524
341
783
962
-168
-740
927
-369
442
834
334
-449
-620
-17
575
901
-331
-720
-691
692
368
33
569
-361
-511
883
-255
713
-953
-681
573
508
262
512
-514
-79
-789
-304
-954
510
-53
-531
-837
-859
-63
830
939
386
-275
-127
-532
-85
-324
-2
-698
689
-766
-469
-332
-423
461
-640
287
150
-523
-286
-131
-554
-676
-131
926
-328
-120
349
-141
428
450
283
383
-391
209
-943
-602
-951
127
-280
-742
697
264
296
949
-553
246
-577
-915
252
174
-324
-371
36
-813
-484
-755
750
-539
-72
-608
-17
-461
-848
-551
705
-923
-56
-262
352
33
-959
981
-860
911
407
658
-262
673
549
953
394
-504
746
694
348
-678
-158
521
586
253
59
-313
-544
-123
-357
-284
147
-66
420
611
-63
-62
-176
-223
-104
-886
397
-170
-376
732
174
102
-488
-392
-223
314
-637
93
528
340
468
-256
339
373
225
735
-882
-865
-778
713
838
867
47
-65
638
-328
-253
-299
-450
785
-129
274
-696
-536
-742
-900
-671
-920
980
-551
-924
529
-188
-965
-452
898
-700
-669
-850
-285
651
-62
76
-545
-241
219
-934
489
-71
984
285
862
-233
865
-566
569
791
-378
-367
903
913
-213
853
-684
591
-998
-711
-631
342
908
-799
593
-121
-3
-1000
-406
401
616
487
584
60
-40
-371
-946
-589
340
-701
-641
853
684
976
-322
831
933
55
243
-466
-137
-298
958
-120
-324
788
620
752
403
-231
-216
127
697
211
-495
639
935
-449
699
-959
-932
-16
-224
121
-278
-56
328
197
508
-561
-358
-194
-919
-960
878
140
153
-634
789
740
2
-663
586
-717
800
-158
480
571
-842
510
257
444
-247
715
-304
763
437
794
-449
-669
727
-48
-904
777
-326
709
497
-284
732
-533
403
502
-125
-527
17
-45
943
-509
-988
-984
-787
664
-931
-955
13
-669
969
133
-842
-757
-60
231
-131
-451
-73
427
-929
877
384
4
-574
710
-577
22
-965
442
-318
806
475
-342
329
-345
630
-751
-4
358
-56
-553
522
-298
821
-417
-761
-496
646
33
-759
-38
-562
-108
740
958
232
-47
-791
719
-956
-1000
-323
942
180
-788
-817
-703
595
649
-120
900
593
244
826
181
310
751
-611
-914
652
47
-636
-347
505
-396
-710
22
-697
605
648
723
-295
771
498
914
-609
-693
-788
226
16
124
-544
410
959
390
-548
-400
-220
-729
-406
420
-621
640
-382
583
-801
976
945
219
276
-401
-49
-857
-433
861
-587
510
163
-550
696
-346
-971
-954
-395
318
915
224
628
303
-931
-914
-536
511
-203
693
-626
204
733
-770
-755
-947
-384
882
661
-552
-610
449
-686
-456
-801
-572
-400
-879
203
-144
62
918
-464
215
-999
575
371
385
-402
-879
61
304
368
-470
-52
-335
455
-738
586
-689
-955
136
281
-835
-73
904
897
170
457
-868
996
-413
997
970
64
-650
-45
563
-295
-418
-725
-702
-373
-873
-88
-125
-811
-412
803
-567
838
-254
-810
115
-223
-713
129
897
-525
-379
84
-746
-152
900
345
-646
762
728
924
508
885
675
-77
-526
444
-47
210
41
-879
647
354
433
259
326
-101
464
-764
-373
-685
99
437
-806
778
-134
-482
567
-426
-802
725
-104
-826
-638
737
154
677
-721
-381
-651
-43
339
-726
-623
963
-453
807
260
26
-637
803
709
-631
-345
632
650
668
945
-352
-30
96
-1000
548
-544
-93
278
979
738
-211
-964
-924
907
-385
-177
-253
-948
247
-280
-338
-330
-176
-660
569
48
288
407
-422
220
-639
-243
397
-256
-794
-129
-806
109
877
-116
-123
-151
178
-600
901
370
-120
186
623
651
-36
-451
-226
-311
745
-907
-535
103
207
-620
389
225
-932
-903
-502
112
353
-189
-991
-979
182
207
230
-543
-30
250
956
-706
747
-424
-362
-649
806
885
-843
275
-956
17
916
-175
-719
-118
228
-108
-644
-573
873
-456
120
25
261
-476
-101
-883
-132
823
322
750
-485
-296
-300
448
-823
-209
121
331
-245
-995
46
346
-483
-261
639
168
-215
-881
-884
207
-980
-299
-563
-67
839
193
7
-47
-155
-147
-360
-166
-969
281
-972
336
857
101
738
849
299
-882
276
625
489
850
989
690
937
496
454
-272
-817
898
-219
8
-856
724
-318
-122
603
-719
-835
-635
715
-730
-946
739
-529
824
-305
-957
342
699
-594
-876
-387
-522
911
-136
-548
415
-696
-974
246
915
523
265
896
-989
374
-841
-481
307
-3
-976
-805
-948
-384
983
-961
-876
283
854
558
581
584
-545
983
-669
-626
407
-277
-667
998
-999
462
765
837
-804
987
-685
-290
31
-531
-372
951
209
-845
303
883
970
-724
-626
861
-38
-684
-554
524
-363
614
-731
868
-141
888
-469
-686
610
-195
706
432
-379
-462
-55
-784
-200
604
-200
-402
454
551
-71
-56
351
-304
210
656
-321
-38
-28
484
495
-747
-360
-330
-213
-328
255
938
-218
-742
196
-955
-655
-576
-939
556
-800
-124
-809
56
-188
883
928
-502
-484
593
297
-149
-346
797
-121
-317
434
209
-498
172
14
967
440
262
590
-252
532
458
-906
-464
205
26
-760
708
212
-241
462
-414
596
104
280
378
-712
-336
389
278
358
16
-215
531
-643
130
599
-355
160
-642
864
836
673
-166
200
-139
-889
140
-256
408
-391
513
88
-78
404
819
62
-21
7
718
-116
-916
-197
250
301
-201
-870
538
-83
439
-974
-105
313
-13
-277
-469
515
-61
-786
716
-421
-240
-509
33
678
721
243
-224
-756
-939
329
861
201
803
100
237
157
-429
821
646
330
-894
-355
-126
678
679
-974
830
-441
866
168
-591
-804
815
-712
69
622
-29
-538
934
983
-111
181
-956
476
-105
-41
55
326
319
-661
723
686
355
719
636
806
15
410
-523
-565
888
809
956
-475
-782
-565
-974
586
-897
-591
529
544
-96
-526
-665
931
145
-921
310
-554
-73
-978
714
-29
949
-739
-316
907
70
-84
-578
147
75
-437
-185
-255
-180
-937
845
601
184
-497
792
-636
-945
955
679
-8
-42
-443
-84
-679
-554
-828
-20
234
811
-293
131
715
716
577
686
-538
914
168
-29
225
-53
-449
971
571
660
-1
495
417
840
-103
-918
-111
-509
45
-369
-459
-136
415
979
788
581
720
-73
657
-896
341
-148
-919
-700
627
595
984
-568
23
945
128
638
-661
-612
717
-635
994
480
365
-419
-774
-102
-557
985
-770
-460
321
-608
25
-522
889
-786
-262
138
612
657
-235
782
819
366
598
-997
954
-727
980
-662
258
871
-586
-979
578
524
-650
-655
-658
916
-368
-817
259
-694
-955
-609
-971
-171
-285
799
554
236
-118
368
439
-750
789
-239
877
-499
-175
896
-156
-45
-357
-899
-21
-102
-800
296
956
202
878
-835
912
-737
779
-27
571
-649
467
820
-455
665
-834
-758
-874
-339
400
-947
300
-361
610
303
882
-876
798
648
-273
-646
-708
-787
-248
-629
-555
-252
-628
-549
47
-949
-345
405
-302
498
132
-630
-916
-511
669
281
188
528
-786
888
-130
-499
-430
-620
261
-861
-27
-301
-983
-966
-570
109
-196
344
918
-938
607
912
-427
208
36
-304
866
-328
-73
-930
-289
-137
-860
417
-635
392
1
847
853
-277
836
89
425
880
-648
-483
783
777
155
189
-95
-141
127
844
-143
512
596
341
124
98
1
524
-864
-723
-720
907
266
-903
314
-615
435
733
468
89
-332
671
-834
-862
-469
-956
-115
-778
229
-295
232
-75
-741
-718
661
648
731
-65
-837
711
-539
261
385
919
-754
681
954
347
-477
899
-338
-871
420
853
-525
-468
266
25
94
-689
-14
241
225
-283
-170
501
-81
745
39
-890
-534
339
-281
823
473
125
945
662
984
-993
279
-241
895
299
384
772
-362
343
-439
-69
-305
-369
555
781
437
721
-106
-710
932
-521
787
-184
678
-348
800
-133
-176
730
452
-364
-365
571
-960
-807
-951
576
-285
986
-11
804
-867
-488
618
-345
-552
50
-854
207
-197
314
680
79
320
333
608
341
-268
-958
-381
-500
-341
799
50
130
357
690
-226
-361
587
171
-352
-776
-513
-804
722
300
836
126
-297
861
-324
827
-29
-975
-384
-252
-456
-465
-380
-307
-79
-171
-97
783
901
802
693
-878
-151
794
66
432
70
-248
-491
-234
-293
-176
664
-77
-329
328
744
-928
69
353
654
-112
-989
-790
935
-282
-507
683
375
447
97
481
435
-558
325
614
-816
-803
312
170
-284
98
-114
513
771
-786
-437
-505
-174
297
-284
-260
-166
22
673
-967
-566
621
739
-843
519
-657
-192
-83
339
-116
-125
-413
890
-593
395
424
-257
413
-318
594
942
-824
-281
-619
-337
878
103
-899
-816
-824
-716
-6
855
247
146
-228
671
162
-947
-383
874
556
-841
892
-919
335
-820
-994
644
728
641
852
236
-381
-85
-873
97
-570
671
-421
-572
254
-594
-583
486
958
-187
610
10
791
-574
563
-119
-246
-250
488
-952
-993
-907
316
583
499
-112
-502
964
-478
-158
125
-410
66
-226
637
149
902
-206
-15
153
797
40
-305
694
-717
250
512
482
-358
450
961
-687
-209
-477
-696
69
509
742
-954
494
-807
405
-100
-929
214
826
172
-64
-402
-384
-497
422
927
868
-781
17
-57
-633
-495
798
115
272
159
411
995
-152
153
564
456
724
-466
10
-972
-699
-511
-904
126
885
162
402
981
703
-561
-59
714
745
707
352
970
596
-449
-823
9
924
487
194
250
-12
503
-470
-601
-876
297
460
-402
527
-895
490
-456
667
427
-877
103
-319
-512
-354
446
926
628
-230
797
-885
421
231
-692
-374
470
213
-936
-148
250
883
-989
-455
635
596
-705
602
-989
-868
624
-413
-665
-134
-446
-768
317
231
-549
-81
904
-165
955
-932
762
-829
-67
763
847
188
526
581
697
795
-818
184
131
-557
-976
-67
-162
-370
452
184
703
-474
-153
-150
52
-84
903
-583
-698
384
-782
-992
754
819
-332
-229
-516
-352
132
361
679
-525
763
540
-907
125
-919
819
225
651
824
-721
-443
29
58
-433
-914
427
568
313
121
512
-794
-320
865
-546
-499
203
-795
-405
244
-19
-471
568
-323
952
885
-959
544
-743
-58
51
-86
358
40
-500
460
634
157
-325
-582
105
317
907
959
82
-849
838
415
-41
821
160
-336
-654
962
-944
-750
124
566
-631
-965
-641
-650
-574
-475
149
98
-356
402
408
-105
-400
-776
-881
-224
-276
-906
-468
-520
-647
-241
263
-455
-709
-294
550
877
823
-484
984
-762
-545
390
-890
-571
427
-360
-308
-36
667
169
-91
-808
-275
-871
-625
625
122
687
900
-695
284
-885
-595
-601
3
513
728
169
307
751
371
858
-375
74
-947
-183
-501
576
166
-418
712
-831
270
318
-496
92
-527
319
866
-234
-822
-474
-466
510
331
-569
-53
-796
-82
-249
258
118
889
-371
-852
61
-495
573
-77
-925
555
-35
392
868
374
374
-322
-483
-958
-632
358
-863
-14
-577
476
-337
630
-914
-418
880
-287
614
989
193
843
554
-610
143
295
606
539
156
545
-931
-142
479
556
258
-352
-635
-652
-969
721
-595
-733
-97
-892
205
500
240
-769
-418
9
125
998
829
223
-940
-644
-358
130
-573
450
738
-596
870
425
-434
-639
751
659
121
314
-101
906
773
356
-361
-3
-763
-587
-288
-695
617
-21
-611
-601
483
-989
355
942
81
161
444
528
1000
627
-888
-306
-955
452
-268
507
501
-318
662
231
794
-348
940
-796
-315
-21
-376
-520
129
521
-898
620
358
-751
230
988
852
971
-485
338
639
756
288
-500
104
64
852
-586
-883
-831
-437
320
-215
189
-462
-551
156
-361
-61
-534
333
-761
-795
857
-938
211
118
788
541
408
835
628
-239
355
180
-479
554
421
519
-961
909
561
461
156
896
738
263
331
670
624
59
-577
-215
172
440
-665
944
-895
473
-28
495
276
-881
964
970
-333
-782
206
982
-554
356
-172
-264
341
816
187
306
-597
-350
-147
-452
956
-483
-547
348
649
-719
657
-327
-942
45
-989
822
991
-727
62
-774
-211
161
450
-799
-94
885
413
-319
297
-316
525
112
-510
-817
327
-809
98
394
-144
674
353
-197
809
-897
-214
-963
-769
835
524
774
-134
-708
-811
268
692
-23
847
-695
-664
833
998
-659
-643
409
-153
-929
744
15
89
881
-566
-605
-346
-296
652
-807
-17
-342
930
-282
-846
-439
387
47
-560
298
-465
265
232
-499
-577
-650
-440
155
958
455
285
367
534
-298
494
670
216
-345
761
443
735
-301
453
-120
-364
22
-634
-956
-878
711
270
960
820
-294
627
-498
170
-923
866
472
737
-128
-193
434
-176
365
-507
-755
303
124
847
448
-2
13
-989
-228
452
876
135
-684
-508
-570
301
339
986
172
807
-131
243
524
475
-936
-449
472
272
-12
202
70
-364
-756
814
-729
-313
622
-457
238
673
114
408
804
-97
-719
-453
212
-925
-982
958
527
-202
772
-991
-731
785
420
778
-635
-917
-519
796
82
780
95
596
-113
-872
-754
-809
-63
561
616
188
-948
187
-170
-30
-67
0
421
967
-1000
39
564
-459
875
-694
-604
-896
-720
669
-383
-906
-218
-676
-335
-113
-562
-884
-837
-405
-755
-203
751
892
774
-89
884
-700
846
-862
487
723
-611
-283
-913
-603
99
-702
72
-106
592
-277
881
-95
802
728
-656
624
932
-151
-614
703
-372
-58
373
920
158
652
878
150
235
578
-87
-567
372
875
171
-652
567
921
-267
815
-312
-938
396
927
651
-344
-888
-792
-200
221
178
-517
-650
-760
814
-454
-427
323
735
-569
788
148
-930
-206
814
336
-627
-901
-106
627
423
677
700
274
-977
830
102
-749
880
114
-787
-45
701
478
598
-728
309
-311
202
-275
729
330
106
-628
10
-283
-149
-570
715
-431
204
407
977
684
-192
-507
435
-882
344
558
583
-556
-102
-841
104
757
878
833
332
786
367
369
-805
338
112
675
838
-959
-322
-383
-721
934
766
-561
268
-556
325
-366
-334
-296
-80
419
750
999
439
-365
638
712
575
-528
280
-910
583
725
-754
-769
401
562
8
-562
824
934
-741
341
-917
689
261
-469
241
602
-302
830
512
779
-549
619
661
-629
672
-292
-386
-557
363
671
-899
-968
256
-2
92
-448
-719
-960
740
-782
637
-591
-297
173
-806
-761
363
106
413
905
661
-615
-458
813
416
-840
-47
-291
810
712
149
-282
855
285
683
181
55
-530
929
634
454
-245
-494
-697
-42
-835
-590
-265
405
54
448
120
-584
-120
403
814
273
-190
998
817
469
423
227
-487
-946
-570
715
-561
525
687
-83
260
805
814
-874
137
-756
182
234
666
686
542
-110
754
-252
-870
-474
-822
-66
754
-789
890
209
772
477
61
-792
501
624
-486
-992
48
235
968
76
-145
-887
348
914
-715
796
-597
-513
-670
-841
-569
-781
-847
-594
-963
-891
-380
703
289
-188
-188
727
-135
-931
-460
-560
124
-147
719
898
826
-437
-92
-146
413
768
-545
-426
384
-163
631
-316
357
724
438
494
-979
900
635
-185
-853
-407
821
389
119
642
-650
79
329
58
-733
-441
-546
429
-152
287
712
11
924
844
480
155
-187
-274
242
932
-505
777
220
727
672
261
-853
969
-595
-131
993
-669
-420
38
-592
418
243
349
-883
-179
-253
283
-86
-540
-142
-553
314
-23
389
-215
-446
-348
-844
670
-839
572
-409
898
-861
534
608
-247
169
-796
220
-533
-244
-922
374
928
334
-517
-142
-440
227
142
826
-685
-940
618
293
833
-170
619
-962
-816
-71
434
-86
-755
631
-456
344
931
729
-530
-512
-879
131
-550
974
132
-92
-756
911
774
-986
924
-191
371
352
-897
968
156
-676
-978
-271
872
988
920
-763
491
559
-512
334
-695
-924
-362
-489
728
-133
-471
253
-136
-675
875
523
-869
-676
215
-485
643
182
794
442
228
501
-284
869
406
-555
-37
42
-293
-663
222
597
768
279
291
730
113
723
-522
296
-468
691
157
643
329
-677
-801
-768
-413
326
-392
-561
93
-49
366
279
785
-336
-670
18
543
590
780
-362
-713
-964
-556
-931
137
-459
169
538
-216
771
200
112
185
954
916
915
-85
417
754
-649
-568
-75
639
139
-877
730
-528
236
703
905
174
-281
-996
640
714
-95
-520
263
956
606
-417
30
780
-395
454
-266
-284
-542
-26
141
128
-339
-16
761
653
652
-511
-115
-749
273
-881
-544
-546
115
-330
267
94
94
-765
594
124
-484
745
-86
-134
528
-736
-741
-240
-956
565
-116
7
-938
390
-111
-466
-953
366
-670
262
265
490
489
-597
-88
-775
-14
945
-123
-468
707
354
443
-715
194
336
793
103
-612
75
-835
-347
-737
-671
-831
-323
622
-81
-546
-919
-329
-403
855
154
320
320
948
624
-193
-418
-524
-742
-733
-712
983
-759
430
201
907
-458
871
335
-197
-517
-555
-406
439
79
-786
637
-975
-92
-790
-808
749
378
-610
-917
612
-78
-548
528
628
987
-945
-694
759
709
-731
567
-587
-534
509
606
-830
289
-78
983
364
208
567
-191
464
-524
-178
860
-914
-267
345
628
-522
-517
-379
67
-312
902
162
593
775
385
-228
144
-849
-20
343
245
372
554
410
153
-720
-523
731
798
-14
259
-249
158
150
1000
-995
-713
-538
-817
-16
409
501
640
593
246
349
93
715
-248
-115
966
-816
146
-49
396
238
-138
265
335
-588
-540
-436
693
798
-205
616
-831
-97
793
902
911
-691
319
107
-15
259
-298
589
434
634
91
-999
396
869
467
-76
-528
18
302
915
-154
-988
636
723
-311
500
-47
678
-73
80
-146
-75
244
429
-651
-388
-219
-423
485
-773
393
621
-849
-296
-253
960
-192
-347
37
-382
105
150
958
640
592
-117
-137
466
86
38
216
-88
309
931
665
87
563
148
802
322
-790
-983
-129
350
304
832
-993
700
977
408
429
-242
323
-71
-644
-298
363
723
-795
-807
842
-92
-446
744
61
888
622
859
220
291
318
-621
-237
621
85
647
-637
-902
-712
788
628
748
716
705
13
-853
267
231
987
491
858
-732
916
-427
658
-659
275
-581
139
323
-807
-745
696
-497
746
-520
980
-498
466
-489
210
-408
467
-645
140
602
840
5
226
-628
167
-140
689
-322
-175
766
283
-85
-22
-760
-369
-340
-930
-482
-999
354
296
404
-157
110
595
-444
12
856
904
-553
73
-914
69
810
-317
-966
-473
-987
495
-371
895
723
793
-754
478
-392
-193
119
678
-7
-262
-498
672
63
-493
470
-475
389
-954
-347
705
695
405
985
-760
503
-865
-54
-236
-977
-99
889
692
714
980
-812
820
-596
-711
39
329
-674
-14
421
-861
-442
-957
970
566
454
775
-916
-912
447
496
-633
653
-567
-704
-804
114
642
-679
74
145
691
319
-215
-424
859
-604
-647
766
935
867
-868
188
190
-288
587
430
-869
735
-669
893
20
-469
-228
-268
855
-545
607
-941
-558
719
-584
66
885
667
-970
-169
-785
797
-176
132
-855
-602
290
-177
673
433
120
381
-616
150
-311
468
-297
-380
210
320
792
-127
-24
-998
283
460
-770
882
264
-585
-632
48
-45
436
272
-371
987
886
-552
-991
826
640
496
-900
-215
659
179
-923
67
-624
88
65
-388
-658
788
-441
-774
265
-90
68
484
-820
-747
-701
785
600
-828
-610
748
37
-487
320
164
650
-720
577
85
-756
-596
-189
614
55
667
-480
792
301
124
-718
141
-152
-172
-796
514
-737
211
338
969
-482
872
-473
274
960
-242
-299
-55
-764
184
268
-31
83
397
339
-505
-518
-913
-789
-404
422
453
792
152
218
909
833
-504
471
289
-251
-941
-398
862
139
590
-954
-633
-368
614
512
-893
-799
-450
-52
358
213
-536
-155
414
-986
488
40
917
-159
438
694
178
807
-361
-713
-826
-833
773
-112
-92
663
494
-562
586
-9
-289
671
23
58
894
885
141
-677
616
-533
-567
565
817
-788
701
997
461
-316
-215
-488
109
191
-402
-840
885
-860
727
-85
197
249
263
41
736
-279
-595
627
113
-928
-157
259
763
738
-62
-231
-425
979
691
-831
288
212
262
435
185
-393
-722
-133
-316
788
941
-166
-989
122
915
207
514
-405
-594
108
665
894
958
557
-879
-641
-940
770
-792
692
-98
-830
-674
-982
-561
903
-627
-812
-960
212
-463
-53
-830
-810
-757
468
598
-513
-729
-233
860
85
-265
-369
-105
735
280
507
352
-74
763
-43
840
941
178
-989
-973
-578
535
986
2
-407
905
-127
-613
-598
-873
-231
-972
977
874
846
104
16
751
-143
993
664
144
-194
-623
693
-576
-237
444
65
492
976
-858
-305
624
-950
-34
906
129
-779
-564
194
-605
-301
-901
154
-427
356
520
-293
48
782
90
1000
-371
-761
367
-580
279
930
-24
943
560
-844
831
679
-310
317
-290
-283
285
-113
-708
-78
346
-325
920
825
410
187
-334
70
-946
-677
249
613
-944
758
-286
961
879
918
259
-387
-463
-502
955
-485
-698
-477
156
-132
475
-124
821
-9
-512
-390
817
581
-459
-13
-355
-539
799
526
-629
168
638
635
358
875
-362
-687
-384
-861
479
348
790
-198
596
550
-227
120
323
-933
-67
-681
419
-267
415
50
8
-392
-541
-594
-29
-535
-342
698
-455
-365
-721
-327
883
281
-336
138
850
-339
516
-235
523
569
-29
-36
-106
-474
933
839
553
772
191
-552
-564
-977
703
-753
899
-417
-969
-142
-57
-236
409
-522
318
-771
-319
626
-199
299
612
350
-262
588
149
517
379
212
914
-639
916
610
696
-62
-336
9
736
-476
-614
515
-253
-533
-64
701
109
636
-357
-609
196
230
-836
-215
-440
97
569
971
-938
653
-971
367
-770
103
-905
703
-29
181
-973
800
356
262
-22
-913
-319
136
214
411
6
-370
-359
-12
-244
168
574
403
-395
-493
-583
-325
-626
-498
-710
159
131
89
607
112
211
749
-284
-549
-974
-365
-884
-571
-801
260
-166
-732
-753
-599
-781
427
-415
608
-14
135
-989
594
29
789
-660
-829
-541
285
-92
-165
-959
215
966
469
-429
-49
29
509
-417
663
-978
141
-135
675
156
985
-937
40
-419
512
611
257
104
-833
-148
198
387
-323
59
704
25
-668
465
753
970
-16
966
124
-855
-548
-891
-70
763
-917
-728
76
671
991
-12
940
-828
-186
786
-654
-602
158
-29
49
-212
229
-602
-614
-898
153
854
-319
587
861
-340
-509
-257
-649
285
-487
841
419
-88
-389
388
-642
717
-999
308
736
699
-157
-354
-780
-279
-503
126
855
763
142
-232
-255
-475
-834
985
376
-738
279
-891
-467
232
834
133
992
233
805
5
-863
603
-717
446
-703
645
983
-962
819
-104
-838
443
529
967
-168
-717
-895
523
-647
-80
451
-929
-393
-499
-970
-831
559
-843
-70
-293
54
179
-350
-911
-691
510
-31
756
623
820
66
-523
967
641
683
642
-958
475
647
-79
214
456
376
206
-651
-379
-147
-972
-290
740
-564
-832
968
897
-519
775
486
641
-521
156
371
-8
-722
-966
-142
42
-935
-36
806
-554
462
-944
-588
-842
85
303
623
950
756
-760
478
-750
-545
-191
250
-268
183
219
848
-756
-881
730
-559
679
558
908
-511
-385
-489
-750
829
-676
-703
-314
135
285
-613
-649
-482
517
-819
377
566
-827
857
-571
333
337
-236
5
-529
230
679
-467
-215
377
-87
328
238
-86
527
90
-90
-214
-733
959
915
-913
681
157
28
413
-337
-625
353
-410
249
-461
19
-804
570
573
-339
747
-526
-114
-581
-615
318
260
329
-916
1
448
98
409
844
582
983
179
-940
-219
-962
643
4
918
797
-858
831
65
-669
331
310
-364
860
636
197
-612
-810
-469
7
337
-546
-430
-959
-607
-167
-598
-893
190
448
-673
292
806
620
639
926
482
254
-632
-748
565
-455
-370
-241
98
272
449
-843
698
5
-11
-58
813
-250
751
925
23
274
-886
502
751
585
886
718
37
-790
-442
262
965
-739
462
676
-243
725
28
230
-827
-9
863
820
213
921
544
360
-848
57
-41
-655
400
116
-485
186
747
-221
-193
-98
-717
-959
-269
148
446
643
652
-292
-94
488
241
-960
-446
118
-666
-838
-484
-717
926
704
-32
-946
502
-257
-609
-113
827
756
-556
-653
-569
-688
857
-600
-645
686
381
-294
-420
388
-142
-359
-621
-620
953
-506
539
200
-72
-215
-836
176
-179
676
-19
-165
-643
-696
284
572
673
-927
634
123
-399
-199
813
174
-382
116
-759
70
749
-940
-757
-456
-34
202
805
-106
590
36
-970
-486
503
244
771
938
614
961
930
-481
-488
-263
-944
482
-300
-977
-744
-757
-991
-100
456
897
-158
82
-88
-430
-677
-754
293
-954
-657
-120
709
315
178
-567
-323
589
586
363
-636
505
-154
77
207
-238
-217
-62
-45
-591
122
-782
242
677
-261
-405
361
-607
63
697
464
-156
-913
-214
-652
535
859
-321
-676
706
-273
980
-381
767
-770
-321
482
-163
27
-197
559
800
56
-468
-336
115
742
767
-613
-738
220
274
-288
136
-856
-460
61
-87
-189
-899
321
-80
-739
-589
147
949
139
-518
-619
21
46
-774
-151
-773
-24
-437
845
802
795
-133
-57
392
803
-17
510
-993
462
469
767
255
186
-651
548
-337
238
-639
372
-306
947
-781
-923
910
-537
-822
369
-146
-3
795
-980
642
887
371
57
0
637
723
660
295
-365
271
-295
915
294
-352
262
244
546
475
-897
470
-316
-710
715
122
-148
-243
-834
-488
-1
245
-732
204
-323
-120
20
301
938
-383
906
-434
104
-867
1000
-782
-703
531
738
426
842
-768
-98
-360
769
-289
789
294
348
-900
-582
461
-788
288
-791
474
844
-69
-31
298
-336
753
364
-490
-500
-913
-375
-606
78
-151
-124
-508
-588
-657
645
-219
-137
113
-408
-839
-864
-799
679
-281
-992
-974
-479
799
-840
91
-618
22
-4
948
381
815
923
769
-943
-762
960
-964
335
-911
-354
-662
704
-458
-701
-383
734
-113
-102
-414
341
-344
89
502
366
82
-942
-262
281
-827
62
632
590
895
-526
-1
-795
718
-33
981
152
116
600
-841
139
-614
-232
251
-686
-745
-308
527
759
871
805
-454
4
729
31
-351
-232
-434
1
-460
21
784
-390
271
383
-676
-187
-974
-807
824
411
725
-791
-339
-477
-163
290
16
781
737
263
549
-277
-417
-30
-174
-288
782
-669
-13
561
694
32
800
460
-34
-526
-619
836
-300
49
-899
275
-466
999
913
883
-778
-896
946
-13
407
601
469
130
666
-149
-736
328
781
-478
125
496
-467
124
-887
583
-542
725
48
713
667
-305
-992
662
-151
780
674
-333
804
713
-104
55
57
162
277
155
184
472
21
755
-63
-249
899
-516
175
116
-694
-99
-916
937
-438
816
-414
-372
598
-383
359
311
326
-630
970
-416
613
-137
129
645
-56
-54
422
412
-326
172
101
584
316
-563
-786
256
-314
44
-146
924
-791
513
-7
-706
725
354
443
-134
191
151
-750
-198
185
-869
973
10
-561
978
-697
663
-410
357
481
558
782
-488
164
-852
-48
-785
426
297
-677
-280
-603
-189
-1
-338
-397
102
-621
-165
-541
-218
343
432
-753
231
-197
-903
-292
-63
-424
830
-959
841
830
422
714
469
703
204
-737
-825
506
-475
-180
735
-212
-272
-556
472
-200
-500
-758
-410
-181
88
330
397
477
-445
495
-900
874
417
-500
595
-991
-408
-748
798
345
698
690
-217
-60
940
-829
839
-41
717
-431
571
221
-5
525
95
908
-103
-356
640
493
20
-61
-2
744
-974
875
991
-573
147
241
881
370
-828
-807
-928
-2
-14
-597
-85
-240
-20
99
304
-113
-222
108
-487
178
735
583
-554
56
-578
960
-620
268
533
-358
-956
-440
-363
-101
722
937
583
-686
-360
4
609
940
117
-890
-770
-303
510
-423
32
937
876
-322
192
-365
53
-521
-280
-752
-316
349
-125
-349
379
-926
-250
-230
-670
794
-917
228
437
392
-342
-641
906
-864
240
-258
-686
366
561
-727
918
-91
55
-3
-733
-179
441
-26
-576
-382
-201
-750
513
791
-1
363
-116
538
351
-771
-973
952
999
-873
-13
-118
-810
-21
-276
-339
919
-952
975
-759
-243
-224
562
-50
-996
682
-214
154
-246
233
-159
712
-114
176
172
-160
293
36
174
-734
693
-953
826
-600
12
984
-679
-700
90
-398
-964
750
-707
563
836
346
482
480
792
-435
884
-42
131
739
125
875
-17
33
565
952
591
-375
-586
652
490
710
485
601
-964
934
157
59
-408
882
-99
-268
570
-654
-82
964
725
-892
920
335
213
-153
671
532
214
-777
-492
-482
-202
501
-754
100
-705
615
347
-304
-571
32
-101
-858
-190
-969
259
223
196
-271
316
-961
398
903
-261
-44
646
-965
901
393
-553
167
-499
907
-238
-912
-850
-897
862
-510
801
-526
-848
-845
292
559
713
-16
-757
351
732
-235
-344
697
-388
308
-943
-390
-636
667
25
833
405
139
169
671
-895
634
-907
275
686
-743
312
-986
-515
-835
760
258
515
-267
745
986
-423
212
99
-958
125
67
354
-456
757
349
-635
-544
-643
677
384
-112
436
-728
-255
510
378
434
-954
547
599
-730
-478
513
-608
766
809
-297
-932
609
256
976
509
-645
-711
811
-110
-154
-69
-482
-21
-138
302
-648
865
-986
636
-920
-855
293
-49
963
-372
-379
702
736
978
-882
733
978
4
-318
-699
140
-936
879
337
244
-518
-719
-833
142
-127
604
-791
-517
708
-527
394
-652
-609
-395
969
124
-438
148
94
-927
-678
-266
-724
-137
923
549
812
-637
978
-71
503
-308
-963
-170
-43
387
991
240
-773
660
591
982
-691
-400
-353
714
-415
-299
-5
-265
-755
779
-146
-158
-234
761
-676
773
-838
-447
345
608
391
-865
-845
931
222
-88
841
-402
820
188
-975
-291
71
-329
-142
-535
987
-883
437
389
-30
-161
657
-318
-83
-453
-5
-588
584
892
175
142
-264
-345
835
-596
422
84
738
-550
416
-423
-334
-222
823
-448
949
-737
450
435
-954
815
-730
223
-768
-361
-370
-484
704
-343
-419
-564
849
-271
-774
-702
364
946
473
261
972
-706
-977
382
356
-992
-305
451
-637
-476
996
172
326
-453
532
-387
-551
835
-352
554
302
-618
-890
-868
-169
785
343
-256
-1000
-960
381
402
-16
-467
-574
-892
-875
456
-112
694
-834
-968
116
748
-621
-975
436
-396
-370
-302
-913
761
-568
-16
863
716
-589
620
11
-521
266
-322
-38
-38
-177
35
-279
-479
838
771
-480
-307
760
310
916
-444
500
-679
-44
-186
-555
408
-243
-145
-690
-492
613
495
-778
-597
-965
670
-996
-439
-338
-921
-311
567
791
-626
-995
-822
543
-550
-127
-671
-284
-744
157
342
-502
628
1000
144
919
-448
479
-512
-732
-456
-656
345
-100
-802
-976
-181
-917
314
226
675
-194
-247
767
673
-712
-19
-822
826
676
5
-139
-945
29
-835
896
-478
-810
-874
986
842
60
-51
17
592
-403
-939
-818
-559
-122
-263
-508
-581
-245
-427
-156
820
-643
793
-813
419
-61
-930
-472
-913
813
561
-945
400
503
-886
791
-519
555
876
-769
-44
559
705
867
244
413
511
-790
-449
-773
-285
662
173
588
705
492
-691
-408
323
-18
14
-950
994
-192
-992
152
-261
562
-802
874
-416
-822
484
-700
746
-935
32
-190
-289
831
680
-980
84
722
-935
-294
-274
-712
-791
502
67
-789
-595
-889
908
57
647
935
-955
-735
-415
-883
-858
-290
-218
344
-649
-464
304
132
565
-785
-719
179
81
237
600
-618
112
-422
574
338
998
513
188
-949
-892
-76
9
923
-556
-101
141
-544
-264
-885
-57
339
-637
874
-602
-305
-624
733
396
-681
-707
-322
519
-228
276
235
-791
-252
188
-429
683
-832
56
-4
-161
976
-392
806
125
992
919
19
-41
358
44
-98
-672
-241
161
-409
955
-495
565
-784
-926
323
-346
-494
794
882
-302
-802
-640
556
-648
-457
764
-28
984
-325
386
-44
394
686
-12
-632
-573
678
-922
279
-546
198
-724
737
-862
-296
-117
956
465
676
113
-248
856
95
817
-304
-862
-372
802
-964
-510
-114
218
-557
-745
-746
-360
31
441
395
-60
512
-236
-21
256
-857
831
-451
-815
-108
105
325
-990
717
713
378
10
-974
-746
295
-89
772
-177
941
318
-489
-109
-997
-539
-74
-895
-47
-186
786
-755
-383
372
662
-626
-68
341
-232
-396
-719
184
-53
418
516
-879
-68
897
77
789
-422
119
-228
687
-71
519
-717
117
-94
404
-634
498
-271
409
459
541
-883
-755
670
-624
-195
314
565
-315
935
-451
156
-835
324
-607
-852
932
-716
-246
-370
443
272
364
-962
520
-539
519
239
691
-818
340
-445
-885
-647
226
378
86
275
-967
-698
961
-261
-271
-100
71
-693
64
539
669
-424
-853
-997
470
-240
564
765
298
70
-368
870
965
890
-211
-802
713
748
948
849
395
-226
-775
-919
63
511
270
-801
-87
-627
-711
455
-380
838
66
-731
-651
88
311
-174
-309
-16
4
49
-936
-268
-853
335
384
-183
-743
-767
966
-554
-494
736
-88
798
661
-939
-367
-227
80
190
-327
279
818
241
-898
230
-205
257
-637
623
-987
182
863
463
943
-747
-835
849
778
-487
499
279
-381
337
-292
-725
-490
-834
929
-817
125
-345
344
-959
855
0
-20
-408
-914
-11
981
-594
-51
441
-856
-770
-170
920
-869
-73
-69
380
502
957
620
-609
-867
-801
-473
-581
564
-133
281
127
594
-403
-364
-615
-430
-237
-550
768
-748
-577
-727
-46
-62
56
276
608
-367
224
645
511
-267
-821
-884
-420
-666
771
147
92
-850
880
368
-726
859
873
645
-595
-749
-125
297
221
12
-336
-2
532
-324
-819
-924
-75
-99
440
812
-580
512
-247
-575
-59
-939
-961
-567
39
-550
-549
948
-3
-95
-319
986
-956
271
-657
-923
-271
-340
-481
-603
-399
455
-231
-665
-837
912
959
-549
188
23
-200
719
-724
-859
-723
776
-191
-387
697
404
563
671
-599
-138
851
975
871
-945
-941
-519
-232
-30
616
-257
125
631
940
-294
953
-188
-822
-623
-294
-566
854
-116
-598
935
-41
-257
314
-424
459
973
661
-112
-351
-10
291
-71
-850
355
884
192
831
792
-206
-528
-881
-226
-404
-534
-246
-86
430
655
-785
590
-124
-156
-760
61
352
180
-661
-330
-544
-774
433
325
854
529
23
762
545
10
-736
416
-431
-486
188
-165
-112
84
-930
-654
-212
-907
-941
-283
560
-393
-838
200
-194
-953
-221
-11
-19
-761
-97
10
835
-534
-60
190
766
-120
-222
603
-344
179
937
640
372
576
68
-364
642
-350
-436
155
430
-259
-946
-440
-673
133
655
66
-399
-188
-802
965
-387
-996
368
-788
-882
-988
907
478
482
512
-492
183
-38
-547
742
246
224
452
543
-628
-343
187
607
524
-40
-993
-191
-598
604
485
65
136
-632
74
429
-163
388
836
-93
-49
-315
275
-534
-792
-718
-611
535
391
319
686
768
898
890
895
42
858
-247
54
-392
32
360
-932
-307
604
70
399
-198
-579
-101
-654
-925
-224
-664
34
-61
-736
211
12
-833
-689
-814
-981
-604
-893
-107
-910
188
-85
-530
-751
473
-25
-382
-113
-743
160
317
144
921
-761
29
858
797
-730
899
-975
108
787
-481
-405
-25
-810
-830
587
898
-314
-938
-493
259
191
-851
826
-616
-574
-909
-937
-45
754
943
-753
-958
82
368
-590
-91
444
-670
-858
-327
65
-646
189
438
549
439
-49
-744
-725
-608
127
-240
461
-184
453
260
-155
833
-857
-414
478
-925
449
-509
785
754
-855
42
808
776
-538
-249
-280
410
-385
724
72
-480
-316
-801
690
-869
44
305
802
-938
980
-381
-359
-127
-248
199
-217
268
97
-529
948
-63
887
-846
349
281
-208
949
44
-586
-767
923
460
549
-799
-599
-579
-352
-895
225
-66
33
897
40
-27
228
-483
873
-873
349
-108
420
-391
418
75
-881
-455
-685
276
437
-442
176
979
-929
84
416
50
-41
-127
392
497
632
-354
445
64
-684
-680
-830
-826
978
4
-601
-102
946
-985
-950
200
698
524
-733
873
749
-548
-914
820
-688
828
-606
417
-760
-587
552
781
-971
19
578
732
485
-95
729
-267
999
950
-639
-758
-332
613
729
-541
94
-645
-286
-301
-469
463
-214
116
-567
-962
-893
-435
914
-667
92
711
338
625
-694
-333
-738
276
331
-713
-493
-72
-630
-413
-542
379
1000
-726
-991
-850
-653
283
-615
-811
154
612
175
944
667
117
-277
567
422
930
-507
296
-458
-771
994
-979
221
-962
912
-341
-85
42
-794
-708
732
-574
959
657
-481
-857
293
650
-274
661
-759
-774
688
156
-601
-680
889
-978
762
-401
73
-641
-931
-575
-347
504
232
-575
930
-823
553
9
474
262
-801
-326
382
-70
-683
-439
647
373
-431
-328
-524
866
29
893
-654
-134
423
999
419
-726
92
429
-336
473
-898
480
-261
-827
-205
35
-931
-132
-559
378
-511
-103
700
377
287
-679
-135
-805
-387
-350
-107
286
-144
-999
-18
279
820
694
390
802
-957
-317
-778
15
913
-861
189
179
490
400
-853
-535
-81
-593
221
932
-136
-712
274
225
-761
372
-806
559
-607
944
806
-487
30
-297
705
-529
-899
921
616
-235
976
253
-582
-398
-479
-458
-569
844
401
-671
-725
730
-223
750
-757
-398
386
-236
-687
-536
854
-553
422
335
104
853
-8
-240
-594
846
-34
-435
-881
604
49
-457
-748
361
-551
-246
969
-727
437
618
27
-233
-650
-8
-145
-259
694
-682
75
-566
-855
-747
-578
191
-743
-451
448
271
860
734
859
451
733
649
-771
245
648
-554
82
500
-62
577
970
136
96
-984
-464
179
-140
836
-879
522
-211
320
939
-253
-921
-350
-125
-965
-113
980
38
-948
-82
-566
-412
-825
-910
849
419
277
848
376
-951
798
-134
348
-637
918
-584
128
735
547
792
775
667
-87
773
-549
923
100
-594
254
465
-907
-576
-320
-994
-473
104
-505
-238
809
566
673
-411
-349
-27
-324
-374
462
-417
-886
287
223
-1000
-388
484
-249
177
291
738
-782
719
-551
-665
-478
-174
-507
-353
-273
711
-407
-174
-776
-293
-778
92
-392
-36
-918
-14
936
328
-697
-390
332
-935
971
473
-270
-972
42
712
366
678
639
889
660
-417
-813
-971
321
-942
749
960
270
-760
424
-394
705
-892
-300
146
-874
-423
-113
-148
-162
-79
778
789
-685
825
1
-22
-879
-218
866
690
-745
273
944
-600
292
669
-480
-445
-8
-416
-79
84
-161
-418
257
20
-349
473
-425
-433
4
-380
611
-670
-210
950
62
-404
518
727
923
172
-225
-984
-154
-345
-956
-957
143
828
68
61
723
213
586
-825
914
572
-176
-818
103
317
-39
282
770
-52
-476
-687
408
-906
390
-30
-416
822
555
214
338
-126
-695
-975
127
369
34
-364
-924
-881
-136
-493
-54
-623
-636
-177
-585
-376
453
-667
-943
552
69
585
-965
-438
-156
371
-957
670
-78
-443
177
317
590
310
580
441
-650
-950
864
-558
-236
95
-563
187
-328
-884
-504
-443
534
-762
-649
-798
614
786
794
597
-550
473
-448
410
353
-653
176
-762
862
636
-544
143
-101
-125
308
953
120
-773
-431
-126
928
584
294
35
33
238
452
453
-769
276
208
-477
-74
201
-463
-373
-183
48
859
-445
-251
-976
-905
350
-397
-441
257
200
552
574
-681
-102
710
953
943
-438
211
947
833
-923
-522
-941
753
-439
-932
-42
-63
-486
-983
893
-685
-149
743
554
452
88
-670
-459
847
-233
54
-240
565
-267
-637
51
450
-317
771
-39
231
29
362
-904
-944
-801
13
-803
274
937
62
-347
507
990
719
470
-845
-476
-504
119
339
-989
516
540
-488
-812
115
-424
343
-427
-302
717
-85
-485
-435
975
700
-239
466
-553
514
-277
437
-25
-312
-750
-481
-878
839
-341
-62
333
-55
944
-161
-560
-722
744
700
-218
-745
766
-824
-767
-980
522
-4
504
982
607
-507
550
-332
525
938
898
-633
921
-735
414
353
-760
719
-851
-937
652
593
862
-807
-172
-594
845
27
-591
18
-132
248
152
-374
-176
381
-390
956
404
151
-881
647
718
103
542
-711
759
37
220
-479
530
-982
-67
97
918
-818
693
-137
375
162
794
731
-143
-146
-969
-270
168
-877
-357
754
411
200
786
241
8
-631
819
-525
-875
93
737
913
-706
259
-569
707
929
255
406
100
-506
854
691
783
982
828
-960
619
617
-681
818
672
52
420
-462
137
19
-882
71
915
506
-681
-538
831
82
-745
-339
-2
-897
837
17
-388
674
30
314
517
740
332
463
680
79
-309
-856
-933
168
-473
-680
814
745
-146
531
-819
-400
-345
-521
323
-549
779
-980
704
-993
240
-935
-786
970
-259
-901
911
-950
838
292
852
162
569
545
-264
-916
-714
-333
694
32
-850
-803
-703
-579
-824
-896
703
-687
-158
801
41
-752
631
-819
-382
854
662
-257
660
456
-322
-753
-693
836
853
-491
-310
392
866
-181
-624
-138
-299
101
664
-990
-579
618
-210
-699
-371
653
-839
41
-616
-656
-722
-603
-270
758
985
-522
-172
-855
-697
-737
-508
967
662
782
498
-394
760
-550
665
-76
-868
567
333
-463
-527
-74
717
-606
310
415
-591
-784
-800
-467
-956
256
-293
120
-5
991
-892
-182
-552
328
-916
298
304
-236
-67
555
304
275
347
335
-122
973
118
-365
507
-290
806
-105
-768
-446
-880
385
-906
475
-520
400
-656
674
-682
-13
367
-727
-410
-191
-779
633
-1
161
583
-101
-679
474
237
-724
437
999
-543
-552
255
267
481
-515
200
-750
-893
986
-109
-377
-318
272
667
438
361
-97
161
263
955
-263
491
80
336
-557
-654
17
134
-937
579
-756
-788
618
-163
-777
487
892
-991
766
607
-176
-161
-698
837
824
-983
324
-250
805
-845
-481
-411
625
820
-566
974
-536
-215
-977
77
570
-359
330
353
207
552
557
-193
-289
239
-30
-506
313
-809
-330
447
861
356
272
-10
-68
939
838
307
430
350
-931
832
319
-595
412
386
233
-604
624
-342
-666
-704
46
152
393
-263
8
874
-766
-751
-80
149
426
353
168
-138
-752
176
-556
997
903
680
145
-759
660
146
388
478
-977
-784
-545
-280
148
811
209
431
-731
818
-976
-185
230
963
634
-560
-254
559
-737
-87
-539
87
554
746
-597
-44
-128
-779
345
144
148
-625
-296
221
-738
547
-276
-361
676
-936
-331
-436
124
-725
861
248
451
-191
-48
-63
534
-952
-211
-448
217
-335
856
618
600
19
721
525
851
-743
-422
-492
376
945
92
640
-526
-419
-968
-150
-356
984
-335
-886
774
2
366
-178
-702
-770
828
-300
749
769
100
457
944
146
-535
309
-795
-602
-68
174
403
-711
-251
881
411
7
-437
-329
-327
-582
143
330
274
-549
788
-744
-333
-778
276
-195
110
-94
156
197
-284
693
-68
645
-789
-396
-688
868
91
588
657
-562
-865
-797
-727
203
78
-203
-521
-697
193
-445
596
28
121
950
188
-883
148
34
-130
38
750
-701
-852
-26
463
118
-858
-741
-910
-763
134
43
-452
788
301
345
275
-587
-353
-710
989
-766
-268
550
668
-763
-452
551
-19
354
-884
272
987
653
-420
-925
514
670
-889
-584
-368
-530
536
451
725
-124
-876
-958
597
258
251
340
-834
861
-740
-142
483
-508
-506
526
841
322
-599
-974
38
707
433
114
262
-374
815
978
-470
168
-743
232
229
431
-475
830
-744
-540
22
912
-560
-124
630
991
-979
420
-516
-917
780
250
958
177
-30
-277
-610
-412
-808
857
-983
-418
-462
694
-376
-838
274
-822
-932
-175
-587
-9
-543
-299
-506
57
-281
526
567
-193
-454
-386
386
416
134
-786
-823
-388
479
-883
334
-279
-826
-313
-927
-342
478
229
-388
810
124
-748
499
779
940
-622
333
-10
38
-648
-210
398
344
919
632
-798
245
-271
444
757
558
-4
267
360
670
687
205
537
815
-896
-308
486
-534
-475
-218
483
387
811
-895
-638
240
-114
-82
-318
552
466
-125
-222
275
-41
-328
-964
-108
-365
-951
858
295
-187
-954
-630
892
615
100
-128
-728
-674
-679
-906
100
432
-53
229
-663
-948
48
-930
747
-550
217
530
468
-192
-797
558
936
-785
-383
-996
947
674
546
767
-170
-154
-420
-325
250
-691
-940
-549
-181
194
-294
208
831
773
564
-282
-314
573
-138
-816
-584
-498
-415
-555
-344
255
969
-827
22
984
-947
688
329
948
125
201
837
262
-884
468
205
-786
-728
817
-349
536
443
-520
221
66
262
969
-665
756
-921
-278
514
-865
-514
-461
-165
-148
309
794
318
-97
468
931
205
-569
-120
-121
-221
-737
-122
-94
172
283
878
84
242
-305
-628
-136
813
-868
890
180
762
173
778
-381
-977
400
-259
-850
-51
-324
600
-900
2
-743
-7
199
-807
-616
780
467
-469
-630
410
143
-388
820
222
224
921
70
415
-836
-787
143
-345
-554
-9
-306
-494
-873
-599
709
303
-185
-222
-399
-283
-447
276
-64
-421
375
317
-766
138
898
-656
-170
-567
-418
152
435
918
35
-233
-498
565
-306
933
-798
627
954
-909
-808
485
-91
-926
-127
271
97
-9
651
-609
-316
-145
-298
-522
680
831
-822
951
-550
442
-749
105
-749
-664
-673
37
806
-661
92
-210
399
-485
-489
101
-920
-272
-15
-23
691
12
-567
14
177
-854
-102
287
142
862
539
-844
-85
504
748
193
-883
747
-180
-179
-185
141
620
-414
207
835
-512
-834
-971
-602
768
-17
838
-543
869
-295
-595
-340
305
-683
478
183
-360
-529
263
-764
963
-672
-598
-929
-964
67
-764
678
145
-212
-30
433
-430
343
373
-884
82
939
-794
305
-701
-961
-946
931
892
907
-294
924
-326
-635
766
494
-828
818
-833
609
397
612
329
931
448
306
517
399
953
233
571
238
492
-36
244
-334
-149
58
-367
301
-452
-656
-803
78
-394
-34
122
-413
-239
231
41
-531
-366
-108
79
754
226
849
967
-573
-822
-2
245
-662
69
82
-131
-677
604
-687
87
-706
-977
-669
114
140
43
-818
114
607
-813
897
-794
-298
211
-940
395
621
778
998
-338
550
752
-375
-471
932
-508
-489
146
-959
-646
278
-778
342
-324
493
856
397
401
-652
813
104
113
-101
-542
694
-349
757
312
954
-713
-62
666
936
-148
-205
913
683
-303
-126
51
324
489
-605
-908
984
305
-709
-87
541
-493
-634
-382
-939
195
-296
931
-18
224
-756
112
-531
-150
203
38
618
969
553
-43
-711
338
-506
366
572
545
-83
-387
-951
394
78
822
854
-407
-256
650
387
552
347
335
506
388
-693
-939
-400
303
-851
553
867
-645
-16
660
-607
597
510
-686
418
64
-456
237
-757
87
-444
584
-452
-989
-722
-313
-732
803
-522
-564
-951
447
-40
890
-533
856
-352
-333
28
512
-326
-944
-502
-912
443
830
-392
77
-473
194
126
466
913
545
-723
-983
-159
559
-279
366
238
812
440
-798
-851
-178
-477
615
-251
-772
596
-914
324
451
272
468
158
-238
143
-774
16
355
314
730
-576
-453
-550
184
-808
-209
-642
-841
-469
-356
-609
-888
853
-322
-872
27
785
-422
605
705
-875
-110
999
553
-79
-208
-974
-89
-43
-236
-898
-244
848
-474
998
-274
102
413
-59
812
411
-275
-456
-113
3
-557
970
521
-997
728
-675
417
943
740
-843
643
13
503
-675
623
-235
-675
-156
-683
593
737
237
-383
50
-479
424
-563
-189
-766
150
265
-683
-402
528
869
817
445
736
-326
-383
457
-114
-113
-514
637
-985
-66
380
465
172
-14
-864
889
-657
-220
163
-455
-645
-716
-498
19
291
861
-749
-317
495
-616
859
760
-367
222
-195
-567
677
-441
41
922
-720
257
-694
-808
-523
-477
-264
-955
-425
-285
404
-239
471
-324
713
-765
-483
704
657
628
610
-496
71
285
228
-197
906
-929
970
-174
98
-284
-652
-279
845
-362
458
53
-237
-76
-933
-929
463
-158
966
266
-370
106
67
-855
-713
154
-478
658
-966
602
-178
-267
53
81
-212
548
-938
812
374
780
190
277
706
-836
-806
344
-976
-860
229
117
-757
584
-190
-967
441
700
-565
-343
-373
636
424
831
-161
-736
-381
3
437
98
55
452
-657
-701
907
-435
192
-570
-487
-696
365
520
576
690
616
-866
273
-245
302
851
738
-799
-446
-240
-766
824
-695
-651
896
349
26
-833
398
-765
462
-508
396
737
772
566
22
76
-722
518
-879
-62
525
-191
501
-163
421
810
-1000
415
-764
-87
362
737
-460
-573
-873
922
-216
-924
-747
795
877
-295
-910
-258
-302
334
-658
-93
-182
92
226
273
344
11
148
-487
-278
-505
-576
250
323
-563
506
-861
780
338
754
-39
237
448
-484
232
-886
-608
-760
-691
-318
-286
-618
-624
926
-898
-842
234
-913
-518
300
-527
-459
809
953
617
-731
370
302
-869
-524
-633
-754
571
-313
523
329
761
234
687
-953
356
780
-974
-170
137
-669
-81
-620
-644
851
-621
920
-589
-889
-471
780
752
-889
-747
-12
-407
-593
513
-781
-978
-797
865
-765
343
-172
-209
-593
-145
-627
-487
-942
-580
-871
139
139
-918
-725
470
812
743
814
-381
-199
886
390
912
759
-872
276
-574
666
-451
-729
-833
467
314
482
-767
-172
-144
653
170
4
701
306
-674
-532
-46
844
-67
-219
-822
-151
803
875
-416
-365
-165
-237
-852
-630
-557
-556
-113
-375
320
291
102
413
-516
323
181
253
-833
-314
884
177
500
243
-889
-345
535
962
947
-688
241
-520
-963
-720
68
523
113
-157
920
-861
-463
697
-440
567
515
-549
465
-516
-200
-787
-96
726
629
-50
-42
609
-551
412
-709
687
-711
450
-682
-256
538
-77
513
917
329
664
-798
266
-692
205
719
896
-857
957
0
507
-535
148
-38
-348
938
-257
-605
-483
-912
-685
613
-413
-978
-860
-700
-29
-922
-415
-311
475
-172
-145
606
707
5
447
-773
-236
844
957
-208
725
-262
760
-943
811
-53
-789
-328
-692
-300
-724
158
678
-908
959
-911
105
-618
-113
-229
18
322
-595
-304
-793
-106
857
-634
340
-368
-240
-370
-957
523
-490
368
-196
-334
651
42
202
353
-973
840
-20
-957
104
-285
681
955
803
632
-855
-797
560
124
739
-985
-827
988
-325
990
142
692
56
453
-378
783
686
-382
615
813
631
362
313
311
248
-192
-319
978
-917
44
-935
168
-264
958
245
-702
735
-725
-562
968
-836
807
864
906
-89
-203
24
485
106
-993
121
-297
-824
-158
-690
21
147
-293
866
439
206
89
234
373
764
360
462
584
-66
382
33
-437
-819
413
656
168
-357
726
-103
463
-665
496
-260
852
-72
801
-901
-416
-771
427
-320
-306
-442
-210
-149
537
46
-127
-139
851
630
-313
850
-114
741
-298
-848
105
-877
349
-661
948
-143
-16
883
824
522
-204
362
688
-400
607
94
161
-537
31
305
959
285
-562
777
782
266
424
-386
-788
893
218
-295
503
500
-771
819
173
544
-426
749
280
54
-175
-83
-844
-831
958
-36
-68
154
365
-570
729
-622
483
511
61
-835
410
-715
-619
882
-48
-517
83
-640
396
-193
123
-728
-620
-979
-193
723
-423
699
302
781
-950
38
-487
-131
755
286
-821
66
-345
-468
725
-67
-767
-812
233
748
50
-960
183
-591
146
426
-415
726
319
142
556
-942
-764
-535
392
94
737
-878
-400
112
-709
902
-418
-84
-396
-254
33
505
239
-153
407
-697
845
891
-530
-198
295
276
-368
-149
586
-330
58
-323
387
-605
-164
42
914
-102
556
278
-39
-243
353
779
349
564
712
604
-985
-9
633
379
690
804
478
-568
-937
-362
-462
-379
-460
460
647
64
431
-594
-762
-677
906
-341
-401
-170
-172
465
-804
-114
756
336
-939
721
770
-908
595
-762
-7
-704
239
-687
229
522
-992
12
502
-895
-23
-892
816
736
-624
-252
785
124
-365
-120
-555
-251
-299
624
974
-114
390
-743
-993
495
-328
440
868
-949
560
841
-828
126
960
391
585
-466
-463
-484
-187
-499
651
-603
470
-522
589
412
-819
-603
-154
-268
-358
518
-947
542
-64
-497
785
578
-147
-605
375
122
-406
-906
-431
626
-491
418
-486
-305
828
-72
-561
380
716
-742
414
316
-695
-486
986
-835
-646
727
-675
400
304
-923
706
-529
-255
1
-312
123
492
913
-516
-922
-817
112
-262
-815
-774
-856
-943
-94
949
197
250
700
-17
970
-894
-385
-991
-101
-904
-992
69
213
-116
-31
-947
923
245
766
691
468
-330
970
550
696
-357
32
-763
536
-379
605
418
224
-155
-290
-388
378
-963
-580
611
-985
697
-322
-62
-780
413
-277
327
393
-651
-190
128
425
-566
-679
-565
853
901
-747
-943
371
8
-196
58
-773
-660
-117
646
-674
-279
312
-674
986
474
377
160
153
668
-715
277
-702
-324
919
-733
342
982
439
-326
-691
262
-901
533
506
-71
-18
-78
-799
818
-248
15
673
153
278
750
-521
940
-110
510
708
631
-173
-103
655
788
-267
541
67
455
-13
419
503
-857
-911
920
363
-7
400
-871
649
-793
292
640
-69
-629
906
198
-638
87
193
735
254
-899
-592
-844
-625
-747
-486
740
498
-247
830
569
-382
-679
498
463
-549
-7
973
-808
-339
634
-602
-661
-624
45
22
632
-560
-264
737
-783
-362
-850
36
398
-59
706
-658
535
956
161
718
-398
332
-422
-167
-333
-879
-555
993
126
736
352
-805
-254
770
931
-727
901
634
433
-594
-281
966
-123
789
-657
-366
-121
-904
187
130
481
516
-343
568
141
157
1
896
62
-632
-355
785
-172
-219
-935
-591
-28
-693
-967
104
-672
769
19
856
-335
85
280
469
-537
80
272
749
372
95
-88
597
-989
-239
-396
672
-117
-595
-177
-70
-403
5
-485
-750
-126
-535
868
536
-567
-298
359
671
229
-288
-613
-890
314
-371
-72
-134
799
-716
-966
775
-827
-458
-196
495
-761
480
4
-137
187
-510
154
-411
355
-3
49
-230
-667
-328
-653
112
-664
-862
-854
385
482
-390
618
666
247
-586
-955
-77
-251
-768
-240
-25
16
-417
-162
-53
-897
573
818
-805
617
-623
306
220
646
715
591
975
-163
663
291
-769
289
51
839
504
-82
-468
-443
713
138
384
315
865
248
502
-582
-58
-428
-226
517
-345
-596
962
929
-277
45
-205
606
-795
-367
-660
-8
-740
-92
-155
-997
931
518
-887
402
-172
374
-772
-534
318
-503
434
-780
750
914
-983
341
-689
689
-385
654
-484
-602
-45
-422
-85
531
192
-777
483
507
809
-756
585
-468
-691
594
746
-386
-652
125
887
-582
-414
251
686
-421
-643
-504
-852
-62
116
-404
440
-652
-60
-280
531
-559
-390
92
-296
676
269
-163
257
621
452
661
622
-516
839
-976
-91
684
-551
939
406
-98
-809
-902
969
948
379
208
324
-533
-518
-456
-77
704
-410
986
749
506
-789
-191
376
650
542
-237
365
-779
271
332
304
-206
-899
398
-111
-34
-497
-820
-813
92
-750
207
951
-518
-621
783
825
-198
-473
703
-225
631
125
52
-722
-88
858
-621
-514
430
-402
893
120
-836
117
-824
-333
-886
-675
638
452
764
395
625
228
641
349
-605
-522
407
197
669
-702
228
845
164
-315
601
745
-99
257
562
193
13
873
286
87
864
980
388
-160
781
-693
114
16
426
483
326
423
866
-414
176
594
214
-943
543
829
-894
418
678
-990
802
-354
368
42
-136
-617
417
-170
497
559
-708
-205
281
-892
-825
27
218
-780
11
257
-150
383
352
916
94
-639
-801
-642
157
236
632
335
821
828
-425
-281
-53
-977
382
411
284
-563
-784
-229
-718
84
535
410
-701
733
-15
839
-240
-371
847
688
795
245
-944
557
-659
-13
-70
-63
53
998
-94
580
-343
567
-102
72
-201
121
-346
688
-253
751
-563
-356
813
-753
-501
352
212
-761
760
332
58
-722
62
-809
-968
877
638
-946
-917
687
775
629
919
-883
80
-695
967
-78
-908
477
-19
350
-802
-707
233
-741
46
916
-451
744
-579
439
501
411
707
-313
707
-637
-216
-26
-293
364
235
610
318
-29
427
-986
-245
-250
291
761
-112
322
-743
-552
705
301
-521
-140
-372
-818
401
731
781
902
-433
765
-561
820
744
446
268
989
-83
755
877
164
-289
-385
-325
170
313
897
391
-428
399
588
167
670
486
62
379
-196
950
-558
410
882
289
330
254
959
-18
170
333
485
-159
707
-820
791
832
328
-447
748
881
26
-279
708
106
995
-415
319
298
-705
-907
-190
-545
-262
-684
864
264
-932
644
-237
483
587
723
930
-885
-357
-330
386
-447
-967
-199
-85
787
596
259
-849
655
-375
-830
166
824
636
-168
853
724
-288
48
-465
477
43
-388
-350
-301
-83
-748
-690
-384
96
816
712
725
-627
-16
19
-486
152
225
-265
894
-607
-212
161
334
227
-553
11
911
53
-549
-942
-478
-916
-14
505
828
380
749
415
393
363
642
-966
-773
-836
-315
-167
-130
878
-848
804
-47
35
-428
731
-55
-599
788
374
-157
78
427
-952
167
868
-740
-118
816
-564
370
269
-357
-249
-12
-726
191
565
-96
977
246
-754
-472
-501
-294
-103
962
204
-390
195
-795
-778
265
-539
-480
748
804
-773
190
15
-273
-864
757
-328
-964
675
-300
-426
-321
569
-942
915
261
656
798
117
776
-78
398
318
-933
290
-771
-89
-501
-755
-962
-525
-876
-267
-856
-303
-170
191
-260
640
282
-623
663
707
195
82
914
343
913
-604
-110
-562
82
-533
-328
124
-824
589
-487
-577
-967
927
69
226
-129
-886
638
202
771
-523
46
507
0
-473
-578
-587
-250
57
-689
869
131
113
291
432
743
-653
-631
-152
262
-842
-500
663
676
-77
460
-825
-352
53
931
-854
950
358
21
-351
3
-446
-318
-526
-334
415
-675
-712
-967
523
599
-634
847
40
171
148
614
404
-304
3
968
-788
-918
-480
-128
-67
229
-332
893
76
-241
389
-48
512
565
685
-848
240
289
539
-708
-811
284
-30
-234
-156
903
-396
-329
970
537
561
452
-453
-590
-951
-919
243
860
-21
616
182
120
777
769
-948
4
-373
169
-748
-684
591
-115
-83
-631
73
766
-726
-681
605
357
-545
-565
-355
-568
887
645
937
-826
163
-207
737
-945
874
-896
-938
-889
-620
-393
514
568
438
174
961
995
843
990
-256
5
587
155
-886
60
611
527
-796
442
845
32
265
-322
614
9
-795
-289
664
245
-611
6
117
253
-413
-860
-735
662
328
-388
491
866
535
-509
-488
-343
-490
-517
907
170
-197
923
390
423
355
-578
945
877
499
488
892
-489
-365
-220
148
673
669
428
-145
852
115
-841
122
939
121
137
-436
793
-156
-540
-684
-709
-415
-123
-977
638
2
-131
-383
595
76
820
-859
269
-941
1
-841
828
654
389
-754
-39
-149
616
413
-94
330
-14
-524
804
396
-939
4
-116
630
-650
794
-721
335
-104
907
277
-344
696
378
-974
-519
-156
119
107
-509
-454
-782
477
-752
786
-747
754
-115
-260
795
-338
-323
656
281
794
561
519
81
-199
488
-471
-555
-194
-165
-436
-72
380
504
-756
-789
-78
-842
178
403
-953
980
-470
-949
305
-757
89
-331
-77
762
-290
-169
718
-492
-137
689
-31
-668
-940
509
-4
200
-773
36
725
-524
-843
-392
36
716
262
-233
657
-105
-512
499
686
409
889
-252
-647
202
-851
680
503
750
379
158
80
599
-957
382
320
-738
-140
605
-63
389
437
-600
-201
344
-202
-313
-45
664
-912
94
703
-850
-593
-769
193
-260
-409
404
297
-529
-69
-428
870
225
-286
227
23
-74
-90
989
722
276
396
77
687
321
-710
611
924
831
-306
254
-365
510
-225
-155
276
298
201
329
467
-251
-29
860
58
295
-75
-738
998
-425
867
42
883
-787
255
-989
991
114
897
882
147
840
542
650
431
137
260
150
-261
658
-29
-254
-97
924
434
-421
734
-415
-78
692
266
976
958
695
-280
169
52
-261
-740
171
-467
-573
580
-256
899
-963
-671
-656
-542
468
743
-881
-572
429
-339
932
862
-471
-983
708
376
-228
-679
-498
-503
-585
-196
-169
-630
414
400
852
-163
-942
-719
-997
-23
-134
573
847
909
421
261
49
559
-368
-911
542
-451
95
537
-575
933
180
-741
-183
273
-159
-75
-477
376
120
-602
407
-208
-303
911
-178
20
-761
65
-506
-88
-691
-715
-840
-386
144
-251
569
-454
180
890
-280
927
-921
-629
532
286
-406
550
-564
432
-699
878
-113
-641
731
-1
495
-483
-229
918
818
693
-887
256
501
795
-498
-375
832
-516
-481
46
229
-180
382
821
-341
742
-226
418
-163
178
-253
-790
-871
775
455
468
808
-678
-984
542
893
-906
545
-931
-710
726
-337
-102
479
384
712
781
-5
105
-517
-670
678
68
198
-115
-196
-777
-137
760
-732
-975
888
317
802
421
948
-660
645
-37
852
832
854
-542
-759
226
-57
-516
848
-255
-840
-419
857
-499
94
497
916
-610
-700
67
-285
-707
559
42
-489
-888
364
296
351
-600
487
-489
-730
-369
388
230
749
965
270
763
-974
814
116
-14
56
-232
-70
710
562
257
585
696
671
-904
401
-7
264
-21
-671
706
285
218
316
439
-797
829
181
-684
-403
-766
908
138
-516
-108
878
559
750
394
232
234
8
333
779
-930
-196
411
-597
-934
52
-620
297
-94
-715
11
922
-14
336
360
398
387
-36
182
941
159
-108
875
47
-67
-533
-982
902
-794
626
-602
-393
-174
-5
-208
-679
-135
-93
1
-431
-356
414
95
114
-437
-275
14
168
618
957
-761
888
118
-690
-168
-776
-785
-20
-254
589
305
-419
-976
785
230
616
777
-681
-141
-103
-457
864
-776
824
-388
-834
-672
-914
498
-904
999
-199
-553
-193
649
344
553
-622
906
-264
405
768
359
-976
-638
362
-822
-701
670
852
225
205
940
-112
847
-675
-336
-796
204
364
-472
-98
-596
543
846
-951
-186
266
851
954
72
-908
693
-884
-785
-581
364
568
141
-509
300
211
899
458
-676
292
838
864
-757
-375
-308
495
-401
17
727
652
-761
764
162
-104
-717
-523
98
-405
695
317
-963
-1
672
-888
-862
-875
-699
425
-66
-817
131
-462
949
259
-100
-853
-542
-346
-372
-268
392
751
514
-704
-5
125
460
-515
530
-740
190
-455
117
-354
-418
-388
-322
998
389
874
23
791
665
793
-659
-490
569
362
-478
-866
-608
50
-608
-589
-867
238
-336
-224
-636
698
380
-603
292
-829
-626
-655
-189
761
-192
788
847
220
715
876
17
923
-399
-469
-34
-410
-978
-551
62
-140
-83
-72
-758
-750
561
-522
-58
446
627
632
602
911
371
250
974
-448
-533
-985
-46
-200
-121
-282
-11
39
627
-894
-653
388
631
-869
85
-882
-14
345
182
-809
156
-757
267
288
-665
867
27
558
-586
-789
32
-773
247
-798
640
-164
-134
457
-21
905
-414
928
-851
926
712
-142
-879
-357
776
-977
697
-744
308
403
-757
818
164
-738
-166
53
968
424
-235
-435
-99
-71
-780
-88
280
-380
-840
931
-509
-714
-540
-718
449
-617
183
982
801
-25
-904
358
-923
-772
349
378
-632
-247
-534
-475
976
-86
-853
-850
947
-311
-90
820
975
168
-517
-17
222
-4
-717
342
687
-987
702
-166
645
831
974
982
504
-327
-863
-459
359
745
865
189
470
780
-205
-150
199
172
207
-629
-25
-304
-568
618
-966
-238
-105
358
795
765
-875
-571
978
-328
930
-559
-625
-421
166
-193
-8
-556
162
-972
-554
-406
-711
109
-256
528
438
502
62
-755
252
-718
358
-487
742
-340
-921
-99
-641
-732
-303
875
89
798
-97
-99
937
790
512
847
150
802
112
98
319
266
822
-809
586
432
49
737
-849
-872
-435
-417
-983
-132
370
141
-221
909
989
441
122
78
123
-887
-344
-442
-679
719
-827
-611
108
-262
335
103
60
335
374
117
-479
-368
332
-558
317
457
843
640
452
-786
-805
305
355
535
-643
422
129
-808
-892
-384
-886
-89
693
-818
-541
96
-831
-648
-849
786
-330
-118
-133
-950
528
283
-786
136
-230
-19
-917
-815
610
188
-248
182
-761
-47
-685
-292
951
365
-242
419
-935
-397
-762
907
-607
621
326
-314
-564
685
-508
-534
327
-807
-687
-81
598
-228
744
-993
889
555
-244
463
796
-363
-733
892
925
-238
-341
776
603
765
852
-923
191
704
-160
-598
-480
4
-795
563
-594
-629
484
-110
-356
773
-751
58
764
-800
38
52
197
-52
-18
-887
-709
822
999
328
-315
510
919
-803
524
-247
-178
-656
902
-521
-484
-876
515
-427
-437
186
533
503
-487
240
-47
791
364
539
27
-479
-706
475
-758
421
926
-857
-330
-594
-705
-634
287
268
-537
249
-162
-304
-924
-201
-412
-824
-228
132
264
810
703
115
-515
181
-642
-374
-144
15
664
345
-981
-814
-931
-234
-367
221
833
-360
42
745
-927
-689
-436
-865
618
-84
-408
-751
44
482
-844
333
-241
-977
601
-724
393
770
712
37
290
562
-790
-996
279
261
-7
290
-573
-980
-597
968
801
936
578
-268
-717
23
908
-324
328
622
180
-263
-485
-377
471
59
618
68
572
505
-384
768
780
714
-250
-117
-758
499
-664
-792
229
611
-201
253
-609
-886
-575
460
884
-845
-983
216
507
-300
-758
219
-765
-117
643
-204
74
-45
709
-138
707
-970
-879
695
799
-455
8
-293
800
261
-97
239
-351
-942
-394
-181
374
-881
-434
-171
77
-69
-936
557
197
884
-944
602
744
462
-464
-477
-945
434
548
-769
-595
413
624
-24
314
651
-469
713
234
515
-789
466
-204
-953
781
134
970
623
692
5
533
376
-642
-515
339
-15
-481
-781
526
-57
563
690
670
685
932
311
-754
-303
-661
870
-334
85
50
796
-688
59
93
330
821
244
-409
55
375
118
-771
-815
-311
-412
934
-2
-809
-458
278
639
809
-223
988
725
158
-996
123
-765
20
931
276
-807
-153
881
-56
-787
743
934
907
4
682
-415
-193
-21
-888
473
-808
-908
-924
-492
-965
626
481
-867
264
293
710
440
-766
859
-210
-235
-5
200
345
310
805
772
219
-415
973
471
-971
109
646
-762
301
555
216
358
-56
-38
-517
-56
22
-203
-439
422
935
-643
415
-561
-352
-168
102
902
-376
277
428
839
-468
58
515
478
547
169
857
-677
174
403
641
718
731
172
-2
-183
712
317
-93
154
-588
-365
494
-28
571
-332
767
-347
-969
972
901
198
66
182
-524
-998
-790
895
921
440
914
-901
532
264
-905
755
30
-878
-358
-882
-997
877
-140
-336
-292
-891
571
-875
-867
-1000
-160
-833
934
-262
593
669
-572
883
459
-737
693
205
-546
36
923
-679
-468
903
-756
-770
-139
-152
-695
-446
-728
405
972
-678
-774
-545
630
-874
-995
-810
-975
817
-21
-638
56
-989
-274
-437
55
-66
-794
794
-54
-653
-234
282
94
-188
301
306
-580
-28
-386
-345
159
-284
223
814
268
-856
751
-174
-325
690
-931
-956
-336
-70
-258
-716
813
-910
-760
836
-447
495
-507
49
-246
991
239
367
-2
-771
321
-17
537
919
204
46
-455
426
-935
432
-940
369
302
-773
498
-470
949
-169
520
142
-510
-292
894
-183
959
988
-255
206
-141
-114
-243
-859
-879
-807
210
-872
451
-508
-823
342
758
263
74
539
-141
898
855
-296
-920
122
-915
494
466
-362
454
-555
-692
647
975
-543
663
-380
-53
-603
-307
869
-344
-116
-704
672
-784
-198
999
319
848
600
658
765
-189
-59
-489
-118
-800
-835
-567
234
-377
-743
316
560
106
552
132
-859
41
-633
-678
-57
349
-427
-425
-308
-747
494
-279
911
524
424
-823
-482
178
-674
441
-735
-124
-632
295
-978
105
221
300
73
515
500
157
742
945
-116
-381
334
-831
-661
-652
683
444
-318
-145
-497
946
391
-860
204
21
-474
-127
929
-48
58
946
-591
521
-792
-550
326
32
-615
149
-347
93
-701
486
938
189
537
989
-522
95
-728
-851
936
-336
185
-315
-702
114
-668
-925
-89
610
339
-48
-218
201
120
-426
210
339
86
-762
-299
416
159
773
132
-963
-491
-741
-437
456
867
942
-350
544
494
-748
-268
170
402
-926
-570
437
-809
7
-351
466
24
829
606
211
435
95
830
-114
289
-884
-963
-828
-100
-147
770
-267
-751
906
440
-197
-473
-193
614
-899
-471
99
232
612
288
182
50
362
-900
-840
-765
533
-864
491
-521
-267
959
237
-173
-661
663
514
-211
137
-733
-908
734
643
-611
-286
685
-887
-801
412
-676
-592
-6
829
-758
872
-485
842
-64
-923
-496
-67
-263
-880
-889
-96
305
869
-292
-96
-137
41
-473
-359
272
485
-272
-484
-86
-436
152
806
-2
794
654
-956
357
894
-456
734
-140
-207
200
124
992
267
405
-824
511
716
-214
226
638
984
-10
-985
472
166
937
804
-585
549
190
-339
774
595
-774
925
886
-382
800
-578
-338
969
62
-169
757
191
532
728
273
-337
-644
444
397
901
-268
681
-101
-280
21
-255
-924
-128
-958
-420
484
37
-152
-329
-993
-748
-186
-21
178
-846
-743
-661
-692
-144
779
-295
33
-676
494
865
-107
850
-697
-19
-807
362
834
529
-96
-295
-222
807
-537
-842
726
-948
181
-330
-468
-434
590
506
91
-445
-454
836
934
-332
256
-861
493
437
-194
137
-359
261
-406
339
-650
-341
-546
300
459
-45
335
-811
-385
605
764
782
-612
140
715
-954
174
-379
-209
120
-332
-483
825
9
-565
271
745
838
-872
-326
840
-379
481
941
824
-718
98
530
578
470
584
-372
936
955
69
-210
-914
-368
40
-483
577
-487
766
-604
647
-556
968
-876
906
-382
-156
71
494
123
664
-166
798
-145
765
-170
-606
875
-232
-830
-340
267
40
149
853
256
619
108
-928
583
876
517
87
-388
140
731
-621
757
-687
454
683
-285
-219
814
-352
260
-595
-871
-405
72
-138
-668
-619
626
282
908
-8
278
398
-307
-895
-959
86
461
-857
310
-61
996
963
-751
235
-481
759
146
-856
216
-841
-623
847
-322
81
-276
-311
708
-799
565
-269
-957
412
-784
226
-202
779
-615
-246
-187
-938
-331
-549
-273
-75
-615
-345
-597
74
259
74
107
880
340
485
188
-889
-858
820
291
530
291
158
606
957
498
164
-64
203
-577
437
-530
794
67
-792
-403
959
296
-946
260
243
893
-574
463
-444
449
573
179
80
-177
-530
321
-82
159
-629
583
-407
17
-287
886
668
2
-626
-277
-904
-588
-323
-213
620
-597
333
-939
-950
832
-273
-917
-327
606
-565
-479
-78
-250
-559
-926
-310
-634
-398
-608
-326
-663
632
-835
-980
-425
671
970
-244
457
381
-535
-104
-457
294
-587
-914
-974
-444
630
-984
-616
545
-333
-86
-344
-713
334
196
234
-526
612
821
-212
-417
498
94
477
584
927
-234
-556
424
747
-274
-177
67
-28
473
735
719
-419
-286
-411
465
637
-621
-979
163
535
978
582
952
-512
445
-404
740
-157
-543
191
410
-876
-849
139
-113
732
788
89
-95
-625
-646
-904
-795
493
-689
977
-249
623
-979
285
906
-512
-427
-5
836
-874
215
183
-467
-200
-697
-868
-461
-562
830
820
-410
-405
659
-221
773
-939
-511
711
666
-267
-472
-858
863
663
446
-770
128
992
730
897
93
-20
-311
-395
-949
-96
-394
77
-624
-391
-25
-546
-937
147
-984
-384
821
-895
239
-128
87
-268
-483
-488
629
-780
-329
848
-399
-947
120
778
-313
-698
-465
-465
-544
-221
802
-284
764
33
734
741
177
-460
319
-647
-108
849
-486
-979
738
-729
-356
-393
-499
-945
-793
-401
-468
-34
575
-35
683
-45
-472
543
728
-284
-929
764
243
615
-56
902
223
-49
-752
742
-646
436
323
896
779
-893
-768
794
-227
-916
-541
-160
-102
323
529
445
526
-241
-479
-221
494
-781
377
-987
538
-861
164
767
-79
-70
966
389
861
382
514
-463
747
-779
25
769
552
-313
212
946
-662
-313
-547
-724
449
-615
-768
-192
152
756
-482
355
928
-578
785
-783
697
-278
812
697
953
370
72
-70
-540
-176
218
190
-652
-521
579
594
251
-465
991
438
-485
-516
-368
573
666
-551
-888
-797
443
229
-111
321
-885
-972
-147
-800
-925
648
791
-600
582
821
-873
350
-755
528
525
995
895
252
440
135
-25
-72
378
-199
990
-924
535
-316
-205
-730
-169
-836
-489
493
939
-56
233
755
-197
-139
130
468
-807
717
489
685
32
-566
461
152
-879
980
-654
-882
63
660
252
-837
535
-718
604
398
-600
-921
-909
649
-122
676
228
107
449
-612
267
496
874
425
718
157
-832
638
701
270
16
141
-695
386
259
-990
120
154
-950
212
530
44
-102
960
225
-296
822
-411
-158
-215
174
-806
-225
-795
-224
659
-159
-643
500
358
636
-692
-610
365
-727
225
-165
-906
-792
358
695
-342
355
286
-937
-742
-825
463
-314
-717
483
95
-531
-642
331
-147
-810
24
-227
-493
-817
76
505
246
157
745
731
-484
334
-677
594
-2
30
163
544
-415
826
105
409
638
-407
-827
-530
-344
290
-461
-974
559
-971
774
694
238
256
278
-210
571
-685
-538
-172
-625
-297
817
645
315
-910
-511
708
-609
62
366
691
-105
351
-821
-266
475
-96
-76
112
707
327
268
-454
136
-623
254
-905
-348
-960
656
369
-261
-158
512
695
840
627
467
-375
496
-402
-638
207
147
675
-700
940
-534
489
-382
-652
246
364
726
-637
-140
256
-50
889
152
784
-391
397
849
-729
892
754
861
-385
-168
-6
461
-79
-760
-829
-520
491
-930
794
159
-27
-38
-508
86
-91
315
854
823
526
-412
227
-453
409
-563
833
194
-40
-413
-982
705
988
-787
460
-314
346
66
-210
-697
943
501
819
813
-371
-194
735
95
-2
929
-8
-257
-815
646
730
-266
72
544
-364
-85
176
-597
249
324
-274
893
-822
167
514
928
192
-953
-124
691
295
493
-352
-49
-945
-526
425
711
268
-268
-977
-484
14
979
-680
941
-525
910
-26
-391
253
560
-205
388
406
99
-898
-616
163
640
868
474
-599
-473
963
-741
774
246
449
430
-940
-91
770
569
-641
-726
-102
748
504
-61
284
975
59
-561
-566
-476
824
909
-111
-630
-316
293
-652
-825
106
-764
-352
207
214
-832
544
-364
-981
-813
-655
259
-411
-931
-295
438
-200
467
-146
-223
-489
-199
-304
743
-374
-564
105
198
310
149
687
348
434
187
-325
634
-648
-151
-792
230
224
-737
-714
-469
-898
-938
-802
259
641
518
-367
634
749
-153
-99
391
18
887
611
-894
-141
616
-555
-651
-262
534
578
-171
250
-781
118
-24
-26
732
-747
-996
-524
33
641
-575
-439
-874
-358
-859
964
33
761
-855
738
370
527
473
204
323
558
364
868
-486
-452
195
-832
571
885
536
-68
738
879
116
910
787
100
16
185
-504
919
0
517
61
192
933
-105
267
568
-977
-591
529
-561
-32
-204
-325
-902
604
637
-130
-453
-316
86
-398
154
770
328
77
135
33
-529
-826
-192
985
649
271
-113
-407
348
-634
-919
-16
843
-42
-673
570
-638
547
109
928
936
-951
-506
149
74
662
-757
638
581
472
355
-409
589
-116
282
581
269
-820
562
-309
963
304
254
326
920
814
452
374
-932
-259
-690
126
-619
-571
-308
-140
-510
-51
857
-765
-776
193
818
112
-938
974
-348
284
-723
-990
180
563
-358
638
-634
772
-651
913
293
449
905
41
-701
-495
394
-870
-742
647
518
-499
-144
-647
649
141
644
430
51
552
-691
-797
15
368
-734
-368
-155
549
-386
-263
-552
722
-569
-7
-844
-772
-553
830
-604
838
702
458
-842
-487
-173
-557
-212
149
-778
-933
-449
-501
540
-483
167
896
808
-603
78
59
574
-274
-302
-846
-66
-700
367
995
975
-552
-747
269
85
-930
-684
753
0
304
-784
76
118
-920
985
-143
-478
-323
-778
-750
635
38
169
-760
285
-857
-957
90
-54
-574
565
-910
352
-804
159
-623
-668
569
-858
793
536
595
90
-503
187
695
-442
-282
-481
624
-535
136
603
-474
242
745
-862
-569
111
270
-633
-129
545
9
838
-455
-34
109
-759
-422
-566
989
-149
936
-351
-8
-546
-515
-264
659
827
388
-903
570
305
-135
-916
-225
217
-10
-947
-651
622
135
-707
906
-326
546
-300
344
990
-497
216
-660
577
666
-244
-665
-529
542
239
882
92
-341
424
-266
507
629
-319
-387
493
611
516
811
191
875
-328
-340
-147
899
-447
-182
623
31
187
-187
308
-52
-398
892
902
-651
371
865
21
-328
419
367
76
-430
304
867
280
475
429
917
-621
827
776
-562
563
-573
354
81
-274
489
-905
-85
663
-484
-443
-748
-16
917
916
-26
-1
996
220
299
654
-56
-540
-85
283
-803
-520
-233
-535
-871
-697
-797
759
407
4
258
491
-684
-429
-780
762
507
710
-406
-998
-184
-498
974
-13
149
-526
-866
-525
264
-117
883
47
850
975
-450
-688
192
-493
634
-725
79
715
974
200
-888
676
248
-762
494
590
658
614
-806
-418
390
-43
373
512
708
371
421
-62
726
-6
-755
675
326
545
156
80
838
7
846
398
-324
483
-130
940
288
-51
-348
779
-632
753
121
392
-685
-965
863
597
833
-941
-625
496
-2
-74
-450
-66
666
-155
-913
-62
-799
-488
-392
556
54
319
412
880
676
464
-106
-126
-53
-242
-42
902
-515
-293
-923
-574
768
948
725
-558
659
-296
-431
487
-229
0
-54
890
202
-116
-208
907
-1000
767
-733
349
-721
928
209
225
-490
997
-588
-429
-461
-914
986
-666
-296
282
-38
-94
-721
651
659
-733
102
836
-533
-836
-897
-257
-744
-85
595
-373
108
438
199
-302
404
417
564
144
147
-939
338
190
702
-390
-185
155
-455
-60
605
210
-30
671
-571
-376
-36
-781
-701
664
-806
-547
-83
421
-131
-174
-210
-929
114
-800
-941
-80
-279
-41
-786
-824
976
-605
254
-804
-468
353
240
216
325
306
275
663
398
409
-490
967
-457
556
-685
-233
104
59
434
132
122
-551
654
-966
751
-936
-556
-802
72
859
-201
121
-454
144
770
260
813
733
653
564
889
-285
48
409
-457
-642
446
921
577
704
667
-278
-33
-78
565
-518
-692
-857
-904
918
-317
-675
-166
-965
550
-814
-315
205
140
177
705
695
44
265
-914
-659
565
-145
311
-102
19
898
-370
246
968
-310
-177
-640
-347
-336
45
-341
201
-230
-83
-31
-102
-800
433
820
-788
217
612
-27
571
-451
-580
338
40
-124
-184
617
942
-743
-875
576
790
-584
213
200
223
-514
-170
-267
-220
-820
771
890
-513
-971
131
286
638
-307
978
822
879
688
-354
-960
857
-146
876
568
-25
-507
-926
221
-663
-72
-574
-153
982
192
483
-116
-362
57
338
-167
161
-278
-72
705
194
890
-65
-408
-341
-970
33
156
881
537
-543
-644
-107
-917
-507
-598
-202
348
-614
956
-835
-916
94
69
-756
-372
-925
673
-204
-759
465
849
-319
877
-691
-934
-517
266
787
-751
-690
437
293
573
-879
262
-946
960
-400
-389
-362
-543
-466
-985
852
5
-635
-564
-805
-18
-744
-592
234
-477
-53
-27
342
571
907
201
361
189
361
78
711
-229
97
558
-473
-670
-404
-507
700
-38
-17
-225
644
-25
-867
865
176
294
308
-659
214
-502
-479
68
-580
680
565
-957
107
817
-591
-409
-903
-523
448
-545
-346
-514
973
-423
429
473
36
116
663
-705
948
-331
792
-52
-878
-345
-1
548
-281
-322
-553
-272
701
640
-683
-915
188
-97
104
884
-629
-373
337
-712
953
-117
-130
688
116
870
182
168
-519
229
603
502
-751
131
480
-276
-680
454
-700
975
-427
-51
-93
-468
944
427
-855
600
-665
-462
-916
-43
-668
244
162
-183
17
708
-558
254
-743
825
-443
630
779
-526
542
-502
-558
252
-76
-769
-429
-466
-145
-432
248
-506
191
-960
278
-764
-676
278
-504
89
-56
715
822
-507
643
574
834
-511
-826
-781
-907
967
-723
-346
233
-195
110
464
509
883
-242
-94
-68
-532
-871
-261
564
-179
-407
762
-641
-390
701
-914
531
-925
152
468
827
92
-634
-975
737
-382
13
725
-568
-423
408
41
-212
-614
672
269
100
520
290
-297
14
-850
-384
-945
-92
-227
-713
159
-67
736
996
14
-475
193
-105
-429
-214
93
146
-43
-908
-17
739
-865
-814
-133
-19
415
290
-164
207
235
843
-23
-895
-387
-987
-408
733
366
711
-387
-927
436
590
485
-805
-119
-241
821
323
-859
49
-838
-472
666
933
-325
131
-683
468
-863
338
770
734
-294
-113
-986
572
44
-144
703
815
482
-179
821
-979
323
731
732
960
-316
-718
-486
71
-209
179
-111
273
-737
281
-458
162
-155
978
803
-891
-901
-369
362
-973
472
-559
97
685
953
-983
-256
142
688
-976
-91
-852
-430
81
98
802
737
417
889
805
118
101
-643
375
-295
210
404
-624
-742
871
351
-156
999
545
-55
26
751
-129
-298
-231
-713
382
539
-710
820
441
-345
638
-213
355
-827
-322
-407
-884
27
-325
-824
-396
885
-197
796
-269
-577
-548
-277
-86
-526
938
911
768
131
979
373
587
-817
-199
-217
-152
-734
-201
-318
834
575
-578
384
-431
-508
-133
-902
-985
547
-349
630
989
-110
-753
92
-889
185
-55
602
627
-398
-744
-113
-272
-751
-997
-330
-200
-472
445
-680
-743
977
633
-908
723
58
-378
620
-337
-91
-830
-123
71
132
866
94
248
-381
229
946
-854
284
-882
363
41
-744
211
757
809
-793
230
-99
-728
-49
326
159
20
-317
375
944
-689
317
-705
937
529
-602
-909
-671
472
682
-896
952
-377
-389
-902
-443
-947
-814
178
573
954
-117
273
149
-861
-148
-544
811
-691
-666
-683
756
-584
293
-875
-73
-865
333
-495
803
-47
-489
-61
-293
248
-478
921
-807
51
-30
69
-383
896
-606
-31
363
-198
230
955
-839
-956
37
640
556
-855
-726
-353
-721
234
-998
977
424
-884
176
-679
200
149
-744
870
-552
103
-495
549
640
-898
-624
-532
826
933
297
-882
933
342
233
498
401
978
397
-170
-446
-609
360
-49
-353
296
116
-279
-365
702
28
928
985
-336
694
624
-862
607
-624
-988
-88
984
-360
549
-174
196
834
74
202
653
-502
-212
-152
-808
96
-467
-175
-801
800
33
-929
-130
39
-387
429
916
-510
-456
-450
37
445
-211
-802
676
-882
913
-525
-658
893
984
-475
-344
168
418
-359
-307
-257
-946
833
-920
-768
-244
-35
544
-630
-692
431
582
-916
-414
224
726
-549
-620
884
648
-56
-886
-21
-832
84
780
-970
-92
-851
-884
616
526
-973
-297
306
-152
-799
279
-768
-767
-344
-365
92
-358
-875
-837
-21
-54
-67
-297
-559
143
20
-202
-660
235
-357
839
-544
-223
-174
862
-804
159
-348
623
299
75
-432
732
-157
371
-161
700
579
349
-952
728
280
-282
251
950
-174
-303
636
210
859
-1
103
-560
-11
-79
866
-762
52
-473
-876
246
409
253
775
-352
58
725
23
-379
992
-658
192
46
-582
741
206
-447
-770
812
835
-714
61
-804
940
121
-602
601
-553
317
-55
-714
351
774
818
-545
104
-95
495
640
444
-891
505
-572
-422
288
-817
667
-483
-34
-382
328
-987
-151
-337
760
-204
166
-775
578
416
110
432
-688
916
-937
-762
-912
-292
298
-713
-342
226
192
126
227
-76
158
-94
40
-830
979
621
-163
750
282
674
-143
347
-258
477
650
973
460
814
-552
966
-446
651
-309
903
-539
978
201
833
405
779
-144
-297
-709
304
-46
-895
-507
485
-292
-116
-413
-486
-599
295
379
691
676
-716
215
438
-680
-36
-455
391
835
-865
295
968
-618
-698
-46
-6
884
816
-334
-890
-861
585
-928
-101
521
-461
623
-434
834
406
-322
799
601
97
519
-954
-258
-124
144
549
-847
406
216
-608
-841
549
949
-578
615
-437
-243
-33
404
-137
-432
-722
449
-196
-480
470
-437
-207
-988
-366
-999
962
-750
507
-889
-457
854
694
-487
650
822
115
-676
-739
-630
-983
592
-852
-751
854
347
888
984
961
-591
929
-438
-582
-576
-997
378
-115
145
-119
-774
-346
-949
211
665
939
-910
-797
104
-113
-577
-163
-199
-686
939
-639
296
-41
-837
567
-423
0
-753
-59
248
-451
634
886
782
86
-877
152
-458
355
-381
603
-646
-764
423
738
-39
129
-493
-652
238
-645
-267
358
64
89
-107
927
-859
234
860
542
212
-264
577
-8
910
-379
56
127
-300
-107
586
987
-233
-861
895
88
272
128
605
436
462
521
-982
-139
-332
-572
891
-510
-988
240
-491
753
68
-907
211
592
236
714
-885
803
647
939
953
-895
-142
664
712
747
-652
-744
-221
540
-155
162
-510
-840
-903
891
769
134
72
448
408
114
139
-151
-43
137
-186
-968
-614
-811
6
-27
-404
-555
201
285
366
332
579
-917
507
-277
979
-46
126
-879
790
-173
-228
-299
-130
-602
748
-299
-15
609
636
-347
992
-827
-872
-856
801
747
355
-721
147
-569
-487
-447
941
-967
93
912
-103
-247
-543
-790
-905
210
-343
553
-946
1000
-884
58
-967
807
182
344
-829
-275
125
-851
-598
-951
582
-522
640
555
-330
-610
926
100
502
233
17
723
-516
933
-968
436
321
459
732
-405
901
366
472
656
-354
527
625
-225
-147
-714
795
108
-162
-242
792
-351
-417
969
-831
572
-998
255
564
230
352
-869
612
-366
180
-783
-673
-555
-664
870
52
-583
637
-293
-662
-65
-408
886
762
-771
-625
-775
-197
691
-100
-703
767
938
-431
-594
917
-472
-719
496
968
-989
499
623
-597
732
-979
128
-445
74
-780
-220
715
636
252
325
-547
551
-857
901
733
-365
-14
-213
-940
-347
602
130
162
-489
-174
470
118
725
-367
364
308
-488
336
-688
935
888
845
-953
-867
-152
-785
682
939
256
-63
609
434
-890
634
652
-815
-409
370
-195
606
-416
436
53
984
-443
-909
-478
706
-466
14
-909
888
-311
830
-449
232
-321
-918
-226
713
-726
436
-666
91
-269
-324
667
79
32
193
614
-117
600
-350
-729
-8
-11
303
-129
573
-978
-352
867
281
553
308
-878
125
690
-361
960
-970
-307
-119
987
710
246
-485
-68
-439
-313
394
-894
-900
-875
883
-32
-289
-739
-785
425
13
814
878
843
569
315
-435
57
638
-971
-353
-497
-397
-567
20
699
26
-795
485
971
12
-310
-817
175
51
331
-491
-682
730
241
-982
748
673
706
-87
-383
598
-777
107
-735
766
980
917
605
416
226
-829
-37
459
-763
-300
446
-343
298
-293
279
-315
543
811
698
830
-720
415
693
-65
587
637
-825
-515
-439
499
153
-303
6
-248
342
-971
933
-420
-818
-473
231
361
-556
624
341
344
-825
938
-142
859
-701
-586
354
-613
593
238
39
-196
364
-300
-563
-148
-247
-795
602
-880
944
948
-536
-835
141
-643
-596
101
-374
-178
-449
-53
452
675
644
-629
-294
854
820
1
787
700
-299
-243
-476
-967
448
382
-944
665
578
-710
-559
383
195
-369
150
594
290
60
369
-297
38
-689
395
798
381
971
226
154
430
858
628
-571
581
-782
-726
275
-561
610
341
-384
-349
757
-448
624
810
731
905
-375
921
55
552
-186
861
-327
-993
-355
523
408
91
-545
161
338
-160
295
183
561
-857
339
-17
-94
-330
-249
-773
-470
-42
224
974
-755
-110
-262
-279
-116
762
272
375
873
305
8
-927
466
891
-183
770
-911
-535
-217
716
928
-677
836
-358
777
15
790
-318
-513
629
196
509
108
712
142
-983
-584
260
-926
-255
-219
-416
-86
208
-607
799
539
148
-246
264
-916
903
-14
-355
-304
-95
972
829
-446
753
515
209
914
-619
729
-961
145
354
-163
-80
351
952
-656
-833
370
-92
-851
-2
250
924
36
134
-730
-506
851
-886
111
202
-222
-102
623
-684
151
-476
666
390
606
981
-114
630
716
-279
-358
999
689
-93
791
530
-53
-456
-620
-847
-506
-289
-990
652
-283
752
85
-764
-986
-907
-113
-435
-516
998
662
-161
423
-431
-922
-97
900
-521
538
-625
-378
-518
-729
31
-944
755
-518
-920
-636
175
952
617
378
986
313
-41
559
304
-137
-23
-185
-807
-763
-217
-996
377
80
-128
-302
-526
542
-393
352
-597
35
-551
-586
-918
319
-235
879
-591
518
-303
-77
280
-902
-718
-461
545
-740
480
300
440
244
-523
-213
665
-54
-302
-181
-325
-735
-488
465
-792
848
-444
382
257
-331
990
-4
-146
-362
-228
320
-544
544
630
52
527
-771
787
460
-125
-66
951
657
-520
474
-136
-687
-411
-551
682
-840
-20
-953
191
-766
-303
-858
-474
-271
984
-164
-408
525
498
156
-641
243
752
113
694
-717
-693
-978
-795
-327
360
176
-564
419
-851
135
421
664
-650
-979
-315
246
-917
-976
-181
248
784
744
-147
-593
-248
-701
637
-605
94
-943
189
661
590
-285
-8
-611
219
772
487
-966
-141
-703
-3
-622
-247
196
-613
483
-529
-492
237
-373
238
726
-96
-161
330
784
-44
973
-4
-566
34
-760
149
-656
-725
-635
-813
556
654
-853
65
-113
-441
-749
49
-320
-75
401
-728
-194
-502
262
-950
-68
467
-746
719
313
-73
42
576
157
834
-198
499
232
89
321
489
-389
689
-739
601
790
-502
-117
-191
-336
-376
738
395
705
527
-189
306
415
-895
12
-386
268
78
-368
-754
658
472
-634
-201
97
526
707
-897
704
413
-767
-474
-453
-4
685
-515
601
67
222
622
712
-192
591
-62
-788
-971
840
-547
490
706
645
-169
-872
590
236
346
406
335
-953
-230
-703
55
768
367
574
-760
437
-322
237
899
-51
229
-499
205
540
963
48
-76
-950
546
127
-231
484
301
-667
794
-139
-506
-417
262
967
-481
633
689
783
455
-731
-976
-395
-250
-186
-209
-111
52
-738
801
454
-490
227
992
-204
-757
-990
185
678
837
602
-683
683
-483
113
761
977
-747
-637
309
495
993
-334
-370
-166
730
896
-549
837
-723
-350
-170
807
-280
-673
881
-932
704
-28
-969
-808
-277
770
-562
-682
136
-203
826
964
5
791
747
-514
105
774
-166
985
-234
-841
166
805
923
-28
399
302
707
-664
38
253
-521
796
-63
-110
-903
-475
-397
-751
-604
50
-695
-774
812
786
58
49
743
749
642
-713
-326
-118
956
563
-604
831
117
391
-944
-137
123
-777
123
-680
-338
890
-483
-945
852
-609
-946
-772
393
769
-862
751
203
791
-1000
-194
-747
-16
755
-322
535
-467
592
7
-741
472
806
843
27
883
331
534
620
-683
-684
-313
-13
-112
-651
-575
952
-236
435
309
731
-576
-568
803
-940
-35
-429
-285
881
880
872
-501
-254
-184
-970
442
821
-923
-560
117
-535
702
-977
883
-151
507
-731
-767
87
565
409
-295
-802
-398
-62
772
332
-691
-43
399
367
-801
381
741
941
635
382
766
870
-720
-789
680
-427
-455
847
-408
172
-406
198
-948
-512
-233
-124
626
26
-890
-493
361
396
-677
-907
-746
-289
912
-934
-156
-598
671
-709
254
-268
-899
-26
529
-686
814
122
840
-65
625
-125
633
-818
-587
-994
705
392
-846
453
122
-150
-578
648
-525
733
-574
-743
-876
-379
983
256
-112
657
-877
117
-205
-368
-795
664
-595
-477
544
680
55
-703
-674
-162
-509
-825
699
141
146
-422
-950
790
282
-422
662
-875
-981
-58
-249
541
-849
847
708
-873
87
624
-243
-77
68
-152
-707
-755
-284
-379
-857
472
511
702
202
-481
-806
-380
-275
-426
235
20
-98
427
679
467
694
-326
-668
-946
-213
4
-297
-472
38
-194
-955
-209
-258
299
-992
754
600
4
16
744
12
566
45
-582
290
-101
-831
-114
-922
95
-877
-486
-992
192
-976
-710
-636
-80
-557
-978
131
543
386
666
-184
-337
-659
280
-738
-78
-629
-211
-824
223
348
490
78
-585
-926
731
261
531
-162
-25
807
451
-521
-312
916
389
425
-432
-456
452
-693
-704
991
-482
336
-207
776
806
-761
219
-669
-292
446
296
-444
159
-128
-139
742
-344
-810
-300
-409
-651
-84
754
-990
645
-874
626
-604
-811
-609
-923
71
-711
753
155
-388
-653
-770
-41
612
-989
995
-519
-271
-734
-296
-758
-724
-353
-114
-478
14
-314
396
561
-296
-34
59
-534
-759
-80
-922
-603
-721
-703
733
-735
247
933
245
143
267
863
-173
258
-385
70
-954
-698
-710
-337
-831
-129
-446
-519
-307
-594
-621
-23
-245
903
-547
-146
-558
-100
-248
-938
-921
-243
-404
-467
882
-564
556
-207
-102
801
-159
-974
551
647
479
366
958
866
854
-344
-208
-710
375
-300
-527
908
-793
-318
950
-659
934
942
-129
-115
649
-361
35
406
-526
-355
885
-368
-416
645
291
984
-512
342
-737
-791
581
-889
559
-420
519
-20
66
-172
34
73
446
-844
296
953
828
812
310
100
844
-844
-967
514
521
-159
642
-907
-536
-496
340
271
-589
-36
-20
82
573
465
887
175
-327
152
598
390
816
138
849
-270
-506
-912
497
-662
-112
-652
582
-427
-437
-136
574
-621
738
-357
-720
-210
-125
699
346
-764
473
-539
617
149
992
757
384
232
-753
-396
-363
-199
733
-673
728
-688
-986
900
149
-385
-191
-31
12
-309
-344
-230
878
-279
456
366
178
13
-873
934
-194
334
312
-5
802
910
733
-587
-825
406
239
-350
104
-807
-635
714
360
10
276
133
502
837
967
-512
-680
-961
866
99
711
455
-261
-921
162
955
-759
660
-491
-225
657
578
444
733
644
912
964
512
51
-637
-965
-382
438
648
-89
972
171
635
642
-11
-934
965
-206
-323
460
-711
-94
-547
-327
775
-770
120
148
-288
-127
-612
442
151
-743
447
-652
-622
988
172
544
-27
-198
-674
646
-126
296
293
-525
-465
-204
153
675
684
-950
594
793
-820
207
-414
-237
-959
-157
-554
-750
140
-764
51
-935
111
876
68
789
623
43
-788
-644
543
747
510
-798
326
-856
717
397
-345
-181
376
536
-229
21
-248
-183
250
-387
73
-531
-833
-758
92
15
-132
224
-526
61
-716
-897
354
-586
485
223
454
-625
696
-939
107
223
-911
918
927
30
-256
-886
115
110
119
176
-676
569
-285
264
-729
-479
-593
-246
-451
-502
764
956
567
-122
336
-342
95
379
657
635
-547
-472
377
571
-895
-308
-126
-810
-26
-526
634
-243
356
640
257
378
-562
-814
-225
742
-109
-682
-873
801
-254
823
182
203
-199
746
867
785
43
394
-877
-316
901
-756
-471
894
-427
-920
-215
-15
-173
348
-194
-800
894
171
181
824
560
-970
888
-601
-625
-876
684
947
-402
-1000
898
247
-741
-475
-199
-214
2
32
320
543
-507
134
-891
-644
942
955
-719
931
519
175
717
-76
-397
14
582
-310
283
130
-671
155
-981
778
-457
675
-661
-996
-144
-117
-37
-695
-68
-59
-745
937
-426
603
-198
-384
16
857
-287
-210
358
861
-594
53
777
-328
740
954
-466
-491
-818
871
33
653
251
-399
11
-395
-790
-205
-844
-819
-854
422
433
662
436
-63
450
879
-714
263
293
898
-481
-322
-811
709
-917
141
-997
196
-200
-662
-370
-25
-785
-952
-939
-165
816
350
370
32
242
-401
456
898
882
904
846
-897
-849
830
-670
46
679
-669
-728
-173
-330
-986
577
-267
-306
-583
999
453
692
902
-674
959
780
-109
27
-81
-117
-695
-349
949
652
-913
-820
-107
51
-407
-808
-368
-411
-621
23
76
862
-75
-911
-996
-792
193
921
-221
-194
-661
-485
600
-782
821
-323
369
375
-935
33
269
-176
-830
-450
146
-681
-794
133
740
782
-406
692
767
-396
113
-166
938
687
-809
746
-803
878
637
967
-140
-984
-965
-741
-536
-338
-732
606
998
-199
-616
-808
-44
397
613
37
736
269
377
153
265
-501
-430
-87
806
-528
336
915
687
-880
-717
602
56
-277
-598
617
-373
469
964
-562
-356
717
-159
536
711
-113
-513
-604
205
-834
650
961
869
-903
-943
-888
849
111
-897
238
241
-423
346
569
-77
392
855
-591
-573
-85
136
987
83
169
-787
-86
215
-844
126
465
250
-979
440
450
777
-334
-700
-625
-550
825
457
-795
-125
-671
687
536
-533
-265
-221
884
389
-353
110
771
31
280
-991
883
354
-706
767
719
-366
-739
-833
424
222
-423
-789
-223
308
-161
-814
-98
212
644
-121
-185
-355
-379
782
300
150
471
-146
-505
145
450
-959
703
-734
-523
-445
-676
953
904
935
-988
-95
-141
-496
-440
236
-97
981
486
776
-781
811
-562
169
676
-961
333
392
-311
129
120
191
872
763
754
479
481
572
427
456
227
492
73
665
492
-573
127
-502
189
267
-492
250
108
615
-427
448
631
110
-271
822
495
-299
-982
-799
-515
82
-843
725
974
402
604
-489
719
550
50
-974
-980
187
900
833
846
-689
-774
-646
377
720
-253
942
-137
486
685
883
234
448
475
705
-723
-474
909
985
-632
-865
649
-824
630
465
-901
-966
32
800
360
-787
-76
-960
-252
-853
0
-573
888
179
-735
461
614
894
293
-531
-90
696
-70
-257
-760
118
686
-387
13
-715
326
-363
-349
-39
695
366
-420
-637
617
373
-279
997
-132
-219
-238
908
-961
-781
604
-253
-228
882
929
-451
159
-963
-977
445
750
-968
-738
-707
410
686
912
-793
-955
790
-787
-835
-373
599
-233
984
28
405
-603
-18
929
-788
695
829
-497
977
-158
-855
-557
-492
892
-380
296
-960
819
247
-816
-879
335
739
-351
-776
-224
460
-39
205
-608
-358
819
631
126
-292
877
-238
-650
851
-244
-378
-508
-55
-409
236
-472
452
-653
716
484
-480
10
-885
-843
177
597
-16
-749
542
-62
320
386
-920
908
805
86
458
-520
-762
594
-182
-236
129
-504
-125
307
-712
469
964
479
-312
801
-760
-555
-954
-5
377
611
-471
276
145
283
686
360
-871
58
-503
557
-861
9
785
-546
795
18
817
-364
-423
767
-758
424
-511
94
250
623
254
-896
758
-210
949
-472
-156
937
-360
458
401
-539
466
-766
-784
-456
264
817
-718
892
-824
-241
641
472
-561
-551
-647
-250
332
-946
-956
894
-905
-909
-188
552
666
-590
254
773
166
373
-389
102
204
229
394
403
-778
-493
-748
118
742
282
-889
338
151
520
-134
-545
-720
704
-657
940
395
728
-848
-766
52
282
870
-60
-60
405
-198
146
615
-310
655
439
331
22
706
959
342
929
371
995
205
833
379
-247
303
826
-874
-983
-848
884
817
-161
-557
-994
-549
305
241
583
-769
-932
-503
127
-699
214
-838
-239
484
-341
894
281
-963
-9
485
771
-579
-10
875
-152
659
-5
552
-963
452
721
-636
210
-473
-562
832
-547
-862
584
770
-354
-990
218
993
-871
-765
-473
521
-64
480
830
-969
550
880
-108
87
569
25
-299
-966
795
-728
207
853
514
59
-880
-549
129
820
-367
38
793
-849
-49
510
-437
767
965
-412
-164
934
501
83
-823
-773
-557
-606
743
568
-885
-906
-807
-349
319
280
-691
-805
782
-791
-489
607
422
-943
-363
192
352
-245
461
-401
717
-731
-725
-873
465
628
275
80
-719
-353
-496
651
211
853
886
-341
150
-974
-257
803
-170
-877
-774
-700
-705
-211
-838
257
653
-706
40
702
-49
761
520
645
976
516
-337
-2
-883
-637
287
-660
516
-528
-576
770
-397
-278
204
47
-52
708
339
-84
388
-976
-963
-673
-159
-445
-486
-78
974
937
33
-4
327
-666
-660
986
-685
-947
195
147
-762
-627
670
435
-584
39
426
211
212
932
-686
-680
304
-538
-663
107
-749
569
-820
-847
387
714
-958
-178
-502
-833
-725
615
-502
462
160
761
670
-465
486
468
-347
-791
-772
916
373
-95
-960
22
-196
-748
-345
-829
-573
279
-967
603
-814
-453
402
441
67
-704
-471
-129
523
982
299
-302
791
7
-867
574
910
371
-795
-580
-491
-447
228
218
-894
951
640
-124
-206
812
-182
-347
418
753
-485
276
196
-605
-548
-866
-150
-990
-54
827
680
-678
-626
-101
806
-200
794
699
-771
-101
-201
467
-705
72
-325
479
174
67
-72
259
-449
-849
676
-847
-436
194
970
-254
703
125
550
-524
508
467
138
406
-449
-742
528
-486
-93
555
-156
632
-406
155
-337
-284
-90
-268
-733
199
-48
493
-912
-225
146
-258
-588
515
983
-939
168
481
268
25
-703
-663
333
93
563
-211
433
-688
-92
362
989
-51
395
977
-824
-24
386
432
662
563
291
375
6
337
-473
-772
-46
-951
764
-94
-467
-625
-937
-551
490
330
-795
-90
-717
-707
-22
-998
187
-639
502
-215
-319
0
-180
-243
430
521
843
-281
-575
470
-463
921
-997
-930
63
354
645
886
-633
915
-576
45
-75
240
395
417
606
397
-592
447
-814
-781
-529
-144
-59
-957
902
618
946
-517
-492
-144
-841
434
812
528
867
994
-41
75
-636
-97
900
-784
42
10
143
973
-163
489
761
-125
419
427
302
488
-400
-470
-999
-620
523
877
-593
22
604
-337
-677
261
-516
353
330
-555
-983
805
194
0
600
-509
839
-662
-525
-642
-817
211
-694
-173
-137
516
592
917
-250
-977
499
-120
643
-248
-475
535
217
576
967
-835
716
-674
-545
-925
502
244
-926
-426
807
-875
680
477
471
219
896
791
-225
-950
856
-250
-79
536
841
350
265
666
-334
171
622
661
-224
438
-340
651
380
-647
620
477
-367
76
-276
-138
838
-756
-475
332
990
-126
-149
-546
164
-69
-269
886
0
-334
-957
775
-591
663
9
613
-31
750
782
838
-55
784
88
380
474
989
-831
-128
734
-920
-211
-724
-713
-538
-228
-214
855
532
-96
-797
792
617
-182
148
-291
313
485
-899
986
708
-113
960
-638
731
637
484
-33
-396
614
651
-153
-190
735
468
-189
-435
991
768
500
-607
820
577
-362
-318
-512
-613
-564
611
631
-249
-715
768
613
-724
32
650
-905
-436
448
-690
361
388
249
-899
106
-721
-806
-36
-886
-230
224
142
-381
801
160
574
-78
-216
-341
-197
-708
-765
509
-363
-8
-988
381
143
-121
-360
-565
590
-196
594
690
-966
906
-271
-109
-305
826
-443
-399
-834
-588
-604
43
491
-603
-224
289
683
-546
294
485
62
176
-771
246
901
58
956
-801
-967
-704
-30
-900
637
585
-441
-792
855
680
187
-768
-937
-855
-207
-240
237
509
768
-532
189
-863
566
-65
-471
815
-721
249
593
812
732
271
-607
546
48
429
639
142
488
-550
273
725
655
970
-369
-537
-790
-840
-482
855
257
-998
-295
258
825
213
-808
-403
897
-253
365
708
-153
623
-662
-239
237
-498
-917
9
-925
797
-281
-425
-373
888
-754
167
219
-746
-271
-601
113
567
-233
725
494
-963
174
-762
315
996
713
-428
-486
138
-58
-646
-51
894
-290
-925
573
-230
-65
-868
106
683
-425
-80
-798
-528
-131
401
22
-716
-764
511
-707
-710
-408
850
943
-354
-462
-173
983
863
972
-733
612
844
-971
-355
959
-947
574
549
-731
303
889
548
101
-594
499
-843
-108
499
339
-295
-7
-969
657
701
805
-160
-521
637
756
252
-182
360
333
111
584
-424
959
300
671
-46
140
-739
901
-201
-708
-317
682
819
786
-605
123
682
557
-573
-220
-897
353
-620
832
-504
-571
916
-720
-876
-654
-322
273
-4
-294
-633
-472
601
270
-335
267
-721
-637
-565
-410
-225
-538
314
212
49
-257
-674
767
39
384
-201
158
-626
-754
428
-82
-745
-48
-164
35
643
976
-263
-998
-564
460
590
818
766
191
-902
204
-997
11
-268
930
-343
904
-283
-686
206
-59
552
-528
-914
-387
442
-940
-468
-728
180
-929
796
-419
-191
-305
118
-110
770
45
939
754
-911
-655
-358
-416
-1000
640
601
208
838
-916
137
-641
-912
106
-621
438
-806
965
-76
-760
-335
-621
-440
341
136
490
533
816
795
-251
534
836
-143
-204
52
-466
-95
99
-938
-820
395
252
-605
63
461
-130
869
-65
-702
-639
-657
169
104
827
496
620
-700
537
-747
98
984
872
-348
489
207
661
-424
689
-567
685
-524
-484
663
-163
50
-656
-665
-846
334
-532
-579
874
-327
-242
278
190
-772
-525
416
3
-864
736
-410
-530
-807
245
586
28
574
-653
137
996
-186
-159
-680
-345
-279
-631
528
-436
908
976
256
590
53
128
-11
946
532
360
490
747
-502
-148
-30
-869
336
-1000
819
118
-152
-984
475
-349
-862
-458
-855
-79
787
293
-258
-554
919
299
-758
673
-20
-361
-231
-138
980
-274
789
360
958
-106
-366
-869
339
182
24
-414
591
-521
214
255
232
833
569
912
947
-471
81
-39
-441
-431
-808
775
415
-151
561
-175
963
438
-198
166
-363
125
-595
-232
-212
-303
-830
-694
-89
121
-318
-241
153
97
-738
-304
-278
590
10
636
-357
147
986
237
526
170
-998
-256
-710
448
-418
939
40
-243
332
-483
-391
-465
-676
431
-563
542
-930
546
-16
-120
-721
251
860
-313
-995
43
-52
-644
-67
76
-593
-31
19
632
-944
108
-849
35
-889
765
345
-523
806
-968
788
-998
-876
-767
449
122
-776
602
237
-243
-435
-589
-685
68
4
538
328
-681
312
1000
-118
773
211
546
-168
-12
613
224
-460
133
-106
912
354
264
-916
-427
-460
963
589
238
-395
-851
-897
854
594
-687
528
921
620
780
-813
-61
-406
584
-847
415
-82
-263
529
-618
624
-498
-724
362
629
-524
-291
16
503
-311
-298
642
-861
-821
-618
222
716
-25
172
721
510
6
-830
19
-352
-893
692
-346
-691
-145
-909
-448
440
464
446
-745
908
45
221
583
-446
107
53
-896
-28
-555
192
392
-497
176
432
-827
527
-14
-14
-340
136
-230
-119
-104
789
580
502
197
-128
-459
243
899
-70
-122
-51
444
-874
-314
568
-284
912
7
-759
-534
420
354
-571
-613
645
692
887
541
79
307
980
-848
-690
902
791
-132
362
-332
-537
-347
-634
228
-424
-168
-355
-551
130
-515
223
164
-269
-347
363
386
-594
-108
919
979
-372
494
557
120
-99
170
-11
496
802
-440
-439
-393
194
630
-750
-191
891
921
-211
-169
528
-597
456
-243
466
-352
546
682
-958
234
972
-348
-190
-298
-209
762
26
975
929
-515
-596
914
-401
784
920
134
-477
512
552
49
896
954
-131
578
507
192
649
-643
-306
512
497
685
957
-120
561
-515
846
972
-77
814
-228
173
846
-257
117
-691
-737
155
-284
630
519
606
442
-753
551
917
-213
128
-786
-607
-827
-779
344
207
-369
-536
193
107
31
598
91
819
-921
114
-685
-47
-573
657
-875
865
-93
-581
-558
-74
-99
688
682
-445
988
-615
-956
-694
-910
-389
-51
-10
-814
338
-660
-965
106
515
-235
-271
584
-350
-645
-210
83
419
-200
300
-844
-214
96
927
-915
372
-161
-78
860
599
951
446
-350
141
322
9
-338
697
164
-902
438
-425
-936
-943
387
997
840
-281
-381
227
-202
-829
-741
-903
177
-272
76
-308
820
408
82
-520
-797
-717
-532
558
-373
706
716
229
461
-319
-772
-129
630
516
-831
-725
-706
847
-565
140
453
-388
143
385
633
-930
533
-14
911
-809
855
425
407
-940
-390
-716
-580
-670
-51
-992
694
-927
288
-733
-867
277
440
-141
325
646
474
-333
883
209
653
440
569
139
940
36
-823
-741
607
-37
841
-437
-76
-947
442
533
-986
-498
-143
15
205
-57
-976
-709
-853
-733
-741
-615
-476
68
207
410
521
779
-607
-496
-386
-109
-323
926
10
-369
869
822
682
-72
898
545
-314
993
41
-251
402
-387
310
288
880
56
157
-360
645
580
-960
-640
-525
227
587
510
316
240
-558
133
437
442
711
-13
-817
-974
-229
165
58
-57
761
-150
-598
909
356
-59
-265
-835
-253
-352
-645
52
397
163
166
-909
560
744
-589
-208
-369
-109
387
978
-433
-897
57
711
868
-272
615
423
503
-881
525
-340
-853
536
-524
-955
544
525
78
-323
115
-573
-368
688
-18
-710
-574
657
949
-59
-344
-64
-585
434
-214
-53
111
850
710
821
534
793
638
-985
567
810
-870
256
90
307
573
-13
913
504
657
793
995
801
774
-698
-333
-903
-547
951
81
-654
479
-817
692
-551
-163
895
899
814
-639
-633
-870
326
423
832
234
507
37
-917
-256
-288
825
-564
-326
581
283
-563
939
527
125
-404
690
703
-935
520
607
365
951
732
326
687
-158
953
296
113
424
-103
-1000
-737
-671
-309
342
-256
947
74
588
-576
102
-921
415
404
518
526
84
-556
127
-994
-944
850
-60
421
402
21
-39
-917
-595
-124
-816
-858
933
-383
83
-45
-697
946
337
150
-255
903
727
-811
610
350
864
560
-917
711
-241
-391
-31
301
-317
91
848
-562
-845
-165
-217
532
-172
-240
134
673
773
185
875
932
58
-759
-874
-634
917
-580
-297
442
-457
789
-398
901
174
-31
8
422
-758
895
265
-395
-97
-119
524
-948
-473
-326
-473
282
-561
-410
803
166
-135
-203
-991
-475
537
-114
-76
507
571
-436
728
861
-917
-655
-737
182
337
173
279
-975
-3
546
788
997
742
435
351
324
786
596
-121
456
-944
646
796
743
-947
-265
870
800
513
-641
24
863
898
-16
708
941
-524
-318
112
-647
446
257
-670
-908
611
42
-542
-470
581
-554
-226
-435
-385
-593
817
340
-424
925
-27
-463
481
-796
-984
-303
-900
690
817
-853
696
978
258
42
-631
-113
850
-826
384
159
69
788
416
22
-783
957
935
-311
125
286
-38
-723
765
353
-808
252
312
82
112
-103
878
-400
645
205
-309
-397
513
-302
-136
502
357
-825
-947
-38
-152
-134
-575
687
-66
185
485
142
783
-40
177
-628
-350
-243
732
-69
-657
399
843
923
-720
-512
-100
-842
-60
-589
235
-572
838
404
-281
430
634
-141
538
-634
-347
15
-335
-912
733
164
-376
71
-829
712
59
-29
330
-437
687
-470
100
-256
634
-666
211
-512
-251
-431
279
757
616
571
226
-863
909
-819
298
4
245
-652
-839
-231
464
977
-215
108
900
-174
-717
-676
-631
-315
272
-831
-619
-577
-862
-281
-59
705
619
529
-887
356
-260
-449
-862
-589
994
-839
-78
943
627
153
634
-454
868
231
-126
453
476
-861
493
-866
762
-21
559
-586
-853
72
-718
-519
-187
569
690
-337
-95
-47
285
-830
-440
-308
-508
303
-138
8
2
832
-397
659
439
-470
-866
956
46
-93
56
722
-593
215
-781
-495
-392
-78
437
-684
713
563
-391
-278
346
303
465
-836
38
-826
780
1
749
-716
-103
543
306
330
338
-193
-210
-401
436
-853
509
129
644
-45
440
476
349
-107
543
-953
-728
523
-678
-625
-726
-197
-476
-689
491
993
481
-464
-798
663
-622
959
593
-946
-158
-980
347
26
813
-262
758
-145
-931
94
959
-824
987
747
-498
131
465
19
37
25
-333
441
-510
-374
29
33
885
825
618
-633
728
-320
713
89
93
-733
-559
-300
-600
-673
530
-49
-61
-919
-701
934
-404
-623
799
920
917
-311
363
-776
489
-451
86
-667
506
506
363
-17
93
-921
466
-970
705
841
389
-640
-410
124
899
-263
-645
2
-909
-958
753
143
-505
-800
-362
828
-829
709
492
607
580
251
-683
-303
855
200
-675
-207
-880
16
-246
-249
394
-848
-289
-101
761
647
-911
605
860
-430
-948
-117
-531
896
-405
-871
307
470
505
853
13
-662
489
332
-311
175
-282
-921
-930
838
524
864
294
35
-616
-851
887
-972
378
498
-867
-20
-756
-667
326
955
-930
111
-113
-756
703
-486
-750
-925
879
-641
754
-892
-130
-635
798
760
-175
406
1
-55
-969
-750
249
141
-591
278
163
-246
489
-526
54
781
-420
-7
338
-907
-318
-616
207
-674
309
724
500
-125
642
-933
-741
-10
-285
-961
377
-712
-881
-221
276
-106
-1000
900
152
-199
-152
58
-917
-688
713
-545
508
289
-414
987
-468
522
805
210
625
-341
-624
609
772
851
-49
343
608
-735
391
339
6
-216
907
-447
-210
378
41
-220
-806
38
-560
-469
-424
70
236
-675
-644
-130
49
-873
-723
-41
-11
874
842
829
-903
481
27
235
556
825
-448
532
514
-774
-921
-137
-99
-98
942
480
-967
-186
481
-311
257
836
605
125
-767
753
-959
997
-788
242
695
815
74
-211
130
-138
931
-711
-940
581
160
420
-748
-695
742
-337
480
59
21
689
-313
-151
-910
737
851
915
475
-565
-243
588
606
-318
710
-835
632
647
344
731
-434
-243
-732
894
-798
-929
654
-259
-100
-349
-46
222
-564
957
965
-525
818
-307
583
164
437
-715
-355
-428
-49
-107
-203
-424
970
-854
-102
-550
-119
-611
644
217
874
952
866
597
428
-461
306
-105
148
363
817
13
480
-195
815
-850
758
391
766
547
-169
-226
-673
172
907
472
-492
-80
-492
712
865
-283
664
-421
560
-320
582
427
785
-928
-809
-125
600
822
305
-842
149
32
985
837
-350
-43
815
-336
193
-716
913
-344
628
-30
642
-249
893
291
582
-137
-450
995
-54
620
-839
-349
773
933
946
-514
284
-51
-75
-136
685
205
-294
-740
918
251
-676
-593
-753
721
310
27
-155
-250
351
-774
-137
-22
-132
215
-252
706
229
-796
15
44
520
292
-937
774
-820
-205
-705
209
-234
587
-720
-747
498
-573
-854
493
-951
222
592
-816
-322
357
-681
-680
370
-491
692
-714
-159
-344
-457
-576
920
-781
-404
-80
-102
163
-430
-67
-480
674
722
41
254
-528
924
-96
806
617
-574
-301
201
595
-414
769
-29
-9
-934
-578
-742
-424
-535
-79
207
-2
-501
66
982
-967
-230
-289
437
-520
551
587
581
-505
368
829
-413
-10
-813
-401
69
-160
582
792
2
-97
-376
603
709
138
-123
413
-359
-776
500
906
-318
-325
-848
-885
-932
775
422
-281
-646
-493
-877
-960
-423
234
438
61
857
310
629
-317
-79
870
-594
-571
583
673
-801
841
821
478
-904
940
-879
-375
-207
-444
-223
675
787
-620
-650
-1000
-15
-433
-545
-977
984
-477
-683
-931
-260
-924
-870
-231
239
-368
-910
-174
236
-273
-254
544
-756
-774
95
107
979
-117
448
776
-307
100
-786
484
-700
400
842
270
864
-862
-727
-70
871
-865
-836
-563
837
861
-507
-638
810
-52
-363
-278
748
386
91
103
-428
921
177
724
436
40
-422
347
694
-713
221
-599
676
419
-421
912
-713
-159
-493
90
455
276
-524
-510
-500
820
309
-793
763
-621
496
-481
-799
-275
5
337
-589
374
841
-594
128
-238
-728
496
-671
-931
-578
-10
18
142
-929
352
-556
65
507
139
792
-713
59
713
787
-162
175
397
-239
-328
974
-704
-664
27
-142
-136
319
753
956
-415
-831
-61
-547
769
314
16
-378
-80
-224
-6
-743
459
315
578
-260
-57
775
-773
-161
410
-367
603
-674
-870
595
846
-517
745
-993
-850
-874
-410
648
770
530
-199
11
555
436
167
856
-688
237
584
-379
98
-626
339
459
-272
-947
-842
615
-186
-42
429
-953
-280
-758
79
717
474
-921
-806
-560
-549
-766
155
-304
200
-670
-429
-302
-761
-882
-953
-593
-814
359
-233
995
504
721
110
-751
220
-86
12
663
-378
-489
937
-841
-458
429
-234
289
-981
-425
15
-959
-487
-691
264
787
-26
695
499
251
607
-729
246
-105
22
864
760
-298
51
574
724
-830
526
495
170
823
140
823
-145
-469
-820
329
-174
-454
-983
-752
787
535
-61
-369
-126
162
673
-277
113
166
-208
-813
175
818
982
540
-988
-340
-810
-228
463
892
741
210
391
964
795
-989
614
538
-234
-713
935
-498
467
-23
631
-620
442
785
753
62
397
-297
-255
-648
746
-222
-57
-824
-253
114
463
972
-443
834
-918
167
424
947
-547
-594
837
260
-463
478
90
-918
129
265
-24
99
-374
-255
-269
-227
-176
-884
-94
374
360
-328
-480
542
-709
-502
556
-496
565
646
36
-435
881
-814
-250
-321
968
676
-122
-545
-416
-135
-494
801
-559
224
-942
-134
358
83
-153
-423
336
369
-635
-404
-248
156
288
-116
-38
-472
-793
33
-519
790
-605
-249
-104
-784
905
855
-979
712
202
-958
51
291
-867
342
852
873
464
634
236
484
-984
218
-756
239
295
473
-603
339
630
457
888
-890
797
816
339
172
-917
512
171
-687
197
-222
-996
-195
-902
-402
443
-381
3
16
269
669
92
18
-810
-115
630
-603
-117
314
20
-489
-494
-732
-665
886
-124
93
329
-773
633
-837
179
536
-997
668
968
883
-19
-654
826
-793
-197
715
411
0
-949
-549
452
137
672
-298
476
775
-820
-576
-876
17
-362
-28
566
116
-973
124
444
-91
38
-604
346
-648
78
-363
100
-914
-55
533
123
233
-87
15
-811
-426
-305
578
508
291
736
-79
-138
-776
434
-539
424
46
-20
-536
-818
-367
-297
-294
-127
901
789
265
0
-409
-694
-89
-429
684
330
-247
-568
-685
335
-901
-775
256
11
-515
157
-380
-906
-661
361
423
-702
600
-576
-178
-893
184
-285
-949
-334
499
691
385
-730
-458
-28
578
-556
-194
-119
-595
-100
434
113
896
40
185
368
648
-367
-262
-621
790
657
-475
577
-713
-308
17
457
-319
469
661
452
-99
507
-391
-556
74
-572
959
-757
-797
444
-318
-780
352
653
552
461
94
-43
515
578
-813
-899
-658
527
205
779
415
212
-852
203
889
-915
867
610
-438
571
-895
376
-569
650
637
281
255
79
682
433
-165
411
-21
-955
130
-624
-443
-757
-733
874
-556
-851
413
88
840
-7
850
937
-521
689
-764
598
144
-682
457
935
-505
206
-164
-999
143
173
-326
866
454
-209
569
919
871
-209
445
-430
874
999
437
-169
650
921
-770
-862
-964
-339
-975
280
38
471
367
896
55
-528
819
53
-452
-986
-15
-623
795
-892
760
660
52
-872
484
-647
-300
-836
-266
-898
184
609
-279
260
707
-728
670
339
360
-730
-786
-886
731
-680
49
-483
-892
773
527
377
363
-99
929
842
-750
627
425
-411
83
593
227
150
-218
351
585
847
95
120
543
82
-216
806
772
-631
-604
-49
-646
-814
-898
-692
-469
931
-374
-1
-603
-336
-167
307
784
-507
659
4
89
-2
-494
-67
981
-484
87
-806
-900
-624
-615
891
-820
-906
146
-298
263
533
986
-567
816
203
471
509
110
995
556
-720
-897
-421
-810
706
-489
80
577
-226
583
-159
-206
-851
427
-456
-120
305
472
-775
-836
-134
740
530
754
23
-37
732
-60
586
886
266
-887
-668
-980
-41
169
83
-855
-858
162
-25
50
-624
971
-957
666
998
-198
254
-967
-952
-419
-235
305
-941
204
769
-875
-909
-686
-623
-777
965
961
555
-870
-500
-935
836
-352
41
-598
-321
913
-753
-880
-945
525
102
-91
454
622
163
-815
107
-697
2
981
60
87
-437
377
797
663
-688
497
62
-978
-512
691
229
95
-498
636
506
581
-498
832
-948
-291
-59
-738
-61
625
309
-280
891
-319
47
-208
201
448
-719
-665
309
-279
724
-374
-876
-102
-540
652
238
47
-710
-647
-736
-449
-139
-53
-320
-235
628
-470
-526
702
-423
628
123
-355
-297
-317
-608
251
830
678
581
-453
545
304
-679
-305
160
441
76
842
194
-935
950
159
871
709
345
-210
846
-250
251
230
992
-338
-746
793
-568
704
767
-335
667
820
659
-952
-751
65
-983
-528
-719
631
-800
-696
448
554
-708
878
125
51
62
-35
-496
-871
352
-900
492
203
255
-339
516
831
896
-939
974
-526
718
613
415
104
-474
643
-82
458
-80
731
658
5
952
817
949
541
-564
768
964
-591
-805
-466
-751
-169
566
-320
-21
89
838
-881
118
-119
810
448
-727
-772
-862
-765
858
-534
257
864
-748
-84
139
495
-383
-923
696
-368
-542
-748
-865
66
-247
993
-994
282
-885
-245
-63
667
-89
-206
-441
494
-585
-941
-471
301
764
-686
-635
647
113
-385
-891
67
-683
-632
-425
-859
309
251
526
305
46
-305
-994
-489
-476
-412
-272
-437
-420
784
-126
-954
-851
467
608
-508
-501
264
93
-686
652
445
254
754
-232
690
604
760
-927
-72
244
-611
-658
-544
-652
-618
467
-584
139
-564
493
-198
-356
929
-250
-796
-265
856
-852
346
-779
351
-209
932
826
-474
827
-803
722
146
34
-303
-586
-722
971
-75
292
-234
929
-309
682
177
353
-861
716
929
285
17
-623
817
906
-630
56
-705
-130
975
59
576
139
224
-426
-211
-174
-144
-537
57
817
524
-106
-235
61
-816
877
245
840
833
-889
-869
908
266
798
563
-927
-915
647
-965
-148
-801
211
991
-33
-368
-78
42
988
-692
456
-965
78
-944
-911
879
-854
-594
-851
614
9
711
-719
743
892
750
598
405
-621
-581
628
-477
497
-568
-707
-373
950
-921
367
539
-864
-596
996
428
155
-42
929
333
-473
-451
-938
-348
-86
485
25
962
-607
667
473
-812
-732
-653
-914
-612
700
-840
-288
629
-1
-939
-615
468
295
879
932
836
-493
625
282
-296
-559
704
661
827
-981
339
-941
535
-103
364
-913
-801
320
-323
935
39
957
-950
-82
109
971
717
-328
391
642
666
-350
-70
-403
930
633
814
557
-466
338
-938
-190
468
20
941
-507
-626
-809
16
620
192
614
733
62
892
76
847
314
-31
-281
-521
-648
279
500
-854
29
-558
64
-941
890
565
-992
-879
-401
855
474
-81
43
172
73
713
-422
-458
916
-627
677
-268
-244
-478
352
399
873
501
-14
934
787
801
-350
277
492
-946
947
8
849
-240
-153
-596
161
993
-228
-962
148
792
-209
733
-976
-855
-684
-88
61
946
-239
-35
-262
990
-391
133
-768
860
-672
-440
-642
-389
961
-607
0
133
-67
-848
-603
-5
-645
-943
985
-653
712
708
23
540
-330
935
-583
252
44
-268
-757
-193
-871
173
232
871
-808
-173
-782
284
102
-207
-563
-712
-556
-292
-968
191
-450
-899
-532
-198
-797
82
557
932
-349
598
396
60
136
-198
411
695
708
-988
367
-107
-740
346
-608
119
-555
881
-820
64
-202
262
-596
622
-696
-344
-14
-269
850
-621
788
514
362
624
963
275
-835
-523
-977
-882
-572
-888
49
-767
-505
-579
433
-921
-937
144
-970
-910
341
-998
732
57
-436
302
180
604
-375
190
648
999
776
411
25
-755
-137
-790
-202
637
-678
-782
-82
510
31
521
211
-117
383
307
182
-924
-244
-898
-695
-241
713
870
843
668
-640
863
-576
884
-963
613
-645
-264
-541
611
742
-262
167
438
611
97
-972
-76
-617
-818
677
572
-184
13
-529
-996
-696
-315
394
0
931
681
457
949
299
-849
-722
-277
-770
-351
-441
200
532
-647
691
942
-232
-454
598
924
-825
-972
286
842
-213
-62
-761
-347
428
-6
-23
-530
82
-915
255
564
-470
-126
865
567
246
-752
-551
-448
-298
266
-782
933
460
447
671
-586
-514
146
-682
-609
341
-486
-995
-218
-383
-377
916
-392
-362
-758
-177
-256
998
-59
-751
-511
112
-729
252
-858
407
-5
-196
707
-849
-579
-477
901
-704
-495
-111
-484
-616
-655
66
678
807
-693
723
-57
60
949
165
-397
832
-925
-870
-82
859
294
-218
-175
-737
-626
285
-103
578
316
-306
-248
-147
478
-253
154
-686
973
-709
-532
594
-431
180
-134
753
793
371
-407
451
74
-115
-837
-797
-600
711
-184
-536
-526
906
21
532
777
865
-259
-359
-128
187
-1
-360
999
-442
-686
-720
866
-301
-564
852
-73
-526
-275
-220
572
-190
-825
762
899
-317
-807
-842
-104
793
919
-2
-588
-689
747
-151
-291
869
420
-5
986
-89
-876
-825
-163
218
656
-491
-427
975
263
-209
390
419
-617
975
-768
769
-892
665
-703
-434
-774
-779
-542
769
-152
-11
-319
-356
-137
626
667
179
-510
-174
-280
489
-293
-921
-474
365
222
-708
589
231
-678
-175
-756
638
339
715
317
424
-805
-201
544
465
694
-512
-24
-687
-131
-175
-434
559
249
-525
-758
-773
-43
-726
-209
732
-899
40
-34
152
566
438
423
813
978
745
756
800
-481
-769
972
904
-310
590
175
-178
-942
429
462
-999
148
897
299
-876
-987
-717
-705
-291
-268
-375
-852
-373
-891
989
634
267
855
390
427
398
658
170
947
706
-953
-146
-554
935
-559
-919
819
26
-959
289
-702
649
-216
-226
123
-677
861
715
-580
-857
-395
-494
-787
16
-836
-428
7
724
596
730
-480
-318
72
342
39
-387
664
607
-363
-308
764
323
450
-844
-177
746
-727
950
-737
-982
-85
-921
-553
701
-744
460
-564
-981
-900
304
-155
-370
998
578
713
97
-9
421
-404
795
421
-823
-936
51
298
-861
-840
-664
-844
112
-625
735
280
99
-204
244
154
-940
-515
-595
604
751
674
-988
-303
-148
355
300
-368
774
-582
689
-335
934
-885
-449
-338
739
671
369
-803
-379
798
367
-738
227
-803
-252
-234
276
-962
-690
-205
-167
563
-490
-549
-947
691
366
-973
934
-91
616
-224
117
538
-30
-928
920
689
478
765
-181
623
331
-645
551
-428
755
-230
-187
-474
701
-250
-181
740
-2
93
664
404
-205
789
551
746
-224
-312
-783
863
710
-196
808
-515
-539
250
-278
-402
-347
-210
204
-82
-741
261
144
-585
-300
-391
-301
390
535
252
141
-758
405
-744
887
133
104
-843
233
-385
111
-176
-912
-178
-780
343
38
-321
901
-185
137
-470
848
417
-312
-811
891
612
435
-897
225
469
196
-342
-302
-394
812
134
-907
326
917
-764
705
35
89
-12
-46
-558
101
-556
-34
869
910
825
860
170
-754
176
-280
-100
827
611
-531
803
-128
-762
-229
-302
-949
-652
-242
782
641
-745
-153
-485
-321
-326
615
-182
806
-434
-611
-818
-44
-344
545
988
-20
541
145
677
881
194
-652
-890
205
-964
58
189
445
457
154
735
769
502
906
-680
174
-513
138
-535
-474
-947
-605
-755
-728
-24
-914
391
-370
-610
-691
-445
31
450
-417
-791
-275
-445
-310
351
954
737
738
-458
-342
-134
112
-97
290
876
-420
516
-521
753
-210
716
-735
-249
970
127
-183
-199
266
636
117
-445
346
745
-506
-315
877
-525
545
352
708
-79
-542
-978
-305
-633
-615
546
590
644
665
693
-196
917
766
633
269
-307
349
796
789
-994
476
271
672
866
-128
116
-713
-700
-625
87
402
-374
262
123
664
286
292
769
-7
674
251
-15
288
-712
-398
-295
909
626
825
717
-118
964
-706
90
19
990
-223
-161
-147
716
448
662
-391
651
969
589
-851
-812
695
372
350
969
-239
609
194
-541
-331
422
-370
-708
776
269
924
367
282
-362
433
506
-817
-786
210
765
-991
13
295
-889
-131
958
984
-726
300
544
-56
-709
-267
657
414
-946
161
219
-866
-749
-283
972
-197
172
-125
796
-263
-904
-837
887
2
577
-746
-758
-866
-429
268
-1000
243
880
-988
978
-284
-975
-458
-133
-533
737
-262
350
618
283
-70
-125
573
-413
-900
748
616
-236
302
-534
668
224
126
-735
536
699
797
44
-463
-350
-640
-467
336
-768
477
-704
-462
-597
480
-762
929
-675
252
-613
-101
225
108
-535
727
157
357
-318
-807
93
-334
546
-936
563
-162
-178
-625
-535
587
102
-901
-748
-642
-629
-288
598
-480
-939
-892
842
771
-388
895
-891
969
559
-303
24
477
-928
-18
962
-981
-955
-874
986
-162
-119
295
366
-25
385
-434
912
181
-737
471
669
-672
-639
250
-492
-674
920
-104
53
762
-437
-776
-842
285
890
591
-93
-127
-888
380
-91
-699
-696
-561
-96
646
22
-713
507
-843
462
-260
-372
-1
-843
-67
-10
-26
-563
-11
98
-280
-753
-553
-804
-414
-969
-795
-390
-85
259
-432
-71
453
-617
484
123
-871
-256
-797
-173
-43
956
-253
839
-287
-335
-821
296
-83
-870
723
-710
-311
624
-100
-410
-5
534
-642
-93
-570
49
301
-958
-715
869
385
-370
-564
982
422
376
-926
-732
-56
-731
637
686
564
975
644
-556
-241
175
298
-499
348
-654
-423
468
-247
-80
-395
750
646
506
766
-793
783
-56
459
156
340
-266
566
-247
-977
-978
743
-149
256
656
-569
681
-364
204
-835
1
481
419
979
-47
783
-891
-756
-851
718
-848
-92
-161
261
370
-372
709
296
-269
131
-835
671
255
110
127
870
-438
543
107
-729
-922
-832
187
473
334
-502
603
-21
37
-412
-445
-358
335
-785
397
-549
-723
-161
646
-397
549
-66
755
-829
251
-962
461
-678
-980
-37
-150
6
-777
-769
673
-5
-929
697
446
8
992
377
858
-317
-668
-855
-191
-773
786
-24
-659
-459
-623
-930
709
-124
765
150
719
452
-730
-933
94
-113
-379
-158
-551
-101
-995
-519
-821
603
-20
-737
-702
557
-44
-372
736
-908
-441
726
-612
-335
-805
862
-922
691
637
-982
834
109
795
557
733
97
390
984
-700
-38
-81
-998
33
-197
-887
855
-291
-962
-187
958
669
525
420
-238
-727
528
-570
971
-184
913
-944
-422
-952
-149
583
702
-55
216
353
-439
-75
336
-210
892
-455
-125
-678
445
814
-679
103
-751
474
688
-148
969
-827
-2
-888
543
-141
255
-203
285
400
564
-591
-466
-690
368
-234
-439
-396
-709
558
89
729
620
796
918
-879
-168
49
392
-76
-549
933
544
-500
-300
325
-480
573
-471
-191
522
19
642
-33
877
-603
837
-391
-700
-575
-838
602
604
773
-254
470
417
-632
-496
-207
52
123
655
-539
238
-898
315
-330
886
638
-895
-34
-17
987
-44
-638
959
-55
-152
658
51
113
-905
298
799
-473
-40
-990
455
-161
-266
73
919
75
258
406
659
-505
-924
292
538
-252
-876
49
-463
-687
-726
-245
151
-360
734
-427
326
33
-97
-329
-350
-811
-754
413
-150
-453
626
253
-494
55
-294
-266
496
-577
737
-816
-380
-219
-675
990
-564
-936
107
867
147
-396
563
-418
-878
-497
-188
118
-928
-213
-605
-178
-874
529
781
-101
952
93
561
396
425
-1000
55
-822
76
909
766
711
519
908
-947
-861
-569
-181
-66
-284
901
-653
81
831
-765
-887
643
-423
-956
262
216
140
921
732
81
86
-657
-32
-147
-983
-951
831
-823
-785
330
241
-596
-897
-266
360
250
-590
-95
-447
-732
717
-330
-66
-829
160
873
881
-696
382
-859
-375
445
-387
-611
410
-433
-390
562
258
-354
537
-382
949
483
-132
-620
323
211
-142
-516
-607
405
-149
-631
122
204
613
-897
-830
-121
464
-147
-207
555
-822
475
606
-401
-4
-59
771
93
207
694
771
18
532
615
905
-43
43
591
-850
677
534
-487
143
853
144
-787
411
-949
-253
-179
705
-347
349
-530
313
191
308
-771
-81
-359
528
303
-116
326
-228
-18
-399
-360
-961
-486
-701
232
-943
774
997
326
-151
353
76
-291
-597
952
-800
30
489
186
267
-501
492
-478
-672
688
112
366
85
-245
639
-438
-46
22
5
-725
814
899
-969
-801
34
978
949
-423
-304
-472
-30
191
-626
946
-58
-695
469
-284
-881
-141
-564
293
456
904
378
-237
354
514
755
873
672
-951
-342
-235
-861
421
489
-997
352
328
173
-65
857
-144
616
437
-53
628
-361
784
394
-622
414
-278
167
-638
807
-628
390
435
608
-387
-810
-866
-181
-598
-101
140
-759
48
-593
532
339
242
-714
356
-776
804
704
656
-220
101
-425
612
253
-893
-587
-120
69
886
889
-723
-285
231
408
-470
-3
417
-795
551
-810
-86
-109
574
-479
-909
-138
205
-875
-965
53
-77
278
204
-412
15
-177
94
-830
659
609
-662
-790
-656
909
392
94
-606
-514
-508
-729
104
997
-189
-757
-492
-469
340
283
-304
-902
396
-534
-34
-222
1000
946
258
-340
-861
-320
175
-887
-973
-752
-498
935
-547
-270
-237
296
794
815
740
-227
206
-452
-422
-199
606
-953
153
1
-257
-644
-13
-316
-348
612
150
313
-105
-121
-712
758
-139
-944
483
-291
-86
91
316
-348
-845
-153
-7
-464
-583
-553
892
-277
871
-437
-883
-678
592
125
796
301
-861
356
-182
-867
-854
-808
444
646
385
980
-57
628
85
499
169
264
-389
466
610
536
-962
-839
359
349
518
-281
158
434
-20
823
-437
-707
-600
324
-504
-615
-407
-710
645
478
391
522
-505
-317
87
-78
800
-942
226
-85
-534
198
-32
640
-546
309
-592
-81
-744
-740
180
106
597
655
-238
-107
417
-163
339
-202
-816
-897
-575
-356
139
-410
260
128
-739
-40
-58
877
715
175
-874
676
-414
902
961
926
310
-295
-724
-718
-271
-613
110
17
467
548
-801
12
536
-795
-727
-894
-335
-708
266
-334
484
67
-425
-825
-92
454
-824
298
-264
-675
424
114
-344
-819
-666
145
66
851
596
462
-5
-81
-613
-402
-64
-309
298
-197
419
309
820
-924
862
-793
-886
-581
496
387
497
-63
-500
-716
-676
-188
-962
579
619
741
-591
-103
-372
-195
544
-97
-550
-360
428
69
449
196
-174
-239
-534
-98
-356
314
-873
299
118
736
292
789
-895
-381
-906
-795
515
-469
160
-396
472
20
-489
709
391
-425
-126
-268
368
715
-532
593
-938
-186
-192
484
-596
4
673
206
-858
785
-468
-961
-314
-172
-762
14
704
403
-46
42
317
-550
-410
688
23
285
-562
40
918
338
491
-806
-208
-743
-113
429
786
187
-569
-256
776
49
955
86
-445
-455
-688
652
-110
489
-15
633
110
992
163
-721
-151
-370
-614
-316
753
692
651
75
-585
-365
-407
-986
-811
259
-969
-193
209
-12
807
91
-267
-926
950
838
852
739
-611
990
20
547
156
122
932
50
-268
758
81
486
454
-469
-896
-705
-916
120
-143
-734
-631
-632
700
-274
224
46
-572
-877
720
146
763
-828
609
-267
-607
-808
-30
814
535
947
-624
582
-239
-689
455
426
-38
114
876
549
-787
86
530
113
-772
709
-256
-100
-387
-289
170
-199
178
746
132
889
-342
-475
-773
-56
472
-726
771
-485
641
897
744
-371
585
-259
130
323
-847
-228
-576
173
-260
627
928
679
899
-298
-981
-780
-777
711
-778
899
899
-790
457
362
954
-168
-405
-993
-742
-535
974
-837
-127
-460
32
-159
161
-614
622
46
86
377
-722
956
-760
132
510
27
823
-871
385
-158
886
-634
-259
195
-74
-316
85
592
520
450
-129
426
278
788
-391
464
85
-819
501
736
-842
-767
-415
390
140
-509
756
586
-156
232
-44
-970
471
-961
722
-998
528
940
-32
506
-663
616
-128
78
234
-782
-281
225
-360
-415
633
-577
-269
803
413
963
929
233
-535
-470
883
-183
312
924
-502
-33
-395
-276
75
407
997
217
-313
-417
212
683
-561
383
787
928
204
447
660
225
417
-45
965
843
-154
-48
-68
-640
-45
1000
-747
-785
-682
-758
-973
872
636
447
596
149
667
762
-49
-657
688
816
190
514
-716
-22
-216
-698
757
776
-555
731
648
-730
667
699
213
-35
-420
273
-86
904
882
-219
996
98
-13
634
-245
-352
235
62
-991
-658
-447
11
-872
156
-35
-727
-380
-721
967
-334
492
731
-837
-784
-632
966
74
-790
-668
-67
768
-650
144
322
539
484
-452
196
335
9
419
555
219
-82
837
365
-47
-10
-175
585
629
196
-340
-800
-237
-674
-862
410
-843
867
-94
-179
223
731
-589
792
-349
4
665
916
148
-227
357
815
283
441
-655
951
876
-415
808
-458
982
-658
-320
-575
166
-756
467
350
847
-502
646
822
425
558
233
822
514
619
199
807
820
20
-973
162
-839
-946
517
66
398
108
-808
910
-163
671
264
-204
476
-493
752
-431
-388
533
665
639
-683
-375
774
-765
-406
514
-880
384
821
163
175
853
-678
-442
-781
-89
353
700
-686
627
459
-800
-999
-251
-663
684
623
270
387
343
-981
-362
757
151
-308
-668
-886
695
-3
-682
-319
-768
65
903
208
233
62
-254
-763
839
563
343
-958
-108
658
795
-566
402
323
-671
529
-648
-91
-995
-999
-140
837
927
-43
145
731
724
835
-248
220
966
-252
-775
-315
-203
472
-115
-818
-663
625
-450
370
70
-14
-673
653
-439
-865
-249
-594
97
-710
-657
817
863
730
-628
288
-18
616
-58
-648
569
864
-323
-350
870
588
847
514
-770
-801
-863
-647
-275
-630
476
49
631
-834
-74
866
-351
-539
-21
385
-294
-959
365
830
-335
-474
-323
731
485
317
-116
627
-295
-889
380
-766
279
667
-345
-664
-917
607
253
-2
-366
922
-524
-779
-61
-484
276
-853
85
629
463
-438
-607
-350
-655
676
987
827
626
837
-61
-704
-570
176
-292
371
766
-66
-918
-647
618
112
264
828
-775
568
201
-628
-577
412
-394
410
-563
939
359
460
-908
585
-978
-135
484
-500
365
631
462
18
-84
382
763
-539
819
18
26
86
617
-283
-614
704
678
-666
-781
-819
-986
649
-814
812
74
743
-172
-254
404
839
421
-396
307
257
-658
75
-981
-132
224
749
-569
450
750
584
-538
-62
-706
-317
913
702
807
-462
723
-608
171
306
-383
342
197
723
-780
330
-258
-92
-950
-753
908
-632
-860
-850
-791
-67
513
304
570
798
690
978
-851
-485
537
156
876
-765
-810
-284
881
534
-690
-768
-1000
499
660
-559
267
-233
-423
-711
79
985
530
-961
-745
299
-432
481
-738
-210
-107
494
101
698
-180
-725
752
603
186
-107
-272
-723
-18
748
-983
33
-140
444
829
259
222
544
238
-391
139
-569
339
-701
-824
44
887
863
-838
-573
489
-702
-917
-653
657
-652
-318
-740
-522
966
538
-965
-495
-292
293
-507
240
197
-739
178
-826
92
623
867
230
53
200
-474
-566
959
-415
-166
-244
-874
-801
184
307
-402
97
-49
-46
420
-381
508
965
19
942
792
-577
-995
731
-345
566
999
378
434
263
852
-332
-105
76
-747
-762
-986
-764
229
800
-578
-373
-51
820
96
541
459
-150
129
970
1000
827
733
941
790
33
391
389
-878
-341
-732
771
-552
-25
-704
862
433
707
252
-329
-178
-354
850
-555
796
563
-594
153
-413
-99
870
-664
-409
41
-854
861
275
-756
-459
-116
-960
391
129
-257
365
-873
791
-249
660
-423
-895
542
-531
179
990
-176
533
388
718
-884
111
-825
-315
53
888
-365
-776
-88
853
-764
-793
607
259
929
288
-884
-217
631
627
-135
935
908
839
-230
-659
-727
-535
578
-752
804
-690
-735
647
-120
24
748
881
-979
-221
151
-484
-615
303
765
-456
-42
901
-811
-150
-105
-603
-892
330
798
111
-1
336
-301
-151
-596
979
740
-927
980
-411
846
-162
-687
522
-625
936
-80
205
-165
887
-779
-1000
-226
180
776
-319
-274
259
-306
-933
892
-601
-968
849
935
-541
346
-54
767
-155
459
-670
-55
-967
125
-755
-713
-157
503
-227
-747
-878
-623
-188
-109
618
-809
129
851
337
756
-922
-1
270
-677
858
466
-542
119
525
15
-259
703
-446
-255
192
-209
-86
141
-939
-386
616
-866
256
-606
-191
436
968
537
-619
234
360
-822
-898
243
883
-848
140
727
-499
26
-810
376
-1000
682
-133
312
-456
523
396
540
548
973
726
-474
575
271
-460
-398
-701
67
238
16
-352
320
-453
368
309
-488
-286
507
377
-680
39
305
645
-444
-604
-442
316
879
100
-535
-51
787
488
-480
140
-874
400
-432
113
-826
-270
865
-428
-164
351
180
401
213
235
676
-27
-316
608
385
-767
266
-219
-62
699
138
-737
620
729
-326
-561
40
-440
720
-400
236
-860
404
-300
396
558
767
-377
-271
-847
-677
220
28
-143
-361
-903
922
-729
-348
636
633
551
749
-703
62
907
522
-632
-957
894
219
537
510
574
219
-293
-552
467
-819
-877
46
-464
343
-361
-294
11
-272
941
388
512
-403
94
878
-560
-650
758
-115
-515
-712
419
176
893
-884
-848
-304
-885
-987
-961
266
558
-282
19
539
777
875
730
738
317
-525
231
-586
-841
345
55
526
140
-504
-739
785
-781
349
-575
169
554
-556
-592
-710
71
113
227
-83
863
267
-625
652
185
406
-14
373
-993
139
796
-797
79
-59
-316
356
-518
676
-680
-233
-795
-260
702
-226
886
-903
-790
743
509
-435
-680
761
136
409
-648
-562
41
-572
-959
38
-740
456
44
14
686
180
-700
-212
-139
-437
-953
-887
461
812
904
-624
54
615
15
-356
-517
109
246
-926
243
-960
-824
-2
-89
320
409
-608
-378
623
238
-748
-451
298
275
574
877
-751
210
-129
780
764
808
-240
-76
308
-340
625
-774
912
915
-960
704
221
517
-119
-111
675
878
979
794
416
75
-619
-698
-92
627
502
150
141
-251
-236
-637
-972
-966
172
-780
957
-412
-426
290
-640
783
-231
818
554
-822
-481
-423
590
-680
-112
782
683
-6
774
858
-324
-913
-351
-207
-669
-952
-253
307
-775
-296
987
665
-767
449
-810
649
-17
-41
605
-207
-334
826
-608
821
-749
363
631
881
-694
43
595
872
-545
-420
-498
-702
-452
50
-469
-391
674
-763
515
690
341
-661
749
-874
-327
458
-967
723
-928
-716
-192
519
-952
-65
323
-566
7
613
-203
-392
454
-473
788
512
-616
969
-113
205
-391
-160
817
134
867
-234
-622
-70
141
960
-985
-728
265
691
-513
836
-676
410
311
945
802
-585
260
-470
-837
172
449
167
-703
426
-805
16
191
-408
-185
-485
-912
-180
-886
668
-409
213
-462
-90
679
538
-294
-437
933
955
-1
-290
-403
64
459
-755
-877
105
-924
-834
-651
-68
-510
-95
-404
-210
969
-540
986
-584
-901
153
473
895
497
-334
447
-403
474
-810
-972
631
-479
-614
-712
-148
-662
-836
115
-809
833
-984
-509
593
-644
68
649
-20
918
-432
553
-679
82
-955
-39
77
-49
-148
888
781
-621
1000
687
474
496
515
-463
257
-763
-652
-109
-409
-818
93
-492
628
-147
-839
-722
224
-207
52
387
-87
71
-46
695
186
512
353
907
-742
-301
66
-209
651
-882
-548
290
-897
749
-852
580
-594
303
239
-741
88
-343
-311
-108
223
-153
504
-353
671
-361
-830
646
-665
851
-859
-973
-83
959
560
-738
-611
-906
175
-916
50
728
-118
796
558
-438
-452
-577
-532
642
299
657
306
-250
-972
896
138
-526
245
-976
-582
-495
-76
196
901
-576
-583
810
880
487
-582
486
930
-578
-968
-556
971
-619
87
434
84
-874
-39
-181
297
-923
-922
348
-303
-992
230
215
-986
561
-220
26
243
-942
-253
295
-863
495
815
412
-130
-248
-28
-126
475
-729
-812
-580
-35
-931
690
-544
-541
497
-924
15
219
-288
-979
295
-197
155
88
-946
-596
-487
368
319
929
651
774
193
768
498
728
-76
-742
-773
-816
-470
219
412
-808
-516
-759
-886
-124
455
657
640
783
-878
-774
-400
-699
293
725
665
20
888
-965
-628
65
-426
316
21
745
-737
-351
87
-556
-986
166
368
391
89
563
718
791
830
-221
-970
-855
-817
859
-114
-309
-669
944
332
851
400
843
-645
-861
348
-608
695
326
929
518
-276
-195
442
-400
796
373
490
-28
453
-102
-607
-711
663
214
875
965
-446
421
288
-669
-990
509
-288
721
370
-455
541
-660
-556
498
-412
-208
-122
-387
-539
263
-826
222
451
-53
411
-945
283
-19
389
70
-19
-976
-856
-699
-575
-631
422
-918
-142
-15
738
-285
69
-214
678
-792
-816
-17
-315
-886
-61
-402
-68
314
-623
772
-966
-279
-828
-88
-395
600
-841
-645
-294
982
798
-201
-360
-410
401
-101
-896
-45
-609
932
421
-70
991
-510
-224
828
190
-759
-709
-777
481
-558
26
635
855
-414
-60
-436
-355
-229
411
952
322
296
543
954
422
-760
-92
111
87
554
-98
667
-495
590
329
-370
-487
856
-94
-309
-665
-225
934
-639
776
83
129
-51
-847
-558
-948
531
109
306
-711
909
-839
-612
32
991
76
-942
-951
691
261
57
-540
577
774
435
-399
607
-985
-92
-521
-593
-903
-296
705
484
-683
268
725
-823
-323
-458
-538
-197
-416
-712
-80
346
-199
467
-270
-226
-257
766
795
865
-350
274
-902
482
-583
155
-956
-793
808
822
56
349
-862
-550
972
-553
593
-194
-732
568
580
-168
-449
-260
658
-4
19
-216
755
174
557
-829
938
118
-429
-727
585
-662
663
759
-582
-647
675
-68
-488
-193
-233
470
340
-918
-248
-403
370
544
429
-998
112
921
738
-671
861
-739
360
-970
-405
-417
844
761
-438
963
-129
-678
-331
-628
-45
-536
908
-406
123
-970
-579
-255
-867
-739
-699
-390
-138
-404
168
328
-683
-332
445
947
788
-998
-31
-953
695
-680
-832
675
770
234
-231
-294
543
984
-778
248
-510
-632
-630
74
408
481
113
959
-919
792
524
320
-769
5
472
-171
510
514
428
-4
718
578
879
180
615
989
228
606
-796
-868
-949
-864
114
873
-364
422
-73
953
-345
724
658
-213
-230
-570
862
-523
191
-644
-689
-441
-511
-288
493
-742
-840
463
-824
-183
966
111
-171
262
-494
-144
950
678
-789
-825
-846
-840
-717
848
-66
-419
-241
719
-401
-34
118
797
-709
373
862
495
-31
-721
238
559
520
-357
-17
-478
-912
-855
-572
74
-488
-249
977
937
187
-961
-756
117
457
306
-920
129
-669
908
210
-590
803
988
274
173
510
-778
332
825
882
377
-530
-127
-978
-18
121
-374
452
-910
-608
41
957
-589
-824
-769
948
-601
692
405
-950
-514
-373
44
-838
274
434
-844
530
964
417
-246
200
372
-380
-62
653
280
-534
-333
-85
9
-395
-105
-750
-380
378
-45
-531
-847
96
2
-385
-267
-935
-861
674
-284
304
186
-126
-677
706
-3
-449
209
790
932
-79
781
850
778
710
366
689
271
-400
-316
72
-789
-93
658
668
114
-739
-967
-615
-416
-371
-735
-614
176
687
932
-23
-823
43
823
-962
865
562
-406
495
-540
989
780
696
-883
438
-63
201
-390
-747
401
40
-561
534
-412
410
678
978
26
-205
532
645
-501
-458
-693
895
-665
-344
-533
-375
-821
-696
-358
-142
605
576
-463
-29
296
-157
625
171
22
-826
-871
661
23
-941
-13
49
-923
934
-712
-771
-91
-597
-819
-902
485
919
435
-26
70
780
-339
-488
509
582
-819
778
761
-847
-792
-60
694
-825
959
-508
197
-881
365
-44
-180
-905
313
-344
461
924
-201
543
-228
307
-987
882
54
334
-22
161
611
347
-691
-257
-749
893
832
88
-223
35
807
-608
751
592
818
402
-720
-22
889
-360
-391
-514
752
-356
943
-984
-964
-778
-625
417
-799
287
-48
-669
885
608
651
-77
220
-232
50
314
545
922
-911
-671
228
-995
-301
-458
-664
420
-696
-888
-931
-734
891
575
156
-458
-170
-501
164
-441
-157
-210
-70
230
-23
762
246
781
-611
23
-685
770
304
283
512
-475
-700
47
325
74
-672
731
344
-773
702
-127
471
260
521
-838
62
-974
-11
194
727
836
807
164
524
-417
-446
-657
-598
583
803
-559
564
-307
247
722
266
-819
-397
-555
-413
439
-965
-826
797
-693
-406
137
-393
687
-982
-800
751
175
-79
358
-37
359
-973
-789
1000
587
42
-611
-842
379
-601
-423
-725
175
89
-860
-356
443
-87
-109
-427
-554
819
684
-750
-976
246
765
-327
-963
872
-767
592
-821
-713
375
-610
602
673
88
679
-632
887
353
-195
87
756
343
-355
252
-639
900
187
-841
347
-80
644
624
39
162
337
673
120
-606
-403
-303
-714
495
764
-638
-695
-66
-383
-105
-960
627
441
-577
491
434
310
648
-760
954
-353
-320
-672
-760
-393
-747
-505
-632
683
943
-890
59
-862
599
319
-445
91
-542
-357
868
740
-584
49
-875
766
921
528
-808
-454
820
-167
-110
461
-935
885
379
-982
372
682
286
-119
234
-730
306
-711
344
-548
471
-29
-407
-8
673
874
-633
-752
-605
-531
949
178
-532
-524
-837
949
-242
-791
-642
-920
-366
-143
466
953
595
850
-986
819
171
-544
-75
-247
185
837
-186
285
-843
971
856
-325
25
997
-513
-657
547
-94
310
793
-15
-563
-84
349
-649
855
-907
334
-813
515
-575
952
349
-211
847
43
-789
80
-333
34
-480
-488
-862
-786
941
-149
-833
121
86
997
-204
671
785
-958
-627
896
-888
-2
911
-770
-877
479
-404
-931
-391
-680
-502
-309
-170
-959
380
-599
235
-151
-658
438
-812
684
295
-239
-754
576
-331
-779
356
976
945
-262
-427
-486
734
835
379
-731
-22
688
-365
42
3
-8
-49
-260
-245
192
982
-854
-469
595
768
511
376
-738
-315
43
-912
-905
-227
155
907
-216
38
-503
-320
-152
-690
92
474
-940
902
731
-610
870
-711
881
-46
-617
403
101
-830
522
-567
-504
-795
915
306
669
472
-936
-744
575
896
-462
942
424
-211
-904
506
231
-599
169
813
927
-623
-985
259
793
592
-800
190
-140
32
-702
967
-46
602
-674
-135
-75
135
-510
291
-761
633
-710
-4
-805
-184
-464
323
525
689
-232
-688
-335
-305
319
-678
65
-413
755
-370
454
395
-612
906
596
101
607
64
189
343
-500
877
-445
-783
-164
-398
945
-75
944
-563
409
982
305
-954
578
803
-590
18
730
-379
-12
-806
755
-158
153
1
422
-95
793
-478
357
632
485
608
-290
614
761
574
-288
372
824
-618
-131
-832
-803
859
615
-958
-632
-693
-843
-886
254
-557
475
-491
590
-337
-996
-685
573
102
704
-72
-282
920
-506
221
-800
755
331
541
92
-944
805
222
790
577
-359
-467
2
853
-641
65
593
506
-413
-738
-222
-842
-807
489
255
-618
-923
-396
623
-214
-340
-431
-624
-410
-329
745
487
586
87
-853
733
859
-84
-289
957
323
-48
-808
-691
-659
280
-707
235
-820
981
766
-900
-305
838
468
-429
-709
36
817
343
193
231
232
310
-810
-22
-45
-173
308
-347
-842
-606
-564
-540
-871
710
-574
-327
455
-788
209
113
213
930
-680
46
-643
623
-638
-688
195
188
-301
330
-398
811
-989
-649
911
948
429
-808
312
-442
-897
-990
304
-829
-195
-861
400
734
-357
583
553
754
-152
-576
737
-225
-666
909
-430
608
914
656
775
216
530
544
-277
-249
-453
-415
-461
-319
-824
-149
564
420
662
195
-167
532
-217
975
537
-361
-848
-315
570
-95
599
413
-632
-943
356
-44
176
251
314
581
569
999
-645
411
395
721
996
269
-106
-454
224
-760
111
475
-676
343
380
834
634
296
-958
3
-251
-499
-386
347
-724
-34
-355
884
-749
705
296
-858
985
-522
-799
201
927
-487
-521
-962
348
9
-598
302
-669
738
-948
742
-790
-920
-60
263
-63
341
894
133
811
422
-796
964
-983
-818
-71
775
-534
-144
603
817
238
-37
-987
-154
374
-306
-411
-947
171
426
-786
-387
467
-247
-117
-383
25
388
797
507
953
491
-443
-376
-133
-187
335
-500
648
-703
-873
260
454
-680
252
-967
454
620
-385
-712
230
182
928
-954
283
117
59
811
852
-161
842
-916
-22
896
-888
-257
453
-380
545
65
641
-116
736
0
-618
-897
725
993
-36
785
-742
288
-157
-953
-236
-863
-736
-373
954
-281
474
-828
441
-187
-92
488
915
888
-184
-564
-949
953
846
224
149
-140
474
154
546
723
9
-284
934
493
-657
197
-804
-464
-399
948
456
835
-37
-440
21
-317
-349
-441
-799
-708
-716
978
401
903
631
-595
-293
315
-536
93
-736
-854
196
-107
170
54
-244
531
-905
-504
461
374
537
-809
-183
-302
-958
415
-219
938
-954
817
-993
29
503
543
252
924
-279
544
-82
529
-127
60
-526
12
739
311
433
-812
-496
333
916
-100
-226
672
-336
-824
-485
-598
162
-258
495
-45
-885
-534
363
-175
-977
962
754
462
516
512
484
77
-766
582
-160
-92
-461
-381
-669
479
662
-808
729
-404
655
-346
273
-535
213
-35
35
887
874
-795
941
383
-907
97
-179
22
-753
981
644
145
275
876
-516
300
-641
-558
-70
-330
347
627
538
329
-26
-71
-181
96
-778
-912
-235
251
13
775
32
757
262
859
391
869
-223
704
583
146
378
619
181
-606
-305
-513
-967
361
-64
225
855
550
279
-678
-858
374
-776
-196
-903
96
33
-320
598
-372
-633
99
-647
-864
-388
-661
-907
949
728
-481
-928
-363
767
-445
-284
595
-118
309
500
-756
-591
-466
-787
-532
-991
847
722
351
-189
275
-541
30
-371
458
243
-903
93
985
-388
-8
-356
-204
-682
923
-871
142
924
-53
-244
-173
364
591
971
761
-746
948
-78
-436
822
624
-384
349
-221
-920
497
-825
676
-16
-613
602
433
984
-67
22
580
948
949
-701
989
-158
-217
-653
499
197
937
-257
345
293
15
358
-807
613
-407
23
152
750
543
-998
440
870
-745
14
189
506
-296
253
720
186
35
-857
255
285
-253
961
492
48
507
-180
218
150
224
-40
-635
-909
355
-871
161
-886
-849
-788
186
718
-334
757
-915
914
78
-66
897
-918
-684
282
900
-112
976
-24
-751
464
-606
-192
245
678
749
260
-437
-439
272
212
-79
495
-245
-838
-794
-642
-698
-954
783
-433
544
85
182
-605
751
-981
-206
516
218
-610
481
952
108
195
-741
-155
-301
16
-371
170
251
-946
257
501
374
-952
-944
-295
-799
-888
-680
-833
251
675
302
114
556
160
414
-578
537
395
-811
509
-583
194
113
-207
-50
-508
485
-397
63
-153
632
217
534
884
-743
-974
981
-929
466
-991
-972
-484
-856
-25
-274
-493
-32
392
-198
-343
-306
-763
-937
494
-939
112
-173
-787
-519
631
992
943
683
-365
-815
173
-309
991
-725
268
331
658
982
703
155
186
-196
690
301
-1
531
-996
-948
653
-395
-252
-506
-77
-288
-69
312
442
687
319
538
506
751
15
-614
-25
529
611
175
-850
642
-549
-85
296
-374
574
582
496
616
-270
-624
166
526
-355
-133
-757
840
651
445
776
196
205
-710
-668
-990
-902
-604
57
371
-379
764
619
748
-839
947
405
-495
516
259
942
-764
158
-52
853
55
167
-420
-445
707
905
-619
-949
1000
-246
-310
-480
830
-323
-508
684
-768
-792
-225
-466
-489
7
-764
-657
-386
-692
-967
436
-266
494
-975
-545
-799
468
61
817
535
-351
758
95
32
-844
-767
-820
-246
-913
-925
734
698
415
548
985
56
-224
611
-921
-319
-348
259
-927
321
-494
-168
-162
357
-971
111
-397
-172
77
-34
185
-808
709
302
-18
-879
178
195
-589
-739
-742
567
-162
523
627
-766
-907
-956
-364
121
451
-544
512
521
720
-750
-221
319
-65
-80
330
-565
-891
-149
694
-271
-481
-966
-243
868
-801
-38
990
919
333
-902
153
-504
-403
238
-809
-995
-895
477
61
-84
-763
588
165
-125
-68
-981
888
349
939
155
459
790
-667
-478
-566
902
419
360
803
566
55
670
320
92
514
-27
824
31
-509
-267
-846
865
-842
-170
-609
82
774
-832
949
21
642
95
-303
-293
903
-957
-581
-960
-93
-749
804
-227
941
-860
-841
679
-437
-205
623
300
-482
954
-362
-787
617
-966
-707
861
661
221
613
360
-616
-888
891
-992
-621
-965
845
-195
747
611
390
35
-471
447
-572
446
-621
-119
-505
776
877
-855
56
685
964
-517
845
764
-338
205
-840
629
546
355
-617
-908
-725
181
-21
-311
539
930
524
474
1000
-886
-489
-177
284
138
758
273
-811
502
-945
658
514
-656
-597
649
407
-591
108
140
890
-232
418
-738
-433
106
-232
-673
-867
-780
-398
406
-125
380
-582
-888
523
-74
-447
-543
60
-269
594
122
767
-450
-884
310
-67
909
-140
49
-56
427
-117
216
201
528
846
-917
-619
-461
-309
-964
-20
920
41
21
141
805
45
426
-800
-936
725
-117
-140
595
645
-250
-668
-237
-14
-607
-593
-544
859
-589
-997
161
-716
997
-244
-130
-758
-773
973
768
446
-341
251
174
840
625
497
487
-882
659
543
292
-56
779
584
-194
-542
-346
593
39
154
-747
628
-953
-791
-287
-282
-617
-743
224
-685
172
787
-33
807
536
-217
-851
-767
177
838
388
441
895
-659
428
-107
913
982
885
854
-536
35
-812
755
-671
727
-442
594
-521
-642
634
-168
-754
-669
213
956
-605
218
-647
949
-413
-618
-80
-362
519
270
654
-538
304
-80
-388
325
-545
-397
950
951
-308
882
-234
586
-823
611
762
763
-876
-628
975
173
-646
492
-660
-47
-810
190
-612
-200
781
-784
419
-604
-893
222
-916
-676
362
894
240
-96
194
-434
748
-404
40
809
-75
334
-738
114
901
582
-939
762
717
-298
331
-527
-751
-677
463
998
96
585
62
502
417
-164
369
179
-694
434
205
-720
-296
-508
637
840
756
-791
-547
-849
-56
571
-279
-811
-532
-617
425
-168
-411
545
23
827
941
989
353
643
802
-180
418
901
775
896
553
486
-388
511
-407
846
396
-903
439
-424
-673
-296
500
-821
439
-327
81
195
653
-411
873
151
372
988
931
797
-994
-188
640
406
472
625
-91
455
670
131
212
745
58
614
-52
-5
666
-59
-255
20
395
-933
304
-495
-988
897
747
286
-335
-690
250
764
715
405
946
837
-301
-335
734
-540
634
-265
936
830
442
681
-451
253
851
-2
-560
-431
-261
456
-300
921
-928
-251
809
-886
-248
-792
-823
-333
680
-875
-773
288
769
975
-533
-23
-631
881
228
701
-880
930
-71
299
453
-635
920
-941
41
914
-253
-298
346
-953
-542
340
-444
-430
991
-571
-442
931
-525
-742
-411
-653
-664
-221
-796
393
351
325
419
-745
187
941
757
-801
-959
814
-749
523
655
-336
-937
-7
-871
-371
709
767
-908
-109
267
816
-1
-571
-221
629
228
995
-914
-431
-206
-26
742
549
402
-914
191
-134
687
849
-424
-282
240
482
803
69
694
708
-743
-148
-93
643
-309
-873
944
993
386
-12
-265
-713
-894
-995
-419
-982
-929
-829
66
175
901
-869
535
-114
460
525
6
-170
-573
205
453
18
192
-324
475
83
-277
-925
-380
-714
-430
-714
-873
874
141
-557
-951
794
-718
-323
-153
502
-765
-671
483
367
-43
-116
-451
738
259
782
228
699
-272
121
-429
101
-792
-997
-708
800
865
-546
-276
-958
-787
-253
822
220
-98
-710
783
362
-624
739
794
-773
-57
-242
-930
-446
-362
784
-17
-785
-61
473
166
-928
359
36
958
880
212
492
-543
952
-321
-832
-231
11
-235
86
-157
-302
641
536
-637
750
949
-432
777
-121
-435
907
-577
906
-974
188
274
-126
-589
-388
796
-454
-825
-568
734
-490
43
439
353
-963
408
-157
-14
-268
-470
972
640
385
-900
258
990
413
863
-814
757
59
-361
-260
-737
-900
-785
300
-988
-600
621
888
-625
345
751
724
-457
-77
-991
-514
273
534
817
855
-944
-427
526
245
891
-395
750
-845
477
168
950
-251
796
585
39
163
-201
813
206
935
-255
326
-606
-634
-603
-909
-3
184
338
-81
-338
624
402
714
488
51
668
-681
696
662
-339
476
337
-932
-362
-218
667
627
-939
-271
-669
-70
-829
834
157
914
-752
538
35
665
-854
-340
182
216
-264
236
75
-48
-559
-405
39
-191
-225
-380
11
-31
-70
627
830
875
956
-452
-21
228
-52
-849
-818
-326
50
-475
322
756
980
432
733
-247
-867
-171
893
824
-560
149
416
-162
373
319
195
-697
944
900
-305
-124
292
117
-817
-676
-228
-760
660
144
-976
-131
303
-223
395
-11
-994
-16
695
-987
-315
169
-208
23
584
-760
-274
899
-787
156
-485
-968
92
22
-442
-43
976
-915
808
36
772
940
-2
968
486
599
-163
-688
652
-350
501
30
815
682
-725
-833
-764
615
-196
-292
-689
391
-398
-797
-437
268
-612
-534
1000
116
-687
-58
-215
896
-193
-128
52
-96
571
-30
961
-231
871
-521
121
-96
-354
958
-579
-425
-610
-202
746
-781
997
310
951
739
698
43
-60
-325
590
351
-771
893
520
931
187
-123
-787
-134
-189
-40
-826
363
-179
672
87
-438
-36
817
255
-230
744
-313
-254
-130
793
-447
856
304
663
350
-136
865
668
-762
854
-825
686
-841
38
-895
233
122
-836
404
799
-582
-774
-401
856
966
-974
956
-166
-38
829
949
219
555
-698
-779
-380
-787
-627
-550
-951
337
978
540
-984
490
-323
836
-746
-968
124
653
-388
146
-203
-515
310
740
-520
579
171
-57
-467
398
776
343
-441
569
962
-495
-770
-871
471
321
920
114
-141
-873
805
144
991
-429
-46
417
-633
233
549
-765
-861
-445
588
-875
669
286
-797
-628
-409
519
-146
479
432
95
-932
888
-225
470
748
-702
-357
-409
129
321
-461
-152
-953
259
482
-141
643
771
847
-16
577
313
897
439
-453
-62
383
84
391
-823
-295
-592
101
359
-654
469
401
427
-277
-659
-889
836
196
-943
645
-397
543
231
-325
-375
407
-431
-223
-113
459
-428
888
504
-685
720
-408
241
266
-868
943
492
-468
716
-417
-650
100
9
92
874
-223
-271
-288
472
-538
-288
849
968
126
845
-482
252
307
-127
11
242
987
798
-108
-500
-94
775
-697
-712
760
953
0
-958
79
-27
-273
738
-504
-110
-766
710
-597
381
263
-934
884
188
-722
-945
-534
-224
-154
-608
356
550
-813
230
416
898
654
452
-428
-677
237
200
-261
-779
532
787
-983
44
483
-985
556
-706
-859
-686
-126
270
590
-613
184
-566
40
-428
-348
-214
-374
691
794
-910
-280
-349
554
-439
-495
722
-545
28
110
784
307
-319
331
301
-395
101
942
84
283
-169
-811
-21
502
-378
424
-349
-580
-738
366
-898
994
920
-306
-129
-525
203
-421
-491
-127
921
-247
-815
-764
-673
-285
266
-18
463
-129
420
-555
-844
956
906
-170
-428
-509
-340
-608
939
414
-370
-773
373
946
-676
970
-162
-911
12
107
670
970
-791
-133
224
-36
456
-673
204
-498
103
729
682
-15
-30
-579
-949
-700
502
-284
60
358
-199
-142
-428
787
-862
501
-557
-146
365
-275
-166
272
-625
-494
-87
556
365
711
763
754
215
159
-475
-255
347
-601
-76
-169
111
319
162
188
727
746
715
-634
-600
-657
-978
912
681
-221
-648
980
70
663
479
73
-993
-924
-415
393
-61
479
908
313
928
115
-351
350
-824
-848
931
602
-588
7
-311
-796
-18
364
126
810
-173
-755
-473
-834
-815
694
-610
785
-984
903
-109
-142
904
998
488
912
775
20
355
804
-765
92
-321
-35
-677
-604
645
-286
708
-495
-567
-678
-25
422
-705
443
-487
346
-932
645
191
385
-86
-110
983
963
523
-810
-193
-705
726
811
962
-752
265
-930
-580
-473
-591
-93
-209
-53
96
184
124
-859
849
-966
983
671
59
741
390
-992
-779
952
-928
328
-555
-657
-143
650
545
293
-695
-150
246
-895
-577
39
-612
-269
-594
944
-669
654
-598
342
536
-857
-590
-448
-330
594
346
-771
-650
156
623
908
-965
-243
636
-321
-372
-449
425
-384
803
970
146
902
117
828
-691
-991
310
523
133
-141
109
-530
-319
-649
418
-318
630
348
234
-290
237
-982
-347
619
-576
831
-999
399
-515
-215
-377
283
-27
-818
282
-431
-18
996
-877
245
-573
169
219
855
-497
-717
-608
701
524
-666
337
569
-308
755
695
-106
-659
455
-852
425
-906
587
-294
451
-479
552
486
-814
21
439
-27
-562
782
-343
-267
54
634
-328
-990
-359
250
-16
-305
559
-495
604
-52
-38
-433
-996
400
-437
-589
-237
339
-705
449
-641
-212
360
-576
-779
162
-764
457
-48
780
-455
-649
-129
-1
-406
209
394
-307
-329
562
-511
-277
-545
-69
720
513
-143
336
-469
-320
-287
411
-433
-24
691
-273
-344
28
-582
-417
-451
65
-530
76
-161
-531
-585
449
723
885
-932
-367
-15
393
324
635
-283
-777
911
-851
420
870
249
-241
110
-209
41
-458
144
-795
717
-25
-342
434
-184
-751
892
988
-684
-442
-109
-438
-543
468
-176
-735
-304
288
-55
482
-836
810
799
-340
-70
620
415
-919
-946
-605
225
28
-663
-600
-529
-564
-481
-449
988
892
-498
-231
-280
-549
-628
-71
4
434
882
54
28
-554
441
-841
150
-251
66
315
-83
-870
518
920
-300
-374
906
348
147
-867
-806
-830
42
-82
263
-543
690
55
-87
637
630
151
-259
-458
-53
-357
-12
54
632
-963
649
64
18
607
-38
818
-372
-60
-505
-317
-753
713
70
600
511
-587
-937
140
802
-841
-435
230
201
-499
195
432
407
-447
776
891
484
868
432
-719
-840
454
-288
431
583
-180
-914
-83
145
642
988
766
-86
-261
6
835
-791
-191
945
-344
715
-755
661
-704
-866
652
-701
349
483
-67
-150
-511
-525
-190
150
-513
113
6
657
-418
718
709
-472
-973
-907
-307
-47
-685
-373
-551
845
-136
413
-592
-25
317
-311
-339
114
69
-416
-871
-257
-64
51
-571
27
-847
-741
324
443
-286
273
-569
110
383
10
961
-668
-913
257
201
-443
486
-14
-510
519
-917
-514
-695
-489
-434
-360
713
342
939
449
240
648
510
539
-139
459
-651
-447
-975
566
-120
367
707
313
-540
166
115
460
-583
-989
-401
-667
-801
672
659
-709
436
-653
-746
-491
-648
-895
-346
-333
613
995
434
308
980
846
-161
919
943
-307
714
-798
578
-299
-27
318
-239
-601
-721
-164
-453
-637
416
147
937
-323
227
819
-473
836
937
738
-715
660
-942
-485
-162
83
-525
-74
549
778
-376
-827
-718
-98
68
-95
254
-328
122
102
537
-967
553
-359
-3
-932
-565
854
-860
-680
688
296
-282
902
337
742
645
13
-814
796
-189
-710
-72
-492
799
-46
-701
-868
342
-312
720
-967
-642
153
-612
567
904
-405
313
196
-82
470
-861
691
274
764
859
18
-484
-376
-693
-572
192
845
-960
922
-372
501
384
-942
445
-532
-211
-391
930
-235
539
546
-686
691
9
108
25
177
-396
-295
763
-213
285
976
-759
849
364
782
876
662
898
785
-147
-665
-259
-878
549
781
-579
372
-5
-446
-222
690
-590
-515
-764
57
179
-24
-305
484
938
493
899
-738
-976
215
-777
38
-779
269
345
-482
140
838
997
758
-589
779
388
-969
131
169
-562
703
-521
761
443
-243
396
260
-289
867
-684
-734
-144
-517
-975
-352
-762
-217
914
337
981
-37
285
198
-938
115
609
-815
585
429
855
265
-956
-945
-891
38
465
-830
37
318
473
118
-146
618
-997
-821
771
-241
-445
-239
-61
16
161
82
-531
496
-45
493
809
19
20
453
770
466
-811
-13
-935
815
307
863
404
956
-580
-36
-720
-418
853
309
-906
-775
-71
757
291
176
-475
745
309
-967
609
-457
-260
349
771
-63
-818
510
802
480
772
-498
-173
-390
-376
1
570
-455
287
-906
707
518
-583
210
-392
-456
-257
-97
760
-240
641
-337
-240
-537
404
-648
-681
172
-665
-462
-104
739
946
-823
268
-962
840
-772
511
644
-483
-750
-497
-722
-347
602
366
-374
961
-461
-211
-500
537
-550
-608
333
-90
-186
673
-678
-149
620
198
-665
-899
-956
898
-764
294
308
155
-828
-81
-241
-182
44
-757
-664
-393
-897
-410
531
-359
-949
604
226
-437
-243
594
320
-647
18
754
548
-963
-317
-712
-868
-640
-162
177
-438
937
-964
-62
882
-489
370
847
-879
-268
533
812
315
-197
-753
-799
-607
834
336
-707
478
703
14
480
11
-928
-377
-754
340
-144
-437
479
774
936
737
57
-747
-223
-556
433
-409
458
-501
-578
-663
718
-164
-916
-109
-131
-456
66
493
-309
159
872
723
997
-130
-850
-817
-718
-114
-337
-832
-183
712
766
-287
667
-803
-405
452
818
-595
35
107
-687
-892
269
223
-796
445
215
717
-39
582
-312
-527
-924
771
108
-820
-307
-89
680
648
-571
118
-963
416
-785
999
61
380
838
678
-387
-685
-633
698
-530
-225
923
134
204
857
229
932
-866
-684
-635
-396
-116
231
-334
-433
-457
505
341
564
282
260
802
810
908
-514
767
-911
861
-191
223
-904
386
-568
-645
894
-265
760
-714
-539
-525
441
-447
415
831
-743
-83
-207
966
-973
701
695
-219
475
565
-993
670
333
-894
5
869
238
-688
-765
-686
484
-686
-294
236
488
-710
163
428
-747
-756
-460
682
918
574
-258
822
34
406
-485
-892
825
-651
-941
-924
351
821
751
947
-912
905
-237
854
551
-17
165
-611
-547
-129
687
360
562
-34
722
242
-38
-157
851
-582
362
-308
527
738
1
-794
-540
-554
321
-224
696
-504
264
-600
-442
749
-185
923
370
-66
209
-217
471
994
571
-927
254
-801
397
-619
-666
424
-54
-477
31
284
67
-190
165
-324
-788
215
-783
-553
290
128
-495
230
991
455
-150
-944
-263
427
-167
662
501
155
250
-218
-632
851
-489
-986
151
-73
-699
766
844
260
477
64
-877
194
-181
394
-734
961
204
-393
74
716
-352
-341
-841
-256
179
-325
-568
532
260
433
284
480
668
91
674
484
885
-784
653
-906
584
-714
166
967
310
571
-738
-639
67
422
-365
64
-823
-284
759
384
-802
-25
-109
453
718
527
905
-468
-222
-48
548
620
-564
695
848
-371
797
774
-566
483
679
148
-374
461
-430
-282
-541
334
-312
-637
901
97
425
380
821
193
-530
626
459
338
202
401
-589
319
485
135
182
384
-785
-646
-628
401
259
7
-574
-659
588
496
-425
-444
929
-733
-420
48
-205
499
47
275
230
-680
-744
-825
-324
-867
738
631
-976
530
-424
687
-1000
-626
327
395
127
373
-581
739
34
21
17
-555
-825
-722
-544
-932
981
587
-153
260
785
65
35
-388
-287
-551
929
40
-293
-491
-16
189
-549
-7
966
135
813
-723
-819
-563
-202
-797
-180
725
145
-954
-56
240
462
752
-249
202
667
181
42
983
-901
-156
948
-271
-169
276
-320
-494
-700
-710
917
-977
-60
34
215
-230
-371
-484
673
-126
815
-27
-922
-73
-272
166
-266
-347
-901
-171
-815
-430
499
-147
-908
593
-982
595
306
330
-21
-292
63
707
-538
-933
-606
-635
300
-446
986
576
888
-866
882
-868
-955
858
808
-479
-670
-550
363
654
-352
-800
-790
-953
108
-155
234
-444
-792
-991
-610
-420
-62
364
201
6
-190
611
-729
-552
-574
-201
-685
-303
727
150
-148
46
-405
-9
-922
469
-350
-292
-425
-835
-57
322
837
483
-994
964
-407
335
-182
-686
393
941
991
-329
-73
-325
533
-63
402
-703
431
317
-189
-378
861
439
-966
778
-886
906
455
526
-486
-277
-732
196
963
678
594
-117
442
-597
981
-744
-423
438
-73
553
948
421
-227
177
797
585
-732
702
97
923
70
773
611
548
-232
-102
-876
232
168
-307
803
-991
-906
-180
577
-359
-359
140
927
79
-232
-96
719
902
986
-28
733
127
152
429
-988
-557
-761
-675
-735
519
3
-102
601
-976
433
571
305
-196
-599
-218
-37
-991
-579
-797
496
-712
-581
-759
-840
-839
-731
-346
-609
555
-419
-609
-970
968
278
734
-730
-325
189
-669
-25
-280
361
-526
299
641
73
510
429
-401
29
-571
-914
-933
760
-665
-722
-238
139
71
566
805
-1
539
934
-693
-658
431
-620
281
-509
-343
-632
344
705
-491
-832
246
980
393
624
28
597
-886
107
-548
776
-465
-215
-495
947
-506
150
-70
345
153
814
177
-95
515
395
544
-707
610
551
913
-800
982
770
-837
-532
814
-917
-231
-846
736
-229
341
-699
-369
-277
-281
-403
-830
31
113
252
935
372
-584
-805
-691
-463
-745
-901
619
533
-984
-137
-403
370
6
-474
-213
-842
-20
790
-867
-156
-121
434
114
-511
-981
-733
-136
493
933
26
111
-253
-486
778
-438
-888
673
-330
-36
-161
798
-970
-291
697
-807
-789
-56
-733
-997
-380
-765
-372
500
-579
995
-646
85
457
-497
-368
-782
187
-621
837
77
999
421
842
-970
-165
-372
-638
-338
-771
673
-967
174
-642
-472
-331
-837
623
207
586
301
347
510
-799
887
683
931
882
763
-109
130
872
601
208
836
474
-468
-777
282
710
-298
-665
-420
839
-421
433
-715
373
591
812
874
-563
692
232
462
-789
-511
-847
126
-104
-700
-246
-333
-635
-276
-7
838
-277
243
152
824
-405
-37
-867
798
-570
27
782
-43
-369
-564
926
-995
313
-508
-740
-834
133
294
-800
795
41
-776
795
278
520
54
778
189
132
-988
164
660
154
-785
480
-856
-686
-197
-159
-668
272
17
48
479
-636
606
-948
284
-8
458
-403
-427
954
-897
-252
-388
-741
837
-591
-19
165
289
667
87
-770
-887
-275
-682
684
410
-33
139
-350
391
-372
550
504
-551
36
377
493
117
914
938
558
-459
69
-734
768
-436
660
-53
-564
-62
-496
846
421
876
-204
377
543
911
-946
-215
-629
147
80
812
680
-153
-436
-829
579
232
-332
83
-525
-451
-412
162
400
-782
675
-308
252
-128
-606
-360
716
-95
-374
-150
-676
332
-23
-600
-183
476
289
47
-143
721
-403
-649
523
-504
-865
-491
225
-369
312
171
-568
941
-298
-737
315
-266
-848
158
-799
158
-627
-244
923
89
863
-854
699
-117
327
-566
28
302
628
-898
750
966
768
-831
-97
-989
66
621
378
-753
-665
-433
257
83
-249
577
494
-74
-119
-156
-329
-843
625
-867
-561
-141
879
-586
548
256
601
-358
-177
616
385
929
-783
-991
-231
-799
-600
797
233
683
529
196
114
325
-386
-511
587
-865
874
591
-484
11
-781
734
-109
808
-605
-376
933
396
-278
756
650
-133
-972
-365
33
-606
-765
840
-700
647
261
130
161
198
198
816
-501
-36
-497
-69
-953
-951
439
-714
453
87
-982
-785
237
6
-801
401
-786
-316
-490
132
309
-952
-871
-928
-702
-79
-214
-832
883
-722
279
185
-905
425
-894
-60
938
-16
-917
-144
434
-291
-724
704
786
793
-558
-326
480
-170
-970
-522
-809
166
-72
390
-539
419
-497
-728
312
447
136
707
-419
-529
-626
-794
200
-311
345
-822
-682
-80
18
229
-705
-11
-792
-708
-63
355
50
825
612
-386
-912
-981
725
-255
675
426
362
-341
104
501
-478
589
-767
-722
-989
931
-666
216
681
-113
961
-165
-902
-638
-209
-36
96
-22
698
-59
332
52
-509
338
839
907
487
494
459
-925
-766
-5
954
-210
-547
-698
-384
460
617
837
-573
-666
107
692
-902
17
-544
-149
366
-214
-931
44
-952
-369
-13
92
-776
-586
787
-623
996
985
-400
-444
-744
784
256
559
-919
-274
-219
211
437
-151
-585
-844
-416
522
951
-129
218
774
-966
-181
649
51
473
667
964
-127
-54
631
275
517
-157
875
256
396
-344
757
-591
-172
277
997
-832
-662
-597
874
-52
218
287
-778
-137
76
167
-819
48
-771
569
802
-879
684
-564
-730
520
652
-962
-29
-336
289
282
755
286
251
-938
-994
433
818
674
-541
317
92
-755
792
-929
-172
-809
-976
-443
-395
588
295
198
913
941
-863
-684
-75
-580
251
-311
903
-334
-713
-139
301
119
-448
555
-239
-697
-605
-108
-221
471
-394
-719
-472
612
-869
-48
-977
-307
117
-317
476
-645
144
-33
-710
-239
828
784
-279
885
396
-153
508
-238
-170
-574
243
-926
983
-806
856
505
-467
647
505
900
629
-81
370
-82
575
657
395
-596
-677
-404
443
-106
9
-858
625
49
-100
466
427
-2
-410
51
710
512
-154
481
-831
-477
-690
-495
-940
-313
-870
-370
193
508
-404
688
11
-77
551
616
-607
-212
326
511
840
-105
-137
83
-515
-469
225
-739
-979
-263
407
194
-760
-26
-133
491
732
-246
-5
854
-704
-227
634
19
397
955
-785
-612
-983
-711
-607
-582
-458
-513
803
-997
-473
322
158
-724
-335
575
-550
-350
-606
451
-203
-197
490
259
-250
-9
-359
404
609
155
762
596
-152
644
-23
-789
-639
-214
799
102
220
-630
466
-592
-755
312
645
703
-963
898
-807
721
386
571
-696
-275
-857
-529
-514
-802
-917
-945
-819
990
951
-48
383
920
99
-691
821
-287
440
528
701
-299
-15
-167
668
-761
-832
-316
-979
-790
-399
-771
-257
986
-654
-688
478
812
-989
364
-824
643
-912
-871
542
429
604
-189
700
-559
-122
-768
-337
-646
-781
298
-220
-950
290
-825
366
-960
-120
-314
-777
125
196
-796
-307
-535
894
745
327
23
850
837
-812
-693
246
-938
529
197
579
-769
493
322
654
654
619
-230
143
535
-72
6
856
-942
216
85
852
512
608
-953
-75
869
859
-911
-539
858
-354
710
208
-459
663
-875
-40
842
-312
872
941
620
-88
650
-145
-750
418
-215
-446
-345
38
-226
-573
194
-959
-545
-292
905
-271
-698
471
363
-363
908
890
258
373
-53
120
841
115
-236
-466
507
330
-290
-83
-77
-297
249
-746
658
455
518
-707
-489
-718
669
327
-514
591
-249
520
-994
761
-390
-743
392
-953
-531
-982
-559
-798
778
312
259
-735
293
402
-143
605
-708
-878
-605
-818
312
-360
794
227
144
55
-120
122
-255
871
-254
-658
639
147
-222
649
48
-905
1
554
977
-570
-578
195
-331
620
154
-500
-208
291
390
-564
-957
903
648
40
-938
743
767
-730
937
-302
-348
178
-582
-833
-933
118
-239
353
-916
-497
-241
477
-935
-766
-774
-147
181
-952
757
-3
748
202
-835
-438
654
-219
697
-532
363
-473
646
-946
426
622
-899
844
212
838
124
-345
961
84
-12
-701
-567
-394
-885
-733
-326
-389
138
821
-155
373
-628
901
950
386
-327
620
-454
514
-168
458
-395
-389
568
212
361
551
-687
18
-104
-721
-437
622
-455
272
857
806
51
419
597
-773
80
-236
535
-641
-130
214
462
670
-553
-417
-102
939
744
777
372
188
668
491
-654
-983
-106
454
-793
-36
-291
-793
681
185
969
534
774
-487
1
-245
345
-1000
-670
-659
595
-749
-994
489
-758
-279
668
-452
790
159
362
-687
786
797
819
-142
395
-906
-536
154
194
-647
913
220
-366
-389
-505
-993
289
271
457
-916
269
-302
-636
683
331
758
-659
-812
-66
-480
-540
540
-887
805
816
-799
317
615
-17
-42
338
777
-63
-825
-294
-365
-554
516
361
-386
-682
343
436
-686
897
-794
-711
-144
-300
847
-990
-88
-269
103
-106
-891
-899
108
-924
-900
33
975
-956
-211
452
490
-10
358
535
-172
837
-751
-83
-216
-930
-692
6
-3
729
160
-182
693
-902
244
612
-21
755
228
450
18
714
266
-724
-232
-583
-561
-112
814
539
446
-183
748
255
-893
602
300
-914
-277
-262
215
712
-122
-961
-156
-970
-155
-157
-591
-78
354
-26
474
952
367
293
131
-701
-877
794
-28
-643
851
-185
-459
624
-441
-927
-46
916
-753
735
-682
-379
-571
741
-395
-436
-417
-995
693
-294
-764
38
714
130
-149
-610
345
338
793
-392
790
-369
472
646
543
-699
-302
-550
-870
-222
810
-749
372
-480
-268
74
-298
-822
707
966
141
121
984
764
7
-756
-486
843
433
207
-5
-571
-561
-186
465
-861
7
-141
899
301
483
61
791
340
19
-306
500
790
112
310
503
-878
44
-420
655
-898
-210
299
900
850
883
929
-338
-929
304
-600
480
687
-128
-317
1
156
193
884
211
-173
-623
-93
-291
435
436
-239
-501
74
983
-551
-251
-809
-853
670
959
-540
-757
-442
-678
-998
851
-733
-471
-948
-375
-550
-555
-101
-758
-782
-496
-785
116
-22
130
-171
-631
-727
433
201
294
444
519
-509
148
-225
-32
-918
35
305
-401
-184
-944
844
-480
-693
724
-921
228
991
472
-727
-481
-620
848
-706
-389
-674
-10
-387
-735
573
755
85
-25
647
986
-547
-713
-384
479
-230
-279
-980
248
-676
477
667
310
-484
323
-48
-474
613
-865
732
689
-967
47
635
687
-997
710
-790
69
484
585
-153
-463
228
-917
34
436
125
-41
-754
313
-158
-220
-863
542
700
635
-930
-675
-466
208
-622
87
84
-766
-449
81
-684
851
-598
121
-94
-737
449
65
-115
572
-646
578
-278
647
525
-750
641
-378
-239
595
768
-182
215
359
-600
341
-697
-324
361
-164
97
-223
693
-390
476
-475
-12
-764
1000
-989
-58
620
-161
799
676
-601
880
882
-898
-975
-154
891
756
124
322
-699
638
711
946
856
97
-897
-159
123
832
-10
349
-948
915
898
248
-223
-516
171
421
-424
969
527
156
-9
425
-333
154
-730
-55
708
-395
848
31
-633
567
-460
716
-684
-76
-488
-358
-935
-32
310
-348
733
-837
-615
-592
-92
505
-787
251
1
-181
3
-542
901
151
-810
-735
-553
-775
55
-932
574
964
130
-775
-131
296
229
-946
-712
-993
245
-958
525
842
-106
-717
-450
-389
471
244
-412
809
-982
124
-916
-352
754
788
-802
103
784
-667
-284
-416
659
818
-276
292
532
-80
-702
810
-700
242
885
-480
482
-424
-858
-891
-774
346
949
-751
565
738
-213
980
-553
-628
-584
942
656
-358
-849
204
-330
527
557
64
-346
-481
-67
-425
-510
-620
-696
-959
331
-341
374
-126
-441
-427
928
-41
189
-582
654
230
-911
-99
403
-906
-342
-847
-244
-459
-961
-184
-410
-843
806
499
-639
-550
657
-707
627
-588
-893
949
339
-467
824
828
-711
0
-591
-724
292
-132
-378
820
205
384
377
377
-704
-461
-343
395
-256
473
530
-800
-331
50
-105
455
-864
101
-43
936
416
914
-803
-560
657
-502
-880
-633
-691
973
661
-58
869
455
-795
658
995
-592
-660
-263
122
-997
-943
-649
-535
-322
752
506
83
174
-646
-301
501
-479
749
-506
-826
-143
-453
-619
653
-782
46
-738
170
607
106
-686
-431
65
-852
-91
-950
569
-773
682
-381
405
797
660
-359
-252
-187
-31
626
-224
265
-758
922
636
343
-659
911
-400
224
-718
890
28
-861
-534
528
217
621
-479
411
440
-328
583
-823
829
636
566
397
-982
-608
685
543
-581
-103
-16
93
-866
-269
393
-28
-910
652
-770
846
762
967
300
92
340
-457
-876
-288
37
149
-195
473
467
-229
900
988
912
-774
562
455
416
358
102
474
-357
862
869
-840
-585
133
-120
-768
-289
-143
464
15
-902
684
477
-523
550
88
-121
864
84
-502
92
-988
785
744
-430
-348
331
1000
747
-412
930
-243
591
-790
-49
408
789
-269
-717
826
568
-966
-393
-369
-462
909
-771
-530
-27
-193
-134
595
-573
183
-121
599
559
129
-672
624
-310
607
806
116
526
-296
937
316
405
-974
707
401
754
985
150
-733
820
-655
-950
984
-92
316
-871
-253
-90
-712
-59
-197
-553
-518
841
615
-394
-133
519
-339
-951
-464
134
-994
115
-498
800
-256
-895
-566
-514
-378
798
856
-728
-308
-581
-16
-995
750
884
-942
-287
192
-837
-693
622
966
33
-336
-571
227
799
316
-615
266
-348
869
26
628
-207
50
542
-985
-951
-254
927
281
249
221
-612
-797
-175
599
230
171
879
381
250
217
382
-422
465
684
-415
-686
-592
-825
537
718
822
756
742
-575
418
511
334
-199
9
280
69
-275
251
872
-814
307
730
324
332
-827
322
909
285
-813
311
-715
667
-59
-812
612
-63
-213
162
-591
129
-88
-985
900
-409
152
713
803
-600
-426
-933
-906
-506
879
-873
469
-965
-758
671
-985
-946
-526
385
-4
527
-468
-116
-9
-379
-676
-834
-65
-915
-560
994
-433
-319
382
790
731
-122
-117
-920
681
557
302
752
-230
901
-280
-327
460
-366
-579
-730
-946
-521
864
302
-699
954
482
605
530
-793
405
-227
194
537
961
320
289
-589
-262
108
600
-329
366
521
740
725
738
-230
556
662
727
77
71
65
-607
-773
-838
81
136
504
734
-967
385
255
269
-527
-544
-8
-589
318
-419
-765
398
359
-692
-455
-814
-538
749
-778
-851
-63
-175
-754
485
-700
289
-72
-927
357
-912
155
-846
-100
985
-897
471
52
-867
-234
894
123
516
51
961
59
800
-130
-221
-915
78
36
107
335
-228
-266
-163
488
-787
-83
365
192
525
127
509
228
-37
1000
258
-348
25
417
-706
-507
-266
79
50
894
-831
70
-90
976
-667
804
913
-581
318
-254
189
-962
180
-959
-37
255
-917
41
-660
267
-882
878
1000
941
201
463
-619
438
319
-885
-138
-93
-199
-62
-451
-945
-347
414
-407
-682
-11
466
-430
995
287
473
-92
90
778
49
-191
463
-335
-955
292
-948
-455
347
781
-591
33
620
-500
-556
330
578
456
81
658
-886
-558
223
885
65
919
851
270
-495
-952
-973
943
-611
-438
539
-928
-368
-923
416
709
-703
-453
633
496
133
-975
982
226
-717
837
811
-204
851
-822
-8
203
-501
-485
21
-146
-25
320
329
-491
-765
-911
646
-265
840
283
-32
-428
768
662
-957
-932
710
-900
355
-20
410
-593
91
745
662
42
-878
68
966
568
-378
578
622
-591
293
-936
-197
-313
-215
-609
-887
-689
-924
76
-762
622
-427
585
215
982
-50
984
8
691
67
-254
-290
152
452
-778
738
257
409
-407
-530
395
-573
153
-204
267
479
662
-920
-149
-618
408
53
18
-159
-517
786
606
975
-329
294
662
-861
803
-893
-421
423
131
-80
-552
-448
756
-202
511
521
-240
882
-5
-994
557
65
604
72
145
-844
-825
89
-128
-160
305
-171
896
601
781
-481
-926
-466
211
-374
-266
803
-919
724
-479
385
771
-850
-251
897
-656
-345
-950
-373
-367
930
-781
546
772
-544
-998
-530
459
-988
-755
-981
-711
-640
681
-543
-686
-347
-500
-896
406
-113
-901
881
-598
-443
-844
949
329
-138
274
-142
345
-449
-461
-551
-493
358
936
-928
124
-704
-248
-364
244
168
334
759
-538
853
-502
606
-171
-484
963
136
978
-950
624
-175
-272
496
194
608
819
-431
-670
483
-485
331
484
-469
875
802
385
129
-583
886
-744
150
705
752
251
-354
610
918
346
250
-948
992
336
386
739
-388
645
-24
787
204
943
136
-475
-166
716
192
-683
-950
938
57
374
713
758
-874
-264
516
-433
171
968
396
303
660
567
274
-370
953
90
-240
542
-387
-533
-494
989
680
-466
-329
-537
19
766
412
-120
683
543
930
55
890
134
479
-169
800
281
-736
718
745
-799
975
780
-405
-774
261
-940
429
-468
456
-591
820
150
333
-130
-45
502
747
110
-958
-594
-245
-432
284
956
-310
-592
798
-665
399
81
479
-46
-144
522
-576
-33
232
-159
-790
-820
844
-169
-46
599
-151
1000
-678
344
430
-602
121
-512
266
-870
-81
-495
626
-281
-766
-886
30
377
586
-921
851
740
-655
279
622
-17
619
-669
-619
-576
-750
494
961
712
201
866
834
-66
499
-143
-134
361
-381
567
-511
-573
549
35
493
-11
222
701
-965
811
-565
323
-178
-740
428
966
-747
-94
188
-788
859
-401
-157
405
267
-883
948
-48
721
104
-660
594
853
-579
832
308
-220
918
70
-921
918
-274
732
502
-473
714
326
-523
-582
-484
428
-486
-913
-938
-51
552
449
-58
-776
481
-407
-593
-403
407
-816
115
-666
-263
824
-561
48
-959
239
372
937
-774
-190
-39
-505
739
492
374
-390
-944
977
468
-233
-958
626
-688
-64
104
-365
482
-162
446
-46
-689
-281
580
-92
-33
-783
-457
944
745
-696
-923
-813
-550
386
447
-343
497
-97
-632
-374
-194
-108
901
-476
-228
-203
-524
-706
-678
784
-813
-28
-502
8
27
799
-887
95
-512
-346
628
-384
100
-85
352
121
-629
-604
859
-114
640
-952
298
-266
920
-569
488
215
-813
-139
-11
567
535
983
-58
410
-440
-2
-74
-1000
159
-612
-502
658
-236
-507
64
-477
933
938
866
-67
35
97
398
-176
-946
-277
-405
561
707
-117
-868
520
-85
490
-971
745
-123
-510
29
228
585
706
-887
-514
-485
-822
640
506
599
872
286
-983
557
-219
965
-886
139
-347
-945
279
-407
-479
445
861
-436
688
567
-808
-682
328
-714
684
183
-139
-101
952
188
66
68
888
-774
-913
413
109
719
-689
-106
-461
935
958
81
-539
680
19
814
493
910
-193
676
241
672
-286
-309
-530
-747
957
163
354
-370
556
43
-990
-74
-591
-245
190
440
480
-458
396
-140
-479
626
767
-178
-693
14
-556
105
637
962
281
134
965
-963
346
775
-614
-790
880
-144
686
-754
-162
278
-396
-464
-859
-572
203
-652
-972
-292
-472
611
-263
-310
238
-567
-110
-432
-988
318
57
141
354
445
512
-660
45
-196
-69
-999
859
165
50
241
488
281
-356
-887
-548
-82
-588
33
989
-175
-158
11
-665
-939
-682
346
578
-305
-186
-308
-370
405
480
293
-929
-507
688
977
674
895
366
294
-542
129
380
941
229
-588
-707
931
-126
-250
-788
-173
-935
-198
-302
36
873
-805
-710
-779
850
545
898
604
-170
677
-376
361
576
-33
-852
-150
-83
-449
454
60
-872
-987
-467
93
-869
-842
478
222
239
-457
738
-236
-681
-754
883
800
590
-403
552
-860
-848
-848
9
303
-331
645
246
374
-931
-602
318
-43
984
-427
-546
-854
636
-810
-374
-887
-201
131
189
-332
971
693
775
-693
768
-16
-619
-535
500
-683
-752
593
883
272
360
935
-640
-190
-397
795
410
917
712
823
-812
-964
328
19
-811
251
807
71
357
322
411
442
-19
-686
-946
-44
769
-123
-183
613
373
-929
306
380
1000
-945
118
631
-41
-400
-110
-967
470
425
-843
-967
-239
356
673
-671
114
309
-883
-959
-966
718
-728
341
-218
166
850
460
705
983
-76
-121
-829
457
439
960
192
-229
-497
-136
661
691
-676
243
-321
-235
113
-749
-63
938
-475
46
939
714
-654
-83
796
-523
-145
-651
-119
-768
-530
-674
-820
142
927
620
656
47
505
-369
-223
174
851
-519
-495
436
410
16
854
-924
-999
-617
97
146
875
-525
823
-503
530
472
233
-486
-562
704
-124
918
717
542
-69
-668
-404
-887
814
-883
169
-444
-297
816
-748
704
-223
-691
-132
92
-844
-257
-980
645
290
132
-327
379
940
101
210
573
-771
-954
-45
261
12
-115
-728
-305
59
-232
-515
691
-202
-357
-214
795
525
-163
-970
865
430
-760
-170
-682
-1
-636
765
553
134
263
359
580
-931
-354
-432
-904
-179
-774
-871
370
4
920
-920
795
-651
779
743
824
-239
-772
-81
-925
-659
469
785
-682
-891
656
-576
-642
-205
398
-361
-101
-323
-565
840
-725
25
-957
636
323
523
-266
799
-696
369
807
-459
-663
355
383
983
-480
-269
28
384
703
-724
-647
529
24
-289
375
-447
-849
910
-855
-480
-691
-996
-178
130
141
-566
373
-555
-45
-323
-592
-73
-618
593
714
348
698
-780
-323
971
-585
428
-869
625
-399
-936
924
-748
417
451
-244
126
-595
341
-731
-652
-665
-189
-494
-710
129
-382
-90
19
-604
-333
-546
270
75
509
-678
896
962
-307
-199
-961
-169
-954
-377
436
386
-330
325
476
201
265
569
-985
-914
-600
666
952
10
-801
-697
-1
818
665
114
-449
617
883
-171
865
844
241
-228
-235
-215
-662
-447
-754
-799
-973
19
-784
-93
618
-352
579
-462
-249
-331
322
900
904
-553
-197
-791
961
-548
-74
-436
-320
-150
315
-303
722
-870
129
610
-6
-706
125
251
-219
-280
958
-308
-185
407
-50
207
-704
-386
828
-222
870
675
-128
-944
543
467
747
438
985
-203
-35
-678
-548
419
714
-979
708
923
698
119
80
-725
-816
-165
-183
-520
-938
208
-558
-891
-828
516
341
-614
-849
863
38
289
-799
274
-976
-820
-887
895
601
-465
-645
-536
-822
723
-456
-588
265
-382
683
-790
-927
-917
814
295
-695
-119
640
641
411
229
-554
-847
-221
-918
268
734
362
-66
226
231
-816
-536
342
803
121
-390
365
729
988
589
-931
658
-919
-275
-540
668
488
-709
-932
-8
796
463
-127
724
-812
222
-16
86
145
886
558
-23
942
29
596
-220
494
-433
-383
706
274
-79
594
-400
176
-397
3
-181
908
512
521
140
-509
-685
297
-270
283
967
-29
799
174
336
-335
321
-292
-310
-373
352
630
648
335
-924
-749
-915
521
720
-980
-236
38
-295
267
452
887
64
59
-737
592
-928
104
-348
-78
-100
447
-402
-972
105
-892
-402
-143
748
-546
971
141
661
-551
-646
549
967
468
566
442
858
630
-936
114
-870
-880
628
320
724
-388
-547
436
-900
57
286
550
-75
50
1000
-482
971
-143
-194
735
981
361
811
479
2
258
839
-715
57
977
953
184
-676
-571
-393
217
486
-805
862
719
824
-857
960
-63
634
-630
118
-39
-144
-842
11
537
469
216
-687
478
427
830
-872
-169
188
214
974
-860
-167
-259
-773
618
271
579
399
-142
-183
-817
-723
690
728
171
548
39
965
121
664
-570
229
-947
-738
532
379
463
-586
-140
-885
-363
201
-237
734
-415
753
147
504
151
-115
-279
622
306
-108
-759
-94
807
-379
565
-660
-829
-598
736
370
256
-973
813
891
554
-720
-555
-755
4
-638
-333
-287
5
-681
-764
605
132
-225
-964
-529
-553
-182
968
-84
918
-914
178
690
331
229
-367
-64
-260
864
-985
-460
694
-896
197
-507
716
751
-749
-454
81
-519
-916
624
903
-374
431
-536
-104
-69
846
-806
411
-640
176
-747
487
-288
-342
-654
758
671
317
-407
210
967
-251
-27
355
208
-567
729
822
-202
-557
-680
97
502
656
-774
697
-970
440
322
-793
408
-280
470
236
-823
-841
-941
-684
-291
-976
2
-790
89
195
553
-939
671
297
-810
149
-219
342
-941
930
545
-196
-69
688
28
287
743
-542
-152
141
751
-684
-422
213
-948
-169
-202
-684
-629
-222
-478
-753
465
141
664
-130
631
-566
-847
-237
-199
272
-997
731
-354
-568
-377
160
122
-182
-388
947
-295
-477
865
430
683
824
-402
-371
410
-361
918
-94
872
-687
781
726
123
-729
302
-839
-132
-923
-121
395
-393
-895
-318
794
820
-938
684
-73
-125
-789
-933
3
65
296
975
-331
-963
545
-856
-211
605
793
-849
107
151
993
-81
-624
-433
439
776
-869
444
-155
-309
647
991
581
522
174
-666
-703
318
656
375
-578
677
409
-326
425
180
-514
-252
-674
-315
-545
-832
414
944
-163
-174
-11
681
899
504
-844
-131
46
758
-733
-104
883
168
-876
-58
-830
-652
276
969
-251
-691
200
354
-190
40
-852
-732
696
253
-731
587
-458
-776
522
-713
-549
-838
-447
17
690
898
579
791
609
184
180
177
966
90
-407
107
834
768
186
628
-290
42
-267
988
-392
-811
489
-345
530
-938
-747
211
964
263
-324
-954
-139
312
-388
128
-359
-913
116
-947
803
-462
395
-211
-284
-745
500
-640
265
-159
-269
381
-437
905
-662
650
228
-260
-707
976
866
-218
-967
-770
209
-351
230
-57
131
529
959
955
-33
-132
-806
913
-400
-374
40
142
86
-287
100
-748
-807
-563
573
179
-486
-371
642
979
247
78
-934
-271
840
532
-729
-783
-338
270
334
-798
440
-974
-306
-289
370
153
-13
-376
886
874
306
409
-194
509
349
-979
355
-920
-702
-408
-885
386
768
-113
-328
226
258
520
592
638
-991
205
-304
-707
27
678
-261
-805
147
605
363
-36
-531
-594
-681
-888
-728
433
-162
-731
982
382
-244
-287
355
-102
202
194
-598
-275
498
468
480
-984
-365
201
-82
-552
-79
484
-388
-40
550
-549
924
543
260
-782
-468
39
-523
787
-91
315
-162
-527
-287
-507
982
-103
281
749
278
223
-391
-696
-768
816
-310
445
-606
808
691
61
-703
-291
-198
75
224
-464
-554
732
319
75
-829
-56
-171
-513
420
660
-946
746
-880
-163
-972
-892
-31
-336
-737
-704
320
-718
991
85
332
187
447
890
-797
-807
992
-29
-852
-162
-127
-26
447
-242
-284
-181
815
866
-614
-907
-582
307
-374
924
771
-619
-843
-205
708
-96
-241
-581
-5
-935
-850
-602
-867
550
424
766
-291
-486
-621
-954
-811
-537
892
-238
109
-653
-667
342
575
-893
-717
-386
-632
-751
-630
743
-389
807
-203
-567
-373
-857
-457
-393
-155
-342
578
143
-866
379
864
246
-40
-293
885
-856
319
223
908
852
-473
657
-852
-863
-789
-147
765
-788
267
-696
-217
-534
889
852
135
630
55
0
263
-280
-235
-43
353
657
-157
-591
945
-442
-436
729
18
685
56
-521
-214
-532
-372
-257
-80
919
769
381
-935
-355
-290
-681
-443
735
-809
63
-375
70
-995
841
-45
-228
-235
-434
-760
445
-501
21
-943
-719
-870
217
-650
54
-273
-90
510
-115
36
-186
225
-921
-653
-603
139
906
71
-311
480
-544
874
951
-734
722
817
-867
844
-474
331
-26
-486
-857
-402
-738
-252
386
200
165
-430
570
-785
-106
815
430
-530
-992
-957
-71
-550
677
-902
-208
-526
451
-766
-405
738
-10
960
406
-268
-965
187
-188
-874
995
-495
538
-373
264
195
-551
-394
270
-701
-874
-734
435
-556
505
29
988
738
925
432
811
-318
481
-442
-674
825
-480
-277
395
-100
72
989
-728
115
-951
28
-316
-616
-28
74
-672
-633
-975
353
-804
523
-457
-611
860
275
-12
-297
-15
-889
553
-812
410
-229
-328
-568
349
898
75
638
475
623
-844
837
-552
986
205
292
-968
314
-6
-277
-22
-62
650
-434
238
378
-373
-949
198
-780
989
-596
456
946
-609
-385
377
225
118
643
-147
47
389
758
-802
764
-467
588
-914
593
-819
-237
-527
-486
806
977
319
50
27
303
-503
-857
143
522
-812
278
-184
288
933
649
-249
963
566
-431
270
641
742
-146
420
-8
-686
-207
-549
845
-93
-531
-122
108
-731
-560
783
-121
208
-562
-498
-132
642
685
582
556
-472
-297
279
792
166
-336
795
811
-295
-380
988
8
-561
-37
-722
572
494
217
69
-862
-67
71
470
-391
728
483
821
-284
-683
-675
-148
-52
-263
-516
879
563
-37
-868
-160
-608
-545
-766
508
740
939
-981
322
713
-220
-503
-396
-714
-879
487
302
-243
-636
-502
639
-733
-296
-800
-178
277
106
-969
-240
165
332
-38
34
-413
386
-659
-966
-19
296
567
602
590
-270
-713
232
-438
-213
-356
-893
591
-807
-60
755
-570
-741
298
839
-318
-45
386
753
-773
-339
313
-306
-958
775
-970
12
610
-403
863
-73
573
570
266
-418
-913
-933
653
170
-626
329
-306
-581
-657
-400
503
894
840
321
-277
-506
247
955
-635
-177
230
-858
-534
962
-137
361
-110
230
-982
-878
129
352
209
-55
-490
-200
-401
-137
303
242
-500
-798
-810
941
-651
-565
701
239
785
-500
430
-53
836
-264
191
231
114
136
669
-780
-171
46
671
714
-965
-364
477
-847
283
-284
78
738
-631
-807
21
6
703
599
-222
891
-355
853
546
-56
-730
-477
520
615
475
-959
464
-655
943
-636
182
-958
-794
-327
686
-302
881
181
-78
449
-742
763
797
-732
946
-391
791
391
-479
-331
433
-797
-416
-862
-87
-198
-304
-482
314
-309
-874
-618
-800
493
766
-626
768
828
788
538
-906
-973
438
587
217
-178
166
-386
166
431
444
397
472
368
756
221
-664
-729
-188
272
533
-995
219
272
727
341
223
-180
357
397
-942
93
573
538
285
893
-321
150
914
-816
-31
-651
156
-297
-678
103
-430
-571
428
361
-257
583
118
274
298
358
-848
120
-924
-22
-852
848
-101
-179
47
246
-299
-315
482
609
375
-736
-654
378
946
248
801
-550
581
-305
354
640
208
214
307
253
196
156
926
5
-179
185
-693
771
-349
-809
-393
-844
675
-29
674
-848
743
-218
-863
-838
-505
536
-684
295
927
389
-160
-25
-4
783
165
-944
548
-911
-260
597
276
-363
-431
-87
466
950
616
285
27
-37
712
-856
364
854
395
-370
-711
542
-220
357
-151
-442
502
674
738
-237
144
115
-217
-349
873
186
-855
-234
-938
-484
-668
-704
-32
-710
-808
651
475
-246
-425
-807
840
999
300
-650
-713
177
-372
283
710
996
624
342
-920
739
952
-592
-759
-737
469
877
-800
-493
-880
693
-160
503
104
19
623
861
-206
806
919
-844
-971
988
-152
-178
949
-458
-294
-637
-454
-590
894
186
359
-239
780
166
120
837
357
120
-760
395
-225
-958
-252
903
-647
-305
197
-620
-182
542
479
-981
522
327
-828
674
-782
-487
21
533
-216
-800
488
318
830
760
6
-179
926
-304
-859
412
-928
-446
-719
982
443
-591
171
390
228
461
-255
-912
-422
73
461
-354
-864
-407
144
953
-445
-27
713
342
-708
672
625
-798
-921
-876
-131
-611
852
0
-383
573
15
704
754
22
841
809
-727
-237
572
-190
227
-578
-264
41
-590
562
158
-546
-132
250
-1
463
379
-833
907
-719
904
723
-504
-468
277
287
-153
-497
-412
-246
751
461
-280
-624
237
-637
527
-3
940
-588
-391
-81
957
-995
187
-730
-75
487
673
-237
440
-612
684
-63
979
230
203
-279
-87
-329
655
-566
851
129
49
962
194
-213
100
-129
682
-466
-622
-567
130
-91
818
-881
844
5
230
660
-468
-611
551
758
949
289
-736
327
-280
148
621
-58
6
384
203
191
-383
-463
-704
536
-365
-551
531
23
-691
753
-783
-36
430
-785
-944
-245
-368
450
912
965
810
509
-310
438
576
957
-305
-218
423
826
839
-326
-256
315
814
-993
-271
-771
555
902
590
598
-531
-794
466
-859
906
591
-425
-971
-551
807
269
-612
291
-743
351
358
-506
-479
-946
850
315
825
-498
-8
-771
810
723
989
-854
774
-386
-234
343
-926
-732
39
458
897
127
432
-843
-504
-321
-602
-25
-911
753
908
369
471
206
892
-964
561
563
81
-949
366
608
11
657
-882
-403
879
972
-495
-182
-109
911
-850
-924
906
-697
204
-548
-231
77
465
-501
354
-32
212
-391
-917
583
-641
-755
-38
602
234
-209
653
123
715
881
-235
-840
-1000
517
-990
185
-602
-415
-720
-432
709
860
935
611
-7
-694
616
71
992
781
-838
-280
353
-333
11
-500
106
-688
224
-31
882
655
115
856
788
-328
160
531
-767
-360
-355
432
506
-668
-210
-265
-19
608
-612
694
-978
969
273
-284
920
356
178
781
-917
-309
-285
-361
924
-363
375
-352
-688
-420
-583
84
-806
-997
936
368
969
811
-699
-389
-31
-367
-549
-898
516
134
-779
-364
136
-110
572
-795
-382
749
253
919
-725
633
590
264
-388
-476
-386
-434
109
19
6
105
-981
664
256
128
852
34
-82
14
-906
-891
-624
-398
-554
862
573
684
408
-827
-595
912
-513
784
93
-206
796
672
780
-318
-624
591
594
43
-442
699
99
-674
-448
533
833
871
485
622
-216
-220
-970
551
-683
558
-114
-115
939
810
16
43
361
450
925
-807
678
552
-919
-658
-151
730
-904
-101
725
-950
-842
-473
-988
140
-813
-826
447
812
-911
-16
-782
573
-819
-207
350
586
750
554
-535
931
-722
-357
133
-331
-484
-624
216
-773
-686
-801
597
237
-556
-331
-471
237
859
-263
518
411
529
-179
289
-101
737
50
-31
979
-483
-885
-82
373
486
-209
567
762
-853
987
189
869
385
419
36
-958
628
-950
266
334
-120
764
-172
-597
157
-890
-58
-284
-844
-398
-345
310
-851
-273
764
-565
622
987
885
-315
737
-573
-103
-577
597
-213
-841
284
-440
-992
543
-343
118
217
729
-623
377
-615
249
149
479
-553
-776
282
809
786
835
837
666
735
168
-287
-384
-143
-949
631
538
-622
-246
267
23
762
-251
-948
462
-244
-342
-175
-363
-847
751
-948
-116
-126
-64
597
610
-132
253
627
688
-253
791
-462
294
-435
-866
-913
798
710
449
577
-812
-278
36
948
-889
835
357
-613
-681
440
-159
-840
491
46
-444
-240
791
-956
190
-918
50
51
-214
-321
-277
-366
150
341
924
-734
-209
421
-89
836
-833
621
972
577
-686
-270
-178
-24
346
866
872
881
-160
578
-56
872
-304
591
-301
641
-990
369
-634
-315
-151
-785
-61
-160
-4
448
502
671
548
-200
918
-731
331
-391
699
-834
-698
-680
859
94
225
77
825
283
641
849
942
2
253
-735
998
-876
4
703
252
770
-372
644
911
388
-986
837
227
-464
798
-182
-21
-426
-30
688
856
-289
-890
-292
-854
-370
-237
168
212
543
774
670
525
392
-851
14
911
-797
-108
-1000
823
1
959
797
667
-459
-482
444
115
121
-1000
955
401
-9
-980
-834
902
-743
-530
-334
-368
536
-57
-370
-100
-953
-455
227
141
-161
223
655
-928
-873
130
-891
179
101
352
187
917
-518
764
602
-413
554
-580
-985
776
809
-643
-762
86
75
-366
-106
640
-449
523
909
380
-682
409
-638
363
-382
-258
-36
-338
-34
325
156
89
-92
299
370
855
-736
-567
548
694
-983
613
138
-800
-552
-536
-661
-769
-30
-809
274
-697
-235
-802
387
-54
-211
-989
-206
444
373
-786
-530
246
-189
-513
-38
-257
838
741
-232
-333
696
-72
-24
925
-179
-854
231
241
-846
52
-323
15
-521
973
156
-401
-476
310
-751
498
-362
-913
699
374
624
-126
347
691
-353
-908
-670
491
815
60
-103
-320
-742
-612
147
-23
-694
796
-206
-314
-589
-755
-517
-494
-63
-815
767
38
-948
-930
-636
-537
-545
-509
-987
87
-239
665
-204
946
872
294
-72
-466
518
127
463
820
392
45
-646
-957
879
292
-385
554
-654
-200
617
346
897
704
-774
-840
157
478
-995
830
796
95
-213
-742
-922
-508
178
-573
78
992
-119
-834
-51
-226
497
536
-197
507
29
-231
902
-180
627
-96
-967
319
538
-511
-991
-421
138
740
550
-100
-216
-583
617
893
-357
396
416
961
-207
-857
-109
194
121
28
-72
-373
210
288
-979
451
87
-639
-357
-839
-626
-165
-835
428
515
-797
-2
378
-88
182
-230
242
-766
-402
872
-68
-472
813
-818
-284
3
-480
-243
-640
98
381
526
-346
747
-755
-104
-515
847
710
-264
-12
-506
-216
-664
-218
646
-277
193
165
-363
-61
-82
-586
-392
-184
-901
-110
610
-953
-874
757
-276
357
-737
781
-40
-853
-114
-105
-384
798
-656
798
-756
-967
776
392
2
-253
-804
-853
-10
-684
775
833
-419
-752
-13
126
785
-294
703
-473
498
-407
-860
113
-383
-29
-641
839
204
810
972
359
6
398
104
915
569
-490
-520
951
616
-165
456
-742
806
870
-890
-416
530
-842
-573
131
673
443
806
-726
843
-365
-245
-400
-968
-792
-794
109
929
443
-536
827
577
-301
-272
-296
249
911
600
-161
-638
-498
651
24
149
-722
-304
832
-996
758
952
-895
440
-533
-889
768
-988
105
538
-320
158
-915
-241
-157
-197
-784
748
-844
-173
-670
835
475
-789
753
-903
-453
-112
-830
-768
767
-513
-563
753
-557
-401
517
-460
164
-421
-23
834
94
-501
-252
636
8
-319
150
-898
643
847
968
-777
-898
594
567
775
-677
27
-366
-59
743
-785
417
-568
449
828
39
389
-875
211
-456
937
308
-504
-510
-698
-496
32
-165
967
305
831
-962
187
-963
-487
498
-299
-281
-150
808
-423
-430
-221
93
723
237
1000
-221
85
-959
638
752
799
-765
-483
-436
-401
-886
-112
299
-781
-767
-530
535
-202
-880
-631
940
-106
838
304
-364
281
-723
426
73
-519
-832
-779
-357
-269
-428
-182
74
-893
-437
-295
-969
-484
-744
389
-905
-369
-523
142
691
970
314
-716
799
972
-25
0
-153
-927
545
329
-811
731
146
27
358
474
944
-926
-214
-427
29
-706
-407
623
587
740
-56
-939
511
260
864
613
182
-973
-789
-220
804
-441
-568
634
860
-839
-480
725
822
-966
706
-23
-886
562
434
85
977
-200
-277
-397
-546
-449
-703
64
334
-202
-866
992
-828
716
-178
239
684
568
-173
-944
-937
399
984
-241
-952
-775
-127
420
-61
13
686
-456
760
-106
-634
414
-277
-845
618
-480
576
-476
930
261
-178
-703
923
759
-850
-152
819
-816
587
169
961
161
239
-331
529
-6
846
-381
-316
914
138
-13
205
-977
-337
134
-717
-215
-396
-480
-668
680
89
-266
377
401
766
-276
-484
-647
845
-311
783
-740
-751
-688
659
614
-74
393
-390
900
593
146
-662
160
966
-993
32
-574
-305
635
-762
725
-529
-144
930
-137
911
-146
-104
-31
239
571
-654
944
-34
-181
256
640
461
53
-8
-107
693
550
258
-461
466
853
-79
-22
675
-304
296
794
506
-435
-307
947
259
-353
933
-67
-879
587
-88
-601
-248
824
-382
-613
-506
-407
794
-739
-879
831
548
-344
583
-751
742
-530
-395
-833
195
767
-579
-925
674
-216
594
397
-245
-488
-90
-685
-169
360
626
645
4
-950
-142
-170
379
-142
-737
-921
-479
866
-974
248
-805
2
520
583
393
370
968
-283
-621
457
33
445
592
-584
611
993
-975
983
-128
-906
12
287
646
-77
-90
716
-718
-967
-8
-1
208
-231
200
-517
456
64
251
182
-435
-420
189
4
742
-138
-647
-175
-317
-961
310
-705
-533
648
237
166
857
-367
-964
-23
620
142
44
759
-773
-303
-952
-796
-421
-477
-403
-404
411
-752
413
-61
632
499
-208
779
-156
50
195
661
-612
207
711
-818
601
-225
-919
615
-729
-994
638
-969
-60
709
565
126
-661
89
386
-730
876
-619
769
-317
-114
-999
482
-814
787
443
682
764
-533
130
-66
-784
602
664
-542
-710
361
-67
-414
-469
-366
-256
-353
-766
-479
-428
-874
-279
324
357
507
-819
387
846
987
148
-64
-465
-229
153
877
814
-992
-493
512
-496
-701
881
619
-78
785
-708
152
-190
115
-849
874
-429
-1000
-170
-555
410
476
841
54
-910
-198
-820
-156
566
-461
-419
-181
-776
291
-802
-673
-468
365
323
108
-248
160
789
39
-79
409
-960
532
-224
-282
807
435
661
-809
343
181
-297
120
-40
-349
705
558
-775
-253
425
-328
501
-931
722
242
417
-105
298
444
138
-77
-30
-503
-812
-331
391
-73
-178
529
-42
-135
408
-613
610
-898
880
-336
602
-626
-804
997
432
61
-499
101
694
627
-294
-14
-471
202
254
430
-582
203
181
-27
704
-251
-425
-642
567
205
153
940
454
478
912
797
368
372
189
-916
996
-405
760
-70
977
839
-945
-425
-447
-129
-667
324
-738
-713
-184
-245
763
743
-918
-336
-948
-468
-182
-555
294
635
241
512
104
-185
-159
-990
165
356
-603
381
-174
-267
-479
351
-96
955
546
28
605
976
-96
354
-954
545
769
488
-812
79
-510
627
960
334
-42
171
-606
390
284
-917
546
-789
-710
-944
-103
798
-281
-562
-942
300
499
373
146
538
815
926
413
-682
159
22
-941
368
-927
711
-753
603
408
197
-887
901
366
162
-820
-341
-767
528
-359
-221
763
755
952
-202
-908
302
-900
-498
633
84
-56
652
408
634
-349
-731
667
220
982
801
-814
-616
-111
-64
22
-857
612
-399
186
-894
827
535
-519
-263
661
-455
747
-171
-234
247
931
375
-893
-364
-476
-635
-86
-446
-520
-530
70
923
207
-468
-183
625
-780
-581
973
802
-83
-713
-366
-891
854
-24
-293
10
-789
-705
389
757
129
483
740
-175
400
644
-260
-148
-777
921
201
173
-857
564
-679
804
-579
-835
-116
-496
-93
124
-156
-458
846
-538
-500
-771
-924
484
-919
-523
658
-337
-399
-399
-143
345
-542
-891
-288
-497
-569
-525
324
715
-899
721
560
15
963
809
853
-537
-954
-454
-447
722
-273
-593
252
515
-469
-426
929
-946
-41
448
-762
-193
211
-745
693
-40
575
-728
753
627
-502
-963
-357
-378
-294
-646
184
398
-925
945
42
607
316
-11
847
541
-271
166
-976
-884
-61
845
-500
451
-301
533
-161
-239
624
10
-326
657
16
790
-404
-55
244
275
-186
480
-864
49
-700
-811
-52
-572
779
66
-115
785
-407
653
995
695
-527
839
-500
335
671
-164
217
943
457
-312
-578
-560
289
-185
503
-256
-922
853
-587
741
-71
-685
462
530
-397
413
997
-76
832
334
317
-43
-196
-897
654
75
-968
621
-855
32
-540
709
711
-796
699
-555
350
-653
-654
271
-976
-260
198
994
210
448
456
129
-175
24
-274
179
565
916
-112
716
766
-167
-490
647
-309
-528
-596
846
-77
655
193
-941
102
397
-890
-837
-727
32
148
57
-682
-23
583
-670
-325
804
257
218
-131
-586
722
835
662
-953
-113
-587
-465
235
407
998
-850
-578
334
-258
977
888
568
161
498
-635
220
-520
584
-699
722
811
-511
401
644
352
366
284
189
245
-683
-685
323
-616
257
-650
-210
-95
-803
-288
-485
-731
-584
-722
885
-411
-737
-928
-352
43
-988
-920
-864
288
-586
-26
-979
-422
-833
336
-887
-484
-841
-748
972
16
-539
-819
-20
-338
-617
152
-566
-260
-293
-467
316
537
716
112
434
55
264
279
-321
-225
971
-76
-866
-47
257
277
-615
140
183
388
272
337
-987
-863
837
-799
-887
-25
38
362
-342
-67
373
-44
-511
-222
-775
-211
-557
-202
-965
-735
959
424
840
-19
-871
643
-491
-158
-191
-624
541
690
-581
-808
-274
-869
885
476
571
-981
-869
475
-313
-995
318
48
1000
-321
-631
-742
34
643
-191
-744
214
524
-457
-603
-674
710
-316
-940
819
379
596
-143
86
608
362
-152
818
-412
331
-707
-420
649
-159
130
-862
691
-878
105
-856
-694
476
62
967
-409
264
802
-209
-273
-854
149
164
-82
855
362
798
387
33
-360
528
-964
208
877
526
28
-783
672
886
445
157
91
-88
-93
-888
-871
-285
591
154
445
-745
-420
704
662
962
792
366
1000
-737
224
802
-796
-570
130
221
-841
251
-656
155
-64
382
-827
-672
329
-639
-283
843
-744
-291
942
362
128
-548
-632
-486
29
-730
-224
-864
-469
184
353
-580
785
661
-826
614
81
-583
752
-947
-833
815
339
-620
810
892
-293
150
303
-352
330
968
-87
53
255
616
-153
944
457
-829
90
-441
891
-181
255
202
266
976
123
-972
666
-823
-993
-328
-675
-57
-2
-114
179
907
-438
-367
934
-592
328
-516
-436
-207
-871
655
440
-844
-593
857
471
-298
-456
256
88
-569
-804
-914
-238
-362
896
531
962
-891
-498
-409
760
-107
57
944
285
-905
135
-753
-80
138
83
-282
-274
-68
-196
908
-777
-490
893
406
-64
682
-469
-546
-564
-900
81
87
-781
-204
145
-307
272
-928
759
788
-129
-542
652
44
218
804
-634
134
-396
-887
905
129
424
-310
738
570
-18
-412
-830
-105
12
783
383
810
398
506
926
413
-762
-986
-658
-475
-918
90
664
-495
768
82
858
903
635
806
-972
-8
-843
-863
723
-274
659
-651
-468
-818
410
710
264
-70
-32
327
10
-526
982
-772
-198
90
202
784
153
892
515
430
-844
-970
644
-64
559
-615
660
-938
931
975
501
96
570
-841
847
996
767
-646
-833
346
418
550
-6
58
50
280
653
124
862
-370
222
-759
-769
668
-224
-310
-504
-318
299
-535
692
479
-387
312
-406
-192
382
-123
603
438
-350
-22
504
514
-642
606
-565
85
-132
-646
-76
733
925
753
-782
-796
-953
125
366
159
38
-737
19
902
-992
-545
282
-750
-81
-571
685
-51
-410
390
-616
-497
797
74
-751
-440
305
935
-508
65
124
-934
-311
5
-214
-720
-766
-251
62
418
-312
-695
-456
999
-475
208
893
349
-172
-131
-916
-601
-821
-870
-680
913
611
532
654
-313
-394
-540
207
604
-548
245
675
231
376
-68
-382
-38
37
-708
693
-982
-651
517
254
-207
605
909
733
-49
-391
-196
-294
230
57
-422
9
-305
-314
343
248
-370
4
113
-555
-590
-872
673
775
448
-655
-426
-129
581
-352
131
167
-992
-966
-65
-288
216
-699
905
-760
-526
165
-383
-889
690
651
-551
366
-690
-320
-178
-21
20
-703
-933
685
-648
529
5
832
-338
340
377
125
-124
93
-676
877
-390
-404
555
872
-100
-66
451
-392
784
722
-173
-646
-821
-855
-179
633
-180
294
763
791
-76
-242
71
-492
-372
-512
-268
979
768
-722
-365
-412
-142
-314
662
-385
-717
678
710
121
-705
65
350
388
171
446
-574
883
359
303
274
210
-898
991
-391
493
-310
415
571
-829
-100
-969
-251
946
82
134
193
818
308
-414
52
772
-181
925
468
320
305
821
-150
402
668
869
-587
442
-864
637
-503
-724
-972
-181
181
-27
-140
-605
-366
-751
884
940
879
403
-603
-629
555
-179
-853
824
-667
992
-962
-704
-969
438
65
683
439
870
344
-346
-705
182
-9
-757
-709
895
693
115
-826
-319
411
-122
662
266
62
-719
107
87
-855
5
357
-931
-534
-343
-32
151
-385
-706
-873
593
-391
-306
-282
752
-752
704
720
-46
907
234
-13
-137
-287
-458
-502
443
271
-301
-756
-933
-39
-658
-279
362
-780
-854
-98
602
699
384
-107
618
-846
-157
742
895
-170
-704
328
729
-447
-666
770
-156
743
93
-62
-621
-620
-851
-16
-363
344
-676
-640
362
755
912
448
-205
-277
-798
-970
167
-99
-843
620
-849
-501
241
757
404
491
560
-992
-821
-920
442
-582
-549
897
-134
31
528
-21
-570
-67
-439
-279
-975
-830
-959
512
-618
377
479
616
-836
555
-698
888
293
869
108
414
-814
-304
242
-535
117
564
-240
-379
-824
-340
539
683
-476
-450
-628
806
653
188
-722
-346
925
405
249
809
660
0
-462
-365
-772
-966
942
597
-564
878
-819
62
-493
553
457
-781
-224
153
544
560
164
-297
98
-372
-629
726
277
130
15
532
-402
-392
323
-681
-317
-88
-548
-541
-810
81
833
55
53
-356
273
-958
-602
387
5
770
257
-574
805
-8
-706
-236
308
349
623
981
554
-330
-938
519
555
200
-676
-430
-210
332
-746
-42
-734
-714
443
-339
91
-812
-735
-526
279
886
-73
692
889
46
987
506
743
445
-40
-35
-989
-577
214
-775
200
-52
-448
-965
837
-859
911
-142
-452
279
876
-813
-129
-847
-384
-882
277
449
-378
738
-623
-697
101
366
78
-748
886
249
693
413
-165
228
454
556
-405
-990
82
-281
688
-365
-692
569
339
140
-887
558
519
-229
493
405
78
457
866
861
594
-569
857
-991
-331
-364
-184
372
136
-795
500
358
705
-425
-141
763
868
-899
190
922
-747
879
734
-668
162
652
-173
437
-711
139
322
-423
230
540
921
351
-646
770
460
414
850
-421
-162
936
349
-629
728
-263
114
-126
-894
-281
-545
-896
-948
-467
182
-766
-761
22
788
349
145
171
403
93
434
460
-849
-635
-407
-413
-825
381
-86
542
733
736
-501
116
171
140
-478
619
-139
804
-678
-961
145
-792
-722
-433
-714
28
-905
-652
-975
939
815
-117
392
562
427
-781
-361
610
737
765
479
934
-983
578
917
327
-393
901
-265
482
954
-106
279
-489
146
428
502
-905
-923
-285
-448
-114
288
-695
757
343
789
749
423
-784
990
415
-213
-203
136
-441
-172
-261
-841
-111
121
-624
-858
-280
128
273
-536
256
-35
-495
64
182
-265
988
-458
625
-360
-36
-509
-186
-190
-561
-41
31
367
-513
273
-969
-951
363
276
-368
-187
-914
586
838
-569
-577
703
134
-160
158
159
-55
-675
982
-154
-44
170
555
-145
44
-661
-318
85
305
542
-45
241
-109
837
280
236
-571
-66
208
223
-5
-53
-62
761
-521
991
626
-761
-678
21
646
417
-304
995
-847
106
149
495
726
58
492
61
-595
925
463
289
-333
-269
727
782
-342
840
318
-66
-178
791
612
-732
-963
191
-953
926
824
-138
132
-596
-826
-108
-67
-34
382
653
-558
442
330
-978
-202
-239
-473
432
216
490
-608
-532
-943
-470
-76
-419
-649
97
50
678
896
-223
-775
-652
168
157
867
142
22
-450
631
983
469
900
670
-940
-292
950
-131
-672
-330
-266
642
792
612
592
684
14
645
-807
890
-68
-657
501
-576
448
674
287
258
30
153
874
837
-176
240
-901
83
202
859
279
664
-825
931
471
-273
-225
664
144
211
-963
146
98
593
-565
-429
-982
-369
-553
560
411
-656
-303
-842
-469
795
907
-602
378
-681
690
-759
-121
-413
879
384
991
470
943
149
467
913
-558
-899
-363
561
696
252
-474
756
-534
-436
-487
541
-221
-365
-636
-179
426
-113
-110
-564
-834
-359
518
-269
-797
-673
-479
335
128
710
236
421
279
-877
-947
-984
365
664
-495
-905
992
518
-3
927
998
-627
-240
399
-975
-301
-683
257
15
-799
-129
845
387
558
-31
12
32
999
-515
735
629
390
731
-301
-319
-707
0
-63
371
456
974
-432
-699
198
3
422
792
-840
119
160
995
-991
-127
-6
-71
142
-575
126
486
-481
-600
537
553
963
-463
-664
-624
990
541
726
-974
263
-326
-892
-402
402
136
-297
744
574
-381
350
-729
675
-51
203
-200
366
-427
-153
972
594
-198
368
-521
-301
-231
7
-663
677
-390
-774
-297
870
668
816
-228
700
251
887
188
874
-348
-566
91
461
95
-280
845
674
940
-115
158
-452
61
-842
394
-233
85
278
-66
615
392
174
-749
-968
405
-322
-711
-683
467
-184
-384
72
-140
586
761
-117
394
-27
58
-791
-866
909
137
-310
-610
869
-83
174
-85
441
-524
356
-64
-245
-141
354
114
-886
-752
-706
-925
815
293
593
160
-188
459
-294
419
-202
-75
285
-523
-190
-73
-869
-412
592
728
-184
-222
279
-731
92
-332
-425
902
-970
922
750
953
-938
-12
-280
-967
440
-867
292
-194
290
883
760
-421
228
24
-244
183
729
-502
-47
-160
-76
882
147
368
13
-945
568
334
-592
763
538
957
-412
-852
-276
16
-563
397
-441
619
-191
-629
472
849
-465
329
777
403
379
-230
-494
872
448
-658
689
-453
663
-672
27
-655
986
-388
-147
-956
-66
841
-271
749
460
234
700
724
891
-904
-114
-627
-790
570
-758
-343
-839
-686
696
101
-553
708
-352
909
-431
538
652
745
988
-514
-669
414
843
600
489
685
-150
467
-5
-464
-256
-576
785
-332
858
-826
674
255
-939
-618
-25
-602
-383
775
-401
-214
144
-449
128
-206
467
-976
935
-405
-660
-797
377
-351
-511
-92
809
-471
-994
-363
-190
-254
255
-26
-600
280
29
-971
-902
-573
-283
118
-984
801
853
606
102
-252
211
210
520
-753
338
-26
416
580
-162
84
-643
-605
-489
463
146
569
-476
-193
197
644
506
-42
-108
518
311
782
-202
753
74
521
112
972
171
-628
49
581
-840
-974
-751
-82
924
2
-32
-180
296
931
-871
832
-411
741
660
159
-930
598
-970
735
-743
-180
867
-889
-787
251
-416
825
129
-541
-803
574
-839
-482
911
433
555
742
474
-969
-492
-589
-290
-623
889
895
-424
830
-32
-760
-64
420
-850
-959
950
589
684
-644
-36
-663
84
221
420
260
-956
-271
632
-30
935
-353
964
697
269
426
-746
970
-79
-205
995
-518
114
89
-437
676
66
-502
793
307
-449
640
-455
731
-412
-275
851
950
738
380
-905
-477
659
867
549
-381
321
-105
-354
266
248
512
358
398
109
244
201
646
-302
-443
243
710
-288
348
-33
-424
511
659
-808
-372
47
658
178
-655
-88
-866
-873
902
-260
-299
423
-975
942
-599
736
-596
410
-854
-29
760
-231
865
173
-304
-360
-378
972
809
-846
47
636
-552
-503
-823
486
-813
988
-92
-377
167
290
-537
-669
-956
-568
-16
-156
351
361
-265
-673
-220
427
460
-82
543
837
197
854
-620
50
-393
-156
857
-857
662
841
774
772
-70
-181
-339
-935
825
139
155
826
-531
-369
-110
-938
435
-283
-932
-267
-904
340
769
-529
-720
-345
185
478
803
-245
-290
394
722
-232
-379
-233
-827
-38
-855
629
435
-903
-626
-975
266
-891
-993
-449
-563
-769
-31
-352
-764
619
620
-260
-625
931
250
695
-913
-713
833
-344
831
-507
-532
-566
-382
-804
-791
138
-857
250
447
695
-610
-574
-494
494
922
71
977
287
142
708
-614
824
446
796
109
-516
676
-829
134
-118
78
-241
-778
-490
923
-955
164
822
266
119
-561
490
238
-788
-902
-724
874
-33
496
475
-390
-62
801
-316
-631
-192
907
-947
-19
-483
435
-823
-571
531
-923
840
-766
-576
104
867
895
-20
267
608
863
-960
171
-478
878
-777
-553
879
-720
803
251
-841
462
878
533
-590
104
-605
-198
966
776
-70
-771
-819
-731
943
-810
83
-980
-639
582
805
-360
-612
-25
-153
-224
-827
-38
-212
-320
-968
-631
-855
388
56
-859
-734
711
-469
-269
810
-770
601
-900
113
-416
-674
347
-568
812
454
672
505
-937
-619
-404
272
547
139
904
165
-795
303
-276
-408
23
-838
-328
-28
-62
893
-986
-258
-433
-78
951
-512
-731
-199
-169
559
-239
314
990
267
-702
776
-563
950
-800
-512
-888
-75
978
-503
926
-517
-585
-975
-382
520
-656
573
-29
-960
-861
-941
-825
75
-402
384
146
-134
1
880
-261
613
-267
663
385
-307
223
858
-718
-340
140
-556
-498
882
-413
-261
-826
-54
-799
-548
-315
581
945
-920
835
-606
-273
431
-759
-238
-531
-65
863
152
-543
-626
210
732
-169
-261
846
267
-656
483
-474
-24
996
115
96
-525
10
-288
772
-666
-181
146
-234
-416
-567
560
293
-602
29
-56
-723
-605
529
272
-446
450
363
134
901
488
-350
507
627
439
-611
-315
-975
-2
-716
557
-845
-712
-118
666
-938
-258
760
65
-717
-265
-941
-509
-944
129
-714
950
-906
-259
-154
-486
-77
720
-62
129
263
-534
392
709
85
-260
511
603
-564
841
-850
-289
905
-25
837
-545
-161
-2
289
-380
600
697
-806
137
-37
-58
287
441
537
844
423
964
624
594
-701
732
-97
-482
454
-617
471
496
83
-230
-25
354
340
-358
394
-982
605
293
10
65
106
-165
-343
389
-763
-826
121
724
624
-356
-275
-539
193
994
37
846
-284
294
121
-532
-488
708
278
-487
676
-975
840
165
-409
-345
-787
-398
-953
45
480
-249
-194
-65
797
384
-385
940
-613
-998
-277
312
-860
-855
-110
-376
-444
-578
-919
597
-436
229
-162
-540
-367
-59
631
302
-770
209
712
361
-548
2
997
650
-124
170
139
416
-431
-787
355
-227
-615
864
333
-18
-943
430
-74
-881
-266
241
313
-258
469
-931
36
-639
-110
734
-851
-207
61
-449
-165
390
328
-587
270
-337
707
-832
-53
-158
-213
72
607
-564
-243
629
-849
-340
-168
-125
488
425
-812
-782
593
-857
946
684
687
-994
-638
-940
-366
647
842
-452
-885
-596
46
-452
-142
496
-167
-149
867
-414
986
400
329
-542
-161
120
-299
-813
-548
-968
-178
-957
-729
-489
110
-300
-462
-654
877
-818
240
397
-610
-734
749
-61
-413
932
-65
72
716
466
-367
83
-941
-391
-641
292
109
-529
-327
237
665
-855
-204
-518
539
-128
-881
-77
356
412
843
-941
-166
956
322
-357
367
695
385
153
-440
-75
-828
-675
871
-295
-232
-878
-87
314
938
-630
-565
814
551
977
-807
-420
-717
-958
835
-661
6
15
-146
-573
-835
-104
-207
-737
210
891
-342
829
-286
975
-294
393
-144
866
-8
-532
526
-565
-221
-782
-294
550
458
151
11
594
522
-966
-362
284
808
881
375
359
109
598
256
-92
546
243
-277
-416
-783
-943
-415
822
-623
-114
341
-520
467
762
-193
69
550
-840
742
-731
-233
-368
-724
45
952
-454
125
919
520
507
-379
-215
439
-489
-333
596
-325
175
-672
395
-257
476
-466
-222
667
115
708
-198
932
764
741
612
144
137
104
-484
-430
-442
359
12
957
364
897
371
697
-119
-225
945
765
-195
772
928
-60
932
-290
934
668
646
-362
837
-48
-704
427
-208
-211
436
354
515
939
207
-551
-735
-165
353
214
-768
788
-890
-864
186
611
660
956
-93
-704
-798
19
897
729
720
-815
280
607
628
-144
-590
-979
200
571
-793
-324
-456
708
-607
927
463
126
-354
-580
610
-30
-960
712
726
326
-47
-230
815
679
-6
761
-890
607
-385
293
-477
13
-609
161
385
-916
646
-885
-145
-244
983
-773
964
-658
-985
-502
740
698
-99
-198
310
-487
44
-942
-610
-399
-381
-514
23
-733
188
935
-454
735
639
-814
-627
858
-626
597
185
-834
-128
469
361
-267
989
27
653
-630
328
51
999
-50
174
555
944
82
180
-933
-605
471
-513
892
136
-955
611
-702
27
498
148
772
628
552
662
57
335
39
-37
-402
-546
-696
211
-219
623
691
59
-6
-123
301
427
-742
27
-552
116
-12
-544
625
-185
593
-546
456
-895
-746
-6
740
-23
-880
970
-960
262
-852
-484
-832
692
-491
222
388
-883
422
779
-383
233
938
-282
337
272
396
-182
-212
-753
-623
303
-453
826
572
753
849
-22
658
444
-126
-301
35
-650
-262
742
749
-9
-15
858
-549
965
150
424
-294
-910
142
-150
-272
844
393
-71
-562
363
535
616
-983
785
251
-291
189
418
-445
569
809
999
-328
662
673
459
-592
-68
-636
343
661
-289
721
-731
-375
-681
-856
-285
-154
310
862
506
80
-544
697
-6
-944
-821
-932
-744
509
-366
-758
-447
-322
-367
269
34
96
522
-51
-895
-413
-25
582
115
-649
-536
-61
606
-482
-800
238
-802
617
-943
334
257
887
677
-872
-373
421
368
-663
-426
439
991
-127
822
560
-99
779
-668
-708
-258
-9
455
-762
-843
-527
421
466
6
-70
822
-105
-872
-515
-485
-978
-403
-553
-145
-168
776
675
199
-338
-362
806
-144
-832
804
778
-183
-211
-359
-388
-94
-438
213
-992
512
-166
-497
-356
-145
-879
-151
131
308
-776
-789
712
717
22
667
5
-281
342
14
417
233
-902
-659
-494
-86
-521
-915
-688
-94
-43
354
360
411
-316
292
-868
529
376
-989
362
-848
-573
-736
-864
513
693
272
-886
-561
-549
410
435
346
-823
-335
-290
-779
-733
5
-225
949
-363
-133
-549
681
-471
-110
544
531
-602
-770
69
-211
-105
129
-840
119
-840
-80
763
620
-793
137
72
772
-822
-246
-832
-764
651
-463
575
88
-32
-468
768
-46
-66
-939
367
-884
434
143
-123
-904
376
-115
-160
232
-941
-501
-902
-455
-638
824
-984
84
265
168
846
709
-963
-210
697
-808
75
-395
951
-324
-953
-50
-513
400
-145
586
114
-10
451
-759
981
-330
262
411
616
-79
78
21
-744
415
-263
-94
-630
-205
815
-771
-226
848
-86
672
96
-985
714
77
621
883
-367
-641
-42
356
-816
-575
706
517
340
261
-437
472
217
-945
796
853
250
-187
-189
631
407
-194
-859
957
-688
570
-21
-943
-997
586
-328
-138
773
-897
251
-425
857
-47
325
-975
741
904
-266
242
244
161
-695
551
929
170
-547
-822
-189
-945
924
198
-791
-106
378
-828
206
-873
-208
677
-863
-536
396
-988
64
368
607
-411
916
-995
7
-694
899
-932
523
585
180
-948
-167
470
254
739
180
177
-276
941
-327
-856
881
-914
-282
587
-675
-65
850
-65
793
274
620
-633
-710
59
905
206
180
-154
-432
-158
-945
112
676
526
40
393
720
821
306
24
-87
995
78
170
-561
323
675
309
-713
-355
-271
-783
711
104
953
-143
536
-260
766
668
603
-230
489
90
-695
-765
-126
-288
-873
381
-797
643
633
232
-872
-303
-566
-790
368
-540
682
470
-328
-297
498
245
523
527
953
-81
34
573
-692
-195
748
-118
-809
-310
257
870
-91
556
667
-768
-814
-386
378
-20
517
-221
970
342
-719
347
792
-364
-640
285
661
545
22
-697
77
-779
-705
292
-655
365
169
-320
194
293
-557
-879
728
-28
-719
-440
314
-180
-570
113
-895
-379
-978
79
737
-66
363
-361
77
838
44
607
240
155
-527
780
824
911
169
442
-231
319
-574
-784
303
-417
518
140
269
669
-701
-184
-741
-513
458
371
-543
952
-239
-847
-616
-390
385
29
-972
-844
-605
110
-619
462
826
302
-674
-381
-906
377
88
234
630
-772
758
808
19
889
-97
-473
780
49
361
-928
-551
-869
529
975
133
496
-395
656
233
-169
-728
-898
628
933
-941
591
-36
-880
712
-699
835
-369
-414
647
258
403
-675
-325
501
-975
751
239
103
-910
-686
836
376
-531
-357
-732
260
237
-73
358
324
-789
880
-374
-873
-847
852
-555
-526
506
-184
333
991
978
-690
-559
-635
-918
323
847
567
362
-874
-458
-920
-379
-730
572
933
-220
-93
-379
95
-362
510
-105
-134
-926
787
-182
-358
554
-487
102
488
-431
-971
551
-272
-63
-824
-458
746
669
120
-75
566
-818
-622
-359
-702
-263
-135
-716
-252
107
-176
-626
650
772
170
655
203
488
584
-905
997
-557
570
579
376
-866
-308
-478
757
589
227
-606
-338
-398
756
456
-47
-648
149
-859
-36
191
-139
128
-412
-693
-704
499
-738
789
-527
-947
-238
-410
883
976
2
-885
423
314
-617
-273
49
-51
56
-738
-489
-187
806
-416
832
401
796
-414
-318
-725
-515
205
-113
903
741
-302
239
59
-64
40
-822
978
-955
811
233
-275
-634
-198
-305
405
881
-94
-171
35
709
-280
609
729
359
844
627
-983
789
561
-226
99
-514
549
-58
745
-37
-843
-940
-280
-451
252
-624
-602
-23
877
-262
-695
403
-115
188
-418
1
3
-36
-455
-976
554
846
-824
-263
-573
704
879
-17
-62
212
-336
434
891
-3
-635
-781
906
-550
796
-443
-631
-985
42
770
789
553
603
168
-746
-332
988
187
863
-258
-893
-117
413
901
218
21
-788
-272
-361
887
-278
582
816
137
-264
132
437
500
-81
632
-212
863
327
64
720
864
794
-707
542
468
-275
809
340
-682
-136
777
-657
-177
-698
-945
-540
-41
576
334
-554
-368
-567
734
7
-675
-727
816
445
286
-895
-863
157
-810
-461
-846
350
-848
-129
167
-429
863
634
-936
-276
-909
-639
-422
-171
-830
908
837
319
-174
-593
417
258
438
-888
-59
255
34
362
-241
-557
-234
-13
579
-419
-296
-811
287
195
585
189
116
493
-552
-485
784
803
-481
963
-909
-962
-816
-385
549
593
145
-623
-658
-176
310
890
-693
-535
-671
258
984
459
-333
342
871
-685
850
119
930
-739
350
-338
432
-518
-974
-898
485
88
-683
993
-786
-76
198
650
-413
-255
-561
-764
812
452
20
-225
-527
-896
-828
563
-499
776
-455
-40
562
104
-596
-253
408
-393
650
-231
263
-882
386
134
-105
-879
567
-995
546
982
437
-17
658
-792
-272
2
-974
-522
-4
488
78
641
535
772
45
-864
-445
-740
-372
-938
539
-984
-777
870
661
-292
257
-988
123
-211
547
-734
-730
923
-856
-45
915
-64
783
76
195
-266
-602
477
-985
508
-102
898
-124
-804
858
487
-877
984
70
786
308
-55
437
480
97
-387
508
-779
-711
-346
25
679
225
876
-44
-99
-588
-922
488
141
-794
-828
-856
176
532
688
663
-871
455
917
872
-386
188
-856
-396
-95
-48
963
87
-259
674
804
75
247
225
598
675
-694
189
-522
-620
-727
-548
702
508
-169
938
102
261
946
156
218
-284
-539
-568
-462
295
487
797
-941
-98
-61
-608
67
-442
-593
444
797
780
-783
208
10
-466
705
71
778
-837
357
-886
799
972
561
559
-362
741
-522
-489
-620
552
734
-510
-3
-842
-729
-312
176
687
670
-811
925
219
-619
225
-709
107
442
-40
-87
-459
-321
-912
-107
229
419
950
-135
-968
-196
-770
-171
615
670
36
104
302
-505
-811
-97
225
356
-737
519
-348
-252
351
658
7
807
-660
286
735
-334
-647
773
-335
386
972
-159
390
186
-682
569
-560
104
-370
397
-630
551
-390
-54
-532
1000
-133
-283
-582
-850
675
-823
606
-299
-43
787
-345
-476
177
-721
153
-74
408
357
513
-952
830
-953
-699
-694
938
715
-213
-555
-248
492
-952
-787
-348
-390
804
-144
46
319
785
-298
725
-499
-698
-289
286
-291
127
-372
417
-683
888
779
-792
-657
166
-428
205
-282
-952
821
304
839
118
-50
-601
144
-354
-951
765
-890
-997
-373
-799
-383
-617
-546
671
-387
-44
898
-226
101
-479
598
-230
821
55
-985
40
-368
-478
-682
900
172
189
-206
-449
-976
637
22
-957
538
-693
-591
-667
648
-531
2
-598
819
-41
-79
463
195
-371
297
440
-33
448
993
-355
244
457
-919
439
-840
672
-337
227
-5
-82
-707
-753
-414
805
-429
519
317
-623
-957
914
110
-807
-799
-952
-986
865
581
297
-853
643
-610
640
-434
206
422
841
-467
742
-325
-14
-444
346
-99
-707
125
554
437
-523
-194
778
999
-844
708
807
-955
799
469
-803
-187
-167
-670
-841
-6
-761
-636
-500
-206
313
-6
393
-756
-62
588
-763
-829
-980
-202
-705
980
18
899
-710
-807
-777
381
948
910
-735
797
-444
735
-503
-130
785
871
-239
-328
448
-216
-891
-165
-531
-314
562
-417
195
-59
-926
-319
-681
539
40
480
541
810
942
-203
486
575
-920
336
620
932
612
472
-523
-634
281
916
-123
-937
329
800
776
496
-614
770
-844
-965
838
724
44
140
461
249
-916
-56
-281
-880
-829
649
15
327
894
-166
-767
-308
-293
628
566
266
-746
121
-526
178
668
990
-125
-698
451
-789
442
-583
-178
328
135
-641
446
662
-866
-424
-558
105
815
388
-72
-575
-261
646
-526
25
-380
-738
844
-175
790
-941
-177
539
-812
-612
-81
248
-649
-683
628
660
-1000
334
612
976
426
818
-145
-255
41
410
-110
82
-916
928
985
-176
54
927
781
-951
144
559
522
-379
831
-259
866
-436
-963
525
437
-546
485
-671
407
778
-560
-610
356
94
-663
-939
-320
-140
-917
158
196
332
778
447
-663
-703
684
48
575
-989
-380
-929
-294
-940
419
129
907
-577
353
310
-198
-959
-750
124
311
-224
575
-984
-24
-211
-91
-308
-324
-346
-837
-559
650
-633
-918
747
444
570
628
-69
384
944
390
-763
257
251
946
641
884
638
-846
893
181
-174
434
-46
-868
230
-93
681
418
-755
-259
755
480
-119
-727
-899
809
453
-667
-383
430
654
-473
-486
830
-625
910
141
-624
914
597
-22
193
341
-472
-47
-881
640
742
-909
-134
665
135
-939
-612
79
-214
-998
-141
548
-821
-266
235
-995
-924
752
-821
451
-863
134
-95
929
-203
822
-258
-746
330
-858
623
-239
577
79
-486
860
297
-172
-214
-440
34
790
-245
21
115
872
-841
16
252
-601
-409
-609
705
-729
656
689
-220
149
-654
846
-827
469
-843
-661
-886
-889
-631
-316
784
705
348
414
624
561
734
163
265
-267
-399
-830
-865
-476
-22
-1000
-961
-984
-417
-164
107
-28
-151
-33
-306
-452
773
833
520
-809
-88
-93
-16
-266
-284
-691
946
788
918
224
311
-796
-985
-975
585
-461
291
-303
-798
823
-108
141
74
402
-859
987
-747
-1000
226
-875
100
-371
-58
-638
965
-648
-107
45
-198
-548
256
531
921
417
116
556
-390
-512
-44
385
164
31
-82
-184
-350
-855
372
-486
-363
402
454
-584
467
873
150
-761
-485
-838
633
615
-558
-266
-33
-189
714
-219
605
-825
-144
-789
134
780
-932
672
323
542
-11
-979
525
-17
563
329
998
-382
749
-242
-222
-297
753
-414
-273
898
263
2
307
955
-350
-381
-895
113
972
-307
-5
-904
10
142
497
-459
261
-348
128
484
-736
836
-68
437
156
-101
-902
-536
-268
368
-336
-586
-355
797
-178
-801
-889
507
328
966
-142
191
-932
215
504
-685
339
-4
765
-425
375
142
-69
156
-782
-678
731
920
-459
961
955
-245
164
-943
-181
47
-525
-587
-954
-942
-274
89
-263
688
536
-573
368
153
-556
404
701
-917
213
-657
194
193
-632
-540
396
392
38
-475
-51
-294
506
882
713
-240
-107
124
38
785
-175
603
-458
-195
-547
-851
855
-503
-307
-835
-426
-21
517
-489
884
-413
596
377
670
832
2
638
361
242
383
-946
-330
-694
939
-673
89
96
572
-240
238
447
-342
994
977
-744
-978
971
610
569
514
23
-708
316
560
-484
13
-78
-703
599
-955
947
980
687
471
-816
94
941
342
-544
-392
446
813
96
-954
404
481
239
-804
-444
-484
512
767
-1000
458
-964
727
773
-545
-79
939
-46
-650
39
340
-395
-595
-415
-407
-783
-159
540
-798
847
612
-884
167
-464
31
-291
-652
-847
495
628
149
-963
458
-121
-836
336
-400
169
721
-7
-187
385
-400
60
759
-767
-534
593
51
483
688
40
-74
-579
984
564
881
56
-281
-10
-608
-205
936
537
-891
834
792
763
229
-4
689
355
-526
443
699
972
-719
-250
293
-878
588
-398
-997
959
200
764
-979
454
432
99
-178
-465
79
-459
-572
414
334
256
207
-614
-449
492
703
347
535
273
-454
-643
-821
168
-534
476
158
-152
-386
963
633
-215
-742
-941
-111
-185
957
-683
858
754
593
164
59
-328
542
675
-748
316
-168
865
225
-823
-446
-12
-628
-795
-945
519
382
-35
-789
74
-147
-371
133
-434
984
87
950
-250
-449
938
160
-363
606
582
-890
-711
19
-810
651
-371
73
-798
222
-986
628
-353
759
685
-296
-862
684
-977
252
-865
-202
-796
603
-540
-429
-452
-812
-677
-442
-887
454
141
-217
-549
395
-281
522
688
-656
-371
791
33
587
-862
68
304
-10
-798
-138
928
37
777
-409
323
-959
-684
378
-444
-768
916
348
967
-259
802
-449
-87
105
-580
323
734
643
-963
-53
-349
-613
396
-276
-164
-49
-781
438
-465
-805
813
774
69
414
-548
149
335
-953
-577
-606
736
381
-155
-257
-357
407
716
-801
1000
-746
-93
-901
326
-415
343
958
830
878
485
-406
-794
217
194
865
275
-45
-184
-66
-524
597
995
-990
-644
449
845
-223
-876
-591
-80
930
528
-114
678
119
-440
-357
502
-645
-860
273
-657
-893
-968
-257
83
-964
-848
-512
295
-622
-515
483
837
460
630
138
-179
203
-517
935
-27
-390
478
-296
221
214
564
-451
424
-64
148
-619
11
-858
-348
-270
-164
-683
822
457
-537
-324
-343
449
862
-901
544
955
-138
852
187
457
-9
250
-532
-684
183
302
-991
-827
-860
-513
127
-325
694
-229
740
649
973
430
-371
-414
85
864
116
-154
322
-16
987
-894
747
-879
584
-58
-666
667
-425
913
444
104
-11
775
-260
-857
-743
-795
135
471
-551
486
336
-869
-506
195
655
887
-84
914
-643
997
746
-833
921
-607
-488
248
-616
794
-794
-7
-501
418
340
-744
662
434
400
-711
-911
540
881
209
642
-261
316
737
-702
446
-369
-666
-355
-260
808
-685
919
184
-381
-308
475
-487
561
-818
-220
-36
-832
-987
-995
295
180
971
375
-235
-885
-833
266
-652
875
-958
-410
-256
99
-488
228
-376
796
-441
-705
865
-423
-431
-595
-65
564
-734
110
-59
-522
802
-242
-566
924
904
693
866
988
-454
34
-138
247
568
-118
353
-992
-22
-477
-731
6
-653
181
-394
759
89
-398
-863
-872
864
-661
-779
-248
118
-706
-635
-835
991
19
-392
142
-412
290
-581
-761
-436
117
255
999
-430
954
-11
3
237
590
-178
384
511
203
99
-807
56
156
-359
-298
851
74
-548
-946
-936
640
-697
-818
-449
-959
-286
214
-689
825
-754
-856
539
-73
862
-169
-328
-117
233
640
-896
466
604
-227
706
557
564
-799
-310
-714
-45
-485
853
-976
-12
115
31
-740
-598
224
491
904
-957
554
109
-749
402
676
-915
528
457
-16
-132
542
-378
-127
-946
-137
-929
385
-139
563
237
-658
-678
-778
367
471
389
-677
-617
428
628
-219
537
730
508
110
325
-332
-41
452
-993
-33
632
-660
211
-733
-820
-459
100
-225
957
-37
276
-761
878
-234
-754
106
-497
742
937
972
-874
-981
542
-248
-119
-999
557
406
868
-661
-366
719
-704
628
-62
488
771
-261
-95
576
665
563
838
189
933
776
-817
-408
628
-490
-582
266
592
-986
180
-548
44
133
-105
-894
-725
618
-378
355
801
-540
383
-525
75
121
619
927
-298
-198
452
571
948
921
320
241
-893
-890
782
-303
768
-331
-694
-75
-702
-630
-409
-171
-899
30
872
-677
707
-55
827
745
801
-594
-324
30
415
323
-342
569
-850
-200
-308
876
-420
-370
243
411
239
-659
663
-104
919
285
-769
145
-8
-504
669
584
-675
684
175
-181
-990
-267
-935
-311
-295
-92
-360
-36
105
-697
386
353
-128
-698
-830
-142
7
-493
-771
-23
-202
-832
306
335
854
-649
554
-715
449
-261
-886
648
-104
507
-968
-238
-621
509
-742
468
210
569
-174
-338
427
-351
-339
-177
-750
661
214
469
395
-66
944
783
-611
-609
319
925
-989
-268
415
711
-973
-864
-520
-815
442
-862
-261
-557
-869
745
-126
-200
-883
283
-463
-897
-116
222
30
662
-131
26
729
-399
-140
980
697
366
901
158
41
687
493
-893
-814
-113
661
-649
135
-883
660
-97
294
502
-287
936
-431
-715
-494
194
-116
468
593
-219
657
957
-977
-480
764
-295
-647
772
-781
-772
19
-670
-682
-4
16
599
-994
-849
-639
51
721
350
943
341
244
882
949
643
-655
-220
333
529
459
76
-127
-80
-933
360
-639
-882
-550
-689
-854
671
-517
473
-668
-410
-395
133
680
277
-26
-135
-837
-772
860
-985
139
-427
-930
554
533
-16
-947
-193
156
-550
-206
774
-420
896
-140
727
-148
805
-172
814
-928
-506
1
995
-662
-446
52
295
-113
78
786
309
667
-449
674
17
-921
342
277
861
527
-595
982
-955
-980
-631
-963
-280
870
-514
-102
-984
-617
-101
579
-755
913
-922
819
-37
535
243
898
-861
-968
-478
401
872
-532
962
-302
-921
360
795
-444
67
162
-835
985
-509
295
-127
709
-182
-746
270
-423
-753
685
-35
648
-37
41
-437
368
244
746
-752
-14
513
-407
-956
-145
471
-90
20
-751
-102
251
-570
414
-899
551
-561
-379
-618
252
-834
-75
-65
282
-51
-103
-123
-650
544
-997
632
705
-412
231
517
901
-983
-455
-156
238
-26
-158
-907
-31
-788
-164
718
294
-702
903
-28
345
-212
492
-238
714
-474
365
644
439
-969
502
683
106
-944
771
509
-669
48
-134
572
-349
352
959
739
716
3
-114
617
96
-773
179
-864
994
198
473
-112
-628
226
95
-14
-656
372
-438
-769
910
786
896
993
-89
709
-187
809
-564
-694
-547
-989
-175
-892
-679
426
788
635
65
-591
79
2
-674
-861
990
-428
489
704
-428
-833
-73
-68
550
16
-835
-8
880
675
132
-505
488
-37
710
-769
-867
27
26
-310
878
551
-487
-666
399
-874
-347
961
-558
-238
614
-968
16
19
801
-703
-555
383
-164
141
915
935
270
166
-748
13
-574
176
320
58
915
-535
273
249
-455
-760
-780
-567
-726
136
980
-222
697
450
96
88
-316
-755
377
-555
438
11
902
-841
149
805
333
517
-382
-493
-527
-100
177
-898
-972
-542
-321
998
154
550
56
-238
27
-12
241
945
470
503
822
-107
-999
-473
-312
-336
167
-914
-322
138
-60
170
643
-126
885
-69
-243
541
-530
-466
491
-94
-534
945
503
-174
829
-182
78
602
-348
601
827
-917
736
-697
944
609
-962
-405
572
-155
-591
23
-945
697
-806
-114
-631
-382
-312
-523
-573
-516
-960
442
790
-638
-783
-824
859
-624
-12
642
471
-170
844
253
-920
138
989
182
613
917
-585
632
395
597
-917
-335
-884
86
960
64
945
-501
-996
895
342
-922
147
152
766
-589
-9
-512
570
731
156
340
564
62
241
-959
185
926
436
-855
-436
697
918
860
861
-510
-868
-667
-239
346
684
-573
-340
180
243
-248
-242
-957
47
-270
-434
93
603
-45
926
219
-158
-673
-59
-130
364
-207
-378
-770
218
-790
523
349
114
-665
-672
-125
-10
363
668
125
69
-945
312
-52
-550
-180
484
-929
-494
947
-237
485
-960
899
-650
-471
-735
40
640
-484
-529
472
121
117
-124
402
466
233
819
62
-92
-902
-915
-528
933
237
809
552
763
-753
-587
-639
-136
136
-147
-756
-986
448
-350
-97
824
-1
-331
-928
-886
791
-585
148
-207
-381
784
-100
472
867
609
-237
-702
479
-320
786
319
-379
321
637
-674
-567
293
205
-553
-884
-796
528
-321
-956
275
-428
-911
110
214
321
89
-610
-367
-89
-985
977
-339
-964
-804
999
-594
-527
816
896
-425
-18
181
-480
81
895
212
487
-421
-134
474
-276
-535
-844
145
-244
644
122
-654
-147
858
-648
665
335
-139
486
528
121
-439
-332
-154
104
-915
529
-847
-36
258
864
-62
-108
281
666
-952
-976
-98
-349
629
174
799
211
-733
572
114
678
866
960
547
-12
-56
-503
-406
-423
687
-773
855
-875
588
683
-71
203
-268
-283
429
277
-889
-317
-890
-845
808
477
556
236
-590
39
-202
-618
-206
404
946
-216
-327
-266
668
-321
-625
843
-525
-566
-615
-831
539
216
736
476
811
-16
978
465
-728
-701
36
-168
-435
-554
-881
981
12
-454
783
-403
-490
-74
-441
-811
-617
-92
-386
-18
171
-510
-874
-34
174
-604
-508
-852
416
940
-961
821
705
740
-462
979
81
-832
-923
87
-829
-64
151
-59
-41
546
757
833
-420
-871
-638
-472
-794
-9
-972
775
809
-538
791
-228
-221
-491
-512
-786
-860
-675
-97
690
-814
487
921
683
-524
-478
-373
26
-96
17
680
469
-439
-733
104
-743
366
324
994
-768
-702
498
562
314
-926
257
640
121
659
896
-326
-31
-554
80
586
797
672
-936
-29
-597
-465
-972
681
-723
76
-948
-999
515
848
-138
380
666
34
-582
141
-44
-763
721
-343
-974
-336
947
219
41
85
815
286
-915
497
-814
379
142
-313
238
-238
-901
231
787
937
-777
-227
780
898
-88
-921
573
-400
-616
863
159
513
474
-634
-989
-2
-809
626
-301
-194
-491
812
-460
404
865
-245
492
-524
-568
181
-425
-10
495
-236
-407
698
-918
252
409
243
-816
-362
366
780
-585
180
718
-984
-114
621
-965
-68
-498
585
80
-60
-499
-458
-747
-261
-527
-702
602
837
-986
388
-637
-181
-884
516
-700
-682
873
975
-88
-909
-387
129
974
992
689
417
-674
95
-705
-934
619
-750
-540
-793
979
67
-18
520
-484
-395
0
-391
-53
609
283
-944
-730
-840
-778
-805
136
393
376
-194
692
-63
-479
305
-438
788
468
-359
181
-279
-341
316
386
-270
-860
-491
658
436
577
782
-397
162
42
733
-656
294
323
884
647
-439
972
615
330
-533
950
-342
457
231
-259
361
-548
-336
548
945
251
77
-540
622
-22
-928
-84
721
-312
438
-618
-275
-4
409
-906
196
970
79
884
799
-682
644
207
-461
666
917
-884
540
288
-848
-139
-316
-133
-327
897
295
-122
-27
423
-286
-285
-958
846
-712
457
-494
899
398
501
-394
-557
-584
-163
-779
421
-363
583
-59
-862
-861
-569
-339
-565
828
-411
-770
-169
895
919
629
-829
-717
750
-893
-217
709
525
483
-565
472
777
-866
975
-444
870
492
340
88
-503
-907
-55
548
-70
947
-53
-671
484
-979
-132
5
584
48
-151
-697
690
382
243
-809
-663
-652
404
471
428
-202
945
264
669
830
414
41
602
-727
-826
503
766
843
-710
-737
349
449
792
-123
-982
568
891
115
-76
-924
852
659
-891
-468
716
-567
-49
-171
864
71
590
910
33
-409
684
492
-829
694
928
-348
-799
320
-183
-578
424
-281
-980
503
-943
323
-583
391
136
-263
608
-385
-227
7
-714
-952
-857
873
964
-918
500
-51
499
462
744
-93
-721
-820
-303
377
842
-322
-182
638
-164
-49
245
-913
-327
773
657
-315
589
-933
-244
708
-253
-991
-915
-65
557
497
638
-284
377
-559
-575
630
-2
978
439
853
196
654
195
-985
-571
-800
212
-51
-402
229
-276
-794
-181
-81
698
-137
-829
-936
-577
-223
-868
-778
608
952
-185
-995
235
986
847
630
-755
-794
-627
493
-749
441
614
-585
-400
-594
724
923
-838
-536
-756
600
889
-307
-660
-516
228
-107
448
-260
232
-902
580
-518
785
-600
653
-335
-156
-915
-125
-421
-850
979
266
-137
232
756
727
-116
494
362
-625
935
-799
-440
247
-901
80
18
429
44
-212
932
-977
299
798
759
462
924
155
283
-413
-23
-536
-698
562
-625
-642
749
-193
-921
-607
-315
907
825
-732
-991
996
656
-810
89
-344
-599
-783
-431
682
-963
760
426
559
787
346
77
366
-671
-291
327
-172
782
542
120
280
59
-281
-554
105
-838
-710
-606
-79
13
598
-424
-988
-409
-765
950
-727
215
-172
841
540
365
418
-309
990
91
968
475
-693
425
70
731
799
-74
787
462
493
233
-442
186
753
-612
559
950
386
28
-371
324
327
179
-488
700
-789
482
283
741
448
-39
-434
-391
96
-1
-784
909
832
-976
-22
665
-41
101
-806
35
-697
-259
411
125
35
-671
-374
458
-756
-744
-781
-313
-466
-1000
473
479
838
464
253
-986
297
-892
-899
-207
250
-46
-735
-953
-113
-691
-436
-324
-230
-356
675
-40
103
-6
-212
447
-877
193
624
481
263
-746
912
452
318
-993
-511
-549
-879
687
73
676
-657
-485
650
929
855
34
617
623
-244
329
-714
568
878
656
-968
631
411
415
-377
-84
714
-441
211
-118
-619
-101
-91
-815
973
-96
-992
-736
161
705
737
-62
-203
-190
280
-730
79
-156
-161
-757
-147
-133
-398
307
750
482
692
-693
981
-659
925
-256
-190
-484
233
153
672
885
409
989
19
24
-333
597
-752
487
-530
-974
177
-497
-538
235
109
909
615
-286
-643
907
-378
795
-788
258
-786
106
360
932
-762
816
222
-848
874
-557
314
-825
-68
925
-484
989
-956
-418
137
589
-733
-514
-205
-761
46
603
-815
490
237
509
184
-686
105
-4
-436
-376
-855
-61
614
598
580
408
-739
312
-891
456
-510
-852
-847
-918
906
217
-532
-891
45
-99
186
-322
412
249
676
-929
-860
147
424
-887
-777
688
-455
820
893
765
267
374
-309
-669
-217
-831
-849
518
-582
-956
-324
-493
-453
569
-564
939
221
156
-178
-146
228
-119
739
739
-542
-703
-755
-855
521
727
-169
-439
138
-975
185
962
-583
-259
327
-444
214
-457
-254
-742
291
-566
372
-613
935
-557
-806
848
-625
-277
-477
-613
966
-606
360
650
410
-711
-550
966
164
571
336
-28
217
510
-339
137
308
769
-446
-324
178
-355
-42
525
-81
-976
133
234
-265
-99
646
664
-570
-486
-989
844
-456
-625
-540
-880
-117
-993
608
364
699
-230
159
497
-888
780
-555
-257
-257
936
-975
-595
245
244
-248
801
-733
-513
-32
947
-708
47
189
-634
-215
37
-908
-671
828
386
-39
-172
328
886
-329
-307
615
-33
-994
688
696
-889
429
-170
-312
275
-119
-596
464
111
-355
-683
-767
-488
968
-582
-323
-516
-614
253
-142
273
-701
556
826
-826
224
-964
701
-681
-426
-20
-188
589
199
987
930
-52
-541
-407
998
346
947
-537
555
-273
375
848
111
-515
79
715
-327
380
856
-282
-125
-986
833
-836
-49
-672
432
-716
-757
-840
-344
508
361
341
-645
223
-140
-408
365
-402
-544
-354
741
192
-852
-826
411
395
581
-24
828
-581
536
-768
-946
671
-896
732
-777
-546
512
-503
157
-486
723
-370
-849
-141
-49
917
-25
-157
-586
502
808
749
3
189
-826
911
593
616
370
-526
889
-89
-271
-715
663
330
244
-815
25
190
495
718
-676
-902
243
949
397
-239
-350
937
213
28
-489
774
-673
-776
678
306
-589
146
-646
435
491
-122
495
-824
526
-983
-311
-477
-620
-570
763
235
371
72
933
-513
894
-636
-79
-910
-566
-577
421
322
22
-278
213
-658
-763
-711
-102
-332
617
-605
584
795
-190
-767
886
-970
-890
941
823
-118
-235
-586
-636
952
387
423
844
363
-564
849
-550
733
-445
-256
338
-307
380
436
852
-973
-302
384
211
-820
-549
479
-333
-211
666
-262
-200
495
-801
525
702
862
-274
-931
-667
153
-319
-246
839
-400
828
-397
-241
-284
860
-493
18
-266
-306
-95
640
-686
78
527
649
-258
771
492
-205
659
410
-938
577
-693
-506
504
138
376
-224
-257
624
-531
913
-122
-403
802
-962
119
208
593
244
-351
-276
911
-911
608
556
874
-16
799
-556
247
298
-952
913
-925
-613
-469
417
313
674
253
514
-69
432
-779
-579
-927
-118
-853
-62
624
731
-503
-11
267
-587
-996
230
-109
-457
558
-950
583
-315
351
-119
79
491
-102
883
391
177
718
165
177
616
-464
-792
21
-118
512
77
852
917
-576
91
-678
977
-333
890
-963
572
-79
398
130
527
-132
779
-91
-36
-6
959
-549
471
-461
189
-305
488
-525
-810
534
-221
-67
741
599
385
546
520
581
632
153
826
-400
-847
654
-408
393
982
-708
-505
-943
-475
891
-323
-615
-972
888
-661
-416
-259
764
-495
563
114
700
-17
390
875
684
-309
188
-831
-956
843
-46
869
123
450
-427
898
-175
-52
659
86
-887
301
-848
-651
756
244
-423
232
683
811
551
-755
-30
235
59
-821
147
-192
-258
25
-219
-6
215
-105
-231
-834
-326
835
222
469
-89
-207
-942
-909
773
894
245
79
-996
38
420
-859
380
-249
-910
541
124
915
553
-719
-891
432
612
890
-666
-937
13
-677
-179
934
969
-616
-419
714
-967
-529
954
676
633
-504
-166
203
762
-354
755
-997
390
-313
-492
181
-368
-757
962
568
-427
288
634
923
903
323
-741
679
270
-929
929
230
985
-476
387
-406
-238
847
-105
-987
773
464
642
339
605
24
713
-759
349
-423
344
534
295
-972
-856
-858
-941
-700
263
441
997
638
-194
-340
-483
969
613
484
-78
142
875
35
951
-734
-862
-733
-800
-373
-992
448
714
31
-638
585
190
-648
326
-907
-649
-336
149
508
-741
-139
-79
170
-909
992
853
-416
250
-427
161
-942
424
118
-868
-928
66
-914
-117
-983
-70
529
443
-303
-56
-402
-890
285
667
-428
680
476
96
399
436
79
476
66
217
-1
552
168
-946
-876
-192
-223
-376
618
746
434
-178
424
-449
664
-945
-582
-489
-311
-319
-987
-157
-683
-434
595
79
230
843
-392
-237
837
-706
-621
808
-885
489
-975
669
473
636
-508
-703
28
570
270
-840
-559
-354
-435
843
-200
-213
677
-293
930
-538
187
149
-512
397
70
-325
-968
-794
-454
-377
-624
174
-285
693
-637
413
375
-157
-449
414
673
830
137
489
-350
646
-941
936
-820
-735
965
315
464
-524
-832
901
855
591
370
-87
-794
929
-987
267
646
957
-27
765
345
-801
438
-630
-294
-194
-429
-43
646
839
-746
929
-899
-202
826
-300
264
-588
-733
-954
840
330
-177
3
-169
-112
835
596
-23
375
-761
167
564
436
-856
670
-857
-487
-306
477
40
798
441
312
-314
732
-159
-650
711
-365
266
942
153
463
619
622
-54
-390
539
-74
361
-953
94
137
496
-315
756
975
437
768
93
208
-192
794
-249
-648
972
399
247
951
-669
-822
376
307
-868
790
-91
-640
697
-538
621
-329
-567
-65
-200
-406
198
-57
-884
202
940
173
-242
57
854
473
315
-901
-7
260
-355
997
94
-34
-837
-867
666
381
89
59
147
-451
-299
-121
-236
395
920
968
130
-670
614
91
397
-813
-196
-889
472
13
-750
163
189
541
563
861
-36
-819
-797
-175
195
806
-562
518
399
-513
642
194
-233
-433
-521
275
-515
78
-20
-692
-904
667
301
-876
837
-87
8
-764
-428
504
835
917
943
315
733
-179
932
-217
260
710
-202
737
-886
-794
37
829
751
-118
-705
-4
-795
-180
-945
495
933
521
-571
947
921
-44
-608
141
-961
-486
106
-339
85
716
94
455
-443
-187
-466
-59
-149
3
-41
749
-176
49
-333
20
-348
446
-357
-345
230
830
-26
-384
-125
-769
-976
3
-8
-221
642
-874
973
-446
679
748
469
-678
721
-512
131
-191
-701
85
264
736
185
-593
-361
-595
-486
-822
244
-139
-654
303
-886
290
626
246
-369
899
-112
838
-447
274
-151
-471
696
132
684
979
669
-188
663
297
130
-912
-248
-245
33
795
104
-273
-288
-321
807
430
-902
-336
765
725
129
827
-967
198
909
261
-362
271
-512
-384
175
813
880
263
248
-41
658
193
-270
-569
-104
-427
492
-180
94
-727
-755
-880
-816
-670
675
-222
-324
195
351
798
913
883
-377
931
208
734
-516
-194
-651
585
-515
-358
390
-62
-768
-470
306
-447
-314
-486
203
512
-490
-297
-100
-673
-334
361
-683
-339
-546
747
-410
-230
-176
788
-418
350
428
-480
59
-574
-99
427
-38
-995
435
1000
-125
-487
-834
-359
-241
817
-256
-294
-137
155
921
354
253
484
-896
438
741
-662
-469
966
-947
-190
733
771
108
239
25
-71
945
746
-627
-276
-840
969
-921
730
-157
912
-613
-59
-130
-731
-766
176
904
369
-404
-44
-178
266
-114
542
-294
533
-634
-947
-450
230
-408
-732
421
281
378
-992
987
-915
363
-939
-776
-635
-821
-77
-784
-744
-721
891
695
-778
-759
912
-204
-179
-836
577
102
33
-646
-717
-911
181
798
949
649
-113
568
149
455
-771
-365
943
-837
-657
246
-501
-124
-54
-993
718
67
-420
-474
-798
761
-110
546
-137
-364
424
814
204
-731
640
501
-489
954
-838
-407
881
22
235
-659
-108
-778
106
91
196
788
-919
-848
-682
-10
-100
292
473
-38
241
-265
-14
826
-733
58
-952
523
497
218
702
882
468
402
95
260
-222
369
-418
-752
433
-25
246
59
469
715
-767
431
-553
471
-120
121
-326
861
-215
-935
290
-333
-871
-657
931
-835
257
-664
-705
-716
388
-68
978
-417
412
282
-360
-235
-787
696
-687
914
-601
987
701
-514
125
676
985
-532
257
-103
969
-949
-113
-145
-582
-749
268
-399
-621
-83
-242
931
-390
-258
-787
-249
-829
727
135
53
-161
-81
-399
468
68
670
-412
-229
-738
-9
-710
754
64
861
696
426
645
52
-488
342
-10
-731
331
-247
-496
569
340
892
-512
-67
-437
-938
501
578
547
818
-286
-501
478
-165
248
-681
-638
986
-492
265
-957
-845
107
-347
-450
-798
-643
538
919
-729
351
-196
389
-295
872
-672
-795
686
-642
27
-325
-470
653
-5
231
367
26
868
-823
437
-219
-365
-474
-866
735
387
291
244
-416
553
641
101
-513
-863
86
116
292
864
614
-853
23
658
329
-988
942
889
-281
175
690
-627
-91
-946
-482
-919
-319
621
-280
-543
436
553
746
314
349
419
-352
-150
691
771
-762
-552
-801
798
-626
758
387
787
-49
-130
798
-12
-353
924
615
-204
38
-425
551
333
931
164
-349
-486
-828
474
678
640
327
-731
-910
-97
-857
224
102
-713
-722
-851
390
407
702
-293
937
178
-855
884
-742
759
-31
509
-119
116
500
-347
-960
481
-512
-784
-205
796
73
-490
457
-859
-575
611
69
166
-498
-501
931
-376
411
407
-118
181
-923
-335
-79
58
-612
-848
494
75
-979
-773
-896
1
56
-317
-83
-681
-711
42
-425
-261
316
-311
-454
-996
432
224
-546
-939
922
-739
-79
-357
-472
922
-315
-825
-579
-454
-400
836
-438
-869
799
-792
815
363
835
404
-362
-600
830
208
-704
-136
415
502
-617
-865
-267
-376
800
-542
-465
-86
-601
93
476
994
779
217
569
567
-933
564
364
-883
-259
-242
337
73
-180
-837
516
-272
-277
-496
957
-418
15
352
937
87
-386
-50
-459
-876
-482
-74
365
-320
-209
-733
734
378
-329
11
-938
769
-906
992
-864
-976
798
229
-890
-750
461
-666
867
-238
-713
-965
-650
60
-381
824
208
963
242
-396
667
-257
-862
688
410
-544
-635
42
-465
-246
-532
-858
-272
226
-266
-828
-614
699
455
-440
73
473
741
-76
-463
463
703
952
864
749
-383
-753
-352
536
172
-960
-532
483
-371
79
668
928
-808
985
169
-346
432
824
-600
130
-816
823
818
354
-582
-498
616
788
-430
191
-584
936
-581
-994
29
175
313
-557
-700
960
-349
-132
-659
-439
-996
-932
-787
935
905
206
164
-985
-141
-270
-730
-292
-840
-4
-538
868
647
552
962
-68
-664
-919
326
537
444
-495
475
283
369
825
-240
-273
621
508
573
859
31
206
-566
866
-768
698
-845
996
-234
387
921
-965
-786
-431
749
435
-396
665
-742
-293
597
-807
899
958
743
621
-139
-183
-44
996
466
667
447
-767
173
-397
-695
-809
299
263
30
720
401
-326
649
675
615
852
-513
61
-799
285
450
611
26
996
-137
21
342
214
362
896
256
-731
-193
447
673
-398
-627
-362
-244
909
-794
-213
-531
366
-991
-204
-107
-685
490
305
-130
-515
186
-877
-302
770
-316
-453
559
-644
57
-933
-477
79
142
-552
-515
520
121
-577
160
-822
606
-468
680
490
-636
81
507
-658
471
-686
-227
-88
-216
-526
307
292
-41
-521
-744
-504
-127
-763
747
518
-176
-573
764
194
696
-587
514
551
-374
-396
985
-581
775
-102
-700
98
826
292
417
-183
-387
-692
-261
614
435
-254
-650
-74
-649
423
436
-27
-416
-503
-211
819
574
-268
-927
598
-783
-252
264
-647
733
-826
-738
-414
629
914
-2
578
792
410
906
621
-753
-363
912
-376
-104
274
-678
213
704
-502
748
952
511
-537
927
113
-467
69
178
852
317
355
-994
613
-581
627
23
348
-390
858
96
-495
-214
-295
858
-897
224
-559
717
703
-365
-810
-34
215
-975
-498
-835
121
33
624
-242
836
635
-521
785
-426
804
14
-634
-167
-985
-427
918
-687
-730
-653
-498
-397
71
965
-273
-448
-419
19
317
-737
-151
124
376
-896
221
281
-213
348
-7
-164
808
169
-443
510
969
-120
699
71
-948
-341
-910
-57
-914
12
-409
318
-596
287
246
-123
485
461
293
-483
-172
-571
990
596
-873
-190
-560
-113
-441
-515
-897
-703
782
-204
297
-271
-575
-870
663
77
101
-668
-249
-505
50
-206
130
570
646
611
942
-108
-785
-482
644
600
399
844
-534
8
171
-173
-517
-62
479
-611
243
776
-557
-304
-276
711
740
145
446
-217
-504
322
-593
381
291
65
829
299
-633
211
-752
565
506
912
-156
-789
-760
-59
-183
-365
-338
850
-308
532
-436
-320
583
-959
-575
917
869
-428
-258
656
-487
108
923
342
24
507
300
-910
-510
857
952
625
777
535
711
42
583
702
-458
-674
447
810
-769
-596
-371
-823
-124
90
945
507
-380
342
-578
-136
-199
91
-994
-878
-111
590
632
85
-103
496
660
-654
400
284
788
-603
-93
-901
824
498
141
-967
713
687
338
81
342
-433
786
556
324
-171
581
-285
-915
449
272
939
479
-270
156
783
413
651
245
471
322
80
-808
-778
-517
693
377
339
-234
18
-353
359
890
-636
530
816
263
-912
571
-390
160
-321
-485
675
73
587
-862
907
-130
-444
-1
-468
385
326
294
-457
758
-474
417
329
-370
132
111
-426
-819
-960
540
-774
-226
-429
91
-332
486
-541
735
-602
-784
619
966
214
-34
323
32
382
843
-935
674
136
597
-994
572
907
-268
-686
596
309
-888
-88
239
-663
105
-965
222
375
491
-402
234
971
565
555
322
-645
149
-128
213
792
407
-801
240
-330
-763
-482
444
428
613
-242
941
588
356
-211
-832
-253
-864
867
328
-681
-649
-430
-951
881
621
-641
976
734
-975
-914
52
801
753
-325
498
735
-83
848
971
41
37
51
-38
-897
310
-379
637
-645
534
271
666
906
-452
541
-215
901
274
846
24
57
-770
159
-754
222
-440
-680
66
-957
-549
739
601
48
-359
333
375
135
-462
-35
-819
-585
456
277
316
735
-74
935
109
-392
31
172
153
555
984
-842
-91
-799
-328
-699
796
-220
-283
-449
-132
-630
-283
94
-155
-836
125
-374
-607
77
-676
-516
-372
-517
689
-280
428
925
-569
311
49
545
743
-591
-893
359
-533
569
-621
758
-2
243
-432
225
29
-853
-44
-463
740
13
-375
-723
605
915
-567
857
686
-634
-319
981
-42
-520
547
884
52
365
-421
266
-404
-441
-7
-40
-486
-727
-423
-223
74
-886
80
-993
-716
396
-623
-115
-620
622
-442
-571
711
496
302
-363
845
-315
-914
-370
-989
345
-104
384
-637
-935
-121
988
825
769
-789
-43
-834
-917
19
330
-321
605
591
884
-413
-365
-9
572
863
-94
131
-677
271
-996
-441
467
7
42
266
484
649
-214
421
-17
-550
346
224
-764
145
-309
-283
-517
889
697
-10
-626
489
-175
465
-550
858
-981
150
794
-948
908
-53
774
-464
313
-165
213
747
-323
971
-614
109
868
113
-320
311
938
-783
-160
-768
408
-709
721
-789
-91
-846
701
515
-677
61
-710
785
0
1
-831
48
-771
992
395
535
491
-826
-918
451
-372
379
353
614
-834
-129
982
-886
-78
-883
36
506
575
984
-819
388
410
335
717
-621
-874
128
43
-18
627
653
314
796
588
-228
948
-927
-869
767
-954
231
200
689
64
-434
-172
892
-455
941
-595
-836
-457
-38
-727
-284
162
877
211
-962
-866
-424
639
-771
-121
249
-56
679
11
-299
-524
-407
-483
-378
156
524
663
618
882
975
978
-797
787
665
172
997
-127
-782
350
237
138
421
-945
-835
-120
512
504
-567
-109
-375
817
724
-755
-487
521
-271
-632
573
734
-620
-188
-195
115
277
512
32
11
334
-223
894
-39
575
-217
854
618
602
478
-926
650
-26
-985
-71
-827
705
-120
-860
-807
-286
-844
268
-453
-387
-430
101
-461
-425
675
143
-584
750
300
-504
-375
862
-283
604
225
-596
-955
898
970
747
930
330
354
-770
309
946
-97
-150
-983
613
-318
44
-50
-358
909
730
356
724
117
-836
689
478
71
-180
439
-145
-741
828
291
985
0
398
-805
-925
175
-310
14
321
936
-757
844
-433
-352
859
68
430
-443
-720
-845
-817
-916
-44
366
171
461
-995
532
-49
-414
229
-165
953
-357
771
-42
-544
476
756
-383
853
867
132
-707
818
-575
-231
412
228
675
-742
820
374
-774
-145
878
-58
107
-684
312
240
493
-198
488
-990
285
-216
42
-412
186
653
140
-815
24
-129
102
110
525
386
22
272
-221
662
926
917
72
-4
-828
-281
156
749
-119
699
753
639
955
534
-210
-433
-924
-668
-393
-521
75
405
-633
517
147
-550
968
-404
109
271
-419
271
548
996
-464
-872
-425
286
256
353
785
961
-438
-139
513
163
-347
747
406
111
-116
-689
75
-177
-441
-531
-439
459
581
85
460
959
753
741
92
341
733
-719
-164
-796
-119
872
-649
979
739
902
26
-38
942
975
-638
-130
289
873
-950
35
404
103
-792
621
-256
555
-814
-706
432
2
679
510
-37
-849
-882
-651
-944
867
770
-894
-302
621
825
52
822
437
443
948
760
-275
-238
-333
-967
-369
14
709
840
-58
723
682
335
-444
-976
-530
-764
302
248
861
150
-187
-224
-555
334
-123
87
112
-933
-428
533
815
-396
139
980
946
-833
669
-85
-934
-893
439
386
562
773
-208
826
-122
-971
243
-234
-728
-454
99
-779
-934
966
-236
-303
-131
968
-600
-683
864
-325
891
172
444
-81
-883
-896
358
-632
247
391
-26
702
-168
-703
757
-821
564
422
-54
-933
-928
-51
419
-600
127
-249
-197
127
-541
161
964
177
-331
-610
407
-262
47
-268
392
-593
-649
271
-415
492
-108
397
-789
-425
-533
-132
626
156
511
-291
156
736
-78
276
-201
506
-708
-601
-582
179
294
-965
91
238
-19
-4
-468
-54
-716
-424
-812
1
551
222
-421
539
197
-882
242
719
-134
632
-296
168
708
-697
-828
471
379
216
306
-721
-454
839
624
499
138
-982
-215
294
61
415
200
-898
-976
530
270
134
494
779
-29
-196
271
926
305
-635
476
256
-319
-195
-946
404
47
242
630
583
203
-667
-455
-386
-232
658
97
786
-33
189
-623
995
84
584
-276
123
-781
-857
-449
1000
-710
459
-932
-523
-462
-796
-884
948
739
138
-636
357
-378
8
119
31
-438
158
-891
-316
1
406
524
-979
788
-772
-427
557
-773
-588
68
-271
-525
975
-413
787
-968
-530
-298
926
16
-146
43
-18
473
-287
-953
386
-291
834
-878
-162
971
406
956
-917
716
451
-337
460
-672
27
697
593
319
651
904
-590
810
-222
396
-975
-846
-66
-314
-977
476
793
-351
169
-24
400
754
-28
-355
556
291
571
184
-79
87
-93
-209
-414
121
216
526
-965
464
176
518
38
543
532
-704
-344
-914
481
-550
100
-329
-899
-283
-610
613
-724
-257
293
634
-978
591
557
688
697
-542
-547
59
-689
-391
-726
-84
746
375
-956
-584
43
212
586
-34
285
-743
-542
-780
811
-64
-515
-131
40
320
-353
724
694
-174
228
623
366
45
-52
897
735
323
-102
117
970
-685
613
700
880
-206
-605
211
556
-546
-839
-263
973
-40
-359
-524
62
898
-330
-410
624
386
547
504
-233
-480
-29
-822
-379
528
-638
878
711
290
-528
-567
-3
-754
150
-812
-13
-350
713
382
-716
305
-346
-290
-913
-996
-483
804
-816
-828
496
503
-430
-328
-716
-127
605
-615
-379
-847
648
-182
-976
119
18
-650
-499
-441
-52
155
528
-652
319
-579
-553
941
-330
937
-903
-298
-812
839
891
948
215
-988
488
-53
-446
753
-269
777
526
250
-14
545
-905
468
507
-93
62
-778
100
592
826
664
-667
-397
-677
-601
-658
592
279
-27
-267
-134
624
644
-878
-839
-393
805
-462
938
731
850
-645
-376
-855
-675
294
-735
887
-717
-258
471
-421
747
488
18
953
-628
-417
-188
-437
799
581
697
709
-521
210
-403
-110
956
-271
554
387
-70
567
-828
459
730
214
61
-874
-808
-584
47
752
503
-821
525
-15
-270
-881
760
-170
130
-673
-84
374
131
-83
-521
275
873
617
711
838
141
280
953
511
-590
-21
565
519
768
74
799
-841
469
-780
-526
318
-615
466
544
-379
-715
-288
-708
-803
-81
-316
-39
709
373
-305
-797
343
321
-263
825
62
-492
159
-479
-731
-956
-166
-190
868
738
-506
-663
643
-215
249
-262
-767
334
-939
982
-895
166
-965
60
891
-925
-539
-673
-595
411
-352
-959
632
972
753
-991
-618
-528
-966
-907
-101
998
232
519
994
-899
751
-647
-63
180
-913
-22
-212
-179
-428
-290
494
471
-312
-577
-149
-648
627
-597
956
805
-811
520
-719
-299
-971
-40
938
416
423
-769
94
-431
-979
-73
-119
-865
386
-1
-632
128
618
-175
-55
-955
223
-837
142
66
-82
27
776
909
-892
826
922
50
-587
-780
-446
-521
-660
-769
732
-92
375
12
60
279
-734
311
957
508
178
682
-342
-38
-294
384
578
556
-116
-720
-730
-935
195
689
-513
-91
487
905
315
167
-218
-693
-648
756
483
173
222
-537
-44
530
-106
642
-31
-803
-752
-596
-252
-784
-40
-621
491
-880
409
-617
697
19
70
281
352
231
83
469
957
-960
255
799
45
-785
-335
658
118
-244
-709
-80
-286
431
-190
-120
227
963
-664
-117
-646
800
545
-688
-893
577
-812
-171
-989
909
363
442
641
-49
-43
-394
-554
-255
-959
-249
350
84
367
727
224
251
371
837
-849
-793
-336
-633
793
312
-914
-175
354
-17
-257
-637
855
-911
-641
-295
503
382
-142
-311
-33
-445
-297
682
-646
-19
-395
550
773
584
-287
-737
863
572
-997
554
232
-25
-658
20
-409
421
-421
20
130
426
-552
47
896
-890
434
726
742
701
-968
706
-865
-901
-438
4
-653
-893
207
213
111
-159
-436
-954
256
796
-59
798
-32
-225
-846
-201
-46
379
-754
-226
-137
-111
-70
-875
-755
-315
-103
-935
606
702
-637
20
-694
896
-476
299
822
-15
969
-303
313
-982
-218
351
995
-451
-398
812
340
-410
178
105
-201
174
-697
-54
957
-100
296
723
446
302
605
487
737
-370
692
-128
-16
-204
-911
271
213
60
257
-976
231
-858
495
-384
-371
-770
-251
179
-864
-28
911
-881
-939
105
578
574
-822
549
230
565
592
-614
-295
-798
-212
363
951
-515
383
661
-98
-599
-959
474
91
612
504
-774
-538
-640
-681
-182
-873
-533
223
60
-511
890
381
-705
510
677
717
903
260
273
-92
-870
-775
-476
472
934
434
180
-86
-418
-292
-844
-912
-232
294
-550
-506
-354
270
779
-640
-623
-634
479
-845
672
-673
150
-299
-716
898
-149
239
-398
-211
-643
122
-71
-331
320
567
762
66
-887
-186
-947
965
211
146
119
266
532
724
-999
-84
731
799
830
-768
636
-717
-271
-341
-187
536
284
13
932
-933
830
750
191
311
115
-822
-631
30
949
113
-883
-965
-532
-723
-203
701
339
-926
-521
-61
-29
-313
-750
-916
-957
618
444
-681
352
87
277
-915
-457
-888
-54
337
965
965
-330
-861
703
-148
997
267
-428
445
-915
486
175
622
-667
345
366
949
34
-132
-359
862
-49
-982
527
568
-727
526
-128
-54
-122
526
-134
-885
-243
-494
-108
981
-463
-137
-738
-178
244
-974
412
-800
-439
749
887
786
552
482
-118
675
-520
-990
-154
-805
-675
895
-292
-738
-163
29
-292
739
-813
-219
-964
792
-268
-369
719
772
-103
-71
-66
369
-525
259
-225
-488
-113
-851
-432
-523
149
-507
145
818
-802
877
45
937
458
-32
-168
-116
-447
-288
-16
-932
-306
-620
340
726
-897
-936
479
857
157
31
88
865
-734
981
-7
-105
262
-587
318
453
372
141
-866
149
-289
-98
-619
384
-882
-215
-892
-39
547
-707
-850
295
304
-736
997
467
-878
278
-842
887
968
557
-292
-620
524
282
-604
194
542
-580
-699
-810
676
-500
788
-439
-790
-655
310
-703
-65
-207
767
-72
-814
765
532
491
341
-747
573
710
-807
937
-927
404
931
-327
689
-43
269
705
-664
-244
-53
-382
995
343
199
501
525
-2
697
301
24
-555
-525
-918
470
597
-343
942
358
-556
-856
360
-130
443
574
570
-394
223
-364
-663
956
-490
-237
-576
715
404
-692
-877
-473
-474
513
-344
-859
-484
867
-997
114
-345
652
-407
320
317
917
-614
-502
415
-945
358
939
-679
-218
-811
-217
-927
975
19
-316
-370
-814
357
715
-972
-496
-575
381
-733
-156
265
-56
-842
-113
749
643
114
-99
-382
-733
93
-825
585
-637
245
714
-581
-79
866
-160
-60
-494
360
622
724
-333
-399
276
291
-534
454
289
-711
601
-638
185
-990
946
-827
-451
270
808
-334
753
-519
904
708
440
-120
-248
-592
-83
-188
-846
311
-184
543
-744
-244
490
746
-632
-676
185
-920
990
-613
-847
923
-140
-773
729
-231
-550
-739
969
317
754
663
852
937
-350
439
361
-302
-881
297
-548
350
786
161
-883
-330
-517
908
-142
-379
-520
-68
828
-316
985
-913
897
-625
-573
762
-62
-408
799
-564
-184
-46
71
-275
716
23
579
40
400
-320
380
-947
-169
468
734
-462
891
-508
738
-893
-363
-597
774
297
701
103
561
-546
339
-182
939
-908
-245
957
53
-156
227
-275
455
106
-990
741
-996
784
724
-555
-704
954
-821
-166
850
693
-632
-294
277
-439
-347
-894
206
878
-715
-21
613
657
376
-943
-160
650
988
-761
-390
-391
-649
693
524
779
307
-798
-156
-394
273
960
505
704
53
-120
-21
578
-459
-67
-853
-41
351
75
-847
396
-692
-979
336
605
-883
877
617
-61
591
885
-586
41
468
-636
442
166
887
728
765
590
-300
476
-681
666
587
883
750
-207
-542
151
-649
-572
924
999
-245
-490
350
-829
883
-652
8
259
624
-237
972
-940
-850
-74
779
905
-875
-800
408
906
393
-15
689
-835
573
453
-39
-753
971
-78
882
648
552
787
946
364
891
100
-725
-171
-907
-534
-658
499
-827
709
21
-199
-746
-304
-488
-345
-832
405
343
-789
95
325
892
860
-101
797
202
-891
755
790
890
103
-714
-504
598
763
734
-90
454
-617
-300
-812
-698
-239
-512
976
-764
-586
60
652
-898
983
-723
-889
-294
386
-290
129
626
-464
-754
817
885
-20
-963
-253
422
-428
-817
-443
830
861
38
529
-934
986
475
883
-335
-440
-339
419
604
-266
-897
-838
23
-872
-388
-110
161
75
-677
-690
946
-407
838
833
329
-529
321
496
630
-334
918
-347
584
-819
640
782
-656
-648
708
331
609
180
-504
-258
-73
783
601
-750
-205
519
-729
-970
-512
840
981
35
-681
-785
-655
-602
-877
658
-707
854
779
281
-641
-443
769
192
430
-673
937
742
512
214
691
385
-724
442
921
446
-250
-255
290
-908
-834
-930
-909
273
-800
-49
-3
-599
815
-469
514
-792
-201
-831
484
-972
619
-967
-461
-824
-694
-902
-404
68
795
745
424
-313
706
-807
800
-646
756
426
200
510
-154
16
-173
442
926
752
-150
484
985
552
-446
-511
223
-682
387
-796
-570
708
845
962
23
-389
-899
-871
78
-738
596
216
-645
622
801
188
-779
446
844
528
520
-285
-370
34
352
-337
-790
954
336
-928
53
99
-973
-102
432
351
90
-28
-242
488
-785
657
-837
-420
-810
-295
-23
737
347
-239
703
671
513
-456
-584
-526
514
987
-951
-766
-310
35
-499
-470
-929
-408
379
228
775
-177
525
953
-22
-301
166
-747
769
-579
12
-441
229
-438
211
739
649
813
38
-994
-255
291
-124
-31
-978
535
-464
-50
-311
724
-751
-528
-286
830
69
-191
-470
722
877
108
857
-797
-824
-101
705
-116
917
-152
300
-960
261
895
-548
-805
111
395
-141
368
739
-203
-296
656
408
607
765
-895
-244
729
-310
-386
19
-555
-734
-788
166
-983
483
325
47
-34
-694
97
-389
951
409
-204
111
283
-545
-240
281
264
821
-540
636
-138
977
680
-167
232
-126
27
648
-544
871
788
141
567
425
821
-995
647
-316
826
-931
574
-695
496
-61
454
288
418
-347
-346
-718
-221
-748
-693
-184
176
-220
-918
-327
327
355
-752
952
-449
813
249
438
735
917
16
-94
-622
640
979
514
659
-165
226
-770
-895
880
-325
284
-40
341
-171
-360
-432
504
-464
809
-719
408
90
-839
-32
-20
531
381
249
-512
-71
665
-900
-984
-161
-660
-156
-975
678
767
-302
427
558
-410
131
784
-842
-927
-110
-897
348
-216
-639
987
-340
501
-691
692
-529
861
348
195
-30
-257
798
265
-54
854
140
713
834
-507
-175
592
-149
977
-31
671
78
929
-165
-157
-249
963
-89
-177
-683
901
942
748
418
-561
343
-550
-130
638
-781
86
99
-412
235
696
-951
367
-597
424
-189
-60
578
-8
441
956
324
727
955
-709
-80
23
231
-160
-842
-674
422
691
-210
336
579
237
437
-157
-280
954
-98
106
472
576
-514
-947
-108
115
47
311
-153
-171
-214
580
-646
279
-140
370
309
496
-793
767
894
444
60
614
-149
319
-499
834
469
-139
-322
-978
-639
630
-571
-542
526
-388
-932
314
-344
-92
160
133
181
-426
-282
348
-66
125
-22
-866
563
89
-144
25
487
-280
-745
939
-362
-315
-687
-952
-823
598
8
119
-17
-489
910
74
541
-65
908
-464
22
741
335
380
166
-993
566
-213
-535
-492
40
728
-453
881
507
-71
-511
-872
823
557
860
80
-944
-588
264
982
690
538
652
-343
-264
-69
368
805
-575
-391
-975
-243
453
-780
-35
922
-514
94
457
32
-916
-501
506
-808
-489
306
-531
-607
625
229
997
246
972
-466
-520
-447
-895
-531
645
667
-489
707
337
441
146
-518
643
599
-584
-347
237
1
328
-430
555
-532
-941
647
52
-874
546
953
-590
-774
613
-121
-693
-22
-308
796
849
-466
-944
-519
190
-190
-638
708
-875
591
-50
398
-295
-60
-182
-956
401
-255
-223
-724
-257
-108
-43
-945
800
-241
350
68
-857
-531
-720
-369
523
-168
-85
-611
211
391
-286
378
-139
600
541
-27
-531
86
-439
190
-938
-157
484
-996
-353
678
-633
-73
-703
168
712
-93
-720
669
-396
-863
708
490
44
-463
-226
-839
-306
-63
642
-530
-565
819
783
-407
-535
781
248
566
-455
-876
-281
415
866
-295
-258
972
920
-3
146
-292
418
437
-710
86
-779
175
-838
444
32
-653
-145
95
-860
-937
-408
-136
888
342
-529
-927
-523
810
757
358
-942
54
849
376
116
422
-891
-445
342
936
-237
-73
675
896
409
455
-489
473
370
-348
-324
60
239
-985
559
-327
-327
-708
-967
760
928
55
-38
-186
561
408
560
-558
964
-593
38
-760
-246
989
591
514
923
203
756
-460
-633
225
59
692
-769
-667
643
729
-768
-330
-458
-907
-214
-384
914
-384
-916
459
67
121
-734
338
-360
299
733
363
-948
894
-356
-143
552
457
-7
-444
983
218
-22
-324
-248
-646
-977
987
-941
-268
263
-756
677
-365
907
181
112
-155
579
171
-490
-456
648
386
196
928
-141
359
799
-912
-230
586
-556
-667
20
178
-701
-382
-566
-587
332
394
444
-403
847
-919
637
-188
-355
-278
-848
-661
-2
248
-47
320
-781
619
-25
-751
-165
425
-765
-768
-659
-910
563
-43
530
753
816
936
236
163
-5
-257
57
749
68
682
992
786
787
47
860
-696
-171
370
-117
-535
-81
-365
515
63
151
386
392
-922
-410
86
-743
-138
694
245
743
-160
-821
-169
-767
-210
332
-13
632
586
-281
426
-826
-249
-55
-422
-487
156
-873
75
-65
196
676
-241
225
338
-251
-115
-842
859
48
176
763
942
-73
463
319
416
309
-815
-408
795
-278
186
213
-152
-126
430
-189
942
-810
668
-733
501
545
-791
306
1
-517
-695
-994
356
507
-303
411
-317
-635
169
-897
116
-375
-518
-873
-621
345
420
900
544
-53
647
-521
765
643
-625
895
-945
141
711
427
248
-752
-412
-69
673
-339
699
598
711
607
-580
957
-981
60
-494
925
981
-211
-40
438
-810
922
825
-137
759
349
-162
-948
629
684
764
-173
-141
-595
-902
197
-800
332
-992
513
209
119
-46
-541
404
249
858
605
-603
-729
328
53
981
420
921
701
286
365
-966
-403
-524
-805
519
866
-586
526
624
-983
737
-264
532
132
-241
838
-236
-993
-943
496
-702
363
166
-103
740
952
812
508
-722
-710
234
-812
442
-400
-596
-89
615
551
315
-748
89
476
-574
670
-78
-317
664
-122
27
-123
128
427
293
166
756
-850
184
-642
545
-726
-462
-49
13
-934
538
923
149
-403
438
885
452
9
-925
-907
-259
998
992
847
340
668
-549
431
337
-384
-152
-881
-71
-427
595
-64
-464
-268
535
-522
735
984
424
-270
160
-708
-556
-302
891
925
692
-973
752
998
898
-605
-521
-807
-571
-902
188
-13
-425
-122
-599
443
-423
-526
694
451
-163
-43
597
702
-129
-393
401
134
11
-999
954
190
-203
-357
-685
-787
828
-340
-605
923
-380
854
591
956
488
944
111
-678
724
-521
-494
-971
-901
540
-531
844
-763
79
-353
-638
-868
-594
-1
191
540
51
-723
-843
-667
240
-824
-859
845
-717
837
665
-643
-997
-649
734
-472
-369
165
-117
425
129
-104
-506
-941
-100
701
-726
-998
405
-396
-506
-271
905
91
-343
969
-666
-688
287
674
-116
-915
-309
-583
569
233
-255
282
247
522
-104
755
-856
969
623
-813
-872
-664
-6
-585
686
-842
-538
466
519
147
898
-936
94
662
-57
307
970
796
774
-176
-385
788
237
789
199
-530
-820
186
589
198
-146
-802
758
843
-827
730
394
-948
-933
579
753
841
545
692
-186
-58
-301
343
121
81
-723
461
960
862
343
188
904
-217
289
330
-684
-469
-792
-326
-303
784
-52
-147
-779
948
-592
-997
479
-199
-475
-792
818
-72
848
-157
-897
-874
-638
823
669
89
313
-996
482
-659
-403
997
644
709
715
735
-43
-560
768
562
-49
-760
-318
564
792
962
419
-478
-798
-444
-900
-449
868
346
-561
-546
697
791
454
83
496
727
-220
862
223
-940
526
937
535
-210
-834
200
942
-257
-860
204
343
40
-656
522
-610
995
-274
-731
-394
301
-646
257
863
-266
857
-780
8
518
264
-970
421
712
-793
521
-138
-242
901
-325
963
-642
-802
-518
-260
-411
-569
-952
126
227
-749
-487
-39
222
90
11
-925
-832
-28
800
600
549
-502
15
-119
-89
-564
312
432
-888
-414
470
624
504
398
361
-338
-607
921
-456
-317
554
-817
759
129
-70
956
326
107
-532
873
-246
965
873
481
152
-282
-73
636
-562
-684
948
-514
-657
-209
639
-136
-629
676
-738
-757
-286
-995
-515
966
-820
-236
-934
924
41
-536
-748
-221
547
-166
405
146
477
585
50
819
285
-413
-655
-994
527
624
-620
777
519
265
633
-916
-467
337
354
-259
519
-80
865
-10
-245
-892
447
-733
316
660
406
916
465
-364
-145
825
-884
7
-555
-660
136
-197
154
865
805
-423
-874
-747
826
831
490
-774
-115
-938
-733
425
772
-208
-437
591
231
136
-167
-135
-457
337
-706
-160
149
673
-913
450
-236
-209
44
629
333
-44
563
-131
679
496
-695
-135
-847
610
624
-164
-858
7
778
77
-757
522
831
-298
-537
932
-735
947
-295
-495
-248
581
378
851
639
-1000
413
-707
99
-275
-977
441
-235
-930
310
-539
-206
-301
-565
-295
-412
763
666
-383
808
-300
935
206
-95
453
-612
-334
791
-968
651
435
557
-654
135
995
403
-614
691
210
-840
-613
45
-704
-265
-184
-326
805
553
-82
284
-689
94
824
840
912
327
-315
-256
562
442
-772
296
-434
590
-440
-542
-921
-857
976
387
-198
126
469
836
-674
-22
-784
708
-108
-120
-557
-931
494
903
342
-151
-963
579
-159
-472
-392
765
-295
900
590
-284
298
348
165
284
359
-859
655
847
-633
-519
-761
-424
-237
-671
-522
930
-402
120
-79
-7
676
911
-21
-211
923
472
-69
-656
107
-281
12
-866
-788
652
-311
-745
196
-981
644
-494
-837
-995
198
-366
496
-434
-986
-460
194
214
617
542
-449
-937
-514
-257
943
516
370
956
713
185
580
571
-785
-544
-864
514
-16
-704
-740
-557
-885
-992
-79
277
287
-175
853
-947
389
-294
999
635
666
-72
709
-504
868
-300
915
-179
201
-149
437
-4
200
-466
921
-761
904
-944
554
-641
210
182
-554
670
-881
-530
-658
-425
-49
-8
-29
115
762
22
618
-309
663
965
-113
339
712
319
90
-86
-797
-634
-296
-947
-852
241
-307
-351
-289
338
566
232
-157
-951
79
-898
-705
-969
82
3
521
6
-428
370
-204
-674
-560
-852
440
-648
-887
378
119
-429
226
-403
870
-998
-551
479
-446
356
684
319
-328
369
-982
92
-961
868
-384
-369
87
84
913
-97
738
-349
-738
322
-152
799
120
-664
-261
45
846
-583
-843
-594
-402
-567
639
-859
184
389
314
-329
-604
-332
-815
-100
66
-69
-989
-493
-646
-767
585
-423
721
-519
146
297
735
553
716
174
-400
-934
166
765
470
788
977
94
348
-968
-513
-328
570
-161
-752
206
747
432
-370
-724
-779
457
809
658
536
220
-455
178
846
433
517
-107
-272
972
850
108
-681
-797
-227
579
-294
31
802
570
890
-483
694
353
642
551
754
-865
-767
794
-176
822
222
227
678
81
758
-459
626
687
-416
-986
-134
649
780
-71
-953
814
-568
-513
605
544
-306
-320
-472
886
-854
-732
642
328
-248
-926
-505
-920
-704
203
-783
-586
189
-505
688
-741
-133
982
854
-252
-396
-177
915
439
55
26
-756
-320
130
836
734
124
-412
-349
-588
768
259
548
290
-259
725
412
970
-820
-686
983
19
918
-216
-16
643
-907
313
-551
-484
-228
-626
895
813
922
938
742
-468
453
-117
-341
-319
-209
479
-756
-181
776
775
-382
438
-521
846
-662
672
-899
-8
-595
517
533
421
605
929
-532
790
-323
-688
566
-940
637
406
-496
685
910
-540
209
-300
664
144
-318
-860
-430
112
515
366
553
-278
121
-178
-488
105
-731
625
549
815
-649
-73
-136
408
132
122
269
-49
-14
35
211
130
122
-32
-678
-359
-910
-453
-964
31
612
-45
428
-894
123
759
909
943
81
909
750
-758
-493
-494
-695
819
607
-503
-229
292
789
880
-715
-436
496
-861
-947
-394
-369
303
777
-504
173
-149
-998
668
-392
274
-480
647
-422
-187
-561
-1000
737
340
632
486
-192
209
-138
-254
-333
77
-186
-127
-49
-755
-366
-663
-170
802
272
-240
-603
-184
-282
820
-230
865
839
692
524
-903
822
-89
-529
512
43
508
-889
-745
205
-320
897
514
-206
520
-790
-778
-385
905
-273
983
-29
-643
-269
-77
-324
-531
977
-994
-67
794
987
145
434
-547
-322
923
973
254
467
118
-369
445
-785
-402
246
181
-476
565
-754
70
-864
-689
928
-776
71
-197
-91
-966
-196
-765
-343
781
378
-165
784
439
691
-480
775
617
885
254
-751
448
868
70
-811
-202
156
524
719
-553
11
4
-868
48
176
-445
562
155
-625
677
116
849
373
-657
-438
-202
816
823
401
862
313
657
844
119
448
-714
-101
-169
-111
378
782
475
638
284
673
-659
-4
497
-763
303
263
-980
824
805
-481
265
575
-202
209
-587
727
645
-740
-710
387
-335
704
-955
783
-188
502
402
-623
231
-131
897
250
465
-751
-830
453
221
-897
-948
209
147
-161
581
-467
-276
85
454
339
750
-668
334
-853
677
649
-112
491
904
-170
558
891
-913
630
502
-687
213
1
122
-667
64
-578
-166
-664
-185
337
-923
188
-991
736
-966
-709
748
123
-151
-665
-500
-36
640
-99
773
15
137
715
177
-176
-895
552
145
-554
-108
-504
-585
127
81
613
-950
377
-660
-830
837
-133
606
819
817
-825
-398
595
672
437
809
688
170
991
198
375
440
-799
-31
-80
373
860
-466
272
858
-800
-419
-607
387
-378
96
-179
273
125
900
543
-617
120
833
-430
877
-364
-604
-118
954
-184
-400
993
745
822
-335
546
-509
-841
537
19
-172
-908
711
-102
61
930
-810
751
-359
-197
301
707
261
746
-319
267
-273
528
-816
890
-172
276
-758
-538
-124
-847
138
-570
-57
530
78
136
656
199
-715
256
641
-40
564
36
904
-713
-968
296
603
267
-881
333
-119
-318
-211
314
454
452
-77
-967
-415
-532
180
726
80
-894
443
646
-315
880
645
676
-327
361
-609
699
-714
374
396
702
470
-130
630
-585
619
-923
237
-106
-361
235
190
748
-633
-496
-601
878
78
-557
947
-194
542
-279
-189
988
-113
-506
-589
856
527
-352
-69
-708
-99
619
-432
462
502
-553
-545
-513
-743
261
265
565
-369
-380
712
-339
-423
-899
712
-164
531
882
-35
-247
802
891
399
547
-396
-492
-568
995
-899
-215
-150
315
687
956
-895
-388
-571
553
-979
-806
-505
246
251
657
991
777
798
715
844
-560
452
-845
216
-344
-957
551
-15
-901
-386
760
337
-234
70
-405
183
-595
901
-494
-449
-49
-765
599
311
306
465
345
794
267
731
-85
190
33
558
-591
-66
261
530
-241
-409
982
-253
-454
736
-258
-874
266
73
766
80
-661
14
258
391
-800
-370
76
-350
-628
595
18
-739
-161
606
969
355
225
-592
-744
400
-10
741
162
965
1000
-965
-725
293
-530
-724
-392
-947
28
-607
968
60
-714
950
-437
191
190
-227
344
-760
284
190
-906
-725
-644
-31
-532
-407
466
308
-314
-948
-623
-167
505
-682
-390
-999
-268
764
-339
-849
-978
699
102
-544
-406
-956
482
-602
-389
-824
-310
-615
711
-884
638
758
-601
-204
-422
-361
-242
739
961
493
-561
-603
-808
-190
-727
430
-458
965
18
-989
-472
542
826
-778
69
-675
-912
-759
-762
-603
-318
-720
644
-557
700
446
-785
970
292
246
-545
-392
-623
285
-621
-189
-77
722
-673
-171
801
572
-128
464
-579
709
980
673
219
-404
-541
-30
427
587
-767
-853
719
-481
760
127
-844
-850
413
-755
-42
216
178
510
-933
794
-996
-532
-976
-277
-279
789
10
-656
631
342
420
-39
626
13
-856
110
455
817
-784
76
520
-809
372
271
499
-138
-209
146
-21
641
-671
-420
648
-63
427
-747
-517
-718
-344
-56
-469
-777
654
920
681
-318
786
-406
-153
-161
-21
-296
-814
105
825
-298
591
215
-19
976
-604
-335
512
459
-4
972
22
-960
684
-241
-177
65
-603
491
41
750
377
936
-15
-927
283
-26
578
214
-564
139
-689
-476
528
981
-845
-830
113
-240
219
712
396
743
-342
-344
-866
-581
39
-290
759
-270
-413
931
-906
470
-614
-73
-428
49
-530
2
695
-115
392
704
890
-133
475
263
214
220
851
186
279
-329
72
-596
422
-833
-257
780
410
-260
586
993
367
652
-353
-248
942
-877
-873
916
576
500
717
729
221
985
104
780
-302
696
64
713
-34
-516
-581
-450
264
541
11
595
-395
908
107
-912
-350
-931
-221
641
-506
266
592
353
99
799
97
64
833
-978
509
-747
677
661
267
933
146
-261
-507
970
175
-345
274
-176
-184
-874
391
476
-382
-358
-9
529
81
743
-807
-98
-586
800
586
856
810
472
-255
-849
63
-818
593
-665
471
800
948
-929
916
130
646
589
-115
-139
-508
-112
-755
-497
180
-522
793
-412
-866
-689
224
877
546
839
274
-8
515
-837
-308
673
-291
-516
355
15
535
511
-504
376
226
253
181
56
-943
-128
-600
950
258
-898
-167
238
162
410
475
-57
841
-40
-679
-840
556
98
313
-357
267
40
115
72
101
990
900
339
-414
-854
685
430
904
-409
847
-861
-699
-131
-884
-938
678
-994
606
164
756
502
875
-521
-489
781
-26
-819
971
159
-530
-164
562
497
607
-911
-843
564
-911
193
-299
-526
-925
217
-193
219
-1
-899
212
-993
-725
-128
486
-607
197
-561
-794
-157
-598
958
751
802
84
-154
-607
697
-184
-321
-210
-510
41
86
-299
-281
-149
547
766
-564
530
-742
-826
946
906
539
-492
-885
-289
-664
-862
279
-122
-269
-385
854
270
669
62
476
-780
-855
820
12
-907
-329
538
906
-20
265
-944
-72
-254
847
346
-121
350
34
-597
-719
-620
762
383
-99
-943
-783
392
296
-118
-723
973
787
-241
801
-42
-866
-531
16
-819
840
384
542
-399
-634
-14
-90
347
320
346
-534
573
123
489
777
-9
745
-61
209
-754
-566
-264
-545
822
-989
-441
474
246
-803
562
-801
457
817
981
969
676
82
-901
899
345
-872
727
-70
468
-821
-125
947
643
123
827
172
536
-831
-754
565
298
625
-159
-670
-961
54
868
-923
-599
-981
209
-276
705
833
-517
-387
-456
887
107
132
311
-926
-514
223
-6
-794
-248
180
-155
-547
-541
-710
509
-619
402
412
-681
-141
-215
825
521
55
433
977
677
-968
-219
-487
196
506
717
-887
257
-153
644
-257
-209
5
438
960
136
-709
960
379
482
-863
-517
514
449
5
-271
870
285
-326
889
132
-12
-234
-192
-83
888
-986
181
-730
560
692
438
36
-346
640
-719
467
733
730
-110
-230
-543
-736
446
-718
68
-480
405
288
-115
-417
-18
833
219
-485
-518
-170
-566
844
87
-415
789
14
582
-894
384
170
-871
693
-677
419
297
310
-869
531
52
-330
408
-72
262
718
901
727
196
102
462
-46
-366
-470
-420
-824
860
-677
-30
-146
599
-322
-842
-560
-325
-353
485
236
-36
-911
-234
-318
345
-285
-716
-720
266
299
181
18
-879
187
162
-955
121
-624
-763
105
841
-763
-94
-306
-957
-363
36
329
-89
347
452
776
-251
904
921
341
-199
-930
380
833
849
464
6
-197
751
-681
324
345
-383
-250
926
225
-523
-312
-474
-98
-868
857
-700
-422
335
420
-392
-912
-827
477
775
-393
140
766
957
-70
378
443
460
135
50
334
-881
-296
302
-749
-565
-257
117
801
-852
-232
-739
563
312
-574
-549
562
-53
304
809
-570
458
-531
-224
28
-162
192
605
246
-284
-837
-809
118
196
-480
352
-289
-965
-305
-327
-529
944
-944
946
428
-134
-161
1
-846
44
613
-432
-741
-947
-329
501
-555
-929
338
539
753
-322
741
-21
849
94
-354
-115
239
507
914
-440
-26
307
-159
-522
-542
108
268
47
-152
593
-552
396
877
-379
588
-634
767
-436
-150
-165
-161
423
901
304
966
-855
-141
-194
877
-830
-451
-274
-345
-837
174
254
244
664
-640
-160
-42
980
814
161
990
-280
644
-40
-466
-649
783
-533
142
-611
-1
-366
-319
-785
-21
-102
-921
-178
441
-239
723
-402
728
-714
266
725
853
-219
-195
-887
952
591
-188
-325
122
24
-721
-716
-233
685
387
114
959
858
841
610
-924
-490
266
89
283
-535
-942
5
-970
-127
262
-736
-35
48
237
-693
-905
-786
-819
58
212
919
-89
198
-867
353
-477
-807
-507
-495
-516
322
760
-30
678
-430
333
-26
615
-344
171
250
799
510
319
-241
-157
833
689
701
-512
-164
722
-771
-878
-710
548
-911
864
70
850
498
714
-377
6
-75
-782
508
261
-161
944
-705
-96
-557
322
989
145
410
34
-121
43
652
180
-251
-937
-963
-156
-192
643
673
-177
-783
741
-293
71
671
887
-299
-290
807
179
697
-658
-488
467
386
902
594
-989
-219
-629
339
826
-655
686
-884
910
-762
-581
-370
-116
552
-435
566
-97
-260
-444
-535
543
-62
422
967
-352
247
-378
919
624
-416
-919
827
32
-439
146
517
877
835
105
-382
-569
257
-935
91
-599
-913
-429
7
-35
-21
293
-547
19
-783
-705
276
-212
-724
-728
240
-527
-194
-705
778
-684
-305
-260
-563
-794
-314
-726
-932
-660
-577
606
-264
270
-632
-558
-419
-950
-156
422
-334
682
624
858
-919
-110
612
357
-912
75
324
-334
892
-33
-564
265
965
-461
352
-679
-655
-909
-771
-227
-473
811
-82
-911
719
503
738
713
950
-462
-574
809
-620
-432
-139
682
799
-896
113
-704
262
747
-203
-883
-564
-551
636
631
-62
-104
-182
776
-9
213
70
-866
-729
639
-743
-469
198
-997
231
588
917
-799
-289
-219
230
-521
475
631
-29
-512
57
-73
879
881
99
-566
-578
4
417
781
82
-410
-464
-49
-109
-468
-883
44
659
-903
75
14
-951
-438
-825
-939
488
990
-863
-878
-566
-466
-917
415
699
-322
-264
737
796
53
792
254
-899
99
190
-304
-644
-801
-169
749
874
-904
546
-850
-783
732
-26
-498
822
-311
-341
-509
-49
-185
-114
-220
3
-786
892
656
-672
506
774
-401
-648
-928
-152
-761
-526
-876
-857
427
-3
512
-14
407
-136
315
-502
402
152
18
248
326
-720
258
-670
908
-722
-18
-429
-719
916
-190
574
-927
55
613
923
-388
-175
-142
-354
31
-624
-321
156
-336
-15
-666
583
616
713
-318
697
-585
257
-152
477
585
269
348
-113
-617
627
-886
-354
-374
641
128
-36
433
928
-501
-602
-449
934
684
336
163
70
16
679
427
-593
713
-525
-883
202
-80
8
225
875
-432
-616
-429
842
-524
233
-485
-669
488
-267
-680
240
869
-883
-321
-810
-548
-628
669
-804
186
274
-548
929
-202
-405
-647
964
-845
-418
223
661
740
113
565
-874
669
-229
-912
242
-588
242
110
-541
-343
-119
504
-726
-921
-149
458
-711
223
194
-661
-310
906
-32
46
522
-504
-218
-472
-364
-576
-794
-204
347
513
-542
-906
883
222
-31
-608
-589
396
-884
-551
740
926
-777
-465
-620
-438
262
-199
251
601
615
445
311
383
786
222
-588
-258
-336
754
-11
-900
-107
99
-807
342
908
617
-854
-812
308
-644
-107
741
748
-638
887
526
88
254
-742
-445
-159
505
-311
68
433
-421
292
50
177
860
785
716
892
912
-662
541
-220
274
-860
930
969
355
-689
-48
-279
687
-337
552
986
424
-246
-569
-569
812
-787
-548
574
959
400
-31
-490
-102
-635
-326
-41
-381
995
-274
-174
375
-567
-123
-847
931
-493
749
327
-412
641
322
-490
389
-168
-364
-40
-128
854
122
-184
236
-183
779
-609
595
612
-601
414
-478
-564
382
-591
-37
882
245
-559
-510
704
249
88
-330
863
-801
-120
713
169
-714
258
686
-534
352
618
-412
-155
-503
600
368
58
-159
-745
488
115
-213
126
-41
638
122
-836
-402
-862
-242
402
-71
-632
-12
890
712
-986
37
687
-733
545
-13
608
-454
527
282
738
416
308
-312
-852
683
-568
-20
623
448
306
78
123
-857
879
437
581
-555
-226
-892
-944
-624
830
527
4
-337
-54
189
651
394
-117
-83
481
441
675
71
86
-929
-630
813
-77
993
710
578
-6
476
-927
70
-653
-855
-686
-491
-279
917
589
630
20
-813
968
949
15
550
616
-270
108
-650
446
659
174
-637
224
726
-49
797
-672
-215
-872
698
-748
-283
737
-836
-519
212
22
550
334
264
-260
-58
-117
92
771
-501
825
225
475
-387
445
387
532
-621
20
-39
-800
299
375
-765
-306
-826
-863
963
-445
867
383
15
742
-65
914
972
-858
418
490
846
-484
-541
850
259
-308
319
-57
-980
-232
-722
-267
700
597
-479
246
705
-192
-590
-404
923
-134
827
-198
633
-881
-119
704
695
821
-500
416
-222
-615
-984
296
568
-758
337
254
-175
-133
-441
-472
-366
53
52
129
-748
-485
541
619
23
770
-130
9
869
-810
-63
866
-683
616
680
635
299
13
-184
-343
71
387
-367
-521
-834
-892
-604
-742
-960
-49
750
256
535
938
748
525
-982
-669
596
-808
-858
-211
764
516
477
722
343
601
957
483
-433
-73
-64
567
-989
-323
812
367
681
612
520
462
-267
490
532
230
-870
-70
910
-430
-213
-681
-137
-402
-742
390
102
958
308
-91
-554
-797
266
78
666
666
748
-176
665
-833
831
-835
-556
-98
297
734
34
167
-718
-361
203
-445
529
-979
-583
-274
-888
-664
715
-722
175
-199
-83
211
-484
375
-263
258
961
-748
-141
56
63
637
-720
-94
-162
-274
656
391
-711
730
787
272
756
-518
-882
303
17
-238
198
-662
-784
-620
782
-206
-356
580
81
582
-611
273
682
721
402
67
-372
316
388
-260
922
-87
731
583
-581
812
-871
197
-783
-210
-661
733
554
376
-212
4
-227
-696
-665
-708
-562
-737
258
614
-136
-80
949
394
-586
86
-936
3
524
-103
844
-367
777
-513
238
-890
747
332
-847
595
94
-49
-594
-48
541
813
603
269
303
819
-269
-603
-406
286
426
-799
-623
805
325
653
-805
-255
887
542
-376
-665
435
906
-871
83
-653
25
-619
469
489
-91
-450
-818
13
20
186
171
-238
47
-634
-603
714
-73
303
765
-789
-593
874
-453
80
904
514
-329
183
911
-924
680
-760
72
-784
626
101
-380
876
-952
-655
-547
551
876
-224
643
446
-906
776
936
516
-578
171
274
644
-433
135
881
-840
512
100
-771
-207
-318
-347
659
-449
384
277
-479
242
-25
732
101
753
399
517
662
-468
-107
-984
-75
690
-40
570
364
-948
262
534
-814
293
271
-654
-244
-53
-322
925
-724
-256
506
316
-372
-724
138
-722
-74
886
208
738
-235
-9
183
-545
-398
306
-925
311
-156
723
583
811
-390
119
261
887
-781
735
-563
670
-340
382
-524
-213
773
534
-543
108
-72
268
732
601
-497
-188
404
433
-326
172
92
993
38
-37
510
-6
554
-479
-292
237
998
-776
52
530
-453
113
-694
939
-649
557
-71
-830
328
31
787
303
155
996
-879
806
858
-338
366
-221
-392
49
-585
-753
93
-708
-793
-848
-297
-639
907
854
302
-722
227
-503
-624
-603
-28
612
-971
-842
406
-299
993
-279
397
778
67
19
-699
-883
127
990
-594
975
218
-255
818
-662
79
686
-14
-458
22
-977
-139
-725
612
-34
912
729
141
-326
78
730
616
412
-655
-627
826
840
365
-758
852
381
-846
-646
-357
-133
-561
790
-726
163
-172
349
-15
980
127
-617
782
-440
556
337
-91
763
959
-852
-247
116
-369
533
-281
-187
735
280
21
-699
-504
-80
504
353
821
509
403
-549
361
-144
825
941
459
-676
856
287
129
-383
-92
-324
-571
936
823
-939
315
407
-901
344
9
-931
867
-474
51
-725
-638
-24
-645
781
-270
-406
-338
-416
-364
-514
436
668
-474
541
-556
632
-912
187
-727
-474
315
834
-189
-156
611
657
-274
399
-191
854
-4
571
103
716
-913
-819
-926
375
-86
241
-390
281
-343
540
-954
663
-221
-845
975
730
274
847
912
288
918
-912
820
-433
174
-673
205
378
-352
-707
-363
-623
-88
887
-48
427
175
-976
-558
-724
-535
402
833
593
971
677
-175
693
-249
-316
-939
-313
-189
689
104
248
201
-454
86
-82
960
-200
396
857
-691
910
943
-566
-140
-852
-461
910
-357
628
-76
847
432
481
867
144
601
989
703
-523
-482
-627
332
227
-505
659
510
-476
67
-788
-150
300
537
803
678
-91
766
959
-62
-337
-689
640
767
-902
-462
-837
-465
-82
672
196
-685
-744
980
176
-728
-72
520
292
-215
595
-886
84
478
198
-407
286
-190
159
955
-767
44
827
342
625
-238
-955
711
499
198
604
483
-938
296
762
-535
375
413
-845
-693
-66
653
-545
-124
964
810
360
312
148
-651
80
174
-316
-434
-266
-109
390
-756
401
93
-55
-423
756
908
383
902
897
322
-632
-388
620
945
126
525
-182
-721
110
-301
-893
640
-312
121
-656
586
593
854
959
933
-854
560
-326
-922
-164
968
-986
870
-759
-456
47
229
268
-808
-276
586
-234
902
954
-656
-234
-807
874
772
-891
-695
-251
-26
410
684
-324
668
-330
-121
71
-141
-845
-520
-752
-674
285
-334
7
546
-497
993
84
318
-737
-971
678
-271
330
-707
55
47
5
-496
446
-375
-975
126
-445
-667
949
652
963
-686
641
-663
186
-160
-531
-691
-796
-48
-829
-367
-825
436
-219
-932
943
-84
261
650
-786
-21
-860
214
589
554
-802
-204
-705
-568
-335
305
992
909
-269
-376
237
-939
-769
215
514
839
754
-94
335
-506
-550
-500
639
236
-19
-865
341
-98
-441
500
117
-299
-320
-589
29
-91
-250
360
-469
-710
721
153
355
881
109
101
-601
-800
553
-81
-560
-423
835
400
287
-789
-37
-574
454
-793
619
-517
-482
720
-661
-612
-928
507
864
-957
255
-658
719
42
371
-848
525
-489
242
-144
-453
-65
400
-485
-495
525
862
823
957
34
-274
752
911
449
-367
887
150
259
255
639
498
-668
-148
22
-98
849
89
-753
682
-320
282
124
404
269
-321
193
-961
449
-338
-59
75
385
-100
-823
-35
-497
-136
-879
32
815
517
671
764
-728
523
225
808
629
387
200
436
621
444
-311
189
-910
935
971
333
-984
-545
-933
-701
-53
750
892
-269
-609
-652
848
435
341
-998
643
-149
231
633
635
-767
52
393
-599
239
-87
517
982
320
-330
-911
-374
994
116
218
-733
-258
426
-927
-199
-899
-778
766
-974
713
532
-93
718
146
40
240
-279
371
-726
995
885
615
523
-816
-172
797
52
-28
-245
-226
88
-204
-740
-438
919
969
523
287
254
218
-136
823
651
920
368
-826
-470
-761
45
58
137
-324
952
-667
29
-768
-349
11
511
-794
-444
-217
116
-859
788
268
977
-975
478
381
287
21
176
982
-400
-480
364
678
-566
-619
-880
-490
938
751
123
-564
-637
-466
-676
804
145
-422
-377
801
-536
-284
-226
24
654
583
796
-887
-597
762
185
-590
376
392
-73
919
-336
923
-704
-699
626
-467
-410
-381
-397
13
-839
-291
721
511
485
-304
-729
269
355
-415
992
717
574
-226
10
5
-11
-400
-276
-394
-451
-969
-731
-324
154
-400
605
-265
933
-979
-995
160
124
-260
-130
66
384
72
-198
-338
553
-378
605
678
-241
737
-799
-496
709
541
393
508
546
955
672
921
-783
-814
771
-884
-237
635
540
170
-946
656
709
839
733
-916
694
-291
853
701
-219
-530
-584
-899
117
-188
-560
191
969
857
692
-858
921
-942
-985
-132
909
401
-92
-901
-770
-129
-481
493
129
-965
993
-390
638
-821
35
531
-484
385
-445
729
963
-520
-224
881
91
-444
-947
-491
-319
44
79
-877
-957
836
254
-878
977
955
-9
849
-242
346
587
787
124
775
212
523
777
-260
322
81
779
694
-252
-109
163
661
999
747
814
-77
-901
978
-668
409
376
962
-180
214
-312
-728
-880
-25
-924
-263
891
-696
-22
-541
695
-148
815
424
-252
-168
170
-737
948
-642
865
63
116
-528
950
-855
893
-716
304
309
-756
-665
4
-225
284
-711
442
-726
438
-360
-305
-941
-703
-246
-86
-373
262
742
356
-119
-732
210
137
546
972
490
-371
481
-943
-939
750
-82
1000
565
-382
579
-946
853
798
-205
642
-452
-404
-253
-126
-501
-272
-891
-225
677
362
-536
958
-495
-803
-773
278
391
-483
-814
-508
-721
-274
-108
678
121
-988
982
-155
870
413
760
-487
155
-898
683
532
-464
565
-163
-578
68
-720
380
256
903
-164
-173
781
706
963
60
-978
45
-574
741
-558
-716
-472
-794
189
687
979
509
-596
203
-499
253
-687
242
-970
4
-10
-881
103
-644
631
-22
-740
364
598
885
204
-691
556
286
-446
677
275
306
-694
-534
-359
204
-465
-373
-911
382
910
39
-884
270
428
383
-14
-5
-250
953
235
-323
329
414
-243
155
-439
310
593
870
-550
-829
-242
982
328
539
-846
-725
379
-297
813
-195
334
717
754
-533
354
-746
-392
-716
763
-957
592
-972
341
872
219
-525
-498
489
-43
-997
925
-181
-119
-178
802
-877
-40
172
-325
318
842
-164
-982
-496
-58
435
60
188
356
-982
-199
482
738
-237
-184
-72
-433
-187
-576
-397
681
299
-627
-968
783
193
-537
-919
112
-794
51
-417
678
-583
-902
-258
-558
-765
865
-143
767
82
17
490
662
265
-918
177
-345
175
482
-686
290
1
-950
-599
-471
43
-611
-61
945
-251
558
440
753
535
763
-793
631
-72
55
444
-557
829
755
-845
-103
992
372
934
149
895
170
-912
602
924
-850
68
-339
467
-405
40
-199
-264
642
-452
795
704
96
-828
-436
852
-771
-842
-247
105
-247
249
-105
-114
810
203
546
-139
742
127
982
663
-869
-551
-56
600
340
433
750
-895
984
-637
265
-608
820
918
217
985
77
135
720
649
487
222
595
-580
944
-729
272
377
353
-660
-867
-936
732
-291
-607
193
563
-155
119
535
-215
-254
566
-928
125
869
-289
-388
681
981
-40
497
710
726
342
944
386
37
649
-377
-74
450
451
-394
918
174
-996
-269
-64
-704
189
509
-407
390
-307
605
-2
-671
721
-904
288
629
-760
120
288
-92
-422
337
-736
105
-455
578
0
388
865
-919
-811
-6
-584
-963
-297
609
321
677
-207
864
-73
-530
-152
-383
-85
-869
-39
-670
664
182
-338
227
572
527
356
-69
-124
-386
-677
-881
-355
922
-370
-489
-544
-279
-648
753
-97
-797
-173
-275
-651
-770
-604
-76
137
143
-647
-198
-982
-617
866
-879
-744
780
38
-590
-904
-920
-48
873
705
339
365
-619
104
50
943
922
553
277
-646
258
761
-559
673
983
-740
739
-535
337
-444
-534
-451
-46
568
-995
163
-160
69
380
-332
129
-523
512
-757
721
949
724
-482
-721
-106
849
-222
884
79
-118
-163
252
-25
-191
-659
483
146
728
-190
235
-196
717
-925
-478
-151
-7
-681
-293
917
-223
791
715
-225
760
283
-799
288
-769
-999
-619
370
-36
245
916
-440
-265
-507
-787
547
-995
-740
592
214
846
334
-724
-733
364
595
-149
701
364
-889
602
-321
245
338
239
316
-572
-715
-173
-816
313
505
414
568
898
230
24
802
-864
356
-766
-478
-727
65
-480
819
-545
298
960
792
-845
-773
-929
-730
-186
943
-768
-390
847
155
698
-181
692
-400
-53
-80
523
-562
246
-633
180
-135
-910
625
401
808
998
159
-525
662
-768
874
743
-526
-125
782
-966
532
-64
-589
-923
-313
264
-852
-523
-257
-856
955
-174
-567
-625
77
249
-580
378
-348
-108
-206
-747
971
-621
377
761
225
312
695
790
854
-606
791
-581
884
481
-803
-477
-977
-5
933
-198
-943
951
805
-382
31
-597
-678
312
-871
-679
-123
12
975
-100
-397
769
-805
-152
-39
855
-86
440
27
-762
-638
981
-969
-85
550
63
-847
23
-2
343
122
-262
-449
-671
898
143
240
-360
-284
-432
-212
210
-242
635
325
-445
290
-529
950
-811
-170
-801
-936
-406
-318
393
864
-698
496
-515
-190
-825
-381
-609
619
577
-460
711
-336
-173
-367
-886
393
-946
-936
-502
-583
-307
704
-674
110
-117
34
-984
-212
312
600
-131
450
556
74
-367
-711
114
192
711
-720
64
942
-149
-925
670
-381
170
419
803
-300
-61
148
685
-209
-988
389
-462
-321
86
467
-107
201
-392
65
-163
373
-178
286
-885
-834
609
817
506
267
971
795
461
-404
742
-772
26
-791
-646
833
-232
236
198
-280
280
349
443
-511
163
488
327
-713
-404
489
977
-218
478
-120
-218
-515
875
337
716
912
-494
743
-547
523
-358
-352
712
-682
382
669
10
-443
314
945
364
-538
-859
325
-184
340
660
673
-773
961
-811
305
-776
-138
282
-48
833
-19
-497
-561
-501
151
368
-765
815
207
288
-978
-590
863
3
781
662
-277
332
923
99
-699
474
-786
-202
476
333
454
-706
-948
-700
337
971
758
312
147
-911
353
819
664
409
-710
-461
-715
-238
-267
-877
841
-906
-705
-239
-926
112
807
-283
-263
549
-294
-284
25
-623
704
242
-652
-216
137
109
334
-1
-696
169
846
-310
943
-246
-691
-104
39
545
235
148
258
-616
-275
587
-168
599
761
723
-912
20
-239
-650
11
-163
-987
-997
896
-922
940
-875
650
566
37
-14
-821
959
641
-206
860
-443
-879
497
766
514
1
-268
62
-653
-564
-538
498
-869
-413
-333
284
-468
852
442
254
45
-687
638
632
31
656
261
-159
228
106
490
-663
-903
667
657
-838
-207
34
138
-180
468
726
-415
999
-862
337
992
705
-583
553
92
-605
697
-328
-486
-725
722
-920
849
-226
707
-120
-364
-991
-530
541
-792
523
74
552
-98
-529
-31
128
-495
274
888
294
531
-548
311
502
-713
747
500
945
-352
846
31
595
-334
951
456
713
-496
-764
-617
-462
-850
607
-180
-262
550
946
-385
546
-87
-93
788
-237
131
-748
847
28
135
546
918
824
950
-792
659
-318
-551
929
377
438
-80
-971
718
-953
-909
278
-972
799
140
-236
482
-253
-678
-168
-82
914
-868
790
-551
-302
633
-663
-30
-877
83
-762
-416
-453
-124
-967
555
802
-150
-124
-26
151
-992
47
-812
716
387
-641
-53
918
636
-315
-416
-771
872
-403
80
-519
636
-942
538
880
-673
-679
846
-334
-721
196
838
-833
800
-753
172
-573
511
596
-835
822
-648
-200
11
337
-101
-900
-805
80
703
-255
-26
-16
-878
-880
-476
329
-668
640
551
653
518
-618
414
-491
803
-241
-200
753
309
866
-751
-372
392
-35
552
345
496
-397
-204
634
-7
876
789
-191
471
-686
-443
-700
-181
205
-687
38
-859
-320
988
-388
181
-658
905
-819
-887
117
648
-490
-250
-36
492
90
-87
664
488
42
188
748
-182
125
-260
-572
69
-257
975
-697
292
-213
503
-725
822
340
639
-85
-190
-928
197
-178
-677
987
243
344
188
57
779
-235
959
-358
-410
981
971
-475
34
-301
-32
-307
123
-501
-109
208
-214
338
685
441
934
-902
-377
-357
998
-681
-276
-791
-570
742
894
803
-939
-407
463
-588
-632
-26
528
222
-11
234
-284
-218
199
664
-955
879
602
-742
-720
250
-84
977
169
-653
448
923
693
-687
336
-472
575
750
-38
-312
-6
-588
-93
83
186
-159
138
99
-450
-283
-992
-318
982
717
815
-358
-557
454
-872
398
-97
-136
-995
-598
-210
-260
-857
91
-149
418
-418
-376
-923
-882
432
196
-389
-656
-440
-13
-741
-387
671
-67
943
-18
-238
167
-489
-997
-80
-268
-820
-858
698
-734
385
-372
-401
249
-280
-222
-721
540
-987
-922
-575
4
569
-124
-428
-459
281
-606
516
-983
-300
764
957
-445
-718
261
-74
-277
-203
860
583
340
-7
-993
650
688
-809
-215
762
-634
-144
628
414
-704
388
-448
-255
365
312
-341
559
-198
475
-166
111
-817
890
510
-463
-284
-963
-116
-83
927
464
-667
-373
546
769
591
-968
48
700
203
126
464
-356
543
-309
936
-648
-679
56
-639
-277
-837
769
-174
82
-77
244
-108
804
-84
-578
811
-523
-369
998
222
927
248
-206
-632
-77
-743
321
334
343
621
-525
566
238
297
-390
-355
-840
-705
836
279
-305
298
475
-401
277
321
-624
-426
-960
277
-139
-482
-506
852
594
-86
909
-399
-719
698
623
947
736
744
-388
-715
-206
196
405
990
-289
-918
221
972
-364
652
675
-996
-435
-597
-562
-620
-852
832
910
404
-775
451
-340
-656
-962
-15
805
317
235
-999
-725
-404
-366
-840
-117
62
-969
-640
581
720
731
-808
-405
-18
-51
626
893
815
-602
-917
648
164
-517
-767
-480
226
-963
809
251
474
88
-655
129
677
-997
623
495
712
324
-397
-492
237
822
303
432
-494
-782
-313
199
-924
-712
388
52
669
-758
971
-168
-533
-291
-981
-332
-302
-754
-374
550
-518
112
-295
-428
-397
-460
-355
130
719
-292
143
-397
181
-770
-36
-636
917
-422
-987
-316
549
-20
-145
-799
567
-230
-964
-379
897
-458
789
-568
201
-952
-163
217
714
356
624
964
-478
-58
-561
172
308
521
579
258
-893
-91
381
-330
-549
-440
342
-496
679
332
-225
-465
502
-42
-451
219
900
929
-307
209
501
-548
-557
-948
-15
-647
-472
316
449
554
-544
-404
-139
-598
317
717
-960
869
-610
551
397
-444
218
-665
-478
-181
-471
-320
-723
-567
552
-767
297
-78
-369
-411
34
357
531
923
-901
-100
-883
-527
713
912
908
227
509
244
66
24
-752
731
923
403
-868
-990
-490
180
-733
213
-453
32
170
951
-7
-909
-611
-236
540
-470
-767
-827
795
-15
-938
-550
-315
352
921
-724
-133
900
12
86
319
157
217
-355
312
-879
444
163
-61
632
658
705
130
-699
-943
-811
-131
921
-619
-795
97
-89
397
216
912
389
-49
822
-436
-85
-252
-941
944
-875
-776
291
-206
596
-976
103
-776
-601
-927
-876
-357
736
-414
594
491
-62
-986
-820
568
18
-391
-534
-935
-832
965
22
788
-79
-773
-713
-891
303
424
-524
331
-78
385
-843
952
-577
-905
912
558
552
39
-534
-345
-660
-694
695
-7
782
889
-98
-180
999
600
-774
604
682
107
-557
681
-811
-400
478
-34
-501
52
-265
757
-337
-607
-764
-520
-491
-112
810
937
403
293
544
-913
-164
213
427
-826
-742
788
206
-133
939
703
248
-458
109
133
-28
264
-872
-121
-410
793
-569
-667
-476
-705
741
-884
936
6
-196
-968
-341
567
642
-349
286
-200
-689
263
816
-524
-232
390
-409
-903
-40
-261
-320
429
630
609
-229
266
-926
508
847
-531
-615
-931
711
-747
-782
809
-745
-481
84
-51
-953
815
-569
283
-650
447
-908
-512
-132
-390
433
-645
56
-514
18
522
-293
-330
-530
-805
-717
346
361
101
959
757
604
725
488
-473
-828
712
84
227
-217
549
916
-794
-842
203
178
-93
410
-440
-341
805
-991
758
-132
161
-901
514
548
-352
-787
563
-372
342
-771
156
658
921
-206
-171
-299
754
-280
-5
649
-808
-733
-836
-575
462
-408
27
-12
432
858
297
-397
-138
808
60
370
-905
-105
-520
-176
294
-644
220
-291
-924
-254
-995
-741
870
867
-654
579
895
173
406
-972
-175
243
820
892
746
912
-956
-970
-911
-336
-94
720
-129
-504
661
637
-456
-757
92
-654
745
-60
2
-45
965
-91
-808
915
-938
989
844
11
175
31
-253
-344
-142
-609
-461
-598
266
-902
-237
-699
-724
-382
-258
-773
517
112
970
135
618
-213
930
859
-634
-989
-862
-72
-984
324
-456
996
-38
-658
411
-830
-52
-971
377
-20
-47
-601
999
-361
247
-308
728
-890
437
286
126
-108
720
644
-578
801
-372
-464
-464
-287
-523
911
339
-197
-378
-485
404
287
45
952
-716
-763
742
-344
-89
-750
567
138
-320
682
-239
507
182
220
-278
901
210
-561
-568
394
306
190
696
402
-828
-947
-892
142
-365
-966
-27
-980
172
-527
303
475
-302
-658
162
-627
-52
-302
934
444
170
-739
-884
-808
-710
-460
64
944
368
-970
-163
-399
376
234
187
3
-908
-419
-465
-152
-671
-775
-508
-891
265
-427
588
-767
-593
135
-132
-712
-581
245
-351
221
279
165
-102
145
217
-596
-922
423
-595
300
972
-42
-659
-618
361
662
693
621
495
108
-759
-66
-259
492
810
225
-880
-333
-913
-390
212
-219
-302
960
421
365
-654
-109
567
147
542
865
-208
-563
483
840
-88
-148
-130
-239
-157
630
-910
403
-901
-198
-882
-841
-985
-768
-921
-426
-424
-428
-283
514
639
-873
-358
461
28
-705
290
525
38
-676
-476
650
-868
720
-453
-934
118
79
522
-491
177
934
284
84
-720
-326
-513
974
340
-288
825
167
-162
255
134
-48
981
528
-290
956
198
-444
-971
302
873
-418
754
731
827
-603
849
185
250
-342
-712
-440
110
178
282
251
910
536
273
-399
-420
784
957
169
-64
472
785
-181
-718
98
174
314
155
-681
-957
766
-477
-778
-614
580
-849
-928
960
627
930
946
-794
-180
-70
926
73
-980
-669
191
-540
658
467
-252
177
540
-219
-954
72
-382
808
178
-90
582
-139
589
-641
-644
-841
313
214
-74
626
311
-955
-322
-847
730
339
346
762
-27
169
175
918
-628
-115
342
-672
412
425
-164
-255
-662
226
-221
418
924
-131
146
137
-370
765
445
864
-42
917
315
616
643
-506
-277
288
-978
319
778
897
677
780
-494
184
-303
-445
892
334
917
-222
-439
-702
623
-350
942
282
171
-183
-664
-333
661
-548
-402
-969
-637
-377
-829
912
47
-891
-737
-680
891
-378
415
75
-990
-766
860
-961
557
567
-69
464
-495
-483
-942
132
-460
-202
548
-293
-854
-460
969
534
446
-416
-940
528
933
583
-821
-549
-531
-328
-124
694
-273
-828
-515
-773
507
-263
442
-950
25
-986
-978
-971
-736
-532
-508
-573
-138
92
441
-710
464
995
-195
-852
235
739
-928
-724
334
384
-676
838
-805
-277
800
264
-844
58
689
-983
948
-227
529
99
-972
-841
-24
-815
-281
511
571
952
-147
860
689
-798
-923
875
-569
-496
414
21
231
-17
121
-870
968
-374
-364
-119
-313
318
754
414
-563
709
-490
-90
53
-572
-272
-808
-198
574
761
365
277
-13
535
-621
-619
-787
377
673
-246
-898
938
-83
-646
833
-169
-744
486
-89
310
-898
-325
-295
-695
-865
-410
-630
-262
658
103
-596
10
-310
353
399
491
-876
978
-38
-729
-310
-422
267
470
765
-521
-678
-808
752
992
-567
-874
473
130
-652
65
342
327
-123
562
107
376
828
687
-893
910
30
577
-467
-308
-642
-516
-203
-316
357
-904
-536
928
577
-277
-709
547
-218
526
-297
-136
468
-736
593
403
468
-514
-244
259
-933
820
647
86
-30
-143
436
108
-129
-295
-637
-124
433
-305
-392
355
854
-119
-656
-983
220
266
-39
194
942
930
827
553
-977
-818
364
-607
-357
958
-525
898
-447
27
51
-977
-409
-303
-364
-64
934
-664
-215
207
482
-95
-371
-693
-541
390
-460
473
-752
229
-156
-468
-393
901
-528
-509
348
222
102
-351
711
207
-78
-311
-956
-826
-949
-208
25
96
411
927
-767
-65
-995
-953
-710
-577
-704
-248
9
490
-940
-19
-977
161
-24
-848
-429
699
837
-528
941
-601
866
185
581
556
-6
-248
965
-728
36
806
137
-502
-344
-229
700
536
41
-657
-545
950
640
68
155
-752
-211
604
-121
328
-181
228
-894
-170
-389
472
270
-579
314
521
986
288
-430
-537
10
828
868
-345
516
583
-275
373
755
-839
-489
991
779
-172
-174
-695
431
513
70
280
174
-422
0
897
896
-609
-203
255
-111
-293
-145
-659
-240
-698
323
-631
-236
482
-97
-698
595
-736
385
420
560
-183
-202
-462
383
579
250
492
627
-655
-478
227
158
-131
-343
336
329
-632
444
445
-430
491
889
347
-732
-773
932
-796
-145
989
974
-213
-609
931
872
255
393
385
305
-284
445
418
487
-535
336
-65
125
-733
-632
-412
617
-90
605
852
488
-71
-298
-6
475
390
498
29
871
486
321
487
116
-611
329
-949
308
-200
-902
-420
-961
339
128
-247
381
-366
-266
785
526
-590
975
-831
153
-358
-31
-912
-647
890
-581
-559
-543
725
-60
288
69
839
548
966
682
-91
-237
-95
-561
262
969
-330
-194
932
51
38
791
176
774
-671
286
609
-227
-920
-66
588
202
-283
632
-965
-451
-391
303
142
343
-545
-634
-651
742
621
-611
82
756
197
-960
-557
490
-777
381
-482
396
-105
772
823
-528
-87
-717
120
97
850
969
-734
657
610
173
-867
385
-167
-379
169
272
-41
-144
948
-588
585
-832
728
-724
498
684
-666
-227
897
-808
-790
-856
-826
164
744
-223
-249
415
-258
-852
-815
-148
837
116
-944
100
124
-887
-480
-664
962
439
-792
-934
-418
-546
32
870
812
190
-708
924
862
-697
-552
471
590
-616
-131
-408
-301
-378
765
440
539
296
-685
-202
678
759
639
-622
865
-619
-138
54
94
509
-137
981
653
-106
-731
-553
-577
205
-33
-929
-828
126
-849
-404
618
817
50
291
-866
653
872
857
890
-205
-309
-104
-724
532
-436
736
175
423
-464
821
-905
-853
-397
-214
723
-617
-887
-650
59
413
-465
-257
-796
-91
-410
860
-447
366
801
-503
195
345
604
236
-594
-920
444
281
754
853
794
-636
729
996
470
315
-567
935
-941
-451
-797
-96
-331
-280
605
99
593
-972
496
-589
-50
132
-785
-727
-45
-493
658
-48
-192
-602
-305
688
593
-790
-412
-114
251
-341
-811
-346
814
271
874
555
-97
-455
-757
748
-284
127
274
817
-840
281
44
604
-802
764
735
801
245
-89
-372
-53
978
486
-264
-30
-979
693
-200
890
-535
-209
-976
272
573
-628
753
401
-656
-134
224
606
-260
808
-642
-662
-489
338
468
477
479
-33
948
-158
285
73
476
-686
-996
-556
38
-514
954
149
622
715
-914
-392
518
631
214
-97
-305
-450
355
856
-25
-693
-123
88
-780
-844
-380
-606
256
-635
-195
-581
894
-957
626
774
887
756
655
4
-485
6
990
-676
930
-245
-137
714
717
-899
-812
-941
563
-937
366
985
181
-562
561
-898
-697
-79
-4
506
583
323
-797
496
-163
-408
-208
911
29
-706
-261
44
-621
-338
-193
-876
877
-516
-18
-319
-912
58
965
-266
895
41
751
941
655
201
-203
-299
-551
-122
413
670
951
698
-55
-755
-613
-270
-986
415
583
-247
-396
-942
-368
9
-471
-169
223
223
828
-502
-393
-433
885
843
505
-599
-529
802
-686
-973
566
821
-298
703
-600
785
-358
154
-681
-203
-411
-824
816
-155
-605
623
-947
585
-22
552
-68
862
-683
-722
-40
-515
-137
-941
-166
919
-194
-868
-87
764
-422
452
-106
283
663
-448
-59
194
528
-245
703
-407
-780
-771
-834
269
-973
799
58
437
-229
482
654
206
-165
183
-949
931
-418
-674
-668
-390
692
466
-208
546
-456
-690
318
-607
-166
159
-712
81
185
-865
-661
-534
685
-144
184
-245
889
-203
571
-551
380
274
-697
808
-193
478
861
551
170
526
276
-812
723
237
-870
-255
-631
-658
678
559
19
829
-822
822
812
-981
268
-926
-441
-666
-654
130
-997
-771
-244
222
-123
77
-806
-445
-630
-205
650
603
-969
466
213
-855
-785
-645
-931
584
-149
882
-443
996
425
-681
231
-374
676
902
680
-872
-88
990
392
-931
-580
-687
-447
547
-637
-40
663
982
-469
-844
-987
-916
-128
243
-363
-800
208
-940
323
-764
-855
528
760
44
-683
-611
453
748
-903
816
967
705
577
-519
-865
-631
-970
306
467
699
-513
562
-962
-521
-443
2
-732
860
732
395
-852
924
-575
372
-393
491
96
-61
236
-598
678
500
144
377
488
270
441
320
1
-547
307
-357
-963
-568
-96
880
332
-631
849
-680
393
-880
941
202
-289
933
651
-387
823
-487
-74
-57
799
-127
-733
478
318
873
454
-827
936
-964
-649
-948
417
-261
938
865
-870
-223
740
155
997
-879
803
951
-199
419
861
722
-960
-842
-786
439
101
-846
-875
494
-277
-630
504
-436
-869
630
408
687
378
351
60
254
977
530
747
-557
307
-380
611
131
-987
-750
706
-562
288
-167
-443
342
547
-72
565
953
-633
131
-870
914
657
524
-484
-64
366
-505
-968
825
740
-480
-468
238
-476
-732
-376
-627
-421
-352
-301
-736
-732
464
-35
-893
-674
686
-232
-52
260
-650
-929
-252
-264
-543
-151
-13
-323
-306
485
172
824
493
-33
174
-900
-360
610
-516
767
529
-44
989
-252
-845
802
-45
-480
698
290
-424
131
-617
-808
-30
-902
-863
624
398
-170
-393
764
-975
-328
752
-605
-456
829
-159
589
-159
728
-318
-695
946
218
152
-805
293
343
165
120
612
-752
-944
-210
547
-955
603
543
-640
809
622
740
141
325
-900
439
193
-483
-402
61
599
-748
829
-682
332
81
-164
960
31
4
386
-715
-56
989
-175
231
-218
297
-331
-701
321
-236
-302
935
-866
-238
-144
747
308
170
442
40
-931
528
-67
-553
-788
802
656
110
-528
144
298
350
70
666
-839
671
294
478
953
542
578
-662
-556
548
667
734
635
-388
-705
724
789
538
458
-895
635
-4
-689
-105
-853
-237
949
-253
731
-63
100
-936
493
942
-342
-934
-615
-908
803
-945
306
-155
-490
-606
474
-107
-167
72
-291
-327
-937
-813
-665
875
-996
-899
746
901
-663
869
-243
52
-856
735
57
623
253
836
628
680
-167
479
696
-405
864
890
964
773
603
-646
-927
448
502
121
107
697
925
711
70
98
-83
731
-568
843
-276
-441
354
-45
834
541
-434
800
-829
-683
523
-862
94
-257
144
198
-719
-114
-846
497
-136
845
-858
141
172
311
-665
-994
34
-229
-320
875
413
877
674
210
-270
507
103
-411
29
787
-114
-166
-891
326
-691
834
578
366
-961
677
947
108
-186
492
412
396
3
85
-94
-960
725
934
862
990
364
-788
-686
-510
747
-749
471
-967
831
-125
-595
407
283
399
296
282
271
391
236
-746
-493
-705
506
-605
-525
911
267
121
33
216
219
-405
-860
-230
-525
733
901
-679
945
875
532
882
817
-318
-896
-215
254
827
231
257
-308
14
1
940
548
-843
-40
-763
-777
949
-893
421
552
144
753
597
565
999
-469
296
-155
744
-449
-980
903
15
774
533
-675
371
-382
262
866
572
-883
43
-304
-902
-730
476
-918
-517
847
-187
365
62
-527
-866
-888
-690
461
354
954
-907
-203
-441
-548
-980
-533
-917
746
820
-381
156
904
-559
-387
-350
-191
606
207
510
-772
-385
-343
-699
68
-756
-231
-845
701
639
624
-332
976
-856
-537
612
228
-299
-10
-281
274
-659
-200
-544
-955
236
-791
-3
118
-908
286
-265
566
-54
528
-865
419
-146
-77
438
221
-478
991
883
390
244
920
-619
-577
891
666
-539
-807
482
530
-945
229
106
616
684
652
170
848
-835
610
11
-526
545
-461
-890
-401
564
-370
597
74
418
-610
670
247
-416
807
-3
-869
239
709
13
-63
-397
-25
843
-76
742
616
820
94
68
-914
-914
-188
-651
391
738
880
-486
-149
576
-416
278
-922
-913
666
-437
277
536
-778
-272
-38
-394
-330
-230
-268
-513
-512
329
958
-470
765
-478
380
626
467
253
-444
90
-822
-84
-409
638
301
195
-436
-460
-106
49
-832
163
152
-253
-242
-731
712
-207
-254
164
718
-389
-128
-356
-211
196
-666
955
-821
-453
-966
264
-507
-564
286
976
460
553
244
665
-821
-746
483
-15
552
848
771
433
-284
-221
337
343
-856
-907
269
806
981
-93
390
-262
516
32
48
-813
323
841
-51
912
-858
184
828
-929
-749
29
629
198
-825
161
894
252
-763
863
-962
343
982
382
-492
375
-172
-127
-301
216
-442
-702
214
294
-730
-433
-769
-317
-447
-83
-393
-182
455
131
-40
-148
978
-93
627
101
-101
-294
740
-301
-792
-55
475
583
560
-779
577
738
-184
777
827
-918
-715
573
-703
481
219
317
-969
-134
12
776
-494
-822
42
125
-124
659
736
-812
823
931
-573
357
-130
866
303
949
259
-1000
-376
637
306
212
-717
549
-307
-815
-237
-173
-532
783
-606
178
-404
175
-293
333
-110
-47
-378
655
-25
-371
706
542
-877
229
-294
-661
-914
663
-21
-581
-764
-257
971
-718
365
552
396
-815
203
847
64
651
356
-167
-180
978
120
15
610
-683
-764
307
-657
330
-527
-401
-971
-312
-168
162
670
-677
889
619
-287
-46
-402
243
-469
-933
-919
69
83
-291
401
-805
-245
-314
-988
539
838
-667
593
-403
-753
888
-691
911
-376
-965
-812
467
-744
-466
-429
925
-383
740
-757
-391
-452
604
-253
-421
757
-788
-312
-353
-79
-254
-608
883
-426
689
954
-44
148
-165
759
-790
-102
408
-109
956
914
-334
-759
883
971
-352
426
688
25
-647
-927
-144
252
-547
324
-535
-285
-12
982
-487
933
553
-662
-307
-428
317
139
308
-724
595
-863
-989
698
845
27
-33
499
267
-772
152
-455
39
-625
34
-596
586
280
-999
-965
-716
879
962
-1000
997
716
-247
-597
306
-976
822
-365
-533
957
-997
891
453
606
998
506
830
647
-99
198
-2
-733
378
372
-684
-371
186
647
-309
-322
-497
92
-728
-422
812
705
685
460
-511
-581
-276
-490
-921
-338
310
-856
379
-825
330
625
-689
463
100
-358
507
943
-970
-28
603
-658
847
-827
270
817
-441
-366
-638
-135
396
-487
708
399
690
218
143
267
372
814
501
-307
168
-111
-121
-197
-434
-510
-820
303
-123
814
-913
837
516
611
-331
-388
449
-542
-551
246
876
-760
210
338
520
-3
828
-600
712
158
692
911
110
-580
97
654
270
-107
204
-958
530
-989
547
-835
-19
-493
-36
-448
-905
340
750
93
769
-18
727
680
-140
-361
383
273
-529
134
767
-694
-125
-755
813
607
75
224
967
-863
-233
816
714
468
13
-867
-670
-88
387
595
-970
-478
-322
613
702
136
352
-504
119
-408
-213
-832
233
-529
-236
-933
-366
-595
813
-390
-357
620
-35
820
817
-692
-223
847
678
-596
62
797
-153
-644
712
760
-105
405
26
-663
882
724
408
-656
-890
888
497
159
855
-778
398
-382
858
-153
-722
985
-366
260
-824
-332
421
-487
784
-731
-922
972
-774
-927
779
825
760
380
339
933
-175
290
434
-579
587
-204
-397
-226
796
17
403
968
188
-590
-120
538
761
-276
-921
264
-609
558
-21
562
845
570
270
883
-877
-210
428
-926
-529
-696
-622
-739
-947
301
381
764
-681
284
-130
335
853
99
200
-828
-469
-933
-856
731
-215
346
-809
292
919
101
106
819
585
280
-103
-520
-894
390
716
573
205
-329
201
-627
-309
-848
679
-527
-1
606
349
782
-2
-996
-661
-844
-973
-717
505
61
-683
-918
-155
-272
-961
-517
2
279
422
-858
-948
697
-355
826
-442
-876
-705
-403
-818
-857
-355
-319
-745
-834
-615
-629
624
-786
-575
-721
55
532
-13
-630
-452
-43
350
779
534
617
-893
948
-109
-628
334
-679
-661
891
-211
-841
331
-262
317
-522
138
380
-100
791
289
-41
504
261
-648
-600
-373
-756
-512
-880
-358
188
420
798
-250
407
901
-236
-613
-689
381
700
-775
221
-61
-666
-259
270
-201
243
443
-617
-662
-653
-444
948
192
-674
144
-997
-161
555
-881
196
919
241
-907
-291
-813
-440
-627
-851
-534
-74
-675
-653
-839
175
-603
787
-297
-43
238
30
-930
-999
688
-963
-424
347
328
-28
-98
-518
-129
678
927
-132
534
858
-89
-194
197
-153
-485
514
284
853
610
-734
245
429
-477
759
-973
-160
-377
-103
665
463
-169
843
-540
-642
477
-38
656
-585
899
65
619
632
497
-219
132
-150
-687
-618
126
-748
-312
546
716
-184
220
-921
423
-362
-599
-798
-546
-425
-175
959
170
926
-139
628
372
-550
60
279
-14
-993
266
-306
-781
766
386
456
359
787
-632
-816
475
-531
-749
-806
-304
140
498
-947
124
515
655
666
-979
-757
674
193
182
-321
-518
-571
-362
0
61
-102
-197
165
-966
528
-189
399
576
180
542
511
989
-251
-481
-750
130
-639
165
509
-826
293
-535
939
-406
-850
170
70
-322
376
300
483
387
924
-388
-195
677
-115
-574
-126
490
-707
-301
469
924
-471
-356
-750
-639
-680
-159
-168
-378
951
994
-292
469
788
338
790
-697
-985
-702
-983
866
181
271
-843
935
290
-676
-670
126
443
-311
-596
-651
757
-713
377
-402
652
9
-311
-444
556
817
724
-527
-995
-645
-980
-330
337
157
-755
-587
208
-187
579
249
83
714
243
-378
-656
378
670
-113
-362
51
-483
928
297
-306
-614
-838
-874
255
-132
-603
551
-805
-832
535
578
958
-17
924
437
651
-595
490
640
-605
228
922
-516
141
-805
684
-535
361
498
-662
993
-454
-940
757
-81
-739
515
-540
-7
869
220
-163
741
-946
-554
362
-999
464
-901
-98
538
551
36
497
973
152
878
767
545
934
807
-215
-63
-748
557
367
956
-648
364
327
869
148
-921
479
-783
99
622
-597
-881
-82
638
485
-893
960
-364
-127
-289
232
195
-990
282
-538
931
-902
-771
900
-287
-256
-749
603
-642
275
-13
-987
-119
-130
-522
-995
-638
-52
-15
-668
-509
877
442
-966
-525
-927
-329
691
-368
679
-372
-595
-756
373
-327
-767
-639
149
233
963
-502
635
-419
998
-927
425
-677
-709
-57
-318
-821
-841
797
-488
117
712
106
-828
273
767
881
-568
810
-50
-356
499
418
935
-159
-874
-237
701
30
309
275
736
944
-244
17
-189
473
295
-507
-208
-537
-558
-174
821
-312
896
934
-589
751
459
348
320
478
656
-478
-756
141
-436
-315
-383
-257
-398
140
-425
-795
-420
-745
-214
-75
-969
-571
-620
893
616
833
937
-5
790
-653
-485
-560
-220
141
-961
500
-462
479
8
-39
821
395
20
199
111
892
662
189
615
84
-915
-145
180
850
-984
187
805
107
120
-212
-41
-468
727
-808
665
-118
366
-11
-205
383
-941
-234
-146
-483
-928
-767
289
243
-168
-390
200
-149
-799
964
-508
-885
-432
697
676
-151
-526
-48
-427
913
738
-371
-7
-176
389
493
125
919
966
-67
911
660
138
-3
-571
-144
-51
-307
93
-802
62
479
-226
-853
281
973
-467
-871
-832
562
977
833
-645
42
-724
319
364
-955
-925
-7
-131
-61
-118
674
-487
162
-367
97
966
-41
383
-109
-477
497
-61
301
113
88
664
-796
708
166
-435
13
-571
-314
-384
-605
-350
-741
-728
-172
-205
6
11
123
896
-10
-37
-802
-611
438
196
574
-648
-368
-396
-458
408
415
507
175
511
-371
344
209
-618
498
889
-501
-592
-208
-776
-836
884
-480
-808
222
864
563
931
-371
-860
-934
-909
613
-360
694
-61
97
40
146
958
-759
567
-75
-155
212
518
-639
-846
592
-273
-762
-245
749
182
137
663
527
-333
-275
-442
241
928
-25
-677
117
133
527
-204
-335
-921
-731
715
328
-57
-40
274
333
-690
336
697
873
-549
300
721
-718
-979
363
83
661
-505
-475
18
-37
512
-510
-105
-969
-969
-815
-535
996
601
605
-876
563
-495
200
345
390
-665
435
172
-15
997
-370
601
560
-188
-733
-639
-245
656
540
-941
-339
-456
-224
282
409
704
-193
-334
-657
339
-180
473
-999
-943
-170
583
-211
-867
-533
525
-462
-906
82
462
803
-277
447
-187
363
10
-370
-687
283
-191
850
-247
-848
-155
-383
528
884
211
-833
-714
-350
496
-727
322
378
-106
-383
467
410
457
-40
-474
442
-250
779
-417
-922
-748
-756
3
475
980
733
413
-986
534
678
154
906
-288
480
972
-239
380
782
603
691
168
-132
724
-343
23
477
487
-61
-682
493
-52
-966
613
-709
-508
487
466
-761
495
669
-964
117
-798
588
-975
-845
-882
604
322
-934
-161
3
-645
-844
948
767
-741
-570
-658
-943
-876
-498
-160
-870
-355
-184
-919
201
156
-987
-943
90
-502
230
794
244
-648
856
272
471
89
-20
490
177
-876
-191
544
-364
-941
989
-695
252
232
423
-475
210
-895
-361
291
-435
412
609
21
874
-919
484
-4
514
769
520
916
914
-114
651
-440
912
811
-520
-585
-320
-349
161
-105
537
880
-652
-142
-291
-226
-849
-706
-609
-87
390
-131
-646
-394
-69
891
-946
132
-923
665
-574
-888
473
-261
742
88
696
367
-59
128
879
74
357
299
-164
-664
534
75
-887
396
479
-209
737
-831
926
185
276
-909
-444
-233
450
688
947
-430
-66
46
594
-298
-583
-610
690
805
732
854
741
940
-106
-400
-56
631
-107
-212
424
50
-960
892
310
-970
-936
-487
-876
897
446
570
847
192
950
810
-372
583
-75
248
323
-453
-192
865
882
73
-171
711
-655
197
-339
352
897
-949
679
329
997
-741
-650
-8
-265
248
-528
-344
142
-733
301
21
-510
-367
170
18
314
149
-86
855
-968
-835
374
-246
-122
-195
758
-323
-162
-17
-220
751
873
-945
-117
-44
-575
310
-222
847
151
-177
-595
324
737
-720
-606
-391
-159
-389
-802
-530
573
665
215
581
268
824
151
-573
390
812
-473
-337
536
8
291
-285
-385
165
438
732
621
220
602
-376
302
444
-401
638
719
-498
-922
302
128
-932
474
948
-264
578
989
500
-360
-955
269
541
-17
352
-741
-402
829
850
197
691
874
-86
429
-231
31
248
626
372
270
193
-742
-542
-745
-642
978
-847
767
-354
-231
-944
-245
521
-366
-9
-863
-842
-20
755
-519
-572
939
-776
592
29
354
-310
-231
893
890
925
-936
882
581
-847
-878
-604
513
753
-723
-877
211
-824
-880
775
-782
84
530
-52
-323
-124
691
934
591
640
865
-177
64
-354
-135
69
-660
296
748
-564
471
-438
-745
768
-810
72
713
867
518
833
-356
205
661
997
275
-466
396
-838
-744
-310
-864
-826
556
292
103
909
16
143
440
-959
891
607
860
359
642
906
-982
-682
-456
-570
799
-371
639
306
-308
-645
-331
381
-547
-333
-438
-201
78
955
-803
-765
828
-202
894
-332
182
-358
-27
-849
580
209
-241
-461
-951
-344
445
356
-927
-775
-519
694
-677
-908
971
-703
-512
860
530
-809
499
-346
810
-267
-93
114
488
-514
-785
-372
403
-497
616
659
-394
-557
217
784
-188
-585
452
-861
-846
39
980
-84
698
-614
908
-653
-593
-616
206
-31
678
570
-114
-21
-903
396
734
-59
-566
494
-170
-50
-68
-410
-168
948
591
-549
-885
193
-549
-978
-400
-621
-291
976
197
76
753
-549
-97
-5
-622
321
814
-187
582
144
-801
505
-131
115
318
-420
699
698
-483
-203
399
-424
983
-695
-934
-202
-357
-51
212
-652
-107
-693
512
440
314
580
432
-990
-237
875
-109
281
-534
193
68
519
-349
-176
-901
-640
-493
374
-789
114
810
840
751
310
676
829
-539
308
-701
-420
485
689
-98
629
-540
-115
-5
962
-123
947
167
26
-920
-285
76
-49
-923
96
-420
-290
-277
404
147
657
885
-918
180
-735
202
396
-497
-480
903
-303
-936
748
20
823
-947
39
-208
-441
943
842
-9
-361
363
455
662
-253
-730
690
224
845
364
-123
-887
-339
-1000
266
59
-5
-744
45
194
344
626
-339
215
598
279
-678
-304
116
-45
925
194
-34
310
-522
-10
-667
-484
-327
-353
256
110
-945
39
436
-458
-558
109
-727
196
-188
-733
-913
-965
-616
-616
-776
942
-587
996
913
569
249
206
254
621
722
744
370
272
30
-407
594
-361
-837
-854
-420
64
841
603
-631
834
-250
570
181
932
-733
-244
485
110
642
-452
-855
919
415
-279
-328
-582
207
772
-192
165
-188
-620
-284
-499
282
-772
-477
-755
623
370
41
338
875
-420
705
-688
-343
-274
458
-437
41
-125
400
57
-726
-54
460
65
-935
505
346
-309
124
59
-91
924
769
720
590
-180
-410
533
-744
328
389
-900
938
80
90
-286
-339
-574
-493
-444
-139
484
862
784
-324
-11
786
403
-449
-506
-93
-945
-179
-997
346
176
-720
325
108
-937
-141
270
937
-192
-746
696
566
-507
856
302
-495
352
686
262
-379
-344
353
329
354
583
808
-326
332
-487
325
-427
-15
-992
-416
142
-621
165
415
466
735
-266
-764
712
601
471
930
183
-889
-929
284
854
-481
27
-461
-289
-619
-761
335
457
-883
-701
909
-672
-498
74
513
-344
728
864
94
79
384
906
365
-611
823
267
581
-90
346
-353
778
881
926
-362
-313
-950
273
734
334
-276
751
231
-256
-112
914
-357
14
152
635
-415
482
-151
-939
-190
-972
25
984
-906
686
244
863
732
778
-316
697
12
-651
-236
105
614
-983
889
842
474
-928
241
-958
651
441
838
991
-968
-218
801
-434
-779
-926
294
463
-137
-386
-624
513
-131
-114
-930
183
89
916
-484
490
-549
202
-727
577
-611
55
-812
736
-530
-313
-994
-702
786
-176
576
682
525
972
782
-917
931
241
335
-59
902
-154
-751
54
80
-291
59
609
318
612
299
-804
-476
954
-240
-905
-506
-779
373
291
-452
239
754
-269
893
-528
-275
511
-305
686
-827
-523
-812
925
575
594
-763
357
-291
-482
-589
-898
472
111
960
198
-603
826
318
-208
832
-10
-648
222
-874
938
996
47
-256
757
-270
-273
-881
-337
460
826
-985
-10
-786
-710
628
880
-866
-621
-646
-185
-118
511
-293
-729
-102
579
456
-345
48
542
-846
-237
892
-249
-757
995
-982
632
-169
-473
959
-713
-548
420
232
97
471
-479
318
-172
-764
-343
960
-272
129
-648
-593
-308
922
-814
970
-323
216
-423
310
437
-771
-645
-430
-626
585
-646
-816
-80
310
-452
-414
-755
-661
-940
-824
99
356
-516
-402
-529
492
595
614
-720
-848
383
-316
-22
859
272
-821
-373
173
278
375
-81
457
-569
-670
-731
-101
973
-296
960
352
670
-544
626
-644
966
-746
74
-912
112
-13
-1
-399
489
560
-600
-421
-116
-54
-481
-63
-379
-856
309
-309
336
732
-349
120
523
594
172
519
-570
-83
-751
805
683
28
-646
792
-280
-351
473
-605
190
-691
-338
-31
265
361
591
905
813
-482
-125
122
-487
-774
-236
775
182
197
-437
20
-466
-649
650
-374
358
713
1
-806
-768
-559
11
-889
344
699
482
719
-669
14
-723
200
398
100
927
-381
332
-901
-431
-222
-268
-883
-2
610
-785
671
619
743
236
280
-774
-379
98
-261
392
-16
750
263
422
309
-336
726
-81
390
-452
995
-244
554
366
-653
364
-416
557
587
-770
-328
-39
72
-707
-372
-482
-18
-936
-530
-162
-253
113
-361
-885
-730
-659
-594
259
-178
-921
-976
423
148
-371
227
354
219
-222
543
-860
-890
862
-963
82
-837
678
604
113
998
-964
134
764
-458
903
-130
-456
-727
835
676
340
246
147
128
598
-891
456
-582
539
-14
513
137
202
468
-479
97
320
-856
-451
158
-230
892
-532
-201
107
983
141
-50
-120
468
-720
-833
-194
-267
778
-26
-630
-872
442
-114
102
470
336
823
-343
155
853
842
-469
-30
724
312
869
253
117
-628
200
-605
380
602
-790
287
674
-940
-427
611
422
25
-463
-75
-17
963
25
824
-98
612
-206
814
-436
-345
238
-818
-462
-300
-120
905
531
-17
-796
-801
-141
-436
397
55
-576
236
-719
-635
394
475
739
245
-701
497
-1000
222
-994
686
-851
-38
-52
234
971
972
988
-275
84
-200
934
600
145
412
656
-195
7
70
-670
956
-746
664
531
-322
-417
-802
850
-141
-693
-401
36
-927
985
-792
-892
-101
-863
-602
814
609
-713
837
-727
497
-285
486
-334
-605
7
-719
-923
945
22
-353
-333
-400
-685
961
-208
-14
721
981
964
879
742
-615
647
-177
-695
67
455
778
775
138
609
-480
991
-474
46
424
-811
246
15
926
-121
787
100
-463
-50
-181
-192
617
977
433
735
284
-816
58
212
-481
-353
900
126
824
-286
-903
558
284
84
683
203
891
640
-58
-950
-984
-380
-723
-892
605
749
755
912
-134
705
720
-802
-362
767
-937
500
47
-996
-807
-301
-799
193
-66
-842
954
89
-113
-334
-925
-829
894
-511
246
755
707
-790
930
732
900
668
-411
-669
372
-473
-163
-131
-556
-150
-687
558
263
-340
-908
-837
580
-911
-133
-552
788
-127
-274
-950
-282
178
-268
24
654
288
-847
-259
824
-496
550
-562
370
668
927
116
-930
535
905
81
689
-392
993
340
459
876
168
-573
-869
-882
672
-309
790
-127
499
-752
-939
-47
-15
-685
913
-982
-384
-662
-401
239
-30
537
-720
-145
330
-708
202
763
453
-495
627
240
334
-114
894
907
392
751
-888
27
-569
390
-44
-51
80
439
-740
962
-973
456
-969
197
-510
-668
118
501
-224
-604
691
-400
-195
-55
276
-304
877
88
864
-327
-381
287
116
-458
-679
-14
-214
-898
775
-537
-506
-13
485
-236
534
999
-745
-144
-210
103
158
-175
-432
-423
-327
117
282
-649
66
669
366
-279
-859
-254
-484
-720
-226
-148
-763
727
639
153
247
135
861
-523
656
309
802
-768
-293
734
964
-898
-198
114
-487
359
27
-529
-28
-461
-556
614
742
-44
339
824
985
-489
-811
997
537
737
-506
668
-508
-1
-859
-949
-548
-519
702
-488
-880
-566
-216
653
-447
-318
-74
-134
-666
-339
943
919
-782
-441
-490
-796
855
606
-660
550
101
-398
-126
443
-856
-508
-716
-429
481
3
-585
322
-750
442
-915
788
463
431
-52
-51
191
-31
-671
-95
156
-791
-581
-433
-411
-536
546
39
-287
-398
-345
32
550
257
-906
-298
533
-763
-152
787
-67
-460
664
-407
268
-634
-98
873
-17
-114
682
-909
-821
-321
967
-485
935
-544
561
195
-666
402
79
-870
-738
191
656
-953
-775
-635
-800
-124
-817
-118
-409
419
879
-540
-572
-159
626
915
349
-669
724
693
-904
-1
-459
56
311
983
110
-312
-700
483
-162
-66
-938
-213
-439
28
671
-347
-502
-918
401
520
-221
119
760
-116
765
-760
-337
516
-569
795
477
594
71
292
-503
960
226
-6
-218
-416
125
371
979
-117
709
-8
-334
-736
-735
134
-117
509
-27
30
-321
820
602
-539
-254
45
149
-294
580
-778
40
-357
251
-205
-841
848
554
226
-188
940
725
785
-940
956
-754
195
146
551
-732
162
-645
-20
705
401
26
852
-149
-428
867
-372
-131
145
-944
117
333
-931
-708
641
-333
-290
896
151
13
-876
597
-84
-233
-452
-191
827
577
740
759
-23
-718
302
897
-476
378
-573
229
-428
-98
504
-532
361
854
924
-373
986
3
747
246
-482
-126
962
-33
-761
-77
-769
740
-614
-660
279
787
-105
-205
-252
-902
858
712
-389
-251
142
11
943
935
-551
480
182
717
-587
969
563
-407
-322
-32
-140
139
-842
915
278
80
110
-388
939
683
-739
-298
-229
880
-118
902
100
-541
426
-880
-88
-423
326
927
-28
512
-752
23
990
-755
93
181
-554
-948
396
-202
-800
996
-223
235
313
420
-24
-468
-339
261
-638
-880
-740
313
-170
-768
768
949
944
348
808
237
224
895
309
-818
890
-782
-322
473
-640
-297
605
-715
588
-242
512
-172
364
-390
610
-699
-839
843
-928
-690
88
904
214
873
175
648
447
612
276
-125
431
563
-25
-843
-244
209
-89
-44
-32
-42
915
-370
125
-408
-689
-366
684
776
756
-754
335
242
-886
-968
-480
632
-590
-536
-817
93
-792
-272
683
726
535
-176
563
-934
266
858
108
877
-96
725
271
37
-465
646
245
-616
-300
5
-622
-933
-851
550
343
837
454
-682
-618
-55
667
894
-646
-86
-402
408
-450
-187
-755
-247
960
-808
-828
290
567
723
-467
-408
602
621
-305
-793
-431
657
-618
710
189
320
316
865
526
276
-270
989
916
-627
951
-138
-868
-955
-312
-612
132
-268
283
-598
44
524
-989
-565
870
849
-638
16
-213
766
-877
936
-664
-517
744
87
-978
739
239
573
565
380
909
-847
-108
-63
763
-259
-817
999
586
-915
363
-596
545
485
891
429
221
734
241
-865
248
975
-915
-614
257
-46
574
800
955
-813
764
-570
468
-442
-515
357
-933
-773
-352
16
-330
557
600
-53
-327
71
272
-439
-926
-556
-187
286
583
651
780
-357
45
-790
50
905
-6
264
-434
-651
-938
692
445
-207
-891
693
-309
342
573
946
-804
-425
-324
310
-50
-42
-725
371
-329
40
401
582
-148
522
-145
689
301
-396
721
-361
-908
36
-268
-555
-106
-484
700
-805
748
-519
913
-77
-204
505
-42
-173
621
-749
997
79
-98
438
-717
-567
228
787
728
-585
406
-882
-681
687
832
305
464
602
819
-476
534
220
516
-963
307
249
869
761
999
-383
308
-222
385
295
21
489
97
-244
-148
-36
368
-303
538
-897
237
338
17
909
651
495
-44
-816
324
536
187
-185
-815
-428
157
-292
-959
713
-524
-383
-285
44
-824
311
-378
-637
-522
-174
-572
998
363
82
-295
-665
21
-582
323
-253
960
-129
857
987
246
-69
-799
-711
733
-508
417
427
805
92
-226
-86
249
25
-532
520
-13
-592
-448
171
96
308
-500
-524
771
188
-900
-165
-725
262
801
119
-615
-242
906
-723
-767
-109
392
22
26
374
-273
617
320
228
928
-687
989
-895
870
-4
-915
618
267
-85
441
997
-789
-593
-163
-660
-914
-61
-662
-329
-845
-477
96
-730
677
-996
-555
160
-659
-86
-236
297
-172
-780
-106
-998
-809
694
-35
380
841
-159
-123
669
-980
-596
969
-504
782
-367
89
-353
167
-568
-166
-117
145
94
509
-244
171
360
-76
-138
956
-999
-155
873
522
-370
979
91
-246
-775
-305
348
340
173
585
-376
716
725
831
-748
549
99
-254
757
724
283
-264
-907
-778
332
-114
-185
-405
-438
454
-165
157
-762
431
-422
-155
-457
-171
676
-844
213
-386
232
-67
387
884
-630
-989
233
-995
-487
501
-597
-22
646
857
-839
338
-12
-144
411
-152
-531
794
880
-687
202
722
842
-565
-647
999
307
12
-119
-695
-932
330
-920
-166
973
616
-627
-739
-480
765
-293
685
552
457
-12
314
-255
-703
326
-899
-846
878
983
780
969
787
-648
-71
34
814
318
602
134
525
-312
-636
185
463
741
668
-496
193
-184
-705
-433
874
557
-152
255
-638
205
-25
367
126
32
-905
983
-110
-401
-877
491
-659
757
-194
475
787
-832
161
-577
504
675
-795
-101
-390
-339
-592
-704
893
-80
109
-311
14
202
-382
-70
-691
143
599
-130
-51
859
572
-421
52
465
-703
983
-862
-67
988
-102
-293
-153
828
-994
-98
137
-78
-95
414
-697
423
764
604
448
876
631
-784
-140
279
610
-594
453
788
191
629
453
404
-357
-207
524
484
665
216
801
57
672
-550
-598
589
943
771
-133
-965
757
302
357
570
-841
945
-545
-141
843
-408
-931
-133
-408
530
946
566
812
884
205
23
-602
-673
-750
724
225
908
289
335
923
928
600
8
-381
-982
193
-78
559
295
-271
663
-667
-805
95
-843
-328
387
-865
-740
548
-313
-21
248
210
358
-861
75
581
876
390
174
41
-397
836
-150
150
-987
-94
-703
-98
-829
-210
-755
-641
768
681
-708
488
821
-406
-978
-149
493
-804
-882
287
-461
-38
-719
167
267
-188
141
950
856
-574
946
-645
-819
483
-311
550
248
-296
135
-746
-304
-703
899
991
440
47
140
-399
505
-83
-633
-706
-748
145
25
555
316
-883
931
-506
244
156
356
-820
-505
-5
-525
-421
316
687
56
414
-360
659
-539
-64
129
144
-238
-52
469
947
813
-68
411
273
-168
946
47
513
435
344
-387
572
198
-340
629
480
950
848
508
-323
486
721
-719
-4
956
383
726
-259
751
-950
-78
914
-682
-45
-498
739
921
-315
-732
115
840
765
-194
274
637
-123
788
-252
917
-180
531
-587
-275
302
-20
-686
19
-372
-93
441
-93
-574
-837
-355
514
-421
-836
189
-239
671
982
-286
-202
733
607
924
-79
-557
-591
234
-593
-335
-545
859
706
-747
902
743
-251
-835
514
-74
-487
681
442
297
369
-827
829
-300
-592
-910
401
-277
-94
-758
-255
163
-769
958
-506
-772
-131
650
423
584
566
759
442
265
322
-807
-957
445
479
880
530
-800
823
549
860
976
838
-888
923
-276
-618
-603
298
-431
-893
-820
697
-856
-217
-422
-349
732
-403
543
-846
841
-625
496
-392
-573
-28
-227
864
-974
-524
471
-961
227
-941
-970
227
497
-762
438
147
-654
-765
135
-839
-87
-542
44
832
-454
982
6
-938
-432
626
149
739
-841
98
26
-398
625
74
998
470
-355
-241
990
-391
-820
74
673
-805
-54
-452
-6
-454
-342
981
544
899
233
-458
611
-637
456
-192
732
-886
148
-447
-887
-90
-550
442
-231
260
262
890
677
-558
118
-641
380
-395
958
-127
327
-571
369
-175
-927
-787
-283
655
-547
984
-500
215
-935
-12
-335
-645
208
-133
-656
555
266
-211
837
540
292
-270
-681
259
173
492
493
480
336
-18
-814
752
999
625
-759
603
686
-961
371
-431
-209
-959
474
-870
473
-374
-490
354
750
-908
729
295
53
638
369
669
519
395
808
84
-939
671
633
317
-96
943
-277
-266
-616
103
-205
-383
-966
135
-836
748
-648
314
61
-656
483
608
835
-104
-681
-673
230
648
676
275
-625
924
-3
340
-84
733
-289
753
-894
452
-913
340
65
-277
-424
139
-998
22
212
-781
-897
-554
-770
-592
168
563
388
-442
-937
425
208
-927
680
755
-549
123
422
597
-596
822
-755
823
-661
26
276
670
-856
-929
-505
-302
-663
-818
448
962
-478
352
397
100
-89
-63
-989
785
527
-802
-980
184
-873
-628
-352
-385
456
697
-863
-856
-738
-893
482
980
238
180
-324
388
-222
182
385
-449
-988
73
52
-959
-338
467
-148
-136
779
599
-399
-32
85
877
262
-697
995
505
432
-303
-137
-759
645
-40
-478
-601
311
-706
892
-519
147
-842
386
571
-210
-658
961
634
303
-855
504
149
389
562
-376
-719
267
-7
-780
-200
-978
-598
487
885
657
127
-347
51
-894
-149
-706
-959
-711
-976
653
937
699
192
13
-773
372
-47
-918
265
-339
-841
-241
405
869
-406
-752
-139
-810
-2
985
584
-839
901
-90
-570
-262
-831
976
225
-241
-640
397
993
422
-951
-479
-978
-515
-796
388
-833
-758
-639
176
91
-691
-546
-852
-545
787
-198
-522
124
407
485
-191
497
-750
721
684
-782
928
-790
643
-224
94
268
850
987
797
722
803
224
352
-274
-405
-416
-160
409
-106
263
-104
-133
-592
591
705
-43
-908
-70
-379
753
-865
-786
803
-610
-979
682
764
-184
45
-680
-637
-920
795
63
708
-332
53
404
-812
-342
403
-473
-501
119
353
426
-466
-676
-698
490
-714
21
-848
-858
-945
-531
-911
109
811
507
562
55
-534
429
-818
502
847
-748
385
-847
-569
779
-58
-437
934
338
917
-275
-37
578
379
650
622
365
208
-642
173
-611
-184
-126
-524
561
318
850
200
-158
710
649
-870
929
486
839
-314
171
753
621
643
688
468
186
170
-696
279
-942
42
-774
-344
-927
-540
898
277
136
629
-979
970
546
-48
-538
-475
645
443
-822
-154
-962
-7
-216
287
-379
339
274
121
-840
-932
-551
-554
391
539
68
-356
-37
-530
-573
352
23
-659
970
-197
734
888
-929
-782
-214
-85
-104
-38
58
811
-258
-375
-349
380
-724
-960
-860
882
-20
699
274
665
8
-506
-842
-933
-731
724
-399
-475
657
-963
-333
19
-372
715
-199
-63
179
945
579
-370
-723
-917
866
250
127
907
607
66
-96
-468
-607
607
-786
-199
957
-338
-666
-433
-654
-135
-352
-264
-728
-991
-267
477
-920
597
-415
-613
-492
-111
189
-951
530
519
83
-828
-640
164
664
138
-998
229
516
172
-537
660
-739
630
470
438
161
984
677
559
384
-530
-335
901
-440
-761
-674
-22
994
33
-654
-841
-937
-993
388
-645
-802
719
744
425
-476
522
173
476
-144
127
850
-189
378
-793
-331
-184
664
155
433
-678
368
358
108
288
290
128
-696
944
-318
-561
-230
-316
-209
-808
-987
-769
920
157
606
-256
-344
404
179
188
-524
738
508
763
-127
683
166
784
793
232
548
-148
25
-305
519
-162
-258
-535
300
914
-599
468
-90
-264
234
-107
-990
-450
376
787
549
-473
-5
-773
750
-282
1000
-116
795
289
-104
724
-533
261
854
-493
-237
176
-952
925
-609
51
347
821
106
291
791
-370
893
-584
601
-897
32
-996
-643
916
22
-574
360
159
491
-49
349
-79
-783
426
-995
307
453
-112
149
65
-850
89
536
719
188
100
-170
390
-854
-268
449
438
706
922
-612
40
-104
935
25
-20
962
-631
962
-437
656
-984
-149
950
810
785
879
-16
-235
-23
-308
-709
-465
-806
-115
-584
310
-969
-660
656
-933
148
-546
-205
949
159
625
979
-167
716
203
-339
181
-386
-542
438
405
-119
40
-469
-712
494
656
-230
-412
222
-90
-85
-449
187
-933
675
653
-527
-736
549
-851
456
-99
477
459
-758
356
964
703
-876
-206
-24
-860
612
-867
734
-899
-459
794
-262
997
-977
-52
754
296
-456
-535
362
1000
601
-92
354
562
820
-677
-266
134
-512
273
-58
-737
163
812
348
-829
538
290
673
-680
901
-373
-485
-565
-834
-127
624
150
-107
537
303
-613
87
-961
-99
-664
8
-988
369
791
-463
76
541
336
-800
583
-801
816
108
-590
813
-67
-75
264
-394
487
227
-84
383
-290
-912
-541
-314
-250
-572
423
-439
948
-428
729
351
-727
944
-468
523
-111
92
459
-276
581
-294
-423
900
-58
-840
741
-12
-158
-628
685
613
-318
-453
1000
347
-387
897
-579
-881
150
814
-965
331
899
-758
895
-561
289
775
865
483
209
-474
-491
-43
785
981
227
81
-157
623
-379
772
402
-342
57
-86
495
-807
170
385
-889
-572
230
657
914
-250
523
376
327
-851
641
-406
235
915
567
-773
201
400
469
-561
433
751
-41
334
-416
450
546
-834
-369
-122
991
10
260
263
-911
872
695
-755
-370
-849
-93
-489
575
416
-972
-29
-142
222
-502
929
-107
-309
461
-266
-738
-854
-654
-935
414
192
622
-389
-674
867
399
73
605
618
-579
-647
91
-490
137
296
658
724
-828
999
948
58
702
467
-827
-316
628
645
190
-805
783
-164
685
-885
930
240
977
649
-535
-184
385
450
368
-445
897
-512
-946
232
477
-566
-868
515
-917
707
-618
-952
-711
-313
-777
-610
623
-685
-128
48
-814
122
-280
-710
-939
172
396
-46
-762
227
365
-309
202
451
131
-82
-779
-33
-632
-397
203
-794
375
-309
-794
-17
-942
316
-894
329
735
670
-809
511
107
258
-473
954
-903
-889
653
-594
884
-124
699
187
-93
-208
459
-202
271
836
-736
-809
-990
220
289
-824
-163
-432
784
390
-766
-591
431
-132
786
-476
-520
-490
-749
-380
-71
244
411
-836
74
694
-712
745
-915
109
829
-366
-274
-16
-942
471
-200
201
-108
-134
-635
-470
371
-567
-886
-56
451
76
-83
-803
949
242
-191
8
269
890
317
-98
-939
-213
-931
-903
178
-293
334
-935
-861
646
600
-233
-401
21
579
894
595
-668
-955
528
384
9
-518
211
447
-726
863
414
141
-322
183
396
-818
386
764
-63
-836
993
-84
-78
-520
207
-403
-442
-945
-670
350
778
-538
-366
521
266
-657
399
-713
215
-404
-522
-6
692
-444
-367
-475
-447
350
780
-341
-20
463
522
-732
107
-53
-207
-652
-103
807
-879
-176
-226
-43
339
698
-97
-380
605
-304
-491
-352
410
-197
-615
195
-501
200
-933
-549
877
-658
-651
467
774
535
388
487
-261
485
31
757
855
-106
982
464
-571
557
-409
841
-111
221
928
716
-42
-798
880
325
-952
619
552
-795
-434
-985
-225
-532
-67
-315
-500
-300
-301
996
796
-891
800
516
550
882
66
189
-14
674
-376
109
447
481
917
-641
-371
284
271
740
-343
-801
705
-304
-446
242
566
-117
-240
731
357
405
-932
-394
-712
833
763
378
468
-704
-361
-671
195
977
781
-895
831
-112
236
509
-129
421
213
-298
-562
875
799
-779
-102
225
976
668
-977
90
208
43
-487
-206
-942
144
-382
72
-273
345
-295
111
-228
-904
601
-797
229
949
-665
-504
980
123
920
68
-851
478
-854
-603
-637
772
-523
-193
380
-224
313
-813
-712
878
987
-524
263
-420
-359
25
-843
-679
325
-147
-706
-803
-832
386
-702
-932
-394
818
478
125
718
-125
108
836
-797
-903
-311
280
-68
30
-157
562
287
-648
-283
241
346
-990
-381
193
759
995
721
719
450
842
72
880
321
-846
869
-724
-9
960
461
211
227
-946
708
-840
782
-992
699
743
-699
-716
980
-25
-49
842
-864
-469
-329
-50
923
-854
455
412
986
647
95
-563
865
585
-838
-209
-96
-745
-378
83
-657
-843
806
-532
-742
-167
-402
616
43
-522
219
-369
848
15
-818
-568
527
371
-876
-126
-983
209
112
91
485
617
850
870
356
-132
-892
-257
-217
-396
741
-183
-601
886
82
-124
-434
-161
58
588
793
-326
189
783
-137
889
965
429
415
641
-715
-192
29
53
981
140
5
-130
-364
650
28
242
42
-111
-761
-830
-930
283
140
799
520
-446
169
-19
-73
-317
-530
-702
328
-922
-491
-492
-865
849
944
339
357
-42
119
-492
-184
424
169
702
-3
919
-476
470
65
-938
-474
783
896
263
-419
180
705
677
-112
745
-713
-112
-89
-183
344
169
-153
-396
951
853
-863
-332
931
727
-225
-205
497
-131
-886
311
389
112
-851
961
493
984
-445
-79
-223
-754
457
-262
36
-43
614
454
126
171
-644
-666
-617
31
925
-503
-573
-815
18
82
-214
-68
-37
-367
923
473
494
898
-848
441
849
547
955
74
806
206
732
243
801
84
-899
735
802
-644
459
406
-261
-35
971
-29
954
-355
381
434
-429
925
502
-930
651
657
979
-937
-615
-588
-299
968
-348
-598
-605
-132
-632
-967
37
334
676
383
-428
969
-499
-672
-177
-313
213
-651
-214
-272
296
-366
525
509
469
660
944
-448
325
721
-600
-468
677
655
-584
-885
-578
756
-254
-847
747
-705
-453
182
-646
-607
45
-310
735
305
626
-38
-553
747
778
-828
251
567
-663
229
-100
169
-267
-556
-804
-786
239
-729
-120
240
778
-830
-179
-647
789
956
-682
258
515
-742
-456
78
-33
-843
-154
-339
346
-645
-116
595
560
981
16
169
264
170
148
295
29
-396
-689
714
-269
493
-170
552
882
295
-706
-987
-297
-683
-678
368
-379
-73
969
273
-802
-39
344
84
-397
462
-51
-719
501
964
233
587
853
471
54
-524
-754
-865
-57
868
-760
-704
-119
903
-595
599
-470
-242
999
78
-945
-191
-853
-325
966
-45
996
-539
842
-311
-51
-493
535
446
793
98
340
-903
-447
-427
948
288
44
-109
-998
686
703
-596
512
-695
54
850
429
-305
-448
-808
463
-536
-199
-558
-920
10
346
-380
282
-659
-385
-745
98
25
419
-265
-309
-254
469
-254
-756
90
837
167
527
-455
221
963
147
-304
973
438
841
-554
-929
278
349
-460
-186
-48
-103
-764
110
-849
-319
-696
220
-681
-690
-777
891
552
421
385
-364
945
-368
179
-832
-479
-826
-211
796
584
-244
77
203
-117
977
254
-839
888
-947
855
35
-111
392
765
-791
832
463
-73
-726
273
436
781
-540
-991
718
14
-608
29
-808
-199
858
-339
305
199
692
-783
-109
-431
-158
626
39
-858
558
507
-694
298
111
403
575
-357
-757
-590
-280
-350
151
-449
-328
-80
-412
687
-997
423
263
-248
-496
-549
459
567
-911
766
-53
726
574
-63
-901
227
820
592
201
-792
-841
47
146
570
962
-811
380
-798
-281
352
47
-563
794
-426
-268
786
-889
-727
435
832
-991
-171
-381
-374
906
585
-339
-777
-960
-560
-803
300
972
-327
926
751
612
987
365
-166
451
-775
252
-242
-517
572
-643
-553
650
201
-970
-547
75
148
-398
194
-732
-119
218
-449
-347
240
350
-509
425
656
289
662
-55
35
727
778
-505
672
-399
254
443
-160
287
-202
-879
657
33
213
145
880
99
277
-115
-457
456
-824
-623
92
-571
-256
-772
-112
-922
-283
-97
872
156
-711
485
268
-99
-138
722
-384
-881
-549
-503
127
14
-89
-653
-575
-261
41
330
381
278
-902
-876
-959
476
518
-852
748
890
548
89
-451
-883
-791
29
335
-751
-117
-917
999
925
290
-770
-654
-819
814
-266
339
578
823
-342
660
979
503
40
-997
550
-998
-970
498
77
-798
-313
804
598
-389
391
-181
-994
-941
-748
-23
388
492
933
-923
902
635
-234
307
551
156
33
151
323
687
-606
-339
-954
888
897
-394
350
37
-413
349
195
-715
-840
843
312
264
582
-998
-886
-395
-763
-195
-320
-605
-301
-732
-839
-293
110
-190
-631
-692
-182
627
-631
-499
-816
-874
-803
146
-687
-652
-981
701
171
-314
906
-794
118
-852
-44
778
-829
590
373
832
121
-493
553
492
92
-507
753
-536
-378
682
359
556
-443
805
175
-675
-133
584
151
-903
-634
-595
693
-546
-308
-366
-467
-67
930
787
-694
756
-37
-497
719
554
877
690
-98
787
322
-659
145
445
947
-156
-738
847
165
239
-776
-752
651
665
-751
533
-443
474
-27
-882
-525
-6
-970
-353
103
-316
-598
-66
-161
730
-368
934
-273
494
261
-613
-214
-945
-203
458
-195
156
62
176
803
681
-175
719
-968
-375
688
789
446
235
400
595
-597
964
488
-169
838
571
331
-551
721
-281
-346
77
-584
-891
840
193
141
-776
-251
-904
-484
-324
-847
-589
157
-500
627
-989
-401
896
76
525
-171
-418
-503
-508
-513
359
924
-846
810
-949
-75
786
-620
-763
-300
-11
-645
-854
661
802
-206
-565
802
-676
-962
947
958
-865
-440
-867
694
824
204
-880
473
66
-219
541
692
-162
-251
-44
-810
852
66
541
-643
5
-432
411
227
983
160
407
283
189
929
917
368
-940
607
-962
-2
-463
553
-372
326
-591
647
-298
-294
-924
705
-115
871
-661
844
-759
72
624
-790
864
188
-473
-250
-537
-54
281
333
582
-325
687
-913
367
-550
-565
-8
724
12
-736
229
-19
-110
726
-589
534
-994
-614
-987
-554
990
519
7
-427
456
796
772
517
565
-469
-122
45
242
579
-64
590
680
578
-285
-22
354
-774
-442
-371
695
756
-370
-45
432
997
623
-309
530
586
200
366
-158
225
-309
795
-193
293
588
398
865
-351
-268
-532
-400
68
-713
-675
-743
-386
551
-100
-756
180
-862
-956
233
-786
-54
-530
-177
345
868
316
653
-783
-551
105
-955
84
972
642
962
728
-72
728
-650
643
123
-237
-794
-835
844
506
766
378
-441
-439
-897
107
-832
723
-167
3
328
-897
159
697
269
-12
560
-360
-664
63
614
-19
-307
760
208
-420
627
775
-706
314
-80
-1
-917
-575
-181
675
2
134
-412
249
738
885
-150
-26
496
403
62
-379
322
493
-113
769
-789
-708
188
663
908
811
801
-410
-266
262
711
302
-736
-990
-446
-512
767
418
-231
-543
32
-428
398
666
-408
404
-1
-288
-37
355
-761
395
940
599
-685
466
-325
-954
-537
412
-587
-862
78
-225
647
-774
712
-134
597
118
-520
-43
-584
778
89
-709
-615
-603
-387
-874
-636
-480
-92
-239
-375
-146
-815
314
-1
-521
44
-582
876
6
-331
917
521
-919
243
326
702
-696
-701
-860
-270
285
-866
-850
-860
510
83
-337
313
-582
74
-145
56
-391
-67
-643
-239
220
856
275
146
664
-251
75
-402
581
-990
-243
-563
-173
-715
-218
-542
-837
-203
-413
726
118
-576
808
-114
478
-827
-824
936
333
317
-613
-973
-868
488
-406
-882
331
-952
-203
-772
488
348
-38
-501
811
36
709
-921
920
-840
-738
615
559
363
91
-57
271
-447
-258
-125
644
428
715
875
-266
429
199
523
769
11
-277
-607
-125
153
-596
739
-13
-870
-186
-228
-76
-49
-462
676
85
699
856
267
33
-17
-99
-461
48
106
-947
-394
-163
-702
-196
-695
88
47
-594
647
253
-146
939
28
-302
708
-908
-16
820
-484
956
-421
468
691
-751
-356
604
812
-961
-315
-748
827
291
-639
335
897
448
-798
-939
-527
-45
680
-14
678
-818
150
92
-15
-962
682
700
-714
483
-269
243
530
476
122
988
205
-109
747
-372
141
766
817
133
-620
-154
-158
-205
138
-88
-455
-764
671
458
123
-830
541
126
-360
33
770
170
631
-18
-994
413
-525
-469
389
-559
-329
982
952
-150
-409
53
762
-648
-282
-819
141
-262
-863
972
-371
830
-790
786
-890
166
27
705
-458
970
-83
-898
285
-993
-219
-638
-565
-157
955
974
-2
466
188
-48
-811
-74
-766
721
-511
639
541
-745
-716
728
26
-187
-152
667
-970
-302
-954
-321
508
375
-580
-142
-479
326
12
-995
323
-439
410
475
-348
-735
-144
744
-196
-932
-610
806
-617
-255
-922
-291
-353
-181
988
853
-128
820
-181
-297
925
728
916
170
130
-949
112
-878
103
-367
763
803
-720
-91
-634
592
-761
-957
-933
-877
-459
699
77
-157
144
418
250
-319
609
596
-878
-598
2
552
-409
172
921
109
-273
745
677
-122
-591
425
-92
-5
254
-515
847
403
98
-360
-1
398
-965
374
-578
66
-55
-776
37
443
905
-306
304
-166
665
593
326
-721
-130
796
-772
534
-226
12
113
-740
-491
-133
-227
683
-943
51
-568
535
-802
817
839
408
346
447
-367
-912
570
576
-184
687
590
-789
439
-206
-271
745
-877
-474
591
483
490
-977
0
-270
-117
774
788
176
-695
-533
800
538
342
339
755
-835
97
342
-715
513
-421
-638
-557
-277
-301
934
51
-354
-516
-662
444
654
-600
-166
-107
968
861
443
-940
908
-905
-247
85
-577
-682
-444
-128
-931
453
673
-892
-311
-940
941
106
-645
-822
-601
184
113
996
944
109
-217
866
-917
-733
-239
-694
45
-157
814
585
266
715
-762
-846
826
720
-84
23
-846
-432
-401
409
598
481
-804
792
-589
-925
-967
386
-40
-907
-161
-551
582
190
613
745
-901
312
543
-453
146
-517
921
-261
-875
146
-371
-508
240
-684
-471
-472
-182
-597
169
-385
-357
-136
-174
852
583
684
331
608
-681
-629
-729
309
984
-385
-302
-628
-442
383
920
544
991
322
828
430
-244
146
851
-179
-185
231
-452
-141
-688
898
174
-987
567
948
202
-392
-6
993
-939
-760
864
-566
325
-547
-159
642
619
429
-126
329
150
-705
-658
-450
-727
825
-169
662
-338
126
-141
-628
790
130
282
606
121
-403
-475
-175
-214
807
307
605
-376
120
770
716
-846
962
432
181
221
699
-869
786
-825
827
428
-830
946
846
27
-594
-750
867
511
200
744
223
695
37
-752
157
302
-725
-978
-250
875
-118
798
459
760
190
393
-551
732
-47
466
737
-449
-37
-93
-214
667
-7
-153
768
-603
522
-630
409
516
-514
-131
198
-309
17
-434
273
-717
889
-327
-377
-990
863
-560
802
-255
450
-951
-891
438
992
-262
221
3
64
198
460
-701
895
197
29
648
670
-875
614
417
202
-726
903
378
-751
799
726
-900
-978
-468
-693
-413
27
891
183
479
629
-176
-985
809
557
-459
-166
-769
-252
110
84
984
990
-542
819
43
-119
816
-79
-340
-948
195
-35
-461
932
-526
-174
-565
724
352
-586
-83
-653
-641
-166
-311
415
62
40
-803
-480
810
-781
-267
590
319
-94
282
68
443
-134
-354
167
66
192
393
-180
788
453
-192
493
423
-755
245
-211
505
291
474
-83
689
856
753
152
437
-850
909
457
957
-830
-335
971
-801
-50
128
-884
782
-912
-417
222
-570
574
-193
-381
685
-399
-174
325
-16
-294
-567
432
105
637
930
146
-275
207
151
559
-451
488
-644
-93
540
-961
-448
-760
514
-964
-352
-376
-818
-472
-121
624
-655
573
421
167
506
-507
132
-699
-794
496
-642
-648
421
870
-669
-409
688
66
398
770
-924
874
-721
-928
-117
-109
273
545
844
-793
893
-80
65
30
980
-124
735
-432
-322
461
-825
960
-874
-77
134
-629
-585
-101
567
279
-639
-332
-655
-922
-582
696
-409
291
998
-68
961
-224
-549
906
822
465
271
-160
590
-16
140
-952
-549
973
286
-371
964
330
426
-79
-18
228
662
-901
525
131
996
-838
-332
134
-114
172
-889
222
-134
455
-77
114
-221
10
-240
-848
482
-857
416
-109
-755
-638
696
38
686
-425
-348
151
669
-490
335
-583
305
490
-491
963
945
219
76
646
585
-765
-200
-817
-511
-975
709
920
-457
-271
519
-267
-349
561
819
-1
619
307
-883
476
-177
863
61
486
189
227
61
9
-554
539
103
-453
85
881
-817
290
-590
416
-139
-738
-678
-562
907
-721
183
-951
-981
-870
858
0
-960
141
-730
793
586
-171
438
-845
198
-584
-245
-643
-778
-604
668
969
76
-696
-194
-58
-987
392
-68
-913
-437
587
-721
-592
60
-626
-510
942
954
457
-125
-307
577
625
878
20
565
948
-535
832
-885
654
-776
-123
-654
886
398
-89
-438
-248
129
-20
873
-815
581
853
-126
986
-751
-209
-646
-625
-633
-963
170
221
-94
231
-633
-750
-353
838
324
702
352
-746
131
-98
713
-552
830
-447
49
231
-862
-559
-44
-497
-521
-530
-357
810
-759
-51
-107
-221
-565
-783
907
203
-726
437
-5
-198
-133
719
619
-459
-592
804
-218
942
551
-27
-568
-108
872
365
58
115
86
556
-35
535
-455
-927
-608
-180
-277
-246
930
-137
-600
7
-322
34
942
-658
124
-818
272
342
797
-81
690
664
-579
-522
100
-182
-739
-634
888
-456
-109
-861
-62
-874
307
-587
-295
-737
-123
-485
451
1
98
-313
79
-627
-640
268
-495
-968
992
460
-198
-190
-456
-717
-254
701
-275
-264
-110
-801
-897
776
413
-769
-607
930
626
870
672
613
-913
-581
947
-398
635
767
-789
852
720
408
734
746
-200
-384
803
-983
-313
-174
500
-893
718
-391
-764
200
329
848
734
-152
-957
336
-414
-413
246
-524
874
-585
975
524
-930
417
729
-318
785
610
-382
-708
-107
-395
-30
441
454
67
990
154
-120
966
467
-749
-188
825
473
-904
-136
20
-539
396
-95
-957
-981
-758
-10
-488
-286
-377
733
650
836
-317
443
-798
-902
987
-207
916
-504
-217
529
-303
219
-924
488
-670
-507
829
612
-854
-679
-667
-791
179
-743
-592
-288
431
-180
-907
-276
211
-771
-462
-553
-744
123
-137
-319
597
820
237
781
-117
-550
498
76
-882
947
-475
65
-300
-961
-398
-937
-866
71
-677
637
-75
256
-493
827
159
290
240
823
737
-448
-379
696
742
189
541
39
192
484
139
140
442
-618
684
439
-498
-513
519
-25
534
285
-866
-492
-617
-370
150
-714
-59
335
408
-247
-447
688
-601
-566
631
-99
-291
-360
-901
180
640
760
901
291
830
-252
-96
73
110
820
393
453
751
-717
374
-752
-216
357
808
-682
191
797
-913
707
106
-485
732
-298
387
277
-867
-399
880
40
-353
-821
573
119
979
-71
734
792
984
-676
-828
893
-704
861
374
501
-15
675
-895
-496
767
430
-681
-339
776
506
87
120
-414
739
76
491
-542
-983
-797
63
-174
-132
343
-222
-228
14
554
913
40
-177
-209
58
499
-536
813
-380
502
774
295
-28
257
-692
-592
-268
522
-426
980
662
-476
534
-883
879
65
934
-519
-12
-942
-52
877
340
311
35
-317
-662
-431
53
-839
-63
-219
-764
432
226
246
-93
-328
192
-101
586
-274
-102
355
-512
914
879
-576
-787
-110
14
756
-175
120
791
820
-684
191
938
408
-974
839
-314
-996
-989
-880
165
551
-192
-370
17
918
-682
-853
995
-922
-105
-395
444
174
116
-121
561
544
-22
-644
-802
-380
441
158
-145
-38
-165
258
-741
876
713
383
149
-879
-949
